v -6.080000000000e-01 0.000000000000e+00 5.120000000000e-01
v -5.120000000000e-01 0.000000000000e+00 4.480000000000e-01
v -5.120000000000e-01 0.000000000000e+00 4.160000000000e-01
v -5.440000000000e-01 0.000000000000e+00 4.160000000000e-01
v -5.760000000000e-01 0.000000000000e+00 4.160000000000e-01
v -6.080000000000e-01 0.000000000000e+00 4.480000000000e-01
v -5.760000000000e-01 0.000000000000e+00 4.480000000000e-01
v -5.440000000000e-01 0.000000000000e+00 4.480000000000e-01
v -6.080000000000e-01 0.000000000000e+00 5.440000000000e-01
v -5.760000000000e-01 0.000000000000e+00 5.120000000000e-01
v -5.440000000000e-01 0.000000000000e+00 4.800000000000e-01
v -5.760000000000e-01 0.000000000000e+00 4.800000000000e-01
v -6.080000000000e-01 0.000000000000e+00 4.800000000000e-01
v -5.120000000000e-01 0.000000000000e+00 3.840000000000e-01
v -5.440000000000e-01 0.000000000000e+00 3.840000000000e-01
v -5.440000000000e-01 0.000000000000e+00 3.520000000000e-01
v -6.080000000000e-01 0.000000000000e+00 3.840000000000e-01
v -6.400000000000e-01 0.000000000000e+00 3.840000000000e-01
v -6.080000000000e-01 0.000000000000e+00 3.200000000000e-01
v -5.440000000000e-01 0.000000000000e+00 3.200000000000e-01
v -5.760000000000e-01 0.000000000000e+00 3.200000000000e-01
v -5.760000000000e-01 0.000000000000e+00 3.520000000000e-01
v -6.080000000000e-01 0.000000000000e+00 4.160000000000e-01
v -6.400000000000e-01 0.000000000000e+00 4.160000000000e-01
v -5.120000000000e-01 0.000000000000e+00 3.200000000000e-01
v -6.400000000000e-01 0.000000000000e+00 4.480000000000e-01
v -6.080000000000e-01 0.000000000000e+00 3.520000000000e-01
v -6.400000000000e-01 0.000000000000e+00 3.520000000000e-01
v -5.760000000000e-01 0.000000000000e+00 3.840000000000e-01
v -5.120000000000e-01 0.000000000000e+00 3.520000000000e-01
v -7.680000000000e-01 0.000000000000e+00 3.840000000000e-01
v -6.720000000000e-01 0.000000000000e+00 3.840000000000e-01
v -7.680000000000e-01 0.000000000000e+00 4.480000000000e-01
v -6.720000000000e-01 0.000000000000e+00 4.480000000000e-01
v -8.000000000000e-01 0.000000000000e+00 4.480000000000e-01
v -7.040000000000e-01 0.000000000000e+00 3.840000000000e-01
v -7.360000000000e-01 0.000000000000e+00 3.840000000000e-01
v -6.720000000000e-01 0.000000000000e+00 4.160000000000e-01
v -7.360000000000e-01 0.000000000000e+00 4.480000000000e-01
v -7.040000000000e-01 0.000000000000e+00 4.480000000000e-01
v -7.040000000000e-01 0.000000000000e+00 4.160000000000e-01
v -8.000000000000e-01 0.000000000000e+00 4.800000000000e-01
v -7.360000000000e-01 0.000000000000e+00 4.160000000000e-01
v -7.680000000000e-01 0.000000000000e+00 4.160000000000e-01
v -8.000000000000e-01 0.000000000000e+00 4.160000000000e-01
v -7.680000000000e-01 0.000000000000e+00 5.760000000000e-01
v -8.000000000000e-01 0.000000000000e+00 5.440000000000e-01
v -7.680000000000e-01 0.000000000000e+00 5.440000000000e-01
v -8.000000000000e-01 0.000000000000e+00 5.760000000000e-01
v -7.680000000000e-01 0.000000000000e+00 6.080000000000e-01
v -8.000000000000e-01 0.000000000000e+00 5.120000000000e-01
v -8.000000000000e-01 0.000000000000e+00 6.720000000000e-01
v -7.680000000000e-01 0.000000000000e+00 5.120000000000e-01
v -7.360000000000e-01 0.000000000000e+00 4.800000000000e-01
v -7.680000000000e-01 0.000000000000e+00 4.800000000000e-01
v -7.680000000000e-01 0.000000000000e+00 6.400000000000e-01
v -8.000000000000e-01 0.000000000000e+00 6.400000000000e-01
v -7.360000000000e-01 0.000000000000e+00 5.120000000000e-01
v -8.000000000000e-01 0.000000000000e+00 6.080000000000e-01
v -7.040000000000e-01 0.000000000000e+00 4.800000000000e-01
v -6.720000000000e-01 0.000000000000e+00 4.800000000000e-01
v -6.400000000000e-01 0.000000000000e+00 4.800000000000e-01
v -6.400000000000e-01 0.000000000000e+00 5.120000000000e-01
v -6.720000000000e-01 0.000000000000e+00 5.120000000000e-01
v -7.040000000000e-01 0.000000000000e+00 5.120000000000e-01
v -6.720000000000e-01 0.000000000000e+00 5.760000000000e-01
v -7.040000000000e-01 0.000000000000e+00 5.760000000000e-01
v -7.360000000000e-01 0.000000000000e+00 6.080000000000e-01
v -7.040000000000e-01 0.000000000000e+00 6.080000000000e-01
v -7.360000000000e-01 0.000000000000e+00 5.760000000000e-01
v -6.400000000000e-01 0.000000000000e+00 5.760000000000e-01
v -6.400000000000e-01 0.000000000000e+00 5.440000000000e-01
v -6.720000000000e-01 0.000000000000e+00 5.440000000000e-01
v -7.040000000000e-01 0.000000000000e+00 5.440000000000e-01
v -7.360000000000e-01 0.000000000000e+00 5.440000000000e-01
v -6.720000000000e-01 0.000000000000e+00 7.680000000000e-01
v -7.040000000000e-01 0.000000000000e+00 7.680000000000e-01
v -7.360000000000e-01 0.000000000000e+00 7.680000000000e-01
v -7.040000000000e-01 0.000000000000e+00 8.000000000000e-01
v -6.720000000000e-01 0.000000000000e+00 8.000000000000e-01
v -7.680000000000e-01 0.000000000000e+00 7.680000000000e-01
v -7.040000000000e-01 0.000000000000e+00 7.360000000000e-01
v -7.680000000000e-01 0.000000000000e+00 8.000000000000e-01
v -7.360000000000e-01 0.000000000000e+00 8.000000000000e-01
v -7.360000000000e-01 0.000000000000e+00 7.360000000000e-01
v -6.720000000000e-01 0.000000000000e+00 7.360000000000e-01
v -6.400000000000e-01 0.000000000000e+00 7.040000000000e-01
v -7.040000000000e-01 0.000000000000e+00 7.040000000000e-01
v -6.720000000000e-01 0.000000000000e+00 7.040000000000e-01
v -8.000000000000e-01 0.000000000000e+00 8.000000000000e-01
v -8.000000000000e-01 0.000000000000e+00 7.040000000000e-01
v -6.400000000000e-01 0.000000000000e+00 6.080000000000e-01
v -6.720000000000e-01 0.000000000000e+00 6.080000000000e-01
v -7.360000000000e-01 0.000000000000e+00 6.400000000000e-01
v -7.680000000000e-01 0.000000000000e+00 7.040000000000e-01
v -7.040000000000e-01 0.000000000000e+00 6.400000000000e-01
v -6.720000000000e-01 0.000000000000e+00 6.400000000000e-01
v -6.720000000000e-01 0.000000000000e+00 6.720000000000e-01
v -7.680000000000e-01 0.000000000000e+00 7.360000000000e-01
v -7.680000000000e-01 0.000000000000e+00 6.720000000000e-01
v -7.360000000000e-01 0.000000000000e+00 6.720000000000e-01
v -7.040000000000e-01 0.000000000000e+00 6.720000000000e-01
v -8.000000000000e-01 0.000000000000e+00 7.680000000000e-01
v -8.000000000000e-01 0.000000000000e+00 7.360000000000e-01
v -7.360000000000e-01 0.000000000000e+00 7.040000000000e-01
v -5.760000000000e-01 0.000000000000e+00 7.360000000000e-01
v -6.080000000000e-01 0.000000000000e+00 7.360000000000e-01
v -6.400000000000e-01 0.000000000000e+00 8.000000000000e-01
v -6.080000000000e-01 0.000000000000e+00 8.000000000000e-01
v -5.440000000000e-01 0.000000000000e+00 7.680000000000e-01
v -5.760000000000e-01 0.000000000000e+00 7.680000000000e-01
v -6.080000000000e-01 0.000000000000e+00 7.680000000000e-01
v -6.400000000000e-01 0.000000000000e+00 7.680000000000e-01
v -5.440000000000e-01 0.000000000000e+00 7.040000000000e-01
v -6.080000000000e-01 0.000000000000e+00 7.040000000000e-01
v -5.440000000000e-01 0.000000000000e+00 7.360000000000e-01
v -5.760000000000e-01 0.000000000000e+00 7.040000000000e-01
v -5.440000000000e-01 0.000000000000e+00 8.000000000000e-01
v -5.760000000000e-01 0.000000000000e+00 8.000000000000e-01
v -6.400000000000e-01 0.000000000000e+00 7.360000000000e-01
v -4.800000000000e-01 0.000000000000e+00 5.120000000000e-01
v -4.800000000000e-01 0.000000000000e+00 4.800000000000e-01
v -5.120000000000e-01 0.000000000000e+00 5.120000000000e-01
v -5.120000000000e-01 0.000000000000e+00 4.800000000000e-01
v -4.800000000000e-01 0.000000000000e+00 5.760000000000e-01
v -5.760000000000e-01 0.000000000000e+00 5.760000000000e-01
v -4.800000000000e-01 0.000000000000e+00 5.440000000000e-01
v -5.440000000000e-01 0.000000000000e+00 5.440000000000e-01
v -5.760000000000e-01 0.000000000000e+00 5.440000000000e-01
v -4.800000000000e-01 0.000000000000e+00 4.480000000000e-01
v -6.080000000000e-01 0.000000000000e+00 5.760000000000e-01
v -5.120000000000e-01 0.000000000000e+00 5.440000000000e-01
v -5.120000000000e-01 0.000000000000e+00 5.760000000000e-01
v -5.440000000000e-01 0.000000000000e+00 5.760000000000e-01
v -5.440000000000e-01 0.000000000000e+00 5.120000000000e-01
v -6.400000000000e-01 0.000000000000e+00 6.400000000000e-01
v -6.400000000000e-01 0.000000000000e+00 6.720000000000e-01
v -5.120000000000e-01 0.000000000000e+00 6.400000000000e-01
v -5.440000000000e-01 0.000000000000e+00 6.400000000000e-01
v -5.760000000000e-01 0.000000000000e+00 6.400000000000e-01
v -6.080000000000e-01 0.000000000000e+00 6.400000000000e-01
v -5.120000000000e-01 0.000000000000e+00 6.080000000000e-01
v -5.440000000000e-01 0.000000000000e+00 6.080000000000e-01
v -5.760000000000e-01 0.000000000000e+00 6.080000000000e-01
v -6.080000000000e-01 0.000000000000e+00 6.080000000000e-01
v -6.080000000000e-01 0.000000000000e+00 6.720000000000e-01
v -5.760000000000e-01 0.000000000000e+00 6.720000000000e-01
v -5.440000000000e-01 0.000000000000e+00 6.720000000000e-01
v -5.120000000000e-01 0.000000000000e+00 6.720000000000e-01
v -3.200000000000e-01 0.000000000000e+00 6.400000000000e-01
v -2.880000000000e-01 0.000000000000e+00 7.040000000000e-01
v -3.200000000000e-01 0.000000000000e+00 7.040000000000e-01
v -3.520000000000e-01 0.000000000000e+00 7.040000000000e-01
v -3.840000000000e-01 0.000000000000e+00 7.040000000000e-01
v -2.880000000000e-01 0.000000000000e+00 6.400000000000e-01
v -2.560000000000e-01 0.000000000000e+00 6.400000000000e-01
v -2.560000000000e-01 0.000000000000e+00 6.080000000000e-01
v -2.880000000000e-01 0.000000000000e+00 6.080000000000e-01
v -3.840000000000e-01 0.000000000000e+00 6.720000000000e-01
v -3.520000000000e-01 0.000000000000e+00 6.720000000000e-01
v -3.200000000000e-01 0.000000000000e+00 6.720000000000e-01
v -2.880000000000e-01 0.000000000000e+00 6.720000000000e-01
v -2.560000000000e-01 0.000000000000e+00 6.720000000000e-01
v -2.880000000000e-01 0.000000000000e+00 7.360000000000e-01
v -3.840000000000e-01 0.000000000000e+00 7.360000000000e-01
v -4.480000000000e-01 0.000000000000e+00 8.000000000000e-01
v -2.880000000000e-01 0.000000000000e+00 8.000000000000e-01
v -3.200000000000e-01 0.000000000000e+00 8.000000000000e-01
v -3.200000000000e-01 0.000000000000e+00 7.360000000000e-01
v -3.840000000000e-01 0.000000000000e+00 8.000000000000e-01
v -3.520000000000e-01 0.000000000000e+00 7.360000000000e-01
v -4.160000000000e-01 0.000000000000e+00 8.000000000000e-01
v -3.520000000000e-01 0.000000000000e+00 8.000000000000e-01
v -3.840000000000e-01 0.000000000000e+00 7.680000000000e-01
v -4.160000000000e-01 0.000000000000e+00 7.680000000000e-01
v -2.880000000000e-01 0.000000000000e+00 7.680000000000e-01
v -3.200000000000e-01 0.000000000000e+00 7.680000000000e-01
v -3.520000000000e-01 0.000000000000e+00 7.680000000000e-01
v -5.120000000000e-01 0.000000000000e+00 8.000000000000e-01
v -5.120000000000e-01 0.000000000000e+00 7.360000000000e-01
v -4.800000000000e-01 0.000000000000e+00 7.360000000000e-01
v -4.480000000000e-01 0.000000000000e+00 7.360000000000e-01
v -4.160000000000e-01 0.000000000000e+00 7.360000000000e-01
v -4.800000000000e-01 0.000000000000e+00 6.720000000000e-01
v -4.480000000000e-01 0.000000000000e+00 6.720000000000e-01
v -4.160000000000e-01 0.000000000000e+00 6.720000000000e-01
v -4.800000000000e-01 0.000000000000e+00 8.000000000000e-01
v -4.480000000000e-01 0.000000000000e+00 7.680000000000e-01
v -4.800000000000e-01 0.000000000000e+00 7.680000000000e-01
v -5.120000000000e-01 0.000000000000e+00 7.680000000000e-01
v -5.120000000000e-01 0.000000000000e+00 7.040000000000e-01
v -4.800000000000e-01 0.000000000000e+00 7.040000000000e-01
v -4.480000000000e-01 0.000000000000e+00 7.040000000000e-01
v -4.160000000000e-01 0.000000000000e+00 7.040000000000e-01
v -2.560000000000e-01 0.000000000000e+00 5.440000000000e-01
v -2.880000000000e-01 0.000000000000e+00 5.440000000000e-01
v -3.200000000000e-01 0.000000000000e+00 5.440000000000e-01
v -3.520000000000e-01 0.000000000000e+00 5.440000000000e-01
v -3.200000000000e-01 0.000000000000e+00 5.120000000000e-01
v -2.880000000000e-01 0.000000000000e+00 5.120000000000e-01
v -3.200000000000e-01 0.000000000000e+00 5.760000000000e-01
v -2.880000000000e-01 0.000000000000e+00 5.760000000000e-01
v -2.560000000000e-01 0.000000000000e+00 5.760000000000e-01
v -2.560000000000e-01 0.000000000000e+00 5.120000000000e-01
v -2.880000000000e-01 0.000000000000e+00 4.800000000000e-01
v -3.520000000000e-01 0.000000000000e+00 5.120000000000e-01
v -3.200000000000e-01 0.000000000000e+00 4.800000000000e-01
v -2.560000000000e-01 0.000000000000e+00 4.800000000000e-01
v -2.240000000000e-01 0.000000000000e+00 4.800000000000e-01
v -3.840000000000e-01 0.000000000000e+00 5.760000000000e-01
v -3.200000000000e-01 0.000000000000e+00 6.080000000000e-01
v -3.840000000000e-01 0.000000000000e+00 6.080000000000e-01
v -3.520000000000e-01 0.000000000000e+00 6.080000000000e-01
v -4.160000000000e-01 0.000000000000e+00 6.080000000000e-01
v -4.800000000000e-01 0.000000000000e+00 6.080000000000e-01
v -4.480000000000e-01 0.000000000000e+00 5.760000000000e-01
v -4.160000000000e-01 0.000000000000e+00 5.760000000000e-01
v -4.480000000000e-01 0.000000000000e+00 6.400000000000e-01
v -4.800000000000e-01 0.000000000000e+00 6.400000000000e-01
v -3.520000000000e-01 0.000000000000e+00 5.760000000000e-01
v -4.160000000000e-01 0.000000000000e+00 6.400000000000e-01
v -3.840000000000e-01 0.000000000000e+00 6.400000000000e-01
v -3.520000000000e-01 0.000000000000e+00 6.400000000000e-01
v -4.480000000000e-01 0.000000000000e+00 6.080000000000e-01
v -1.920000000000e-01 0.000000000000e+00 1.280000000000e-01
v -2.880000000000e-01 0.000000000000e+00 2.560000000000e-01
v -3.200000000000e-01 0.000000000000e+00 2.560000000000e-01
v -3.520000000000e-01 0.000000000000e+00 2.560000000000e-01
v -2.560000000000e-01 0.000000000000e+00 1.920000000000e-01
v -2.240000000000e-01 0.000000000000e+00 1.920000000000e-01
v -3.200000000000e-01 0.000000000000e+00 2.240000000000e-01
v -1.920000000000e-01 0.000000000000e+00 1.600000000000e-01
v -2.240000000000e-01 0.000000000000e+00 1.280000000000e-01
v -2.240000000000e-01 0.000000000000e+00 1.600000000000e-01
v -2.560000000000e-01 0.000000000000e+00 1.600000000000e-01
v -2.880000000000e-01 0.000000000000e+00 2.240000000000e-01
v -2.560000000000e-01 0.000000000000e+00 2.240000000000e-01
v -2.880000000000e-01 0.000000000000e+00 1.920000000000e-01
v -3.200000000000e-01 0.000000000000e+00 1.920000000000e-01
v -4.160000000000e-01 0.000000000000e+00 3.520000000000e-01
v -3.840000000000e-01 0.000000000000e+00 3.200000000000e-01
v -3.840000000000e-01 0.000000000000e+00 3.840000000000e-01
v -3.520000000000e-01 0.000000000000e+00 3.200000000000e-01
v -4.160000000000e-01 0.000000000000e+00 3.200000000000e-01
v -4.160000000000e-01 0.000000000000e+00 3.840000000000e-01
v -3.840000000000e-01 0.000000000000e+00 3.520000000000e-01
v -4.480000000000e-01 0.000000000000e+00 3.840000000000e-01
v -4.800000000000e-01 0.000000000000e+00 3.840000000000e-01
v -3.520000000000e-01 0.000000000000e+00 2.880000000000e-01
v -3.840000000000e-01 0.000000000000e+00 2.880000000000e-01
v -3.520000000000e-01 0.000000000000e+00 3.520000000000e-01
v -4.480000000000e-01 0.000000000000e+00 3.520000000000e-01
v -4.800000000000e-01 0.000000000000e+00 4.160000000000e-01
v -4.480000000000e-01 0.000000000000e+00 4.160000000000e-01
v -4.800000000000e-01 0.000000000000e+00 3.520000000000e-01
v -4.160000000000e-01 0.000000000000e+00 2.560000000000e-01
v -4.480000000000e-01 0.000000000000e+00 2.560000000000e-01
v -4.800000000000e-01 0.000000000000e+00 2.560000000000e-01
v -3.520000000000e-01 0.000000000000e+00 2.240000000000e-01
v -3.840000000000e-01 0.000000000000e+00 2.240000000000e-01
v -4.160000000000e-01 0.000000000000e+00 2.240000000000e-01
v -4.480000000000e-01 0.000000000000e+00 2.240000000000e-01
v -3.520000000000e-01 0.000000000000e+00 1.920000000000e-01
v -3.840000000000e-01 0.000000000000e+00 1.920000000000e-01
v -4.480000000000e-01 0.000000000000e+00 3.200000000000e-01
v -4.800000000000e-01 0.000000000000e+00 3.200000000000e-01
v -4.160000000000e-01 0.000000000000e+00 2.880000000000e-01
v -4.480000000000e-01 0.000000000000e+00 2.880000000000e-01
v -4.800000000000e-01 0.000000000000e+00 2.880000000000e-01
v -5.120000000000e-01 0.000000000000e+00 2.880000000000e-01
v -3.840000000000e-01 0.000000000000e+00 2.560000000000e-01
v -4.480000000000e-01 0.000000000000e+00 5.120000000000e-01
v -4.160000000000e-01 0.000000000000e+00 4.160000000000e-01
v -3.840000000000e-01 0.000000000000e+00 5.120000000000e-01
v -3.840000000000e-01 0.000000000000e+00 4.480000000000e-01
v -4.160000000000e-01 0.000000000000e+00 5.120000000000e-01
v -3.840000000000e-01 0.000000000000e+00 4.800000000000e-01
v -4.480000000000e-01 0.000000000000e+00 4.800000000000e-01
v -4.160000000000e-01 0.000000000000e+00 4.800000000000e-01
v -4.160000000000e-01 0.000000000000e+00 5.440000000000e-01
v -3.520000000000e-01 0.000000000000e+00 4.800000000000e-01
v -4.480000000000e-01 0.000000000000e+00 5.440000000000e-01
v -4.480000000000e-01 0.000000000000e+00 4.480000000000e-01
v -4.160000000000e-01 0.000000000000e+00 4.480000000000e-01
v -3.840000000000e-01 0.000000000000e+00 5.440000000000e-01
v -3.840000000000e-01 0.000000000000e+00 4.160000000000e-01
v -2.560000000000e-01 0.000000000000e+00 4.480000000000e-01
v -2.240000000000e-01 0.000000000000e+00 4.480000000000e-01
v -2.880000000000e-01 0.000000000000e+00 4.160000000000e-01
v -2.880000000000e-01 0.000000000000e+00 3.840000000000e-01
v -2.560000000000e-01 0.000000000000e+00 3.840000000000e-01
v -2.240000000000e-01 0.000000000000e+00 3.840000000000e-01
v -2.880000000000e-01 0.000000000000e+00 4.480000000000e-01
v -2.560000000000e-01 0.000000000000e+00 4.160000000000e-01
v -3.520000000000e-01 0.000000000000e+00 4.160000000000e-01
v -3.200000000000e-01 0.000000000000e+00 4.160000000000e-01
v -2.240000000000e-01 0.000000000000e+00 4.160000000000e-01
v -3.520000000000e-01 0.000000000000e+00 3.840000000000e-01
v -3.520000000000e-01 0.000000000000e+00 4.480000000000e-01
v -3.200000000000e-01 0.000000000000e+00 4.480000000000e-01
v -3.200000000000e-01 0.000000000000e+00 3.840000000000e-01
v -2.240000000000e-01 0.000000000000e+00 2.240000000000e-01
v -2.560000000000e-01 0.000000000000e+00 2.560000000000e-01
v -2.240000000000e-01 0.000000000000e+00 3.200000000000e-01
v -2.560000000000e-01 0.000000000000e+00 2.880000000000e-01
v -2.880000000000e-01 0.000000000000e+00 2.880000000000e-01
v -2.240000000000e-01 0.000000000000e+00 3.520000000000e-01
v -3.200000000000e-01 0.000000000000e+00 2.880000000000e-01
v -2.560000000000e-01 0.000000000000e+00 3.520000000000e-01
v -3.200000000000e-01 0.000000000000e+00 3.520000000000e-01
v -2.880000000000e-01 0.000000000000e+00 3.520000000000e-01
v -3.200000000000e-01 0.000000000000e+00 3.200000000000e-01
v -2.240000000000e-01 0.000000000000e+00 2.560000000000e-01
v -2.880000000000e-01 0.000000000000e+00 3.200000000000e-01
v -2.560000000000e-01 0.000000000000e+00 3.200000000000e-01
v -2.240000000000e-01 0.000000000000e+00 2.880000000000e-01
v -2.240000000000e-01 0.000000000000e+00 6.080000000000e-01
v -2.240000000000e-01 0.000000000000e+00 5.440000000000e-01
v -1.920000000000e-01 0.000000000000e+00 5.440000000000e-01
v -1.600000000000e-01 0.000000000000e+00 5.440000000000e-01
v -1.920000000000e-01 0.000000000000e+00 6.080000000000e-01
v -1.920000000000e-01 0.000000000000e+00 4.800000000000e-01
v -1.600000000000e-01 0.000000000000e+00 5.120000000000e-01
v -1.920000000000e-01 0.000000000000e+00 5.120000000000e-01
v -2.240000000000e-01 0.000000000000e+00 5.120000000000e-01
v -1.920000000000e-01 0.000000000000e+00 5.760000000000e-01
v -1.600000000000e-01 0.000000000000e+00 4.800000000000e-01
v -2.240000000000e-01 0.000000000000e+00 5.760000000000e-01
v -1.920000000000e-01 0.000000000000e+00 6.400000000000e-01
v -2.240000000000e-01 0.000000000000e+00 6.400000000000e-01
v -1.280000000000e-01 0.000000000000e+00 5.120000000000e-01
v -1.280000000000e-01 0.000000000000e+00 5.440000000000e-01
v -9.600000000000e-02 0.000000000000e+00 5.440000000000e-01
v -6.400000000000e-02 0.000000000000e+00 5.440000000000e-01
v -9.600000000000e-02 0.000000000000e+00 5.120000000000e-01
v -6.400000000000e-02 0.000000000000e+00 5.120000000000e-01
v -1.600000000000e-01 0.000000000000e+00 6.400000000000e-01
v -1.600000000000e-01 0.000000000000e+00 5.760000000000e-01
v -1.280000000000e-01 0.000000000000e+00 5.760000000000e-01
v -1.600000000000e-01 0.000000000000e+00 6.080000000000e-01
v -1.280000000000e-01 0.000000000000e+00 6.080000000000e-01
v -6.400000000000e-02 0.000000000000e+00 4.800000000000e-01
v -9.600000000000e-02 0.000000000000e+00 4.800000000000e-01
v -1.280000000000e-01 0.000000000000e+00 4.800000000000e-01
v -9.600000000000e-02 0.000000000000e+00 5.760000000000e-01
v -1.920000000000e-01 0.000000000000e+00 8.000000000000e-01
v -2.240000000000e-01 0.000000000000e+00 8.000000000000e-01
v -2.560000000000e-01 0.000000000000e+00 8.000000000000e-01
v -1.920000000000e-01 0.000000000000e+00 6.720000000000e-01
v -2.240000000000e-01 0.000000000000e+00 6.720000000000e-01
v -2.560000000000e-01 0.000000000000e+00 7.360000000000e-01
v -2.560000000000e-01 0.000000000000e+00 7.040000000000e-01
v -2.240000000000e-01 0.000000000000e+00 7.040000000000e-01
v -1.920000000000e-01 0.000000000000e+00 7.040000000000e-01
v -2.240000000000e-01 0.000000000000e+00 7.360000000000e-01
v -1.920000000000e-01 0.000000000000e+00 7.360000000000e-01
v -1.600000000000e-01 0.000000000000e+00 7.360000000000e-01
v -2.560000000000e-01 0.000000000000e+00 7.680000000000e-01
v -2.240000000000e-01 0.000000000000e+00 7.680000000000e-01
v -1.920000000000e-01 0.000000000000e+00 7.680000000000e-01
v -3.200000000000e-02 0.000000000000e+00 6.720000000000e-01
v -6.400000000000e-02 0.000000000000e+00 6.080000000000e-01
v -1.280000000000e-01 0.000000000000e+00 6.400000000000e-01
v -9.600000000000e-02 0.000000000000e+00 6.400000000000e-01
v -9.600000000000e-02 0.000000000000e+00 6.080000000000e-01
v -1.600000000000e-01 0.000000000000e+00 6.720000000000e-01
v -1.280000000000e-01 0.000000000000e+00 6.720000000000e-01
v -9.600000000000e-02 0.000000000000e+00 6.720000000000e-01
v -6.400000000000e-02 0.000000000000e+00 6.720000000000e-01
v -6.400000000000e-02 0.000000000000e+00 6.400000000000e-01
v -1.600000000000e-01 0.000000000000e+00 7.040000000000e-01
v -1.280000000000e-01 0.000000000000e+00 7.040000000000e-01
v -3.200000000000e-02 0.000000000000e+00 6.080000000000e-01
v -6.400000000000e-02 0.000000000000e+00 5.760000000000e-01
v -3.200000000000e-02 0.000000000000e+00 6.400000000000e-01
v -3.200000000000e-02 0.000000000000e+00 7.040000000000e-01
v -6.400000000000e-02 0.000000000000e+00 8.000000000000e-01
v -3.200000000000e-02 0.000000000000e+00 7.360000000000e-01
v -6.400000000000e-02 0.000000000000e+00 7.360000000000e-01
v -9.600000000000e-02 0.000000000000e+00 7.360000000000e-01
v -1.280000000000e-01 0.000000000000e+00 7.360000000000e-01
v -9.600000000000e-02 0.000000000000e+00 7.680000000000e-01
v -9.600000000000e-02 0.000000000000e+00 7.040000000000e-01
v -6.400000000000e-02 0.000000000000e+00 7.680000000000e-01
v -1.280000000000e-01 0.000000000000e+00 7.680000000000e-01
v -1.600000000000e-01 0.000000000000e+00 7.680000000000e-01
v -1.600000000000e-01 0.000000000000e+00 8.000000000000e-01
v -1.280000000000e-01 0.000000000000e+00 8.000000000000e-01
v -9.600000000000e-02 0.000000000000e+00 8.000000000000e-01
v -6.400000000000e-02 0.000000000000e+00 7.040000000000e-01
v -3.200000000000e-02 0.000000000000e+00 5.440000000000e-01
v 0.000000000000e+00 0.000000000000e+00 5.440000000000e-01
v 3.200000000000e-02 0.000000000000e+00 5.440000000000e-01
v 3.200000000000e-02 0.000000000000e+00 5.760000000000e-01
v 3.200000000000e-02 0.000000000000e+00 5.120000000000e-01
v 6.400000000000e-02 0.000000000000e+00 5.120000000000e-01
v 0.000000000000e+00 0.000000000000e+00 5.120000000000e-01
v 0.000000000000e+00 0.000000000000e+00 6.080000000000e-01
v -3.200000000000e-02 0.000000000000e+00 5.760000000000e-01
v 0.000000000000e+00 0.000000000000e+00 5.760000000000e-01
v 9.600000000000e-02 0.000000000000e+00 5.120000000000e-01
v 6.400000000000e-02 0.000000000000e+00 4.800000000000e-01
v 9.600000000000e-02 0.000000000000e+00 4.800000000000e-01
v 6.400000000000e-02 0.000000000000e+00 5.440000000000e-01
v 3.200000000000e-02 0.000000000000e+00 3.840000000000e-01
v -3.200000000000e-02 0.000000000000e+00 4.800000000000e-01
v -3.200000000000e-02 0.000000000000e+00 5.120000000000e-01
v 3.200000000000e-02 0.000000000000e+00 4.160000000000e-01
v -3.200000000000e-02 0.000000000000e+00 4.480000000000e-01
v 6.400000000000e-02 0.000000000000e+00 4.480000000000e-01
v 3.200000000000e-02 0.000000000000e+00 4.480000000000e-01
v 0.000000000000e+00 0.000000000000e+00 4.480000000000e-01
v 3.200000000000e-02 0.000000000000e+00 4.800000000000e-01
v 0.000000000000e+00 0.000000000000e+00 4.800000000000e-01
v 6.400000000000e-02 0.000000000000e+00 3.520000000000e-01
v 0.000000000000e+00 0.000000000000e+00 4.160000000000e-01
v 6.400000000000e-02 0.000000000000e+00 3.840000000000e-01
v 6.400000000000e-02 0.000000000000e+00 4.160000000000e-01
v 9.600000000000e-02 0.000000000000e+00 4.480000000000e-01
v 1.600000000000e-01 0.000000000000e+00 4.160000000000e-01
v 1.600000000000e-01 0.000000000000e+00 3.520000000000e-01
v 1.600000000000e-01 0.000000000000e+00 3.840000000000e-01
v 1.280000000000e-01 0.000000000000e+00 3.840000000000e-01
v 9.600000000000e-02 0.000000000000e+00 3.840000000000e-01
v 1.280000000000e-01 0.000000000000e+00 3.520000000000e-01
v 9.600000000000e-02 0.000000000000e+00 3.520000000000e-01
v 1.280000000000e-01 0.000000000000e+00 4.160000000000e-01
v 9.600000000000e-02 0.000000000000e+00 4.160000000000e-01
v 1.280000000000e-01 0.000000000000e+00 3.200000000000e-01
v 1.600000000000e-01 0.000000000000e+00 3.200000000000e-01
v 1.280000000000e-01 0.000000000000e+00 4.800000000000e-01
v 1.600000000000e-01 0.000000000000e+00 4.480000000000e-01
v 1.280000000000e-01 0.000000000000e+00 4.480000000000e-01
v 6.400000000000e-02 0.000000000000e+00 7.680000000000e-01
v 3.200000000000e-02 0.000000000000e+00 7.360000000000e-01
v 0.000000000000e+00 0.000000000000e+00 7.360000000000e-01
v 6.400000000000e-02 0.000000000000e+00 7.040000000000e-01
v 3.200000000000e-02 0.000000000000e+00 8.000000000000e-01
v 6.400000000000e-02 0.000000000000e+00 8.000000000000e-01
v 9.600000000000e-02 0.000000000000e+00 7.680000000000e-01
v 0.000000000000e+00 0.000000000000e+00 8.000000000000e-01
v 0.000000000000e+00 0.000000000000e+00 7.040000000000e-01
v -3.200000000000e-02 0.000000000000e+00 8.000000000000e-01
v -3.200000000000e-02 0.000000000000e+00 7.680000000000e-01
v 3.200000000000e-02 0.000000000000e+00 7.680000000000e-01
v 6.400000000000e-02 0.000000000000e+00 7.360000000000e-01
v 0.000000000000e+00 0.000000000000e+00 7.680000000000e-01
v 3.200000000000e-02 0.000000000000e+00 7.040000000000e-01
v 9.600000000000e-02 0.000000000000e+00 5.760000000000e-01
v 1.280000000000e-01 0.000000000000e+00 5.120000000000e-01
v 3.200000000000e-02 0.000000000000e+00 6.400000000000e-01
v 0.000000000000e+00 0.000000000000e+00 6.400000000000e-01
v 9.600000000000e-02 0.000000000000e+00 5.440000000000e-01
v 1.280000000000e-01 0.000000000000e+00 5.440000000000e-01
v 0.000000000000e+00 0.000000000000e+00 6.720000000000e-01
v 3.200000000000e-02 0.000000000000e+00 6.720000000000e-01
v 6.400000000000e-02 0.000000000000e+00 6.400000000000e-01
v 1.280000000000e-01 0.000000000000e+00 5.760000000000e-01
v 9.600000000000e-02 0.000000000000e+00 6.080000000000e-01
v 6.400000000000e-02 0.000000000000e+00 6.080000000000e-01
v 6.400000000000e-02 0.000000000000e+00 6.720000000000e-01
v 3.200000000000e-02 0.000000000000e+00 6.080000000000e-01
v 6.400000000000e-02 0.000000000000e+00 5.760000000000e-01
v 1.280000000000e-01 0.000000000000e+00 6.400000000000e-01
v 9.600000000000e-02 0.000000000000e+00 6.400000000000e-01
v 1.600000000000e-01 0.000000000000e+00 6.080000000000e-01
v 9.600000000000e-02 0.000000000000e+00 7.360000000000e-01
v 1.600000000000e-01 0.000000000000e+00 6.720000000000e-01
v 1.280000000000e-01 0.000000000000e+00 6.720000000000e-01
v 9.600000000000e-02 0.000000000000e+00 6.720000000000e-01
v 9.600000000000e-02 0.000000000000e+00 7.040000000000e-01
v 1.600000000000e-01 0.000000000000e+00 5.760000000000e-01
v 1.280000000000e-01 0.000000000000e+00 7.360000000000e-01
v 1.280000000000e-01 0.000000000000e+00 7.040000000000e-01
v 1.280000000000e-01 0.000000000000e+00 6.080000000000e-01
v 1.600000000000e-01 0.000000000000e+00 7.040000000000e-01
v 1.600000000000e-01 0.000000000000e+00 6.400000000000e-01
v 0.000000000000e+00 0.000000000000e+00 2.560000000000e-01
v 1.600000000000e-01 0.000000000000e+00 1.600000000000e-01
v 6.400000000000e-02 0.000000000000e+00 2.240000000000e-01
v 3.200000000000e-02 0.000000000000e+00 2.240000000000e-01
v 1.280000000000e-01 0.000000000000e+00 1.600000000000e-01
v 9.600000000000e-02 0.000000000000e+00 1.600000000000e-01
v 6.400000000000e-02 0.000000000000e+00 1.600000000000e-01
v 3.200000000000e-02 0.000000000000e+00 1.600000000000e-01
v 1.280000000000e-01 0.000000000000e+00 1.920000000000e-01
v 0.000000000000e+00 0.000000000000e+00 2.240000000000e-01
v 9.600000000000e-02 0.000000000000e+00 1.920000000000e-01
v 6.400000000000e-02 0.000000000000e+00 1.920000000000e-01
v 3.200000000000e-02 0.000000000000e+00 1.920000000000e-01
v 0.000000000000e+00 0.000000000000e+00 1.920000000000e-01
v 3.200000000000e-02 0.000000000000e+00 2.560000000000e-01
v 1.600000000000e-01 0.000000000000e+00 2.240000000000e-01
v 9.600000000000e-02 0.000000000000e+00 3.200000000000e-01
v 6.400000000000e-02 0.000000000000e+00 3.200000000000e-01
v 9.600000000000e-02 0.000000000000e+00 2.240000000000e-01
v 1.280000000000e-01 0.000000000000e+00 2.240000000000e-01
v 6.400000000000e-02 0.000000000000e+00 2.560000000000e-01
v 1.920000000000e-01 0.000000000000e+00 1.920000000000e-01
v 1.600000000000e-01 0.000000000000e+00 1.920000000000e-01
v 9.600000000000e-02 0.000000000000e+00 2.560000000000e-01
v 1.280000000000e-01 0.000000000000e+00 2.560000000000e-01
v 1.600000000000e-01 0.000000000000e+00 2.560000000000e-01
v 6.400000000000e-02 0.000000000000e+00 2.880000000000e-01
v 9.600000000000e-02 0.000000000000e+00 2.880000000000e-01
v 1.280000000000e-01 0.000000000000e+00 2.880000000000e-01
v 1.600000000000e-01 0.000000000000e+00 2.880000000000e-01
v 3.200000000000e-02 0.000000000000e+00 2.880000000000e-01
v 0.000000000000e+00 0.000000000000e+00 2.880000000000e-01
v -6.400000000000e-02 0.000000000000e+00 3.840000000000e-01
v -3.200000000000e-02 0.000000000000e+00 3.840000000000e-01
v 0.000000000000e+00 0.000000000000e+00 3.840000000000e-01
v -6.400000000000e-02 0.000000000000e+00 4.480000000000e-01
v -9.600000000000e-02 0.000000000000e+00 4.480000000000e-01
v -6.400000000000e-02 0.000000000000e+00 4.160000000000e-01
v -3.200000000000e-02 0.000000000000e+00 4.160000000000e-01
v -6.400000000000e-02 0.000000000000e+00 3.520000000000e-01
v -3.200000000000e-02 0.000000000000e+00 3.520000000000e-01
v 3.200000000000e-02 0.000000000000e+00 3.520000000000e-01
v 3.200000000000e-02 0.000000000000e+00 3.200000000000e-01
v 0.000000000000e+00 0.000000000000e+00 3.200000000000e-01
v -3.200000000000e-02 0.000000000000e+00 3.200000000000e-01
v 0.000000000000e+00 0.000000000000e+00 3.520000000000e-01
v -3.200000000000e-02 0.000000000000e+00 2.240000000000e-01
v -1.280000000000e-01 0.000000000000e+00 2.880000000000e-01
v -9.600000000000e-02 0.000000000000e+00 2.880000000000e-01
v -6.400000000000e-02 0.000000000000e+00 2.880000000000e-01
v -3.200000000000e-02 0.000000000000e+00 2.880000000000e-01
v -1.600000000000e-01 0.000000000000e+00 3.200000000000e-01
v -1.280000000000e-01 0.000000000000e+00 3.200000000000e-01
v -9.600000000000e-02 0.000000000000e+00 3.200000000000e-01
v -9.600000000000e-02 0.000000000000e+00 2.560000000000e-01
v -6.400000000000e-02 0.000000000000e+00 2.560000000000e-01
v -1.920000000000e-01 0.000000000000e+00 3.200000000000e-01
v -3.200000000000e-02 0.000000000000e+00 2.560000000000e-01
v -6.400000000000e-02 0.000000000000e+00 2.240000000000e-01
v -1.600000000000e-01 0.000000000000e+00 2.880000000000e-01
v -6.400000000000e-02 0.000000000000e+00 3.200000000000e-01
v -1.600000000000e-01 0.000000000000e+00 4.480000000000e-01
v -1.920000000000e-01 0.000000000000e+00 4.480000000000e-01
v -9.600000000000e-02 0.000000000000e+00 4.160000000000e-01
v -1.280000000000e-01 0.000000000000e+00 4.160000000000e-01
v -1.600000000000e-01 0.000000000000e+00 4.160000000000e-01
v -9.600000000000e-02 0.000000000000e+00 3.520000000000e-01
v -1.280000000000e-01 0.000000000000e+00 3.520000000000e-01
v -9.600000000000e-02 0.000000000000e+00 3.840000000000e-01
v -1.280000000000e-01 0.000000000000e+00 3.840000000000e-01
v -1.600000000000e-01 0.000000000000e+00 3.840000000000e-01
v -1.920000000000e-01 0.000000000000e+00 3.840000000000e-01
v -1.600000000000e-01 0.000000000000e+00 3.520000000000e-01
v -1.920000000000e-01 0.000000000000e+00 3.520000000000e-01
v -1.920000000000e-01 0.000000000000e+00 4.160000000000e-01
v -1.280000000000e-01 0.000000000000e+00 4.480000000000e-01
v -1.920000000000e-01 0.000000000000e+00 1.920000000000e-01
v -9.600000000000e-02 0.000000000000e+00 1.920000000000e-01
v -1.280000000000e-01 0.000000000000e+00 1.920000000000e-01
v -1.280000000000e-01 0.000000000000e+00 2.560000000000e-01
v -1.600000000000e-01 0.000000000000e+00 2.560000000000e-01
v -1.600000000000e-01 0.000000000000e+00 1.920000000000e-01
v -1.920000000000e-01 0.000000000000e+00 2.560000000000e-01
v -9.600000000000e-02 0.000000000000e+00 2.240000000000e-01
v -1.280000000000e-01 0.000000000000e+00 2.240000000000e-01
v -1.600000000000e-01 0.000000000000e+00 2.240000000000e-01
v -1.920000000000e-01 0.000000000000e+00 2.240000000000e-01
v -1.600000000000e-01 0.000000000000e+00 1.600000000000e-01
v -9.600000000000e-02 0.000000000000e+00 1.600000000000e-01
v -1.280000000000e-01 0.000000000000e+00 1.600000000000e-01
v -1.920000000000e-01 0.000000000000e+00 2.880000000000e-01
v -6.400000000000e-02 0.000000000000e+00 1.920000000000e-01
v -3.200000000000e-02 0.000000000000e+00 1.920000000000e-01
v -3.200000000000e-02 0.000000000000e+00 1.600000000000e-01
v -6.400000000000e-02 0.000000000000e+00 9.600000000000e-02
v -6.400000000000e-02 0.000000000000e+00 1.600000000000e-01
v -6.400000000000e-02 0.000000000000e+00 1.280000000000e-01
v -3.200000000000e-02 0.000000000000e+00 1.280000000000e-01
v 0.000000000000e+00 0.000000000000e+00 1.280000000000e-01
v 0.000000000000e+00 0.000000000000e+00 1.600000000000e-01
v 0.000000000000e+00 0.000000000000e+00 6.400000000000e-02
v -3.200000000000e-02 0.000000000000e+00 6.400000000000e-02
v 3.200000000000e-02 0.000000000000e+00 1.280000000000e-01
v -3.200000000000e-02 0.000000000000e+00 9.600000000000e-02
v 3.200000000000e-02 0.000000000000e+00 9.600000000000e-02
v 0.000000000000e+00 0.000000000000e+00 9.600000000000e-02
v -9.600000000000e-02 0.000000000000e+00 9.600000000000e-02
v -1.280000000000e-01 0.000000000000e+00 6.400000000000e-02
v -1.280000000000e-01 0.000000000000e+00 1.280000000000e-01
v -9.600000000000e-02 0.000000000000e+00 1.280000000000e-01
v -3.200000000000e-02 0.000000000000e+00 3.200000000000e-02
v -6.400000000000e-02 0.000000000000e+00 3.200000000000e-02
v -9.600000000000e-02 0.000000000000e+00 3.200000000000e-02
v -3.200000000000e-02 0.000000000000e+00 0.000000000000e+00
v -1.600000000000e-01 0.000000000000e+00 1.280000000000e-01
v -6.400000000000e-02 0.000000000000e+00 0.000000000000e+00
v -1.600000000000e-01 0.000000000000e+00 9.600000000000e-02
v -9.600000000000e-02 0.000000000000e+00 6.400000000000e-02
v -6.400000000000e-02 0.000000000000e+00 6.400000000000e-02
v -1.280000000000e-01 0.000000000000e+00 9.600000000000e-02
v 1.280000000000e-01 0.000000000000e+00 3.200000000000e-02
v 1.920000000000e-01 0.000000000000e+00 9.600000000000e-02
v 1.920000000000e-01 0.000000000000e+00 3.200000000000e-02
v 1.600000000000e-01 0.000000000000e+00 9.600000000000e-02
v 1.280000000000e-01 0.000000000000e+00 9.600000000000e-02
v 1.600000000000e-01 0.000000000000e+00 3.200000000000e-02
v 6.400000000000e-02 0.000000000000e+00 9.600000000000e-02
v 9.600000000000e-02 0.000000000000e+00 9.600000000000e-02
v 9.600000000000e-02 0.000000000000e+00 1.280000000000e-01
v 1.280000000000e-01 0.000000000000e+00 1.280000000000e-01
v 6.400000000000e-02 0.000000000000e+00 1.280000000000e-01
v 1.600000000000e-01 0.000000000000e+00 1.280000000000e-01
v 9.600000000000e-02 0.000000000000e+00 6.400000000000e-02
v 1.280000000000e-01 0.000000000000e+00 6.400000000000e-02
v 1.600000000000e-01 0.000000000000e+00 6.400000000000e-02
v 1.920000000000e-01 0.000000000000e+00 6.400000000000e-02
v 1.600000000000e-01 0.000000000000e+00 -1.280000000000e-01
v 1.920000000000e-01 0.000000000000e+00 -1.280000000000e-01
v 2.240000000000e-01 0.000000000000e+00 -1.280000000000e-01
v 1.600000000000e-01 0.000000000000e+00 -6.400000000000e-02
v 1.600000000000e-01 0.000000000000e+00 -9.600000000000e-02
v 1.280000000000e-01 0.000000000000e+00 -3.200000000000e-02
v 1.600000000000e-01 0.000000000000e+00 -3.200000000000e-02
v 1.920000000000e-01 0.000000000000e+00 -6.400000000000e-02
v 1.600000000000e-01 0.000000000000e+00 0.000000000000e+00
v 1.280000000000e-01 0.000000000000e+00 -9.600000000000e-02
v 1.920000000000e-01 0.000000000000e+00 -3.200000000000e-02
v 1.280000000000e-01 0.000000000000e+00 -6.400000000000e-02
v 1.280000000000e-01 0.000000000000e+00 0.000000000000e+00
v 1.920000000000e-01 0.000000000000e+00 -9.600000000000e-02
v 1.920000000000e-01 0.000000000000e+00 0.000000000000e+00
v 6.400000000000e-02 0.000000000000e+00 -6.400000000000e-02
v 9.600000000000e-02 0.000000000000e+00 -6.400000000000e-02
v 6.400000000000e-02 0.000000000000e+00 -3.200000000000e-02
v 3.200000000000e-02 0.000000000000e+00 3.200000000000e-02
v 9.600000000000e-02 0.000000000000e+00 -3.200000000000e-02
v 0.000000000000e+00 0.000000000000e+00 3.200000000000e-02
v 0.000000000000e+00 0.000000000000e+00 0.000000000000e+00
v 6.400000000000e-02 0.000000000000e+00 3.200000000000e-02
v 3.200000000000e-02 0.000000000000e+00 -3.200000000000e-02
v 6.400000000000e-02 0.000000000000e+00 6.400000000000e-02
v 9.600000000000e-02 0.000000000000e+00 0.000000000000e+00
v 6.400000000000e-02 0.000000000000e+00 0.000000000000e+00
v 3.200000000000e-02 0.000000000000e+00 6.400000000000e-02
v 9.600000000000e-02 0.000000000000e+00 3.200000000000e-02
v 3.200000000000e-02 0.000000000000e+00 0.000000000000e+00
v 2.560000000000e-01 0.000000000000e+00 7.040000000000e-01
v 2.560000000000e-01 0.000000000000e+00 7.360000000000e-01
v 2.880000000000e-01 0.000000000000e+00 7.360000000000e-01
v 3.200000000000e-01 0.000000000000e+00 6.400000000000e-01
v 2.880000000000e-01 0.000000000000e+00 6.400000000000e-01
v 2.240000000000e-01 0.000000000000e+00 8.000000000000e-01
v 2.880000000000e-01 0.000000000000e+00 8.000000000000e-01
v 2.560000000000e-01 0.000000000000e+00 8.000000000000e-01
v 2.880000000000e-01 0.000000000000e+00 7.680000000000e-01
v 2.560000000000e-01 0.000000000000e+00 7.680000000000e-01
v 3.200000000000e-01 0.000000000000e+00 6.080000000000e-01
v 2.560000000000e-01 0.000000000000e+00 6.720000000000e-01
v 2.880000000000e-01 0.000000000000e+00 6.720000000000e-01
v 3.200000000000e-01 0.000000000000e+00 6.720000000000e-01
v 2.880000000000e-01 0.000000000000e+00 7.040000000000e-01
v 2.240000000000e-01 0.000000000000e+00 7.680000000000e-01
v 1.600000000000e-01 0.000000000000e+00 7.360000000000e-01
v 1.920000000000e-01 0.000000000000e+00 7.040000000000e-01
v 2.240000000000e-01 0.000000000000e+00 7.040000000000e-01
v 1.920000000000e-01 0.000000000000e+00 7.680000000000e-01
v 1.920000000000e-01 0.000000000000e+00 8.000000000000e-01
v 1.600000000000e-01 0.000000000000e+00 8.000000000000e-01
v 1.280000000000e-01 0.000000000000e+00 8.000000000000e-01
v 1.600000000000e-01 0.000000000000e+00 7.680000000000e-01
v 9.600000000000e-02 0.000000000000e+00 8.000000000000e-01
v 2.240000000000e-01 0.000000000000e+00 6.720000000000e-01
v 1.280000000000e-01 0.000000000000e+00 7.680000000000e-01
v 1.920000000000e-01 0.000000000000e+00 6.720000000000e-01
v 2.240000000000e-01 0.000000000000e+00 7.360000000000e-01
v 1.920000000000e-01 0.000000000000e+00 7.360000000000e-01
v 3.840000000000e-01 0.000000000000e+00 7.680000000000e-01
v 4.160000000000e-01 0.000000000000e+00 7.360000000000e-01
v 4.800000000000e-01 0.000000000000e+00 8.000000000000e-01
v 4.480000000000e-01 0.000000000000e+00 8.000000000000e-01
v 4.160000000000e-01 0.000000000000e+00 8.000000000000e-01
v 3.840000000000e-01 0.000000000000e+00 8.000000000000e-01
v 3.520000000000e-01 0.000000000000e+00 8.000000000000e-01
v 3.200000000000e-01 0.000000000000e+00 8.000000000000e-01
v 4.480000000000e-01 0.000000000000e+00 7.680000000000e-01
v 4.800000000000e-01 0.000000000000e+00 7.680000000000e-01
v 4.480000000000e-01 0.000000000000e+00 7.360000000000e-01
v 4.800000000000e-01 0.000000000000e+00 7.360000000000e-01
v 4.160000000000e-01 0.000000000000e+00 7.680000000000e-01
v 3.200000000000e-01 0.000000000000e+00 7.680000000000e-01
v 3.520000000000e-01 0.000000000000e+00 7.680000000000e-01
v 3.840000000000e-01 0.000000000000e+00 6.720000000000e-01
v 3.520000000000e-01 0.000000000000e+00 6.720000000000e-01
v 4.160000000000e-01 0.000000000000e+00 6.720000000000e-01
v 4.160000000000e-01 0.000000000000e+00 6.400000000000e-01
v 3.840000000000e-01 0.000000000000e+00 6.080000000000e-01
v 4.160000000000e-01 0.000000000000e+00 6.080000000000e-01
v 3.520000000000e-01 0.000000000000e+00 6.400000000000e-01
v 3.840000000000e-01 0.000000000000e+00 6.400000000000e-01
v 3.840000000000e-01 0.000000000000e+00 7.360000000000e-01
v 3.520000000000e-01 0.000000000000e+00 7.360000000000e-01
v 3.200000000000e-01 0.000000000000e+00 7.360000000000e-01
v 3.200000000000e-01 0.000000000000e+00 7.040000000000e-01
v 3.520000000000e-01 0.000000000000e+00 7.040000000000e-01
v 3.840000000000e-01 0.000000000000e+00 7.040000000000e-01
v 4.160000000000e-01 0.000000000000e+00 7.040000000000e-01
v 4.480000000000e-01 0.000000000000e+00 6.080000000000e-01
v 4.800000000000e-01 0.000000000000e+00 6.080000000000e-01
v 5.120000000000e-01 0.000000000000e+00 6.080000000000e-01
v 5.440000000000e-01 0.000000000000e+00 6.080000000000e-01
v 4.480000000000e-01 0.000000000000e+00 5.760000000000e-01
v 4.800000000000e-01 0.000000000000e+00 5.760000000000e-01
v 4.480000000000e-01 0.000000000000e+00 6.400000000000e-01
v 4.800000000000e-01 0.000000000000e+00 6.400000000000e-01
v 5.120000000000e-01 0.000000000000e+00 5.440000000000e-01
v 5.120000000000e-01 0.000000000000e+00 5.760000000000e-01
v 4.800000000000e-01 0.000000000000e+00 7.040000000000e-01
v 4.480000000000e-01 0.000000000000e+00 7.040000000000e-01
v 5.120000000000e-01 0.000000000000e+00 6.400000000000e-01
v 4.480000000000e-01 0.000000000000e+00 6.720000000000e-01
v 4.800000000000e-01 0.000000000000e+00 6.720000000000e-01
v 4.800000000000e-01 0.000000000000e+00 3.200000000000e-01
v 3.840000000000e-01 0.000000000000e+00 3.520000000000e-01
v 4.160000000000e-01 0.000000000000e+00 3.520000000000e-01
v 4.480000000000e-01 0.000000000000e+00 3.520000000000e-01
v 4.800000000000e-01 0.000000000000e+00 3.520000000000e-01
v 5.120000000000e-01 0.000000000000e+00 3.520000000000e-01
v 5.120000000000e-01 0.000000000000e+00 3.200000000000e-01
v 3.840000000000e-01 0.000000000000e+00 4.160000000000e-01
v 3.840000000000e-01 0.000000000000e+00 3.840000000000e-01
v 4.160000000000e-01 0.000000000000e+00 3.840000000000e-01
v 4.480000000000e-01 0.000000000000e+00 3.840000000000e-01
v 4.800000000000e-01 0.000000000000e+00 3.840000000000e-01
v 4.480000000000e-01 0.000000000000e+00 4.160000000000e-01
v 4.160000000000e-01 0.000000000000e+00 4.160000000000e-01
v 4.160000000000e-01 0.000000000000e+00 3.200000000000e-01
v 4.480000000000e-01 0.000000000000e+00 3.200000000000e-01
v 4.480000000000e-01 0.000000000000e+00 5.120000000000e-01
v 4.480000000000e-01 0.000000000000e+00 4.800000000000e-01
v 4.800000000000e-01 0.000000000000e+00 4.800000000000e-01
v 4.800000000000e-01 0.000000000000e+00 5.120000000000e-01
v 5.120000000000e-01 0.000000000000e+00 4.800000000000e-01
v 5.120000000000e-01 0.000000000000e+00 3.840000000000e-01
v 4.480000000000e-01 0.000000000000e+00 5.440000000000e-01
v 5.120000000000e-01 0.000000000000e+00 4.160000000000e-01
v 4.800000000000e-01 0.000000000000e+00 5.440000000000e-01
v 4.480000000000e-01 0.000000000000e+00 4.480000000000e-01
v 4.800000000000e-01 0.000000000000e+00 4.480000000000e-01
v 5.120000000000e-01 0.000000000000e+00 4.480000000000e-01
v 4.800000000000e-01 0.000000000000e+00 4.160000000000e-01
v 5.120000000000e-01 0.000000000000e+00 5.120000000000e-01
v 3.520000000000e-01 0.000000000000e+00 5.440000000000e-01
v 4.160000000000e-01 0.000000000000e+00 5.120000000000e-01
v 3.840000000000e-01 0.000000000000e+00 5.120000000000e-01
v 3.520000000000e-01 0.000000000000e+00 5.120000000000e-01
v 3.840000000000e-01 0.000000000000e+00 4.800000000000e-01
v 3.520000000000e-01 0.000000000000e+00 4.800000000000e-01
v 3.520000000000e-01 0.000000000000e+00 6.080000000000e-01
v 4.160000000000e-01 0.000000000000e+00 4.480000000000e-01
v 3.840000000000e-01 0.000000000000e+00 4.480000000000e-01
v 4.160000000000e-01 0.000000000000e+00 5.760000000000e-01
v 3.840000000000e-01 0.000000000000e+00 5.760000000000e-01
v 3.520000000000e-01 0.000000000000e+00 5.760000000000e-01
v 4.160000000000e-01 0.000000000000e+00 4.800000000000e-01
v 4.160000000000e-01 0.000000000000e+00 5.440000000000e-01
v 3.840000000000e-01 0.000000000000e+00 5.440000000000e-01
v 1.920000000000e-01 0.000000000000e+00 6.400000000000e-01
v 2.240000000000e-01 0.000000000000e+00 6.400000000000e-01
v 2.560000000000e-01 0.000000000000e+00 6.400000000000e-01
v 2.240000000000e-01 0.000000000000e+00 5.760000000000e-01
v 1.920000000000e-01 0.000000000000e+00 5.760000000000e-01
v 2.880000000000e-01 0.000000000000e+00 5.760000000000e-01
v 3.200000000000e-01 0.000000000000e+00 5.440000000000e-01
v 2.880000000000e-01 0.000000000000e+00 6.080000000000e-01
v 2.560000000000e-01 0.000000000000e+00 6.080000000000e-01
v 2.880000000000e-01 0.000000000000e+00 5.440000000000e-01
v 2.560000000000e-01 0.000000000000e+00 5.440000000000e-01
v 1.920000000000e-01 0.000000000000e+00 6.080000000000e-01
v 3.200000000000e-01 0.000000000000e+00 5.760000000000e-01
v 2.560000000000e-01 0.000000000000e+00 5.760000000000e-01
v 2.240000000000e-01 0.000000000000e+00 6.080000000000e-01
v 2.560000000000e-01 0.000000000000e+00 4.800000000000e-01
v 2.240000000000e-01 0.000000000000e+00 4.800000000000e-01
v 2.240000000000e-01 0.000000000000e+00 5.120000000000e-01
v 2.560000000000e-01 0.000000000000e+00 5.120000000000e-01
v 2.560000000000e-01 0.000000000000e+00 4.160000000000e-01
v 2.240000000000e-01 0.000000000000e+00 4.160000000000e-01
v 2.240000000000e-01 0.000000000000e+00 5.440000000000e-01
v 1.920000000000e-01 0.000000000000e+00 5.440000000000e-01
v 1.920000000000e-01 0.000000000000e+00 4.480000000000e-01
v 2.240000000000e-01 0.000000000000e+00 4.480000000000e-01
v 1.600000000000e-01 0.000000000000e+00 5.440000000000e-01
v 1.600000000000e-01 0.000000000000e+00 5.120000000000e-01
v 2.560000000000e-01 0.000000000000e+00 4.480000000000e-01
v 1.920000000000e-01 0.000000000000e+00 4.800000000000e-01
v 1.920000000000e-01 0.000000000000e+00 5.120000000000e-01
v 1.600000000000e-01 0.000000000000e+00 4.800000000000e-01
v 3.200000000000e-01 0.000000000000e+00 3.520000000000e-01
v 3.520000000000e-01 0.000000000000e+00 3.520000000000e-01
v 3.200000000000e-01 0.000000000000e+00 4.480000000000e-01
v 3.200000000000e-01 0.000000000000e+00 4.800000000000e-01
v 2.880000000000e-01 0.000000000000e+00 3.840000000000e-01
v 2.880000000000e-01 0.000000000000e+00 4.480000000000e-01
v 2.880000000000e-01 0.000000000000e+00 4.800000000000e-01
v 3.520000000000e-01 0.000000000000e+00 4.160000000000e-01
v 3.200000000000e-01 0.000000000000e+00 5.120000000000e-01
v 2.880000000000e-01 0.000000000000e+00 5.120000000000e-01
v 3.200000000000e-01 0.000000000000e+00 3.840000000000e-01
v 3.520000000000e-01 0.000000000000e+00 3.840000000000e-01
v 3.520000000000e-01 0.000000000000e+00 4.480000000000e-01
v 2.880000000000e-01 0.000000000000e+00 4.160000000000e-01
v 3.200000000000e-01 0.000000000000e+00 4.160000000000e-01
v 5.760000000000e-01 0.000000000000e+00 8.000000000000e-01
v 6.080000000000e-01 0.000000000000e+00 7.360000000000e-01
v 5.760000000000e-01 0.000000000000e+00 7.360000000000e-01
v 6.080000000000e-01 0.000000000000e+00 8.000000000000e-01
v 5.120000000000e-01 0.000000000000e+00 7.360000000000e-01
v 6.080000000000e-01 0.000000000000e+00 7.680000000000e-01
v 5.760000000000e-01 0.000000000000e+00 7.040000000000e-01
v 5.440000000000e-01 0.000000000000e+00 7.040000000000e-01
v 5.120000000000e-01 0.000000000000e+00 7.680000000000e-01
v 5.440000000000e-01 0.000000000000e+00 7.680000000000e-01
v 5.760000000000e-01 0.000000000000e+00 7.680000000000e-01
v 6.080000000000e-01 0.000000000000e+00 7.040000000000e-01
v 5.440000000000e-01 0.000000000000e+00 7.360000000000e-01
v 5.120000000000e-01 0.000000000000e+00 8.000000000000e-01
v 5.440000000000e-01 0.000000000000e+00 8.000000000000e-01
v 5.440000000000e-01 0.000000000000e+00 6.400000000000e-01
v 5.760000000000e-01 0.000000000000e+00 6.400000000000e-01
v 6.080000000000e-01 0.000000000000e+00 6.400000000000e-01
v 5.440000000000e-01 0.000000000000e+00 6.720000000000e-01
v 5.120000000000e-01 0.000000000000e+00 6.720000000000e-01
v 6.080000000000e-01 0.000000000000e+00 6.080000000000e-01
v 5.120000000000e-01 0.000000000000e+00 7.040000000000e-01
v 5.760000000000e-01 0.000000000000e+00 6.720000000000e-01
v 6.400000000000e-01 0.000000000000e+00 6.720000000000e-01
v 6.080000000000e-01 0.000000000000e+00 6.720000000000e-01
v 5.760000000000e-01 0.000000000000e+00 6.080000000000e-01
v 6.720000000000e-01 0.000000000000e+00 6.400000000000e-01
v 6.400000000000e-01 0.000000000000e+00 6.400000000000e-01
v 6.400000000000e-01 0.000000000000e+00 6.080000000000e-01
v 6.720000000000e-01 0.000000000000e+00 6.080000000000e-01
v 8.000000000000e-01 0.000000000000e+00 6.080000000000e-01
v 7.040000000000e-01 0.000000000000e+00 6.400000000000e-01
v 7.360000000000e-01 0.000000000000e+00 6.400000000000e-01
v 7.680000000000e-01 0.000000000000e+00 6.400000000000e-01
v 7.680000000000e-01 0.000000000000e+00 6.080000000000e-01
v 8.000000000000e-01 0.000000000000e+00 5.440000000000e-01
v 7.680000000000e-01 0.000000000000e+00 5.440000000000e-01
v 7.360000000000e-01 0.000000000000e+00 5.440000000000e-01
v 7.360000000000e-01 0.000000000000e+00 6.080000000000e-01
v 7.040000000000e-01 0.000000000000e+00 5.760000000000e-01
v 7.360000000000e-01 0.000000000000e+00 5.760000000000e-01
v 7.680000000000e-01 0.000000000000e+00 5.760000000000e-01
v 8.000000000000e-01 0.000000000000e+00 5.760000000000e-01
v 7.040000000000e-01 0.000000000000e+00 6.080000000000e-01
v 6.720000000000e-01 0.000000000000e+00 6.720000000000e-01
v 7.040000000000e-01 0.000000000000e+00 7.360000000000e-01
v 6.720000000000e-01 0.000000000000e+00 7.360000000000e-01
v 6.400000000000e-01 0.000000000000e+00 7.680000000000e-01
v 7.040000000000e-01 0.000000000000e+00 8.000000000000e-01
v 6.720000000000e-01 0.000000000000e+00 8.000000000000e-01
v 6.720000000000e-01 0.000000000000e+00 7.680000000000e-01
v 7.040000000000e-01 0.000000000000e+00 7.680000000000e-01
v 6.400000000000e-01 0.000000000000e+00 7.040000000000e-01
v 7.040000000000e-01 0.000000000000e+00 6.720000000000e-01
v 7.360000000000e-01 0.000000000000e+00 6.720000000000e-01
v 6.400000000000e-01 0.000000000000e+00 7.360000000000e-01
v 7.040000000000e-01 0.000000000000e+00 7.040000000000e-01
v 6.720000000000e-01 0.000000000000e+00 7.040000000000e-01
v 6.400000000000e-01 0.000000000000e+00 8.000000000000e-01
v 8.000000000000e-01 0.000000000000e+00 7.360000000000e-01
v 7.680000000000e-01 0.000000000000e+00 7.360000000000e-01
v 7.360000000000e-01 0.000000000000e+00 7.360000000000e-01
v 8.000000000000e-01 0.000000000000e+00 8.000000000000e-01
v 7.680000000000e-01 0.000000000000e+00 8.000000000000e-01
v 7.360000000000e-01 0.000000000000e+00 8.000000000000e-01
v 8.000000000000e-01 0.000000000000e+00 6.400000000000e-01
v 7.360000000000e-01 0.000000000000e+00 7.680000000000e-01
v 7.680000000000e-01 0.000000000000e+00 6.720000000000e-01
v 8.000000000000e-01 0.000000000000e+00 6.720000000000e-01
v 7.360000000000e-01 0.000000000000e+00 7.040000000000e-01
v 8.000000000000e-01 0.000000000000e+00 7.040000000000e-01
v 7.680000000000e-01 0.000000000000e+00 7.680000000000e-01
v 8.000000000000e-01 0.000000000000e+00 7.680000000000e-01
v 7.680000000000e-01 0.000000000000e+00 7.040000000000e-01
v 8.000000000000e-01 0.000000000000e+00 3.520000000000e-01
v 7.680000000000e-01 0.000000000000e+00 3.520000000000e-01
v 7.360000000000e-01 0.000000000000e+00 3.520000000000e-01
v 7.360000000000e-01 0.000000000000e+00 2.880000000000e-01
v 7.040000000000e-01 0.000000000000e+00 3.840000000000e-01
v 7.680000000000e-01 0.000000000000e+00 2.880000000000e-01
v 8.000000000000e-01 0.000000000000e+00 2.880000000000e-01
v 7.360000000000e-01 0.000000000000e+00 2.560000000000e-01
v 7.680000000000e-01 0.000000000000e+00 2.560000000000e-01
v 8.000000000000e-01 0.000000000000e+00 3.200000000000e-01
v 7.680000000000e-01 0.000000000000e+00 3.200000000000e-01
v 8.000000000000e-01 0.000000000000e+00 2.560000000000e-01
v 7.360000000000e-01 0.000000000000e+00 3.200000000000e-01
v 7.360000000000e-01 0.000000000000e+00 3.840000000000e-01
v 6.720000000000e-01 0.000000000000e+00 3.840000000000e-01
v 6.080000000000e-01 0.000000000000e+00 3.520000000000e-01
v 6.400000000000e-01 0.000000000000e+00 3.520000000000e-01
v 6.400000000000e-01 0.000000000000e+00 3.840000000000e-01
v 6.080000000000e-01 0.000000000000e+00 3.840000000000e-01
v 5.760000000000e-01 0.000000000000e+00 3.840000000000e-01
v 5.440000000000e-01 0.000000000000e+00 3.840000000000e-01
v 6.400000000000e-01 0.000000000000e+00 4.160000000000e-01
v 7.040000000000e-01 0.000000000000e+00 3.520000000000e-01
v 6.720000000000e-01 0.000000000000e+00 3.520000000000e-01
v 5.440000000000e-01 0.000000000000e+00 4.160000000000e-01
v 5.760000000000e-01 0.000000000000e+00 4.160000000000e-01
v 6.080000000000e-01 0.000000000000e+00 4.160000000000e-01
v 7.040000000000e-01 0.000000000000e+00 3.200000000000e-01
v 5.760000000000e-01 0.000000000000e+00 3.520000000000e-01
v 6.080000000000e-01 0.000000000000e+00 3.200000000000e-01
v 5.760000000000e-01 0.000000000000e+00 3.200000000000e-01
v 5.760000000000e-01 0.000000000000e+00 2.880000000000e-01
v 6.080000000000e-01 0.000000000000e+00 2.880000000000e-01
v 6.400000000000e-01 0.000000000000e+00 2.880000000000e-01
v 6.720000000000e-01 0.000000000000e+00 2.880000000000e-01
v 7.040000000000e-01 0.000000000000e+00 2.560000000000e-01
v 5.440000000000e-01 0.000000000000e+00 3.200000000000e-01
v 5.440000000000e-01 0.000000000000e+00 3.520000000000e-01
v 7.040000000000e-01 0.000000000000e+00 2.880000000000e-01
v 6.400000000000e-01 0.000000000000e+00 2.560000000000e-01
v 6.720000000000e-01 0.000000000000e+00 2.560000000000e-01
v 6.720000000000e-01 0.000000000000e+00 3.200000000000e-01
v 6.400000000000e-01 0.000000000000e+00 3.200000000000e-01
v 6.080000000000e-01 0.000000000000e+00 2.560000000000e-01
v 5.760000000000e-01 0.000000000000e+00 5.760000000000e-01
v 5.440000000000e-01 0.000000000000e+00 5.440000000000e-01
v 6.080000000000e-01 0.000000000000e+00 4.480000000000e-01
v 5.760000000000e-01 0.000000000000e+00 4.800000000000e-01
v 6.080000000000e-01 0.000000000000e+00 4.800000000000e-01
v 6.080000000000e-01 0.000000000000e+00 5.120000000000e-01
v 5.760000000000e-01 0.000000000000e+00 5.120000000000e-01
v 5.440000000000e-01 0.000000000000e+00 5.120000000000e-01
v 5.440000000000e-01 0.000000000000e+00 5.760000000000e-01
v 5.440000000000e-01 0.000000000000e+00 4.800000000000e-01
v 6.080000000000e-01 0.000000000000e+00 5.760000000000e-01
v 5.440000000000e-01 0.000000000000e+00 4.480000000000e-01
v 5.760000000000e-01 0.000000000000e+00 5.440000000000e-01
v 6.080000000000e-01 0.000000000000e+00 5.440000000000e-01
v 5.760000000000e-01 0.000000000000e+00 4.480000000000e-01
v 7.680000000000e-01 0.000000000000e+00 5.120000000000e-01
v 7.360000000000e-01 0.000000000000e+00 5.120000000000e-01
v 7.680000000000e-01 0.000000000000e+00 3.840000000000e-01
v 8.000000000000e-01 0.000000000000e+00 3.840000000000e-01
v 8.000000000000e-01 0.000000000000e+00 4.480000000000e-01
v 7.680000000000e-01 0.000000000000e+00 4.480000000000e-01
v 7.360000000000e-01 0.000000000000e+00 4.160000000000e-01
v 8.000000000000e-01 0.000000000000e+00 4.800000000000e-01
v 7.680000000000e-01 0.000000000000e+00 4.800000000000e-01
v 8.000000000000e-01 0.000000000000e+00 4.160000000000e-01
v 7.680000000000e-01 0.000000000000e+00 4.160000000000e-01
v 8.000000000000e-01 0.000000000000e+00 5.120000000000e-01
v 7.360000000000e-01 0.000000000000e+00 4.480000000000e-01
v 7.360000000000e-01 0.000000000000e+00 4.800000000000e-01
v 7.040000000000e-01 0.000000000000e+00 5.120000000000e-01
v 6.720000000000e-01 0.000000000000e+00 5.120000000000e-01
v 6.400000000000e-01 0.000000000000e+00 5.120000000000e-01
v 6.720000000000e-01 0.000000000000e+00 5.760000000000e-01
v 6.400000000000e-01 0.000000000000e+00 5.440000000000e-01
v 7.040000000000e-01 0.000000000000e+00 4.800000000000e-01
v 7.040000000000e-01 0.000000000000e+00 5.440000000000e-01
v 6.720000000000e-01 0.000000000000e+00 5.440000000000e-01
v 6.720000000000e-01 0.000000000000e+00 4.160000000000e-01
v 6.720000000000e-01 0.000000000000e+00 4.800000000000e-01
v 6.400000000000e-01 0.000000000000e+00 4.800000000000e-01
v 6.400000000000e-01 0.000000000000e+00 5.760000000000e-01
v 6.400000000000e-01 0.000000000000e+00 4.480000000000e-01
v 6.720000000000e-01 0.000000000000e+00 4.480000000000e-01
v 7.040000000000e-01 0.000000000000e+00 4.480000000000e-01
v 7.040000000000e-01 0.000000000000e+00 4.160000000000e-01
v 6.080000000000e-01 0.000000000000e+00 1.600000000000e-01
v 5.120000000000e-01 0.000000000000e+00 1.920000000000e-01
v 5.440000000000e-01 0.000000000000e+00 1.920000000000e-01
v 5.760000000000e-01 0.000000000000e+00 1.920000000000e-01
v 5.120000000000e-01 0.000000000000e+00 2.240000000000e-01
v 5.440000000000e-01 0.000000000000e+00 2.240000000000e-01
v 5.760000000000e-01 0.000000000000e+00 2.240000000000e-01
v 6.080000000000e-01 0.000000000000e+00 2.240000000000e-01
v 5.120000000000e-01 0.000000000000e+00 2.560000000000e-01
v 5.440000000000e-01 0.000000000000e+00 2.560000000000e-01
v 5.760000000000e-01 0.000000000000e+00 2.560000000000e-01
v 5.120000000000e-01 0.000000000000e+00 2.880000000000e-01
v 5.440000000000e-01 0.000000000000e+00 2.880000000000e-01
v 6.080000000000e-01 0.000000000000e+00 1.920000000000e-01
v 5.760000000000e-01 0.000000000000e+00 1.600000000000e-01
v 5.120000000000e-01 0.000000000000e+00 1.600000000000e-01
v 6.400000000000e-01 0.000000000000e+00 6.400000000000e-02
v 5.440000000000e-01 0.000000000000e+00 1.600000000000e-01
v 5.120000000000e-01 0.000000000000e+00 9.600000000000e-02
v 5.440000000000e-01 0.000000000000e+00 9.600000000000e-02
v 5.760000000000e-01 0.000000000000e+00 9.600000000000e-02
v 5.440000000000e-01 0.000000000000e+00 1.280000000000e-01
v 6.080000000000e-01 0.000000000000e+00 1.280000000000e-01
v 5.120000000000e-01 0.000000000000e+00 1.280000000000e-01
v 6.080000000000e-01 0.000000000000e+00 6.400000000000e-02
v 5.120000000000e-01 0.000000000000e+00 6.400000000000e-02
v 5.440000000000e-01 0.000000000000e+00 6.400000000000e-02
v 5.760000000000e-01 0.000000000000e+00 6.400000000000e-02
v 6.080000000000e-01 0.000000000000e+00 9.600000000000e-02
v 6.400000000000e-01 0.000000000000e+00 9.600000000000e-02
v 5.760000000000e-01 0.000000000000e+00 1.280000000000e-01
v 8.000000000000e-01 0.000000000000e+00 9.600000000000e-02
v 7.680000000000e-01 0.000000000000e+00 1.600000000000e-01
v 8.000000000000e-01 0.000000000000e+00 1.920000000000e-01
v 7.360000000000e-01 0.000000000000e+00 1.600000000000e-01
v 8.000000000000e-01 0.000000000000e+00 1.600000000000e-01
v 8.000000000000e-01 0.000000000000e+00 1.280000000000e-01
v 8.000000000000e-01 0.000000000000e+00 2.240000000000e-01
v 7.680000000000e-01 0.000000000000e+00 2.240000000000e-01
v 7.360000000000e-01 0.000000000000e+00 2.240000000000e-01
v 7.360000000000e-01 0.000000000000e+00 1.920000000000e-01
v 7.040000000000e-01 0.000000000000e+00 2.240000000000e-01
v 7.040000000000e-01 0.000000000000e+00 1.920000000000e-01
v 7.680000000000e-01 0.000000000000e+00 1.280000000000e-01
v 7.680000000000e-01 0.000000000000e+00 1.920000000000e-01
v 6.400000000000e-01 0.000000000000e+00 1.920000000000e-01
v 7.360000000000e-01 0.000000000000e+00 1.280000000000e-01
v 7.040000000000e-01 0.000000000000e+00 1.280000000000e-01
v 6.720000000000e-01 0.000000000000e+00 1.280000000000e-01
v 6.400000000000e-01 0.000000000000e+00 1.280000000000e-01
v 7.360000000000e-01 0.000000000000e+00 9.600000000000e-02
v 7.680000000000e-01 0.000000000000e+00 9.600000000000e-02
v 7.040000000000e-01 0.000000000000e+00 1.600000000000e-01
v 6.720000000000e-01 0.000000000000e+00 1.600000000000e-01
v 6.720000000000e-01 0.000000000000e+00 1.920000000000e-01
v 7.040000000000e-01 0.000000000000e+00 9.600000000000e-02
v 6.720000000000e-01 0.000000000000e+00 2.240000000000e-01
v 6.720000000000e-01 0.000000000000e+00 9.600000000000e-02
v 6.400000000000e-01 0.000000000000e+00 2.240000000000e-01
v 6.400000000000e-01 0.000000000000e+00 1.600000000000e-01
v 7.680000000000e-01 0.000000000000e+00 0.000000000000e+00
v 8.000000000000e-01 0.000000000000e+00 0.000000000000e+00
v 8.000000000000e-01 0.000000000000e+00 -3.200000000000e-02
v 8.000000000000e-01 0.000000000000e+00 6.400000000000e-02
v 7.680000000000e-01 0.000000000000e+00 6.400000000000e-02
v 8.000000000000e-01 0.000000000000e+00 3.200000000000e-02
v 7.040000000000e-01 0.000000000000e+00 3.200000000000e-02
v 6.720000000000e-01 0.000000000000e+00 3.200000000000e-02
v 7.040000000000e-01 0.000000000000e+00 6.400000000000e-02
v 6.720000000000e-01 0.000000000000e+00 6.400000000000e-02
v 7.680000000000e-01 0.000000000000e+00 3.200000000000e-02
v 7.360000000000e-01 0.000000000000e+00 6.400000000000e-02
v 7.360000000000e-01 0.000000000000e+00 3.200000000000e-02
v 7.040000000000e-01 0.000000000000e+00 0.000000000000e+00
v 7.360000000000e-01 0.000000000000e+00 0.000000000000e+00
v 8.000000000000e-01 0.000000000000e+00 -2.560000000000e-01
v 6.720000000000e-01 0.000000000000e+00 -2.240000000000e-01
v 7.040000000000e-01 0.000000000000e+00 -2.240000000000e-01
v 7.360000000000e-01 0.000000000000e+00 -2.240000000000e-01
v 7.040000000000e-01 0.000000000000e+00 -2.880000000000e-01
v 7.680000000000e-01 0.000000000000e+00 -2.880000000000e-01
v 8.000000000000e-01 0.000000000000e+00 -2.880000000000e-01
v 7.360000000000e-01 0.000000000000e+00 -2.880000000000e-01
v 8.000000000000e-01 0.000000000000e+00 -3.200000000000e-01
v 7.680000000000e-01 0.000000000000e+00 -3.200000000000e-01
v 7.360000000000e-01 0.000000000000e+00 -3.200000000000e-01
v 6.720000000000e-01 0.000000000000e+00 -2.560000000000e-01
v 7.040000000000e-01 0.000000000000e+00 -2.560000000000e-01
v 7.360000000000e-01 0.000000000000e+00 -2.560000000000e-01
v 7.680000000000e-01 0.000000000000e+00 -2.560000000000e-01
v 7.040000000000e-01 0.000000000000e+00 -1.600000000000e-01
v 6.720000000000e-01 0.000000000000e+00 -1.280000000000e-01
v 6.720000000000e-01 0.000000000000e+00 -1.600000000000e-01
v 7.040000000000e-01 0.000000000000e+00 -1.920000000000e-01
v 6.720000000000e-01 0.000000000000e+00 -1.920000000000e-01
v 8.000000000000e-01 0.000000000000e+00 -2.240000000000e-01
v 8.000000000000e-01 0.000000000000e+00 -1.600000000000e-01
v 7.680000000000e-01 0.000000000000e+00 -1.600000000000e-01
v 7.360000000000e-01 0.000000000000e+00 -1.600000000000e-01
v 7.680000000000e-01 0.000000000000e+00 -2.240000000000e-01
v 8.000000000000e-01 0.000000000000e+00 -1.920000000000e-01
v 6.720000000000e-01 0.000000000000e+00 -9.600000000000e-02
v 7.040000000000e-01 0.000000000000e+00 -1.280000000000e-01
v 7.680000000000e-01 0.000000000000e+00 -1.920000000000e-01
v 7.360000000000e-01 0.000000000000e+00 -1.920000000000e-01
v 7.360000000000e-01 0.000000000000e+00 -9.600000000000e-02
v 7.680000000000e-01 0.000000000000e+00 -9.600000000000e-02
v 7.360000000000e-01 0.000000000000e+00 -1.280000000000e-01
v 8.000000000000e-01 0.000000000000e+00 -9.600000000000e-02
v 7.040000000000e-01 0.000000000000e+00 -3.200000000000e-02
v 7.680000000000e-01 0.000000000000e+00 -1.280000000000e-01
v 6.720000000000e-01 0.000000000000e+00 -6.400000000000e-02
v 7.680000000000e-01 0.000000000000e+00 -6.400000000000e-02
v 7.680000000000e-01 0.000000000000e+00 -3.200000000000e-02
v 7.360000000000e-01 0.000000000000e+00 -3.200000000000e-02
v 7.040000000000e-01 0.000000000000e+00 -6.400000000000e-02
v 7.360000000000e-01 0.000000000000e+00 -6.400000000000e-02
v 8.000000000000e-01 0.000000000000e+00 -6.400000000000e-02
v 7.040000000000e-01 0.000000000000e+00 -9.600000000000e-02
v 8.000000000000e-01 0.000000000000e+00 -1.280000000000e-01
v 5.760000000000e-01 0.000000000000e+00 -3.200000000000e-02
v 6.080000000000e-01 0.000000000000e+00 -3.200000000000e-02
v 6.720000000000e-01 0.000000000000e+00 0.000000000000e+00
v 6.400000000000e-01 0.000000000000e+00 0.000000000000e+00
v 5.760000000000e-01 0.000000000000e+00 0.000000000000e+00
v 5.440000000000e-01 0.000000000000e+00 0.000000000000e+00
v 6.720000000000e-01 0.000000000000e+00 -3.200000000000e-02
v 5.440000000000e-01 0.000000000000e+00 3.200000000000e-02
v 6.400000000000e-01 0.000000000000e+00 -3.200000000000e-02
v 5.120000000000e-01 0.000000000000e+00 3.200000000000e-02
v 5.760000000000e-01 0.000000000000e+00 3.200000000000e-02
v 6.080000000000e-01 0.000000000000e+00 3.200000000000e-02
v 6.400000000000e-01 0.000000000000e+00 3.200000000000e-02
v 6.080000000000e-01 0.000000000000e+00 0.000000000000e+00
v 5.120000000000e-01 0.000000000000e+00 0.000000000000e+00
v 6.080000000000e-01 0.000000000000e+00 -1.600000000000e-01
v 6.400000000000e-01 0.000000000000e+00 -1.600000000000e-01
v 6.400000000000e-01 0.000000000000e+00 -1.920000000000e-01
v 6.080000000000e-01 0.000000000000e+00 -1.920000000000e-01
v 5.760000000000e-01 0.000000000000e+00 -1.920000000000e-01
v 6.400000000000e-01 0.000000000000e+00 -2.560000000000e-01
v 6.080000000000e-01 0.000000000000e+00 -2.560000000000e-01
v 5.760000000000e-01 0.000000000000e+00 -2.560000000000e-01
v 5.760000000000e-01 0.000000000000e+00 -2.240000000000e-01
v 6.400000000000e-01 0.000000000000e+00 -2.240000000000e-01
v 5.440000000000e-01 0.000000000000e+00 -1.600000000000e-01
v 5.760000000000e-01 0.000000000000e+00 -1.600000000000e-01
v 5.440000000000e-01 0.000000000000e+00 -1.920000000000e-01
v 6.080000000000e-01 0.000000000000e+00 -2.240000000000e-01
v 5.440000000000e-01 0.000000000000e+00 -2.240000000000e-01
v 5.760000000000e-01 0.000000000000e+00 -1.280000000000e-01
v 5.120000000000e-01 0.000000000000e+00 -3.200000000000e-02
v 5.440000000000e-01 0.000000000000e+00 -3.200000000000e-02
v 5.440000000000e-01 0.000000000000e+00 -1.280000000000e-01
v 6.080000000000e-01 0.000000000000e+00 -9.600000000000e-02
v 6.400000000000e-01 0.000000000000e+00 -9.600000000000e-02
v 5.440000000000e-01 0.000000000000e+00 -6.400000000000e-02
v 5.120000000000e-01 0.000000000000e+00 -6.400000000000e-02
v 5.760000000000e-01 0.000000000000e+00 -6.400000000000e-02
v 6.080000000000e-01 0.000000000000e+00 -6.400000000000e-02
v 6.400000000000e-01 0.000000000000e+00 -6.400000000000e-02
v 6.400000000000e-01 0.000000000000e+00 -1.280000000000e-01
v 5.120000000000e-01 0.000000000000e+00 -9.600000000000e-02
v 5.440000000000e-01 0.000000000000e+00 -9.600000000000e-02
v 5.760000000000e-01 0.000000000000e+00 -9.600000000000e-02
v 6.080000000000e-01 0.000000000000e+00 -1.280000000000e-01
v 5.120000000000e-01 0.000000000000e+00 -2.240000000000e-01
v 4.160000000000e-01 0.000000000000e+00 -1.920000000000e-01
v 3.840000000000e-01 0.000000000000e+00 -1.920000000000e-01
v 4.160000000000e-01 0.000000000000e+00 -1.600000000000e-01
v 4.800000000000e-01 0.000000000000e+00 -2.240000000000e-01
v 4.480000000000e-01 0.000000000000e+00 -2.240000000000e-01
v 4.160000000000e-01 0.000000000000e+00 -2.240000000000e-01
v 4.480000000000e-01 0.000000000000e+00 -1.280000000000e-01
v 4.160000000000e-01 0.000000000000e+00 -1.280000000000e-01
v 3.840000000000e-01 0.000000000000e+00 -1.280000000000e-01
v 5.120000000000e-01 0.000000000000e+00 -1.920000000000e-01
v 3.840000000000e-01 0.000000000000e+00 -1.600000000000e-01
v 4.480000000000e-01 0.000000000000e+00 -1.600000000000e-01
v 4.800000000000e-01 0.000000000000e+00 -1.920000000000e-01
v 4.480000000000e-01 0.000000000000e+00 -1.920000000000e-01
v 4.800000000000e-01 0.000000000000e+00 -1.600000000000e-01
v 4.800000000000e-01 0.000000000000e+00 -9.600000000000e-02
v 4.480000000000e-01 0.000000000000e+00 -9.600000000000e-02
v 4.480000000000e-01 0.000000000000e+00 0.000000000000e+00
v 4.160000000000e-01 0.000000000000e+00 0.000000000000e+00
v 4.800000000000e-01 0.000000000000e+00 0.000000000000e+00
v 4.800000000000e-01 0.000000000000e+00 -1.280000000000e-01
v 4.480000000000e-01 0.000000000000e+00 -3.200000000000e-02
v 4.160000000000e-01 0.000000000000e+00 -3.200000000000e-02
v 4.800000000000e-01 0.000000000000e+00 -6.400000000000e-02
v 5.120000000000e-01 0.000000000000e+00 -1.280000000000e-01
v 4.480000000000e-01 0.000000000000e+00 -6.400000000000e-02
v 4.160000000000e-01 0.000000000000e+00 -6.400000000000e-02
v 4.800000000000e-01 0.000000000000e+00 -3.200000000000e-02
v 4.160000000000e-01 0.000000000000e+00 -9.600000000000e-02
v 5.120000000000e-01 0.000000000000e+00 -1.600000000000e-01
v 3.520000000000e-01 0.000000000000e+00 -1.280000000000e-01
v 2.880000000000e-01 0.000000000000e+00 -1.280000000000e-01
v 2.240000000000e-01 0.000000000000e+00 -9.600000000000e-02
v 2.560000000000e-01 0.000000000000e+00 -9.600000000000e-02
v 3.200000000000e-01 0.000000000000e+00 -1.920000000000e-01
v 3.520000000000e-01 0.000000000000e+00 -1.920000000000e-01
v 2.560000000000e-01 0.000000000000e+00 -1.280000000000e-01
v 2.240000000000e-01 0.000000000000e+00 -6.400000000000e-02
v 2.560000000000e-01 0.000000000000e+00 -6.400000000000e-02
v 3.200000000000e-01 0.000000000000e+00 -1.280000000000e-01
v 3.200000000000e-01 0.000000000000e+00 -9.600000000000e-02
v 2.880000000000e-01 0.000000000000e+00 -1.600000000000e-01
v 2.880000000000e-01 0.000000000000e+00 -9.600000000000e-02
v 3.200000000000e-01 0.000000000000e+00 -1.600000000000e-01
v 3.520000000000e-01 0.000000000000e+00 -1.600000000000e-01
v 3.840000000000e-01 0.000000000000e+00 -9.600000000000e-02
v 3.840000000000e-01 0.000000000000e+00 0.000000000000e+00
v 3.520000000000e-01 0.000000000000e+00 -6.400000000000e-02
v 3.840000000000e-01 0.000000000000e+00 -6.400000000000e-02
v 3.200000000000e-01 0.000000000000e+00 0.000000000000e+00
v 3.200000000000e-01 0.000000000000e+00 3.200000000000e-02
v 3.520000000000e-01 0.000000000000e+00 0.000000000000e+00
v 3.520000000000e-01 0.000000000000e+00 3.200000000000e-02
v 3.840000000000e-01 0.000000000000e+00 3.200000000000e-02
v 3.840000000000e-01 0.000000000000e+00 -3.200000000000e-02
v 3.520000000000e-01 0.000000000000e+00 -3.200000000000e-02
v 3.200000000000e-01 0.000000000000e+00 6.400000000000e-02
v 3.520000000000e-01 0.000000000000e+00 6.400000000000e-02
v 3.520000000000e-01 0.000000000000e+00 -9.600000000000e-02
v 3.200000000000e-01 0.000000000000e+00 -6.400000000000e-02
v 2.240000000000e-01 0.000000000000e+00 0.000000000000e+00
v 3.200000000000e-01 0.000000000000e+00 -3.200000000000e-02
v 2.560000000000e-01 0.000000000000e+00 -3.200000000000e-02
v 2.560000000000e-01 0.000000000000e+00 6.400000000000e-02
v 2.880000000000e-01 0.000000000000e+00 -3.200000000000e-02
v 2.880000000000e-01 0.000000000000e+00 6.400000000000e-02
v 2.240000000000e-01 0.000000000000e+00 6.400000000000e-02
v 2.880000000000e-01 0.000000000000e+00 3.200000000000e-02
v 2.560000000000e-01 0.000000000000e+00 3.200000000000e-02
v 2.240000000000e-01 0.000000000000e+00 3.200000000000e-02
v 2.240000000000e-01 0.000000000000e+00 -3.200000000000e-02
v 2.560000000000e-01 0.000000000000e+00 0.000000000000e+00
v 2.880000000000e-01 0.000000000000e+00 0.000000000000e+00
v 2.880000000000e-01 0.000000000000e+00 -6.400000000000e-02
v 2.880000000000e-01 0.000000000000e+00 9.600000000000e-02
v 2.240000000000e-01 0.000000000000e+00 9.600000000000e-02
v 3.200000000000e-01 0.000000000000e+00 1.600000000000e-01
v 1.920000000000e-01 0.000000000000e+00 1.600000000000e-01
v 2.240000000000e-01 0.000000000000e+00 1.600000000000e-01
v 2.560000000000e-01 0.000000000000e+00 9.600000000000e-02
v 2.560000000000e-01 0.000000000000e+00 1.600000000000e-01
v 1.920000000000e-01 0.000000000000e+00 1.280000000000e-01
v 2.240000000000e-01 0.000000000000e+00 1.280000000000e-01
v 2.560000000000e-01 0.000000000000e+00 1.280000000000e-01
v 2.880000000000e-01 0.000000000000e+00 1.280000000000e-01
v 3.200000000000e-01 0.000000000000e+00 1.280000000000e-01
v 3.200000000000e-01 0.000000000000e+00 9.600000000000e-02
v 2.880000000000e-01 0.000000000000e+00 1.600000000000e-01
v 2.240000000000e-01 0.000000000000e+00 3.200000000000e-01
v 1.920000000000e-01 0.000000000000e+00 4.160000000000e-01
v 2.880000000000e-01 0.000000000000e+00 3.200000000000e-01
v 2.560000000000e-01 0.000000000000e+00 3.200000000000e-01
v 1.920000000000e-01 0.000000000000e+00 3.200000000000e-01
v 2.240000000000e-01 0.000000000000e+00 2.880000000000e-01
v 2.560000000000e-01 0.000000000000e+00 2.880000000000e-01
v 2.880000000000e-01 0.000000000000e+00 2.880000000000e-01
v 2.880000000000e-01 0.000000000000e+00 3.520000000000e-01
v 2.560000000000e-01 0.000000000000e+00 3.520000000000e-01
v 2.240000000000e-01 0.000000000000e+00 3.520000000000e-01
v 1.920000000000e-01 0.000000000000e+00 3.520000000000e-01
v 1.920000000000e-01 0.000000000000e+00 3.840000000000e-01
v 2.240000000000e-01 0.000000000000e+00 3.840000000000e-01
v 2.560000000000e-01 0.000000000000e+00 3.840000000000e-01
v 2.880000000000e-01 0.000000000000e+00 2.560000000000e-01
v 1.920000000000e-01 0.000000000000e+00 2.240000000000e-01
v 1.920000000000e-01 0.000000000000e+00 2.880000000000e-01
v 2.240000000000e-01 0.000000000000e+00 2.240000000000e-01
v 1.920000000000e-01 0.000000000000e+00 2.560000000000e-01
v 2.240000000000e-01 0.000000000000e+00 2.560000000000e-01
v 2.560000000000e-01 0.000000000000e+00 2.560000000000e-01
v 3.200000000000e-01 0.000000000000e+00 2.560000000000e-01
v 2.240000000000e-01 0.000000000000e+00 1.920000000000e-01
v 2.560000000000e-01 0.000000000000e+00 1.920000000000e-01
v 2.880000000000e-01 0.000000000000e+00 1.920000000000e-01
v 3.200000000000e-01 0.000000000000e+00 1.920000000000e-01
v 3.200000000000e-01 0.000000000000e+00 2.240000000000e-01
v 2.880000000000e-01 0.000000000000e+00 2.240000000000e-01
v 2.560000000000e-01 0.000000000000e+00 2.240000000000e-01
v 4.800000000000e-01 0.000000000000e+00 2.240000000000e-01
v 3.840000000000e-01 0.000000000000e+00 2.560000000000e-01
v 4.160000000000e-01 0.000000000000e+00 2.560000000000e-01
v 4.480000000000e-01 0.000000000000e+00 2.560000000000e-01
v 4.800000000000e-01 0.000000000000e+00 2.560000000000e-01
v 3.520000000000e-01 0.000000000000e+00 3.200000000000e-01
v 3.200000000000e-01 0.000000000000e+00 3.200000000000e-01
v 3.840000000000e-01 0.000000000000e+00 3.200000000000e-01
v 3.520000000000e-01 0.000000000000e+00 2.560000000000e-01
v 4.480000000000e-01 0.000000000000e+00 2.240000000000e-01
v 4.800000000000e-01 0.000000000000e+00 2.880000000000e-01
v 4.480000000000e-01 0.000000000000e+00 2.880000000000e-01
v 4.160000000000e-01 0.000000000000e+00 2.880000000000e-01
v 3.840000000000e-01 0.000000000000e+00 2.880000000000e-01
v 3.520000000000e-01 0.000000000000e+00 2.880000000000e-01
v 3.200000000000e-01 0.000000000000e+00 2.880000000000e-01
v 4.800000000000e-01 0.000000000000e+00 1.280000000000e-01
v 4.480000000000e-01 0.000000000000e+00 1.280000000000e-01
v 4.160000000000e-01 0.000000000000e+00 1.280000000000e-01
v 3.520000000000e-01 0.000000000000e+00 1.920000000000e-01
v 3.840000000000e-01 0.000000000000e+00 1.920000000000e-01
v 4.160000000000e-01 0.000000000000e+00 1.920000000000e-01
v 4.160000000000e-01 0.000000000000e+00 1.600000000000e-01
v 4.800000000000e-01 0.000000000000e+00 1.920000000000e-01
v 4.480000000000e-01 0.000000000000e+00 1.920000000000e-01
v 4.480000000000e-01 0.000000000000e+00 1.600000000000e-01
v 4.800000000000e-01 0.000000000000e+00 1.600000000000e-01
v 4.160000000000e-01 0.000000000000e+00 2.240000000000e-01
v 3.840000000000e-01 0.000000000000e+00 1.600000000000e-01
v 3.840000000000e-01 0.000000000000e+00 2.240000000000e-01
v 3.520000000000e-01 0.000000000000e+00 2.240000000000e-01
v 4.160000000000e-01 0.000000000000e+00 3.200000000000e-02
v 4.480000000000e-01 0.000000000000e+00 3.200000000000e-02
v 4.800000000000e-01 0.000000000000e+00 3.200000000000e-02
v 3.840000000000e-01 0.000000000000e+00 6.400000000000e-02
v 4.800000000000e-01 0.000000000000e+00 6.400000000000e-02
v 3.840000000000e-01 0.000000000000e+00 1.280000000000e-01
v 3.840000000000e-01 0.000000000000e+00 9.600000000000e-02
v 4.160000000000e-01 0.000000000000e+00 9.600000000000e-02
v 3.520000000000e-01 0.000000000000e+00 1.600000000000e-01
v 4.480000000000e-01 0.000000000000e+00 9.600000000000e-02
v 3.520000000000e-01 0.000000000000e+00 1.280000000000e-01
v 4.800000000000e-01 0.000000000000e+00 9.600000000000e-02
v 4.160000000000e-01 0.000000000000e+00 6.400000000000e-02
v 4.480000000000e-01 0.000000000000e+00 6.400000000000e-02
v 3.520000000000e-01 0.000000000000e+00 9.600000000000e-02
v 3.840000000000e-01 0.000000000000e+00 -3.840000000000e-01
v 3.840000000000e-01 0.000000000000e+00 -4.480000000000e-01
v 4.480000000000e-01 0.000000000000e+00 -5.120000000000e-01
v 4.800000000000e-01 0.000000000000e+00 -5.120000000000e-01
v 3.520000000000e-01 0.000000000000e+00 -3.840000000000e-01
v 4.800000000000e-01 0.000000000000e+00 -4.480000000000e-01
v 4.480000000000e-01 0.000000000000e+00 -4.480000000000e-01
v 4.160000000000e-01 0.000000000000e+00 -4.800000000000e-01
v 4.480000000000e-01 0.000000000000e+00 -4.800000000000e-01
v 4.800000000000e-01 0.000000000000e+00 -4.800000000000e-01
v 3.840000000000e-01 0.000000000000e+00 -4.160000000000e-01
v 4.480000000000e-01 0.000000000000e+00 -4.160000000000e-01
v 4.160000000000e-01 0.000000000000e+00 -4.160000000000e-01
v 4.160000000000e-01 0.000000000000e+00 -3.840000000000e-01
v 4.160000000000e-01 0.000000000000e+00 -4.480000000000e-01
v 3.840000000000e-01 0.000000000000e+00 -3.520000000000e-01
v 3.520000000000e-01 0.000000000000e+00 -3.520000000000e-01
v 3.840000000000e-01 0.000000000000e+00 -2.240000000000e-01
v 3.520000000000e-01 0.000000000000e+00 -3.200000000000e-01
v 3.840000000000e-01 0.000000000000e+00 -3.200000000000e-01
v 4.160000000000e-01 0.000000000000e+00 -3.200000000000e-01
v 4.160000000000e-01 0.000000000000e+00 -2.560000000000e-01
v 4.160000000000e-01 0.000000000000e+00 -3.520000000000e-01
v 3.520000000000e-01 0.000000000000e+00 -2.560000000000e-01
v 3.520000000000e-01 0.000000000000e+00 -2.240000000000e-01
v 4.160000000000e-01 0.000000000000e+00 -2.880000000000e-01
v 3.840000000000e-01 0.000000000000e+00 -2.880000000000e-01
v 3.520000000000e-01 0.000000000000e+00 -2.880000000000e-01
v 3.200000000000e-01 0.000000000000e+00 -2.880000000000e-01
v 3.840000000000e-01 0.000000000000e+00 -2.560000000000e-01
v 2.880000000000e-01 0.000000000000e+00 -4.160000000000e-01
v 3.520000000000e-01 0.000000000000e+00 -4.160000000000e-01
v 2.240000000000e-01 0.000000000000e+00 -3.840000000000e-01
v 2.560000000000e-01 0.000000000000e+00 -3.840000000000e-01
v 2.880000000000e-01 0.000000000000e+00 -3.840000000000e-01
v 3.200000000000e-01 0.000000000000e+00 -3.840000000000e-01
v 3.200000000000e-01 0.000000000000e+00 -4.160000000000e-01
v 2.560000000000e-01 0.000000000000e+00 -4.480000000000e-01
v 2.560000000000e-01 0.000000000000e+00 -4.160000000000e-01
v 2.240000000000e-01 0.000000000000e+00 -4.160000000000e-01
v 3.200000000000e-01 0.000000000000e+00 -4.480000000000e-01
v 2.880000000000e-01 0.000000000000e+00 -4.480000000000e-01
v 3.520000000000e-01 0.000000000000e+00 -4.480000000000e-01
v 1.920000000000e-01 0.000000000000e+00 -3.840000000000e-01
v 2.880000000000e-01 0.000000000000e+00 -2.560000000000e-01
v 3.200000000000e-01 0.000000000000e+00 -2.560000000000e-01
v 2.240000000000e-01 0.000000000000e+00 -2.240000000000e-01
v 2.560000000000e-01 0.000000000000e+00 -2.240000000000e-01
v 2.880000000000e-01 0.000000000000e+00 -2.240000000000e-01
v 3.200000000000e-01 0.000000000000e+00 -2.240000000000e-01
v 1.920000000000e-01 0.000000000000e+00 -1.920000000000e-01
v 2.240000000000e-01 0.000000000000e+00 -1.920000000000e-01
v 2.560000000000e-01 0.000000000000e+00 -1.920000000000e-01
v 2.880000000000e-01 0.000000000000e+00 -1.920000000000e-01
v 1.920000000000e-01 0.000000000000e+00 -1.600000000000e-01
v 2.240000000000e-01 0.000000000000e+00 -1.600000000000e-01
v 2.560000000000e-01 0.000000000000e+00 -1.600000000000e-01
v 1.920000000000e-01 0.000000000000e+00 -2.240000000000e-01
v 2.560000000000e-01 0.000000000000e+00 -2.560000000000e-01
v 1.920000000000e-01 0.000000000000e+00 -2.880000000000e-01
v 2.560000000000e-01 0.000000000000e+00 -2.880000000000e-01
v 2.240000000000e-01 0.000000000000e+00 -2.560000000000e-01
v 1.920000000000e-01 0.000000000000e+00 -2.560000000000e-01
v 2.240000000000e-01 0.000000000000e+00 -3.520000000000e-01
v 1.920000000000e-01 0.000000000000e+00 -3.200000000000e-01
v 2.240000000000e-01 0.000000000000e+00 -2.880000000000e-01
v 2.880000000000e-01 0.000000000000e+00 -2.880000000000e-01
v 2.560000000000e-01 0.000000000000e+00 -3.520000000000e-01
v 2.880000000000e-01 0.000000000000e+00 -3.520000000000e-01
v 2.880000000000e-01 0.000000000000e+00 -3.200000000000e-01
v 3.200000000000e-01 0.000000000000e+00 -3.520000000000e-01
v 2.560000000000e-01 0.000000000000e+00 -3.200000000000e-01
v 2.240000000000e-01 0.000000000000e+00 -3.200000000000e-01
v 3.200000000000e-01 0.000000000000e+00 -3.200000000000e-01
v 3.520000000000e-01 0.000000000000e+00 -7.040000000000e-01
v 4.480000000000e-01 0.000000000000e+00 -7.360000000000e-01
v 4.160000000000e-01 0.000000000000e+00 -7.360000000000e-01
v 3.840000000000e-01 0.000000000000e+00 -7.680000000000e-01
v 3.840000000000e-01 0.000000000000e+00 -7.040000000000e-01
v 3.840000000000e-01 0.000000000000e+00 -7.360000000000e-01
v 3.520000000000e-01 0.000000000000e+00 -7.360000000000e-01
v 4.160000000000e-01 0.000000000000e+00 -7.040000000000e-01
v 4.800000000000e-01 0.000000000000e+00 -7.680000000000e-01
v 4.480000000000e-01 0.000000000000e+00 -7.680000000000e-01
v 4.160000000000e-01 0.000000000000e+00 -7.680000000000e-01
v 4.160000000000e-01 0.000000000000e+00 -8.000000000000e-01
v 4.480000000000e-01 0.000000000000e+00 -8.000000000000e-01
v 4.800000000000e-01 0.000000000000e+00 -8.000000000000e-01
v 3.840000000000e-01 0.000000000000e+00 -8.000000000000e-01
v 5.120000000000e-01 0.000000000000e+00 -7.680000000000e-01
v 4.800000000000e-01 0.000000000000e+00 -7.040000000000e-01
v 5.120000000000e-01 0.000000000000e+00 -7.040000000000e-01
v 4.800000000000e-01 0.000000000000e+00 -7.360000000000e-01
v 5.440000000000e-01 0.000000000000e+00 -7.360000000000e-01
v 5.440000000000e-01 0.000000000000e+00 -7.040000000000e-01
v 4.480000000000e-01 0.000000000000e+00 -7.040000000000e-01
v 5.440000000000e-01 0.000000000000e+00 -7.680000000000e-01
v 5.120000000000e-01 0.000000000000e+00 -8.000000000000e-01
v 5.120000000000e-01 0.000000000000e+00 -6.720000000000e-01
v 5.760000000000e-01 0.000000000000e+00 -8.000000000000e-01
v 5.120000000000e-01 0.000000000000e+00 -7.360000000000e-01
v 4.800000000000e-01 0.000000000000e+00 -6.720000000000e-01
v 4.480000000000e-01 0.000000000000e+00 -6.720000000000e-01
v 5.440000000000e-01 0.000000000000e+00 -8.000000000000e-01
v 4.160000000000e-01 0.000000000000e+00 -6.400000000000e-01
v 3.840000000000e-01 0.000000000000e+00 -6.400000000000e-01
v 3.520000000000e-01 0.000000000000e+00 -6.400000000000e-01
v 3.200000000000e-01 0.000000000000e+00 -6.400000000000e-01
v 2.880000000000e-01 0.000000000000e+00 -6.400000000000e-01
v 2.880000000000e-01 0.000000000000e+00 -5.760000000000e-01
v 3.200000000000e-01 0.000000000000e+00 -5.760000000000e-01
v 3.520000000000e-01 0.000000000000e+00 -5.760000000000e-01
v 2.880000000000e-01 0.000000000000e+00 -6.080000000000e-01
v 4.160000000000e-01 0.000000000000e+00 -6.720000000000e-01
v 3.520000000000e-01 0.000000000000e+00 -6.720000000000e-01
v 3.200000000000e-01 0.000000000000e+00 -6.720000000000e-01
v 3.200000000000e-01 0.000000000000e+00 -6.080000000000e-01
v 3.520000000000e-01 0.000000000000e+00 -6.080000000000e-01
v 3.840000000000e-01 0.000000000000e+00 -6.080000000000e-01
v 3.840000000000e-01 0.000000000000e+00 -6.720000000000e-01
v 3.200000000000e-01 0.000000000000e+00 -5.440000000000e-01
v 3.520000000000e-01 0.000000000000e+00 -5.440000000000e-01
v 3.840000000000e-01 0.000000000000e+00 -5.440000000000e-01
v 3.200000000000e-01 0.000000000000e+00 -5.120000000000e-01
v 2.240000000000e-01 0.000000000000e+00 -4.800000000000e-01
v 3.520000000000e-01 0.000000000000e+00 -5.120000000000e-01
v 2.880000000000e-01 0.000000000000e+00 -5.440000000000e-01
v 3.840000000000e-01 0.000000000000e+00 -5.120000000000e-01
v 2.880000000000e-01 0.000000000000e+00 -5.120000000000e-01
v 2.560000000000e-01 0.000000000000e+00 -4.800000000000e-01
v 2.880000000000e-01 0.000000000000e+00 -4.800000000000e-01
v 3.200000000000e-01 0.000000000000e+00 -4.800000000000e-01
v 3.520000000000e-01 0.000000000000e+00 -4.800000000000e-01
v 3.840000000000e-01 0.000000000000e+00 -4.800000000000e-01
v 2.560000000000e-01 0.000000000000e+00 -5.120000000000e-01
v 4.160000000000e-01 0.000000000000e+00 -5.440000000000e-01
v 4.480000000000e-01 0.000000000000e+00 -5.440000000000e-01
v 4.800000000000e-01 0.000000000000e+00 -5.440000000000e-01
v 4.160000000000e-01 0.000000000000e+00 -5.120000000000e-01
v 4.480000000000e-01 0.000000000000e+00 -5.760000000000e-01
v 4.480000000000e-01 0.000000000000e+00 -6.400000000000e-01
v 4.800000000000e-01 0.000000000000e+00 -6.400000000000e-01
v 3.840000000000e-01 0.000000000000e+00 -5.760000000000e-01
v 4.160000000000e-01 0.000000000000e+00 -5.760000000000e-01
v 5.120000000000e-01 0.000000000000e+00 -6.400000000000e-01
v 5.120000000000e-01 0.000000000000e+00 -6.080000000000e-01
v 4.800000000000e-01 0.000000000000e+00 -5.760000000000e-01
v 4.800000000000e-01 0.000000000000e+00 -6.080000000000e-01
v 4.480000000000e-01 0.000000000000e+00 -6.080000000000e-01
v 4.160000000000e-01 0.000000000000e+00 -6.080000000000e-01
v 7.680000000000e-01 0.000000000000e+00 -3.520000000000e-01
v 7.680000000000e-01 0.000000000000e+00 -4.160000000000e-01
v 7.360000000000e-01 0.000000000000e+00 -4.480000000000e-01
v 7.680000000000e-01 0.000000000000e+00 -4.480000000000e-01
v 8.000000000000e-01 0.000000000000e+00 -4.480000000000e-01
v 8.000000000000e-01 0.000000000000e+00 -4.160000000000e-01
v 8.000000000000e-01 0.000000000000e+00 -4.800000000000e-01
v 8.000000000000e-01 0.000000000000e+00 -3.520000000000e-01
v 7.680000000000e-01 0.000000000000e+00 -4.800000000000e-01
v 7.360000000000e-01 0.000000000000e+00 -4.800000000000e-01
v 7.360000000000e-01 0.000000000000e+00 -3.520000000000e-01
v 7.360000000000e-01 0.000000000000e+00 -4.160000000000e-01
v 8.000000000000e-01 0.000000000000e+00 -3.840000000000e-01
v 7.680000000000e-01 0.000000000000e+00 -3.840000000000e-01
v 7.360000000000e-01 0.000000000000e+00 -3.840000000000e-01
v 7.040000000000e-01 0.000000000000e+00 -3.520000000000e-01
v 6.720000000000e-01 0.000000000000e+00 -2.880000000000e-01
v 7.040000000000e-01 0.000000000000e+00 -3.200000000000e-01
v 6.720000000000e-01 0.000000000000e+00 -3.200000000000e-01
v 6.400000000000e-01 0.000000000000e+00 -3.200000000000e-01
v 6.080000000000e-01 0.000000000000e+00 -2.880000000000e-01
v 6.400000000000e-01 0.000000000000e+00 -2.880000000000e-01
v 7.040000000000e-01 0.000000000000e+00 -4.480000000000e-01
v 6.400000000000e-01 0.000000000000e+00 -3.840000000000e-01
v 7.040000000000e-01 0.000000000000e+00 -4.160000000000e-01
v 6.400000000000e-01 0.000000000000e+00 -3.520000000000e-01
v 6.720000000000e-01 0.000000000000e+00 -3.520000000000e-01
v 7.040000000000e-01 0.000000000000e+00 -3.840000000000e-01
v 6.720000000000e-01 0.000000000000e+00 -3.840000000000e-01
v 6.720000000000e-01 0.000000000000e+00 -4.160000000000e-01
v 6.400000000000e-01 0.000000000000e+00 -4.800000000000e-01
v 6.080000000000e-01 0.000000000000e+00 -4.800000000000e-01
v 5.760000000000e-01 0.000000000000e+00 -4.800000000000e-01
v 6.080000000000e-01 0.000000000000e+00 -4.480000000000e-01
v 5.760000000000e-01 0.000000000000e+00 -3.840000000000e-01
v 6.400000000000e-01 0.000000000000e+00 -4.160000000000e-01
v 6.080000000000e-01 0.000000000000e+00 -4.160000000000e-01
v 5.760000000000e-01 0.000000000000e+00 -4.160000000000e-01
v 6.720000000000e-01 0.000000000000e+00 -4.480000000000e-01
v 6.080000000000e-01 0.000000000000e+00 -3.840000000000e-01
v 6.400000000000e-01 0.000000000000e+00 -4.480000000000e-01
v 5.760000000000e-01 0.000000000000e+00 -4.480000000000e-01
v 7.040000000000e-01 0.000000000000e+00 -4.800000000000e-01
v 6.720000000000e-01 0.000000000000e+00 -4.800000000000e-01
v 5.120000000000e-01 0.000000000000e+00 -3.840000000000e-01
v 5.440000000000e-01 0.000000000000e+00 -3.840000000000e-01
v 5.120000000000e-01 0.000000000000e+00 -4.160000000000e-01
v 4.480000000000e-01 0.000000000000e+00 -2.880000000000e-01
v 5.440000000000e-01 0.000000000000e+00 -4.160000000000e-01
v 4.480000000000e-01 0.000000000000e+00 -3.520000000000e-01
v 4.800000000000e-01 0.000000000000e+00 -3.520000000000e-01
v 5.120000000000e-01 0.000000000000e+00 -4.480000000000e-01
v 5.440000000000e-01 0.000000000000e+00 -4.480000000000e-01
v 4.800000000000e-01 0.000000000000e+00 -4.160000000000e-01
v 5.120000000000e-01 0.000000000000e+00 -3.520000000000e-01
v 4.480000000000e-01 0.000000000000e+00 -3.200000000000e-01
v 4.800000000000e-01 0.000000000000e+00 -3.200000000000e-01
v 4.480000000000e-01 0.000000000000e+00 -3.840000000000e-01
v 4.800000000000e-01 0.000000000000e+00 -3.840000000000e-01
v 5.760000000000e-01 0.000000000000e+00 -3.200000000000e-01
v 6.080000000000e-01 0.000000000000e+00 -3.200000000000e-01
v 5.120000000000e-01 0.000000000000e+00 -2.560000000000e-01
v 4.800000000000e-01 0.000000000000e+00 -2.880000000000e-01
v 5.120000000000e-01 0.000000000000e+00 -2.880000000000e-01
v 6.080000000000e-01 0.000000000000e+00 -3.520000000000e-01
v 5.760000000000e-01 0.000000000000e+00 -3.520000000000e-01
v 5.440000000000e-01 0.000000000000e+00 -2.880000000000e-01
v 5.440000000000e-01 0.000000000000e+00 -2.560000000000e-01
v 4.800000000000e-01 0.000000000000e+00 -2.560000000000e-01
v 4.480000000000e-01 0.000000000000e+00 -2.560000000000e-01
v 5.760000000000e-01 0.000000000000e+00 -2.880000000000e-01
v 5.440000000000e-01 0.000000000000e+00 -3.520000000000e-01
v 5.120000000000e-01 0.000000000000e+00 -3.200000000000e-01
v 5.440000000000e-01 0.000000000000e+00 -3.200000000000e-01
v 6.080000000000e-01 0.000000000000e+00 -7.360000000000e-01
v 6.080000000000e-01 0.000000000000e+00 -6.720000000000e-01
v 5.760000000000e-01 0.000000000000e+00 -6.720000000000e-01
v 5.440000000000e-01 0.000000000000e+00 -6.720000000000e-01
v 5.760000000000e-01 0.000000000000e+00 -7.040000000000e-01
v 6.080000000000e-01 0.000000000000e+00 -7.040000000000e-01
v 6.080000000000e-01 0.000000000000e+00 -6.400000000000e-01
v 5.760000000000e-01 0.000000000000e+00 -7.360000000000e-01
v 6.400000000000e-01 0.000000000000e+00 -8.000000000000e-01
v 5.760000000000e-01 0.000000000000e+00 -6.400000000000e-01
v 5.440000000000e-01 0.000000000000e+00 -6.400000000000e-01
v 5.760000000000e-01 0.000000000000e+00 -7.680000000000e-01
v 6.080000000000e-01 0.000000000000e+00 -7.680000000000e-01
v 6.400000000000e-01 0.000000000000e+00 -7.680000000000e-01
v 6.080000000000e-01 0.000000000000e+00 -8.000000000000e-01
v 6.400000000000e-01 0.000000000000e+00 -7.040000000000e-01
v 7.040000000000e-01 0.000000000000e+00 -7.680000000000e-01
v 6.720000000000e-01 0.000000000000e+00 -7.680000000000e-01
v 6.400000000000e-01 0.000000000000e+00 -7.360000000000e-01
v 6.720000000000e-01 0.000000000000e+00 -7.360000000000e-01
v 7.040000000000e-01 0.000000000000e+00 -7.360000000000e-01
v 6.720000000000e-01 0.000000000000e+00 -7.040000000000e-01
v 6.720000000000e-01 0.000000000000e+00 -6.400000000000e-01
v 6.400000000000e-01 0.000000000000e+00 -6.400000000000e-01
v 6.400000000000e-01 0.000000000000e+00 -6.720000000000e-01
v 7.040000000000e-01 0.000000000000e+00 -8.000000000000e-01
v 6.720000000000e-01 0.000000000000e+00 -8.000000000000e-01
v 6.720000000000e-01 0.000000000000e+00 -6.720000000000e-01
v 7.040000000000e-01 0.000000000000e+00 -6.720000000000e-01
v 7.040000000000e-01 0.000000000000e+00 -7.040000000000e-01
v 8.000000000000e-01 0.000000000000e+00 -7.680000000000e-01
v 7.360000000000e-01 0.000000000000e+00 -7.680000000000e-01
v 7.680000000000e-01 0.000000000000e+00 -7.680000000000e-01
v 7.360000000000e-01 0.000000000000e+00 -7.360000000000e-01
v 8.000000000000e-01 0.000000000000e+00 -7.360000000000e-01
v 7.360000000000e-01 0.000000000000e+00 -7.040000000000e-01
v 7.360000000000e-01 0.000000000000e+00 -6.720000000000e-01
v 8.000000000000e-01 0.000000000000e+00 -7.040000000000e-01
v 7.680000000000e-01 0.000000000000e+00 -7.040000000000e-01
v 7.680000000000e-01 0.000000000000e+00 -7.360000000000e-01
v 7.680000000000e-01 0.000000000000e+00 -6.720000000000e-01
v 8.000000000000e-01 0.000000000000e+00 -8.000000000000e-01
v 7.680000000000e-01 0.000000000000e+00 -8.000000000000e-01
v 7.360000000000e-01 0.000000000000e+00 -8.000000000000e-01
v 7.360000000000e-01 0.000000000000e+00 -6.400000000000e-01
v 5.440000000000e-01 0.000000000000e+00 -6.080000000000e-01
v 5.120000000000e-01 0.000000000000e+00 -5.440000000000e-01
v 5.760000000000e-01 0.000000000000e+00 -5.120000000000e-01
v 5.760000000000e-01 0.000000000000e+00 -6.080000000000e-01
v 5.440000000000e-01 0.000000000000e+00 -5.440000000000e-01
v 5.760000000000e-01 0.000000000000e+00 -5.760000000000e-01
v 6.080000000000e-01 0.000000000000e+00 -5.760000000000e-01
v 5.440000000000e-01 0.000000000000e+00 -5.120000000000e-01
v 5.440000000000e-01 0.000000000000e+00 -4.800000000000e-01
v 5.440000000000e-01 0.000000000000e+00 -5.760000000000e-01
v 5.120000000000e-01 0.000000000000e+00 -4.800000000000e-01
v 5.760000000000e-01 0.000000000000e+00 -5.440000000000e-01
v 5.120000000000e-01 0.000000000000e+00 -5.120000000000e-01
v 6.080000000000e-01 0.000000000000e+00 -6.080000000000e-01
v 5.120000000000e-01 0.000000000000e+00 -5.760000000000e-01
v 7.360000000000e-01 0.000000000000e+00 -6.080000000000e-01
v 8.000000000000e-01 0.000000000000e+00 -6.400000000000e-01
v 7.680000000000e-01 0.000000000000e+00 -6.400000000000e-01
v 8.000000000000e-01 0.000000000000e+00 -6.720000000000e-01
v 7.360000000000e-01 0.000000000000e+00 -5.440000000000e-01
v 7.680000000000e-01 0.000000000000e+00 -5.440000000000e-01
v 8.000000000000e-01 0.000000000000e+00 -5.440000000000e-01
v 8.000000000000e-01 0.000000000000e+00 -5.760000000000e-01
v 7.680000000000e-01 0.000000000000e+00 -5.760000000000e-01
v 7.360000000000e-01 0.000000000000e+00 -5.760000000000e-01
v 8.000000000000e-01 0.000000000000e+00 -6.080000000000e-01
v 7.360000000000e-01 0.000000000000e+00 -5.120000000000e-01
v 7.680000000000e-01 0.000000000000e+00 -5.120000000000e-01
v 8.000000000000e-01 0.000000000000e+00 -5.120000000000e-01
v 7.680000000000e-01 0.000000000000e+00 -6.080000000000e-01
v 6.080000000000e-01 0.000000000000e+00 -5.440000000000e-01
v 6.400000000000e-01 0.000000000000e+00 -5.440000000000e-01
v 6.720000000000e-01 0.000000000000e+00 -5.440000000000e-01
v 7.040000000000e-01 0.000000000000e+00 -5.440000000000e-01
v 6.080000000000e-01 0.000000000000e+00 -5.120000000000e-01
v 6.400000000000e-01 0.000000000000e+00 -5.120000000000e-01
v 6.720000000000e-01 0.000000000000e+00 -5.120000000000e-01
v 7.040000000000e-01 0.000000000000e+00 -5.120000000000e-01
v 6.720000000000e-01 0.000000000000e+00 -5.760000000000e-01
v 7.040000000000e-01 0.000000000000e+00 -6.400000000000e-01
v 6.400000000000e-01 0.000000000000e+00 -5.760000000000e-01
v 7.040000000000e-01 0.000000000000e+00 -5.760000000000e-01
v 6.400000000000e-01 0.000000000000e+00 -6.080000000000e-01
v 6.720000000000e-01 0.000000000000e+00 -6.080000000000e-01
v 7.040000000000e-01 0.000000000000e+00 -6.080000000000e-01
v 1.600000000000e-01 0.000000000000e+00 -2.880000000000e-01
v 1.280000000000e-01 0.000000000000e+00 -2.880000000000e-01
v 9.600000000000e-02 0.000000000000e+00 -2.880000000000e-01
v 9.600000000000e-02 0.000000000000e+00 -3.520000000000e-01
v 9.600000000000e-02 0.000000000000e+00 -3.200000000000e-01
v 6.400000000000e-02 0.000000000000e+00 -3.520000000000e-01
v 3.200000000000e-02 0.000000000000e+00 -3.200000000000e-01
v 6.400000000000e-02 0.000000000000e+00 -3.200000000000e-01
v 1.920000000000e-01 0.000000000000e+00 -3.520000000000e-01
v 1.600000000000e-01 0.000000000000e+00 -3.520000000000e-01
v 1.280000000000e-01 0.000000000000e+00 -3.520000000000e-01
v 6.400000000000e-02 0.000000000000e+00 -2.880000000000e-01
v 3.200000000000e-02 0.000000000000e+00 -2.880000000000e-01
v 1.600000000000e-01 0.000000000000e+00 -3.200000000000e-01
v 1.280000000000e-01 0.000000000000e+00 -3.200000000000e-01
v 1.280000000000e-01 0.000000000000e+00 -4.160000000000e-01
v 9.600000000000e-02 0.000000000000e+00 -4.480000000000e-01
v 1.920000000000e-01 0.000000000000e+00 -4.160000000000e-01
v 1.600000000000e-01 0.000000000000e+00 -4.160000000000e-01
v 2.240000000000e-01 0.000000000000e+00 -4.480000000000e-01
v 1.920000000000e-01 0.000000000000e+00 -4.480000000000e-01
v 6.400000000000e-02 0.000000000000e+00 -4.160000000000e-01
v 1.600000000000e-01 0.000000000000e+00 -4.480000000000e-01
v 9.600000000000e-02 0.000000000000e+00 -4.160000000000e-01
v 1.280000000000e-01 0.000000000000e+00 -4.480000000000e-01
v 6.400000000000e-02 0.000000000000e+00 -3.840000000000e-01
v 9.600000000000e-02 0.000000000000e+00 -3.840000000000e-01
v 1.600000000000e-01 0.000000000000e+00 -3.840000000000e-01
v 1.280000000000e-01 0.000000000000e+00 -3.840000000000e-01
v -1.600000000000e-01 0.000000000000e+00 -3.520000000000e-01
v -1.920000000000e-01 0.000000000000e+00 -2.240000000000e-01
v -1.600000000000e-01 0.000000000000e+00 -2.240000000000e-01
v -1.920000000000e-01 0.000000000000e+00 -3.200000000000e-01
v -9.600000000000e-02 0.000000000000e+00 -2.880000000000e-01
v -1.600000000000e-01 0.000000000000e+00 -2.560000000000e-01
v -1.280000000000e-01 0.000000000000e+00 -2.880000000000e-01
v -1.280000000000e-01 0.000000000000e+00 -2.560000000000e-01
v -1.920000000000e-01 0.000000000000e+00 -2.560000000000e-01
v -1.920000000000e-01 0.000000000000e+00 -3.520000000000e-01
v -1.600000000000e-01 0.000000000000e+00 -2.880000000000e-01
v -1.920000000000e-01 0.000000000000e+00 -3.840000000000e-01
v -1.920000000000e-01 0.000000000000e+00 -2.880000000000e-01
v -1.600000000000e-01 0.000000000000e+00 -3.200000000000e-01
v -1.600000000000e-01 0.000000000000e+00 -3.840000000000e-01
v -6.400000000000e-02 0.000000000000e+00 -4.160000000000e-01
v -3.200000000000e-02 0.000000000000e+00 -4.160000000000e-01
v -9.600000000000e-02 0.000000000000e+00 -3.840000000000e-01
v -9.600000000000e-02 0.000000000000e+00 -4.160000000000e-01
v -1.280000000000e-01 0.000000000000e+00 -3.520000000000e-01
v -6.400000000000e-02 0.000000000000e+00 -3.520000000000e-01
v -1.280000000000e-01 0.000000000000e+00 -3.200000000000e-01
v -1.280000000000e-01 0.000000000000e+00 -3.840000000000e-01
v -9.600000000000e-02 0.000000000000e+00 -3.200000000000e-01
v -9.600000000000e-02 0.000000000000e+00 -3.520000000000e-01
v 0.000000000000e+00 0.000000000000e+00 -4.480000000000e-01
v -3.200000000000e-02 0.000000000000e+00 -4.480000000000e-01
v -6.400000000000e-02 0.000000000000e+00 -3.840000000000e-01
v -3.200000000000e-02 0.000000000000e+00 -3.840000000000e-01
v 0.000000000000e+00 0.000000000000e+00 -4.160000000000e-01
v 0.000000000000e+00 0.000000000000e+00 -3.520000000000e-01
v 3.200000000000e-02 0.000000000000e+00 -3.840000000000e-01
v -6.400000000000e-02 0.000000000000e+00 -3.200000000000e-01
v -3.200000000000e-02 0.000000000000e+00 -3.200000000000e-01
v 0.000000000000e+00 0.000000000000e+00 -3.200000000000e-01
v 0.000000000000e+00 0.000000000000e+00 -3.840000000000e-01
v -6.400000000000e-02 0.000000000000e+00 -2.880000000000e-01
v -3.200000000000e-02 0.000000000000e+00 -2.880000000000e-01
v -3.200000000000e-02 0.000000000000e+00 -3.520000000000e-01
v 3.200000000000e-02 0.000000000000e+00 -3.520000000000e-01
v 6.400000000000e-02 0.000000000000e+00 -4.480000000000e-01
v 3.200000000000e-02 0.000000000000e+00 -4.480000000000e-01
v 3.200000000000e-02 0.000000000000e+00 -4.160000000000e-01
v 0.000000000000e+00 0.000000000000e+00 -2.880000000000e-01
v -3.200000000000e-02 0.000000000000e+00 -2.240000000000e-01
v -6.400000000000e-02 0.000000000000e+00 -2.240000000000e-01
v -9.600000000000e-02 0.000000000000e+00 -2.240000000000e-01
v -1.280000000000e-01 0.000000000000e+00 -2.240000000000e-01
v -1.280000000000e-01 0.000000000000e+00 -1.920000000000e-01
v -3.200000000000e-02 0.000000000000e+00 -2.560000000000e-01
v -6.400000000000e-02 0.000000000000e+00 -2.560000000000e-01
v -9.600000000000e-02 0.000000000000e+00 -2.560000000000e-01
v -1.280000000000e-01 0.000000000000e+00 -1.600000000000e-01
v -9.600000000000e-02 0.000000000000e+00 -1.600000000000e-01
v -6.400000000000e-02 0.000000000000e+00 -1.920000000000e-01
v -9.600000000000e-02 0.000000000000e+00 -1.920000000000e-01
v -6.400000000000e-02 0.000000000000e+00 -1.600000000000e-01
v -3.200000000000e-02 0.000000000000e+00 -1.920000000000e-01
v -1.600000000000e-01 0.000000000000e+00 -9.600000000000e-02
v -1.280000000000e-01 0.000000000000e+00 -9.600000000000e-02
v -9.600000000000e-02 0.000000000000e+00 -1.280000000000e-01
v -1.920000000000e-01 0.000000000000e+00 -6.400000000000e-02
v -1.920000000000e-01 0.000000000000e+00 -1.920000000000e-01
v -9.600000000000e-02 0.000000000000e+00 -9.600000000000e-02
v -1.280000000000e-01 0.000000000000e+00 -1.280000000000e-01
v -1.920000000000e-01 0.000000000000e+00 -1.280000000000e-01
v -1.600000000000e-01 0.000000000000e+00 -1.600000000000e-01
v -1.920000000000e-01 0.000000000000e+00 -1.600000000000e-01
v -1.600000000000e-01 0.000000000000e+00 -1.920000000000e-01
v -1.920000000000e-01 0.000000000000e+00 -3.200000000000e-02
v -1.920000000000e-01 0.000000000000e+00 -9.600000000000e-02
v -1.600000000000e-01 0.000000000000e+00 -1.280000000000e-01
v -1.600000000000e-01 0.000000000000e+00 -6.400000000000e-02
v -9.600000000000e-02 0.000000000000e+00 -6.400000000000e-02
v -9.600000000000e-02 0.000000000000e+00 -3.200000000000e-02
v -1.280000000000e-01 0.000000000000e+00 -3.200000000000e-02
v -1.600000000000e-01 0.000000000000e+00 0.000000000000e+00
v -9.600000000000e-02 0.000000000000e+00 0.000000000000e+00
v -1.280000000000e-01 0.000000000000e+00 0.000000000000e+00
v -1.920000000000e-01 0.000000000000e+00 9.600000000000e-02
v -1.600000000000e-01 0.000000000000e+00 -3.200000000000e-02
v -1.600000000000e-01 0.000000000000e+00 6.400000000000e-02
v -1.920000000000e-01 0.000000000000e+00 6.400000000000e-02
v -1.920000000000e-01 0.000000000000e+00 0.000000000000e+00
v -1.920000000000e-01 0.000000000000e+00 3.200000000000e-02
v -1.600000000000e-01 0.000000000000e+00 3.200000000000e-02
v -1.280000000000e-01 0.000000000000e+00 3.200000000000e-02
v -1.280000000000e-01 0.000000000000e+00 -6.400000000000e-02
v 0.000000000000e+00 0.000000000000e+00 -3.200000000000e-02
v 3.200000000000e-02 0.000000000000e+00 -6.400000000000e-02
v 0.000000000000e+00 0.000000000000e+00 -6.400000000000e-02
v -3.200000000000e-02 0.000000000000e+00 -9.600000000000e-02
v -3.200000000000e-02 0.000000000000e+00 -6.400000000000e-02
v -6.400000000000e-02 0.000000000000e+00 -6.400000000000e-02
v -6.400000000000e-02 0.000000000000e+00 -1.280000000000e-01
v -6.400000000000e-02 0.000000000000e+00 -9.600000000000e-02
v 0.000000000000e+00 0.000000000000e+00 -9.600000000000e-02
v -6.400000000000e-02 0.000000000000e+00 -3.200000000000e-02
v -3.200000000000e-02 0.000000000000e+00 -1.280000000000e-01
v 0.000000000000e+00 0.000000000000e+00 -1.280000000000e-01
v 3.200000000000e-02 0.000000000000e+00 -1.280000000000e-01
v -3.200000000000e-02 0.000000000000e+00 -3.200000000000e-02
v 3.200000000000e-02 0.000000000000e+00 -9.600000000000e-02
v 1.600000000000e-01 0.000000000000e+00 -2.240000000000e-01
v 1.280000000000e-01 0.000000000000e+00 -1.920000000000e-01
v 6.400000000000e-02 0.000000000000e+00 -9.600000000000e-02
v 9.600000000000e-02 0.000000000000e+00 -1.920000000000e-01
v 1.600000000000e-01 0.000000000000e+00 -1.920000000000e-01
v 9.600000000000e-02 0.000000000000e+00 -9.600000000000e-02
v 6.400000000000e-02 0.000000000000e+00 -1.600000000000e-01
v 9.600000000000e-02 0.000000000000e+00 -1.600000000000e-01
v 1.280000000000e-01 0.000000000000e+00 -1.600000000000e-01
v 1.600000000000e-01 0.000000000000e+00 -1.600000000000e-01
v 6.400000000000e-02 0.000000000000e+00 -1.280000000000e-01
v 9.600000000000e-02 0.000000000000e+00 -1.280000000000e-01
v 1.280000000000e-01 0.000000000000e+00 -1.280000000000e-01
v 1.600000000000e-01 0.000000000000e+00 -2.560000000000e-01
v 1.280000000000e-01 0.000000000000e+00 -2.240000000000e-01
v 3.200000000000e-02 0.000000000000e+00 -2.560000000000e-01
v 6.400000000000e-02 0.000000000000e+00 -1.920000000000e-01
v 9.600000000000e-02 0.000000000000e+00 -2.240000000000e-01
v 6.400000000000e-02 0.000000000000e+00 -2.240000000000e-01
v 3.200000000000e-02 0.000000000000e+00 -2.240000000000e-01
v 0.000000000000e+00 0.000000000000e+00 -2.560000000000e-01
v -3.200000000000e-02 0.000000000000e+00 -1.600000000000e-01
v 0.000000000000e+00 0.000000000000e+00 -1.600000000000e-01
v 3.200000000000e-02 0.000000000000e+00 -1.600000000000e-01
v 0.000000000000e+00 0.000000000000e+00 -2.240000000000e-01
v 1.280000000000e-01 0.000000000000e+00 -2.560000000000e-01
v 9.600000000000e-02 0.000000000000e+00 -2.560000000000e-01
v 6.400000000000e-02 0.000000000000e+00 -2.560000000000e-01
v 3.200000000000e-02 0.000000000000e+00 -1.920000000000e-01
v 0.000000000000e+00 0.000000000000e+00 -1.920000000000e-01
v -3.200000000000e-02 0.000000000000e+00 -6.720000000000e-01
v 3.200000000000e-02 0.000000000000e+00 -7.040000000000e-01
v 6.400000000000e-02 0.000000000000e+00 -7.680000000000e-01
v 3.200000000000e-02 0.000000000000e+00 -7.680000000000e-01
v 0.000000000000e+00 0.000000000000e+00 -7.680000000000e-01
v 0.000000000000e+00 0.000000000000e+00 -8.000000000000e-01
v 3.200000000000e-02 0.000000000000e+00 -8.000000000000e-01
v 6.400000000000e-02 0.000000000000e+00 -8.000000000000e-01
v 6.400000000000e-02 0.000000000000e+00 -7.040000000000e-01
v 0.000000000000e+00 0.000000000000e+00 -7.040000000000e-01
v 3.200000000000e-02 0.000000000000e+00 -6.720000000000e-01
v 0.000000000000e+00 0.000000000000e+00 -6.720000000000e-01
v 6.400000000000e-02 0.000000000000e+00 -7.360000000000e-01
v 3.200000000000e-02 0.000000000000e+00 -7.360000000000e-01
v 0.000000000000e+00 0.000000000000e+00 -7.360000000000e-01
v -6.400000000000e-02 0.000000000000e+00 -8.000000000000e-01
v -3.200000000000e-02 0.000000000000e+00 -8.000000000000e-01
v -1.280000000000e-01 0.000000000000e+00 -7.040000000000e-01
v -9.600000000000e-02 0.000000000000e+00 -7.360000000000e-01
v -6.400000000000e-02 0.000000000000e+00 -6.720000000000e-01
v -3.200000000000e-02 0.000000000000e+00 -7.040000000000e-01
v -6.400000000000e-02 0.000000000000e+00 -7.040000000000e-01
v -9.600000000000e-02 0.000000000000e+00 -6.720000000000e-01
v -9.600000000000e-02 0.000000000000e+00 -7.040000000000e-01
v -1.280000000000e-01 0.000000000000e+00 -6.720000000000e-01
v -3.200000000000e-02 0.000000000000e+00 -7.680000000000e-01
v -6.400000000000e-02 0.000000000000e+00 -7.680000000000e-01
v -9.600000000000e-02 0.000000000000e+00 -7.680000000000e-01
v -3.200000000000e-02 0.000000000000e+00 -7.360000000000e-01
v -6.400000000000e-02 0.000000000000e+00 -7.360000000000e-01
v -6.400000000000e-02 0.000000000000e+00 -4.480000000000e-01
v -1.920000000000e-01 0.000000000000e+00 -4.800000000000e-01
v -1.600000000000e-01 0.000000000000e+00 -4.160000000000e-01
v -1.280000000000e-01 0.000000000000e+00 -4.160000000000e-01
v -9.600000000000e-02 0.000000000000e+00 -4.800000000000e-01
v -1.280000000000e-01 0.000000000000e+00 -4.800000000000e-01
v -1.920000000000e-01 0.000000000000e+00 -4.160000000000e-01
v -3.200000000000e-02 0.000000000000e+00 -5.120000000000e-01
v -6.400000000000e-02 0.000000000000e+00 -4.800000000000e-01
v -1.600000000000e-01 0.000000000000e+00 -4.800000000000e-01
v -1.280000000000e-01 0.000000000000e+00 -4.480000000000e-01
v -9.600000000000e-02 0.000000000000e+00 -4.480000000000e-01
v -3.200000000000e-02 0.000000000000e+00 -4.800000000000e-01
v -1.920000000000e-01 0.000000000000e+00 -4.480000000000e-01
v -1.600000000000e-01 0.000000000000e+00 -4.480000000000e-01
v -3.200000000000e-02 0.000000000000e+00 -6.400000000000e-01
v 0.000000000000e+00 0.000000000000e+00 -6.400000000000e-01
v 3.200000000000e-02 0.000000000000e+00 -6.400000000000e-01
v -6.400000000000e-02 0.000000000000e+00 -6.080000000000e-01
v -6.400000000000e-02 0.000000000000e+00 -5.120000000000e-01
v -9.600000000000e-02 0.000000000000e+00 -5.120000000000e-01
v 0.000000000000e+00 0.000000000000e+00 -5.760000000000e-01
v -3.200000000000e-02 0.000000000000e+00 -5.760000000000e-01
v -6.400000000000e-02 0.000000000000e+00 -5.760000000000e-01
v -3.200000000000e-02 0.000000000000e+00 -5.440000000000e-01
v -6.400000000000e-02 0.000000000000e+00 -5.440000000000e-01
v -9.600000000000e-02 0.000000000000e+00 -5.440000000000e-01
v -6.400000000000e-02 0.000000000000e+00 -6.400000000000e-01
v 0.000000000000e+00 0.000000000000e+00 -6.080000000000e-01
v -3.200000000000e-02 0.000000000000e+00 -6.080000000000e-01
v -9.600000000000e-02 0.000000000000e+00 -6.080000000000e-01
v -1.600000000000e-01 0.000000000000e+00 -6.080000000000e-01
v -1.600000000000e-01 0.000000000000e+00 -5.760000000000e-01
v -1.280000000000e-01 0.000000000000e+00 -5.760000000000e-01
v -9.600000000000e-02 0.000000000000e+00 -5.760000000000e-01
v -1.920000000000e-01 0.000000000000e+00 -5.440000000000e-01
v -1.920000000000e-01 0.000000000000e+00 -5.120000000000e-01
v -1.280000000000e-01 0.000000000000e+00 -6.080000000000e-01
v -1.280000000000e-01 0.000000000000e+00 -6.400000000000e-01
v -1.600000000000e-01 0.000000000000e+00 -6.400000000000e-01
v -1.280000000000e-01 0.000000000000e+00 -5.440000000000e-01
v -1.600000000000e-01 0.000000000000e+00 -5.440000000000e-01
v -1.600000000000e-01 0.000000000000e+00 -5.120000000000e-01
v -1.280000000000e-01 0.000000000000e+00 -5.120000000000e-01
v -9.600000000000e-02 0.000000000000e+00 -6.400000000000e-01
v 2.240000000000e-01 0.000000000000e+00 -5.760000000000e-01
v 2.560000000000e-01 0.000000000000e+00 -5.760000000000e-01
v 1.600000000000e-01 0.000000000000e+00 -5.440000000000e-01
v 2.560000000000e-01 0.000000000000e+00 -6.080000000000e-01
v 2.240000000000e-01 0.000000000000e+00 -6.080000000000e-01
v 1.280000000000e-01 0.000000000000e+00 -4.800000000000e-01
v 1.920000000000e-01 0.000000000000e+00 -4.800000000000e-01
v 2.240000000000e-01 0.000000000000e+00 -5.120000000000e-01
v 2.560000000000e-01 0.000000000000e+00 -5.440000000000e-01
v 1.920000000000e-01 0.000000000000e+00 -5.440000000000e-01
v 1.920000000000e-01 0.000000000000e+00 -5.760000000000e-01
v 1.600000000000e-01 0.000000000000e+00 -4.800000000000e-01
v 2.240000000000e-01 0.000000000000e+00 -5.440000000000e-01
v 1.600000000000e-01 0.000000000000e+00 -5.120000000000e-01
v 1.920000000000e-01 0.000000000000e+00 -5.120000000000e-01
v 0.000000000000e+00 0.000000000000e+00 -5.440000000000e-01
v 1.280000000000e-01 0.000000000000e+00 -5.440000000000e-01
v 6.400000000000e-02 0.000000000000e+00 -5.440000000000e-01
v 6.400000000000e-02 0.000000000000e+00 -4.800000000000e-01
v 0.000000000000e+00 0.000000000000e+00 -4.800000000000e-01
v 3.200000000000e-02 0.000000000000e+00 -4.800000000000e-01
v 0.000000000000e+00 0.000000000000e+00 -5.120000000000e-01
v 3.200000000000e-02 0.000000000000e+00 -5.120000000000e-01
v 9.600000000000e-02 0.000000000000e+00 -5.440000000000e-01
v 9.600000000000e-02 0.000000000000e+00 -5.120000000000e-01
v 1.280000000000e-01 0.000000000000e+00 -5.120000000000e-01
v 9.600000000000e-02 0.000000000000e+00 -4.800000000000e-01
v 3.200000000000e-02 0.000000000000e+00 -5.440000000000e-01
v 6.400000000000e-02 0.000000000000e+00 -5.120000000000e-01
v 1.280000000000e-01 0.000000000000e+00 -5.760000000000e-01
v 3.200000000000e-02 0.000000000000e+00 -6.080000000000e-01
v 9.600000000000e-02 0.000000000000e+00 -6.080000000000e-01
v 1.600000000000e-01 0.000000000000e+00 -5.760000000000e-01
v 1.280000000000e-01 0.000000000000e+00 -6.080000000000e-01
v 1.600000000000e-01 0.000000000000e+00 -6.080000000000e-01
v 1.920000000000e-01 0.000000000000e+00 -6.080000000000e-01
v 3.200000000000e-02 0.000000000000e+00 -5.760000000000e-01
v 6.400000000000e-02 0.000000000000e+00 -5.760000000000e-01
v 9.600000000000e-02 0.000000000000e+00 -5.760000000000e-01
v 6.400000000000e-02 0.000000000000e+00 -6.400000000000e-01
v 9.600000000000e-02 0.000000000000e+00 -6.400000000000e-01
v 1.280000000000e-01 0.000000000000e+00 -6.400000000000e-01
v 1.600000000000e-01 0.000000000000e+00 -6.400000000000e-01
v 1.920000000000e-01 0.000000000000e+00 -6.400000000000e-01
v 6.400000000000e-02 0.000000000000e+00 -6.080000000000e-01
v 1.280000000000e-01 0.000000000000e+00 -6.720000000000e-01
v 9.600000000000e-02 0.000000000000e+00 -6.720000000000e-01
v 1.600000000000e-01 0.000000000000e+00 -7.360000000000e-01
v 1.600000000000e-01 0.000000000000e+00 -7.680000000000e-01
v 1.280000000000e-01 0.000000000000e+00 -7.680000000000e-01
v 9.600000000000e-02 0.000000000000e+00 -7.680000000000e-01
v 1.600000000000e-01 0.000000000000e+00 -7.040000000000e-01
v 1.280000000000e-01 0.000000000000e+00 -7.040000000000e-01
v 9.600000000000e-02 0.000000000000e+00 -7.040000000000e-01
v 9.600000000000e-02 0.000000000000e+00 -8.000000000000e-01
v 1.280000000000e-01 0.000000000000e+00 -8.000000000000e-01
v 9.600000000000e-02 0.000000000000e+00 -7.360000000000e-01
v 6.400000000000e-02 0.000000000000e+00 -6.720000000000e-01
v 1.280000000000e-01 0.000000000000e+00 -7.360000000000e-01
v 1.600000000000e-01 0.000000000000e+00 -8.000000000000e-01
v 2.560000000000e-01 0.000000000000e+00 -7.360000000000e-01
v 2.240000000000e-01 0.000000000000e+00 -7.360000000000e-01
v 2.880000000000e-01 0.000000000000e+00 -7.680000000000e-01
v 2.560000000000e-01 0.000000000000e+00 -7.680000000000e-01
v 2.240000000000e-01 0.000000000000e+00 -7.680000000000e-01
v 1.920000000000e-01 0.000000000000e+00 -6.720000000000e-01
v 1.600000000000e-01 0.000000000000e+00 -6.720000000000e-01
v 1.920000000000e-01 0.000000000000e+00 -8.000000000000e-01
v 2.240000000000e-01 0.000000000000e+00 -8.000000000000e-01
v 2.560000000000e-01 0.000000000000e+00 -8.000000000000e-01
v 2.880000000000e-01 0.000000000000e+00 -8.000000000000e-01
v 1.920000000000e-01 0.000000000000e+00 -7.680000000000e-01
v 2.240000000000e-01 0.000000000000e+00 -7.040000000000e-01
v 1.920000000000e-01 0.000000000000e+00 -7.040000000000e-01
v 1.920000000000e-01 0.000000000000e+00 -7.360000000000e-01
v 3.200000000000e-01 0.000000000000e+00 -7.040000000000e-01
v 3.200000000000e-01 0.000000000000e+00 -7.360000000000e-01
v 2.880000000000e-01 0.000000000000e+00 -6.720000000000e-01
v 2.560000000000e-01 0.000000000000e+00 -7.040000000000e-01
v 2.880000000000e-01 0.000000000000e+00 -7.040000000000e-01
v 3.200000000000e-01 0.000000000000e+00 -7.680000000000e-01
v 3.200000000000e-01 0.000000000000e+00 -8.000000000000e-01
v 3.520000000000e-01 0.000000000000e+00 -8.000000000000e-01
v 2.240000000000e-01 0.000000000000e+00 -6.400000000000e-01
v 2.560000000000e-01 0.000000000000e+00 -6.400000000000e-01
v 2.880000000000e-01 0.000000000000e+00 -7.360000000000e-01
v 3.520000000000e-01 0.000000000000e+00 -7.680000000000e-01
v 2.560000000000e-01 0.000000000000e+00 -6.720000000000e-01
v 2.240000000000e-01 0.000000000000e+00 -6.720000000000e-01
v -6.400000000000e-01 0.000000000000e+00 -5.760000000000e-01
v -6.720000000000e-01 0.000000000000e+00 -5.760000000000e-01
v -6.400000000000e-01 0.000000000000e+00 -6.400000000000e-01
v -6.080000000000e-01 0.000000000000e+00 -7.040000000000e-01
v -6.400000000000e-01 0.000000000000e+00 -7.040000000000e-01
v -6.080000000000e-01 0.000000000000e+00 -7.360000000000e-01
v -6.080000000000e-01 0.000000000000e+00 -6.080000000000e-01
v -6.400000000000e-01 0.000000000000e+00 -6.720000000000e-01
v -6.720000000000e-01 0.000000000000e+00 -6.720000000000e-01
v -6.400000000000e-01 0.000000000000e+00 -6.080000000000e-01
v -6.720000000000e-01 0.000000000000e+00 -6.080000000000e-01
v -6.080000000000e-01 0.000000000000e+00 -6.720000000000e-01
v -6.080000000000e-01 0.000000000000e+00 -6.400000000000e-01
v -6.720000000000e-01 0.000000000000e+00 -6.400000000000e-01
v -5.440000000000e-01 0.000000000000e+00 -8.000000000000e-01
v -5.440000000000e-01 0.000000000000e+00 -7.360000000000e-01
v -5.760000000000e-01 0.000000000000e+00 -6.400000000000e-01
v -5.760000000000e-01 0.000000000000e+00 -8.000000000000e-01
v -5.440000000000e-01 0.000000000000e+00 -6.080000000000e-01
v -5.120000000000e-01 0.000000000000e+00 -8.000000000000e-01
v -5.760000000000e-01 0.000000000000e+00 -6.080000000000e-01
v -5.440000000000e-01 0.000000000000e+00 -6.400000000000e-01
v -5.760000000000e-01 0.000000000000e+00 -7.040000000000e-01
v -5.440000000000e-01 0.000000000000e+00 -6.720000000000e-01
v -5.760000000000e-01 0.000000000000e+00 -6.720000000000e-01
v -5.440000000000e-01 0.000000000000e+00 -7.040000000000e-01
v -5.760000000000e-01 0.000000000000e+00 -7.680000000000e-01
v -5.440000000000e-01 0.000000000000e+00 -7.680000000000e-01
v -5.760000000000e-01 0.000000000000e+00 -7.360000000000e-01
v -7.680000000000e-01 0.000000000000e+00 -5.440000000000e-01
v -7.360000000000e-01 0.000000000000e+00 -5.440000000000e-01
v -7.040000000000e-01 0.000000000000e+00 -6.400000000000e-01
v -7.680000000000e-01 0.000000000000e+00 -6.400000000000e-01
v -7.040000000000e-01 0.000000000000e+00 -5.760000000000e-01
v -8.000000000000e-01 0.000000000000e+00 -5.120000000000e-01
v -7.360000000000e-01 0.000000000000e+00 -5.760000000000e-01
v -7.680000000000e-01 0.000000000000e+00 -5.760000000000e-01
v -8.000000000000e-01 0.000000000000e+00 -5.760000000000e-01
v -7.360000000000e-01 0.000000000000e+00 -6.400000000000e-01
v -8.000000000000e-01 0.000000000000e+00 -5.440000000000e-01
v -7.040000000000e-01 0.000000000000e+00 -6.080000000000e-01
v -7.360000000000e-01 0.000000000000e+00 -6.080000000000e-01
v -7.680000000000e-01 0.000000000000e+00 -6.080000000000e-01
v -8.000000000000e-01 0.000000000000e+00 -6.080000000000e-01
v -7.040000000000e-01 0.000000000000e+00 -8.000000000000e-01
v -6.720000000000e-01 0.000000000000e+00 -8.000000000000e-01
v -6.400000000000e-01 0.000000000000e+00 -8.000000000000e-01
v -6.080000000000e-01 0.000000000000e+00 -8.000000000000e-01
v -7.040000000000e-01 0.000000000000e+00 -6.720000000000e-01
v -7.360000000000e-01 0.000000000000e+00 -6.720000000000e-01
v -6.080000000000e-01 0.000000000000e+00 -7.680000000000e-01
v -6.400000000000e-01 0.000000000000e+00 -7.680000000000e-01
v -7.040000000000e-01 0.000000000000e+00 -7.360000000000e-01
v -6.720000000000e-01 0.000000000000e+00 -7.360000000000e-01
v -6.400000000000e-01 0.000000000000e+00 -7.360000000000e-01
v -6.720000000000e-01 0.000000000000e+00 -7.040000000000e-01
v -7.040000000000e-01 0.000000000000e+00 -7.040000000000e-01
v -6.720000000000e-01 0.000000000000e+00 -7.680000000000e-01
v -7.040000000000e-01 0.000000000000e+00 -7.680000000000e-01
v -7.680000000000e-01 0.000000000000e+00 -7.680000000000e-01
v -7.680000000000e-01 0.000000000000e+00 -7.040000000000e-01
v -8.000000000000e-01 0.000000000000e+00 -7.680000000000e-01
v -8.000000000000e-01 0.000000000000e+00 -6.720000000000e-01
v -8.000000000000e-01 0.000000000000e+00 -7.360000000000e-01
v -8.000000000000e-01 0.000000000000e+00 -7.040000000000e-01
v -7.680000000000e-01 0.000000000000e+00 -8.000000000000e-01
v -7.360000000000e-01 0.000000000000e+00 -8.000000000000e-01
v -7.680000000000e-01 0.000000000000e+00 -6.720000000000e-01
v -7.360000000000e-01 0.000000000000e+00 -7.680000000000e-01
v -7.360000000000e-01 0.000000000000e+00 -7.040000000000e-01
v -7.360000000000e-01 0.000000000000e+00 -7.360000000000e-01
v -8.000000000000e-01 0.000000000000e+00 -8.000000000000e-01
v -7.680000000000e-01 0.000000000000e+00 -7.360000000000e-01
v -8.000000000000e-01 0.000000000000e+00 -6.400000000000e-01
v -6.080000000000e-01 0.000000000000e+00 -2.560000000000e-01
v -6.400000000000e-01 0.000000000000e+00 -3.840000000000e-01
v -6.400000000000e-01 0.000000000000e+00 -2.560000000000e-01
v -6.400000000000e-01 0.000000000000e+00 -3.200000000000e-01
v -6.400000000000e-01 0.000000000000e+00 -3.520000000000e-01
v -6.080000000000e-01 0.000000000000e+00 -3.520000000000e-01
v -5.760000000000e-01 0.000000000000e+00 -3.520000000000e-01
v -6.080000000000e-01 0.000000000000e+00 -3.200000000000e-01
v -6.080000000000e-01 0.000000000000e+00 -3.840000000000e-01
v -6.400000000000e-01 0.000000000000e+00 -2.880000000000e-01
v -5.760000000000e-01 0.000000000000e+00 -4.160000000000e-01
v -6.080000000000e-01 0.000000000000e+00 -4.160000000000e-01
v -6.080000000000e-01 0.000000000000e+00 -2.880000000000e-01
v -5.760000000000e-01 0.000000000000e+00 -2.880000000000e-01
v -5.760000000000e-01 0.000000000000e+00 -3.840000000000e-01
v -5.760000000000e-01 0.000000000000e+00 -3.200000000000e-01
v -8.000000000000e-01 0.000000000000e+00 -1.600000000000e-01
v -7.040000000000e-01 0.000000000000e+00 -2.880000000000e-01
v -7.680000000000e-01 0.000000000000e+00 -1.920000000000e-01
v -7.680000000000e-01 0.000000000000e+00 -2.560000000000e-01
v -7.360000000000e-01 0.000000000000e+00 -2.560000000000e-01
v -7.040000000000e-01 0.000000000000e+00 -2.560000000000e-01
v -6.720000000000e-01 0.000000000000e+00 -2.560000000000e-01
v -6.720000000000e-01 0.000000000000e+00 -2.880000000000e-01
v -8.000000000000e-01 0.000000000000e+00 -1.920000000000e-01
v -6.720000000000e-01 0.000000000000e+00 -2.240000000000e-01
v -7.040000000000e-01 0.000000000000e+00 -2.240000000000e-01
v -7.360000000000e-01 0.000000000000e+00 -2.240000000000e-01
v -7.680000000000e-01 0.000000000000e+00 -2.240000000000e-01
v -8.000000000000e-01 0.000000000000e+00 -2.240000000000e-01
v -6.720000000000e-01 0.000000000000e+00 -3.200000000000e-01
v -8.000000000000e-01 0.000000000000e+00 -3.200000000000e-01
v -6.720000000000e-01 0.000000000000e+00 -3.840000000000e-01
v -7.360000000000e-01 0.000000000000e+00 -2.880000000000e-01
v -6.720000000000e-01 0.000000000000e+00 -3.520000000000e-01
v -7.040000000000e-01 0.000000000000e+00 -3.520000000000e-01
v -7.360000000000e-01 0.000000000000e+00 -3.520000000000e-01
v -7.680000000000e-01 0.000000000000e+00 -3.520000000000e-01
v -8.000000000000e-01 0.000000000000e+00 -2.880000000000e-01
v -7.680000000000e-01 0.000000000000e+00 -2.880000000000e-01
v -8.000000000000e-01 0.000000000000e+00 -2.560000000000e-01
v -7.360000000000e-01 0.000000000000e+00 -3.840000000000e-01
v -7.360000000000e-01 0.000000000000e+00 -3.200000000000e-01
v -7.040000000000e-01 0.000000000000e+00 -3.200000000000e-01
v -7.040000000000e-01 0.000000000000e+00 -3.840000000000e-01
v -7.680000000000e-01 0.000000000000e+00 -3.200000000000e-01
v -7.680000000000e-01 0.000000000000e+00 -4.480000000000e-01
v -7.360000000000e-01 0.000000000000e+00 -4.800000000000e-01
v -8.000000000000e-01 0.000000000000e+00 -4.800000000000e-01
v -7.360000000000e-01 0.000000000000e+00 -4.480000000000e-01
v -7.360000000000e-01 0.000000000000e+00 -5.120000000000e-01
v -8.000000000000e-01 0.000000000000e+00 -3.520000000000e-01
v -8.000000000000e-01 0.000000000000e+00 -4.480000000000e-01
v -7.680000000000e-01 0.000000000000e+00 -3.840000000000e-01
v -8.000000000000e-01 0.000000000000e+00 -3.840000000000e-01
v -7.680000000000e-01 0.000000000000e+00 -5.120000000000e-01
v -7.680000000000e-01 0.000000000000e+00 -4.160000000000e-01
v -7.360000000000e-01 0.000000000000e+00 -4.160000000000e-01
v -7.680000000000e-01 0.000000000000e+00 -4.800000000000e-01
v -8.000000000000e-01 0.000000000000e+00 -4.160000000000e-01
v -6.080000000000e-01 0.000000000000e+00 -5.120000000000e-01
v -5.760000000000e-01 0.000000000000e+00 -5.760000000000e-01
v -5.440000000000e-01 0.000000000000e+00 -5.440000000000e-01
v -5.760000000000e-01 0.000000000000e+00 -5.440000000000e-01
v -6.080000000000e-01 0.000000000000e+00 -4.800000000000e-01
v -5.440000000000e-01 0.000000000000e+00 -5.120000000000e-01
v -6.080000000000e-01 0.000000000000e+00 -5.440000000000e-01
v -5.760000000000e-01 0.000000000000e+00 -4.800000000000e-01
v -5.440000000000e-01 0.000000000000e+00 -5.760000000000e-01
v -6.080000000000e-01 0.000000000000e+00 -5.760000000000e-01
v -5.760000000000e-01 0.000000000000e+00 -4.480000000000e-01
v -5.440000000000e-01 0.000000000000e+00 -4.800000000000e-01
v -6.080000000000e-01 0.000000000000e+00 -4.480000000000e-01
v -5.760000000000e-01 0.000000000000e+00 -5.120000000000e-01
v -6.720000000000e-01 0.000000000000e+00 -4.480000000000e-01
v -7.040000000000e-01 0.000000000000e+00 -4.480000000000e-01
v -7.040000000000e-01 0.000000000000e+00 -4.800000000000e-01
v -7.040000000000e-01 0.000000000000e+00 -4.160000000000e-01
v -6.400000000000e-01 0.000000000000e+00 -5.440000000000e-01
v -6.720000000000e-01 0.000000000000e+00 -4.160000000000e-01
v -6.400000000000e-01 0.000000000000e+00 -4.480000000000e-01
v -6.720000000000e-01 0.000000000000e+00 -5.440000000000e-01
v -6.720000000000e-01 0.000000000000e+00 -4.800000000000e-01
v -7.040000000000e-01 0.000000000000e+00 -5.440000000000e-01
v -6.400000000000e-01 0.000000000000e+00 -5.120000000000e-01
v -6.720000000000e-01 0.000000000000e+00 -5.120000000000e-01
v -7.040000000000e-01 0.000000000000e+00 -5.120000000000e-01
v -6.400000000000e-01 0.000000000000e+00 -4.160000000000e-01
v -6.400000000000e-01 0.000000000000e+00 -4.800000000000e-01
v -5.120000000000e-01 0.000000000000e+00 -6.720000000000e-01
v -4.800000000000e-01 0.000000000000e+00 -6.720000000000e-01
v -4.800000000000e-01 0.000000000000e+00 -7.360000000000e-01
v -4.160000000000e-01 0.000000000000e+00 -6.720000000000e-01
v -5.120000000000e-01 0.000000000000e+00 -6.080000000000e-01
v -4.480000000000e-01 0.000000000000e+00 -7.360000000000e-01
v -4.480000000000e-01 0.000000000000e+00 -6.720000000000e-01
v -5.120000000000e-01 0.000000000000e+00 -7.040000000000e-01
v -4.800000000000e-01 0.000000000000e+00 -7.040000000000e-01
v -4.480000000000e-01 0.000000000000e+00 -7.040000000000e-01
v -4.160000000000e-01 0.000000000000e+00 -7.040000000000e-01
v -4.800000000000e-01 0.000000000000e+00 -6.400000000000e-01
v -5.120000000000e-01 0.000000000000e+00 -6.400000000000e-01
v -4.480000000000e-01 0.000000000000e+00 -6.400000000000e-01
v -4.800000000000e-01 0.000000000000e+00 -8.000000000000e-01
v -4.480000000000e-01 0.000000000000e+00 -7.680000000000e-01
v -4.160000000000e-01 0.000000000000e+00 -7.360000000000e-01
v -3.200000000000e-01 0.000000000000e+00 -8.000000000000e-01
v -3.520000000000e-01 0.000000000000e+00 -8.000000000000e-01
v -3.840000000000e-01 0.000000000000e+00 -8.000000000000e-01
v -4.480000000000e-01 0.000000000000e+00 -8.000000000000e-01
v -4.160000000000e-01 0.000000000000e+00 -8.000000000000e-01
v -3.840000000000e-01 0.000000000000e+00 -7.680000000000e-01
v -3.520000000000e-01 0.000000000000e+00 -7.680000000000e-01
v -4.160000000000e-01 0.000000000000e+00 -7.680000000000e-01
v -5.120000000000e-01 0.000000000000e+00 -7.680000000000e-01
v -3.840000000000e-01 0.000000000000e+00 -7.360000000000e-01
v -5.120000000000e-01 0.000000000000e+00 -7.360000000000e-01
v -4.800000000000e-01 0.000000000000e+00 -7.680000000000e-01
v -3.520000000000e-01 0.000000000000e+00 -6.400000000000e-01
v -3.200000000000e-01 0.000000000000e+00 -6.400000000000e-01
v -3.200000000000e-01 0.000000000000e+00 -7.040000000000e-01
v -2.880000000000e-01 0.000000000000e+00 -7.680000000000e-01
v -3.200000000000e-01 0.000000000000e+00 -7.680000000000e-01
v -3.840000000000e-01 0.000000000000e+00 -7.040000000000e-01
v -2.880000000000e-01 0.000000000000e+00 -8.000000000000e-01
v -3.520000000000e-01 0.000000000000e+00 -7.040000000000e-01
v -3.200000000000e-01 0.000000000000e+00 -7.360000000000e-01
v -3.520000000000e-01 0.000000000000e+00 -7.360000000000e-01
v -3.840000000000e-01 0.000000000000e+00 -6.720000000000e-01
v -4.160000000000e-01 0.000000000000e+00 -6.400000000000e-01
v -3.840000000000e-01 0.000000000000e+00 -6.400000000000e-01
v -3.520000000000e-01 0.000000000000e+00 -6.720000000000e-01
v -3.200000000000e-01 0.000000000000e+00 -6.720000000000e-01
v -2.560000000000e-01 0.000000000000e+00 -7.040000000000e-01
v -2.880000000000e-01 0.000000000000e+00 -7.040000000000e-01
v -2.240000000000e-01 0.000000000000e+00 -7.680000000000e-01
v -2.560000000000e-01 0.000000000000e+00 -7.680000000000e-01
v -2.560000000000e-01 0.000000000000e+00 -6.720000000000e-01
v -2.880000000000e-01 0.000000000000e+00 -6.720000000000e-01
v -2.880000000000e-01 0.000000000000e+00 -6.400000000000e-01
v -2.240000000000e-01 0.000000000000e+00 -7.360000000000e-01
v -2.880000000000e-01 0.000000000000e+00 -7.360000000000e-01
v -2.560000000000e-01 0.000000000000e+00 -6.400000000000e-01
v -2.560000000000e-01 0.000000000000e+00 -7.360000000000e-01
v -2.240000000000e-01 0.000000000000e+00 -7.040000000000e-01
v -2.240000000000e-01 0.000000000000e+00 -8.000000000000e-01
v -1.920000000000e-01 0.000000000000e+00 -8.000000000000e-01
v -2.560000000000e-01 0.000000000000e+00 -8.000000000000e-01
v -1.280000000000e-01 0.000000000000e+00 -7.680000000000e-01
v -1.600000000000e-01 0.000000000000e+00 -7.680000000000e-01
v -1.600000000000e-01 0.000000000000e+00 -7.040000000000e-01
v -1.920000000000e-01 0.000000000000e+00 -7.040000000000e-01
v -1.920000000000e-01 0.000000000000e+00 -7.680000000000e-01
v -2.240000000000e-01 0.000000000000e+00 -6.720000000000e-01
v -1.600000000000e-01 0.000000000000e+00 -6.720000000000e-01
v -1.280000000000e-01 0.000000000000e+00 -7.360000000000e-01
v -1.920000000000e-01 0.000000000000e+00 -7.360000000000e-01
v -1.920000000000e-01 0.000000000000e+00 -6.400000000000e-01
v -1.920000000000e-01 0.000000000000e+00 -6.720000000000e-01
v -2.240000000000e-01 0.000000000000e+00 -6.400000000000e-01
v -9.600000000000e-02 0.000000000000e+00 -8.000000000000e-01
v -1.280000000000e-01 0.000000000000e+00 -8.000000000000e-01
v -1.600000000000e-01 0.000000000000e+00 -8.000000000000e-01
v -1.600000000000e-01 0.000000000000e+00 -7.360000000000e-01
v -3.200000000000e-01 0.000000000000e+00 -4.480000000000e-01
v -2.880000000000e-01 0.000000000000e+00 -3.840000000000e-01
v -2.560000000000e-01 0.000000000000e+00 -3.840000000000e-01
v -3.520000000000e-01 0.000000000000e+00 -4.160000000000e-01
v -3.200000000000e-01 0.000000000000e+00 -4.160000000000e-01
v -2.240000000000e-01 0.000000000000e+00 -4.800000000000e-01
v -2.880000000000e-01 0.000000000000e+00 -4.160000000000e-01
v -2.240000000000e-01 0.000000000000e+00 -4.480000000000e-01
v -2.560000000000e-01 0.000000000000e+00 -4.480000000000e-01
v -2.880000000000e-01 0.000000000000e+00 -4.480000000000e-01
v -2.560000000000e-01 0.000000000000e+00 -4.160000000000e-01
v -3.520000000000e-01 0.000000000000e+00 -3.840000000000e-01
v -2.240000000000e-01 0.000000000000e+00 -4.160000000000e-01
v -3.200000000000e-01 0.000000000000e+00 -3.840000000000e-01
v -3.840000000000e-01 0.000000000000e+00 -3.840000000000e-01
v -1.920000000000e-01 0.000000000000e+00 -6.080000000000e-01
v -2.880000000000e-01 0.000000000000e+00 -4.800000000000e-01
v -2.880000000000e-01 0.000000000000e+00 -5.440000000000e-01
v -2.560000000000e-01 0.000000000000e+00 -5.440000000000e-01
v -2.240000000000e-01 0.000000000000e+00 -5.440000000000e-01
v -2.240000000000e-01 0.000000000000e+00 -5.760000000000e-01
v -2.560000000000e-01 0.000000000000e+00 -5.760000000000e-01
v -1.920000000000e-01 0.000000000000e+00 -5.760000000000e-01
v -2.560000000000e-01 0.000000000000e+00 -4.800000000000e-01
v -2.880000000000e-01 0.000000000000e+00 -5.120000000000e-01
v -2.560000000000e-01 0.000000000000e+00 -5.120000000000e-01
v -2.240000000000e-01 0.000000000000e+00 -5.120000000000e-01
v -2.240000000000e-01 0.000000000000e+00 -6.080000000000e-01
v -2.880000000000e-01 0.000000000000e+00 -5.760000000000e-01
v -2.560000000000e-01 0.000000000000e+00 -6.080000000000e-01
v -3.520000000000e-01 0.000000000000e+00 -5.440000000000e-01
v -3.200000000000e-01 0.000000000000e+00 -5.440000000000e-01
v -3.520000000000e-01 0.000000000000e+00 -4.480000000000e-01
v -3.840000000000e-01 0.000000000000e+00 -4.480000000000e-01
v -3.200000000000e-01 0.000000000000e+00 -4.800000000000e-01
v -3.520000000000e-01 0.000000000000e+00 -4.800000000000e-01
v -3.840000000000e-01 0.000000000000e+00 -4.800000000000e-01
v -3.520000000000e-01 0.000000000000e+00 -5.760000000000e-01
v -3.200000000000e-01 0.000000000000e+00 -6.080000000000e-01
v -3.200000000000e-01 0.000000000000e+00 -5.760000000000e-01
v -2.880000000000e-01 0.000000000000e+00 -6.080000000000e-01
v -3.200000000000e-01 0.000000000000e+00 -5.120000000000e-01
v -3.840000000000e-01 0.000000000000e+00 -5.120000000000e-01
v -3.840000000000e-01 0.000000000000e+00 -5.440000000000e-01
v -3.520000000000e-01 0.000000000000e+00 -5.120000000000e-01
v -5.440000000000e-01 0.000000000000e+00 -3.200000000000e-01
v -5.440000000000e-01 0.000000000000e+00 -3.520000000000e-01
v -5.120000000000e-01 0.000000000000e+00 -3.520000000000e-01
v -4.160000000000e-01 0.000000000000e+00 -4.160000000000e-01
v -4.800000000000e-01 0.000000000000e+00 -3.520000000000e-01
v -4.480000000000e-01 0.000000000000e+00 -4.160000000000e-01
v -4.480000000000e-01 0.000000000000e+00 -3.520000000000e-01
v -3.840000000000e-01 0.000000000000e+00 -4.160000000000e-01
v -5.440000000000e-01 0.000000000000e+00 -3.840000000000e-01
v -4.800000000000e-01 0.000000000000e+00 -3.200000000000e-01
v -4.800000000000e-01 0.000000000000e+00 -3.840000000000e-01
v -4.480000000000e-01 0.000000000000e+00 -3.840000000000e-01
v -4.160000000000e-01 0.000000000000e+00 -3.840000000000e-01
v -5.120000000000e-01 0.000000000000e+00 -3.200000000000e-01
v -5.120000000000e-01 0.000000000000e+00 -3.840000000000e-01
v -4.800000000000e-01 0.000000000000e+00 -4.480000000000e-01
v -5.120000000000e-01 0.000000000000e+00 -4.480000000000e-01
v -5.440000000000e-01 0.000000000000e+00 -4.480000000000e-01
v -4.160000000000e-01 0.000000000000e+00 -4.800000000000e-01
v -4.480000000000e-01 0.000000000000e+00 -4.800000000000e-01
v -4.800000000000e-01 0.000000000000e+00 -4.800000000000e-01
v -4.160000000000e-01 0.000000000000e+00 -5.120000000000e-01
v -4.480000000000e-01 0.000000000000e+00 -5.120000000000e-01
v -4.800000000000e-01 0.000000000000e+00 -5.120000000000e-01
v -5.120000000000e-01 0.000000000000e+00 -4.800000000000e-01
v -4.800000000000e-01 0.000000000000e+00 -4.160000000000e-01
v -5.120000000000e-01 0.000000000000e+00 -4.160000000000e-01
v -5.440000000000e-01 0.000000000000e+00 -4.160000000000e-01
v -4.160000000000e-01 0.000000000000e+00 -4.480000000000e-01
v -4.480000000000e-01 0.000000000000e+00 -4.480000000000e-01
v -4.480000000000e-01 0.000000000000e+00 -6.080000000000e-01
v -4.480000000000e-01 0.000000000000e+00 -5.440000000000e-01
v -4.800000000000e-01 0.000000000000e+00 -5.440000000000e-01
v -3.520000000000e-01 0.000000000000e+00 -6.080000000000e-01
v -5.120000000000e-01 0.000000000000e+00 -5.760000000000e-01
v -4.800000000000e-01 0.000000000000e+00 -5.760000000000e-01
v -4.480000000000e-01 0.000000000000e+00 -5.760000000000e-01
v -4.160000000000e-01 0.000000000000e+00 -5.760000000000e-01
v -5.120000000000e-01 0.000000000000e+00 -5.120000000000e-01
v -4.160000000000e-01 0.000000000000e+00 -5.440000000000e-01
v -5.120000000000e-01 0.000000000000e+00 -5.440000000000e-01
v -3.840000000000e-01 0.000000000000e+00 -5.760000000000e-01
v -3.840000000000e-01 0.000000000000e+00 -6.080000000000e-01
v -4.800000000000e-01 0.000000000000e+00 -6.080000000000e-01
v -4.160000000000e-01 0.000000000000e+00 -6.080000000000e-01
v -4.160000000000e-01 0.000000000000e+00 9.600000000000e-02
v -3.840000000000e-01 0.000000000000e+00 9.600000000000e-02
v -3.520000000000e-01 0.000000000000e+00 1.600000000000e-01
v -3.840000000000e-01 0.000000000000e+00 1.600000000000e-01
v -4.160000000000e-01 0.000000000000e+00 1.600000000000e-01
v -4.480000000000e-01 0.000000000000e+00 1.600000000000e-01
v -4.800000000000e-01 0.000000000000e+00 1.600000000000e-01
v -4.480000000000e-01 0.000000000000e+00 1.280000000000e-01
v -4.800000000000e-01 0.000000000000e+00 1.920000000000e-01
v -4.480000000000e-01 0.000000000000e+00 1.920000000000e-01
v -3.520000000000e-01 0.000000000000e+00 9.600000000000e-02
v -4.160000000000e-01 0.000000000000e+00 1.920000000000e-01
v -3.520000000000e-01 0.000000000000e+00 1.280000000000e-01
v -3.840000000000e-01 0.000000000000e+00 1.280000000000e-01
v -4.160000000000e-01 0.000000000000e+00 1.280000000000e-01
v -2.560000000000e-01 0.000000000000e+00 3.200000000000e-02
v -2.240000000000e-01 0.000000000000e+00 9.600000000000e-02
v -2.880000000000e-01 0.000000000000e+00 6.400000000000e-02
v -2.560000000000e-01 0.000000000000e+00 6.400000000000e-02
v -2.240000000000e-01 0.000000000000e+00 6.400000000000e-02
v -2.880000000000e-01 0.000000000000e+00 3.200000000000e-02
v -2.880000000000e-01 0.000000000000e+00 1.280000000000e-01
v -3.200000000000e-01 0.000000000000e+00 1.280000000000e-01
v -3.200000000000e-01 0.000000000000e+00 6.400000000000e-02
v -3.200000000000e-01 0.000000000000e+00 1.600000000000e-01
v -2.880000000000e-01 0.000000000000e+00 1.600000000000e-01
v -3.200000000000e-01 0.000000000000e+00 9.600000000000e-02
v -2.240000000000e-01 0.000000000000e+00 3.200000000000e-02
v -2.560000000000e-01 0.000000000000e+00 1.280000000000e-01
v -2.880000000000e-01 0.000000000000e+00 9.600000000000e-02
v -2.560000000000e-01 0.000000000000e+00 9.600000000000e-02
v -4.480000000000e-01 0.000000000000e+00 -3.200000000000e-02
v -4.480000000000e-01 0.000000000000e+00 6.400000000000e-02
v -4.160000000000e-01 0.000000000000e+00 3.200000000000e-02
v -4.480000000000e-01 0.000000000000e+00 3.200000000000e-02
v -4.800000000000e-01 0.000000000000e+00 3.200000000000e-02
v -4.800000000000e-01 0.000000000000e+00 1.280000000000e-01
v -4.480000000000e-01 0.000000000000e+00 9.600000000000e-02
v -4.480000000000e-01 0.000000000000e+00 0.000000000000e+00
v -4.160000000000e-01 0.000000000000e+00 0.000000000000e+00
v -4.160000000000e-01 0.000000000000e+00 -3.200000000000e-02
v -4.160000000000e-01 0.000000000000e+00 6.400000000000e-02
v -4.800000000000e-01 0.000000000000e+00 0.000000000000e+00
v -5.120000000000e-01 0.000000000000e+00 6.400000000000e-02
v -4.800000000000e-01 0.000000000000e+00 9.600000000000e-02
v -4.800000000000e-01 0.000000000000e+00 6.400000000000e-02
v -3.840000000000e-01 0.000000000000e+00 3.200000000000e-02
v -3.840000000000e-01 0.000000000000e+00 0.000000000000e+00
v -3.520000000000e-01 0.000000000000e+00 0.000000000000e+00
v -3.200000000000e-01 0.000000000000e+00 0.000000000000e+00
v -3.520000000000e-01 0.000000000000e+00 6.400000000000e-02
v -3.200000000000e-01 0.000000000000e+00 -6.400000000000e-02
v -3.840000000000e-01 0.000000000000e+00 6.400000000000e-02
v -3.520000000000e-01 0.000000000000e+00 -6.400000000000e-02
v -3.200000000000e-01 0.000000000000e+00 -9.600000000000e-02
v -3.200000000000e-01 0.000000000000e+00 -3.200000000000e-02
v -3.520000000000e-01 0.000000000000e+00 -3.200000000000e-02
v -3.840000000000e-01 0.000000000000e+00 -3.200000000000e-02
v -3.200000000000e-01 0.000000000000e+00 3.200000000000e-02
v -3.520000000000e-01 0.000000000000e+00 3.200000000000e-02
v -2.880000000000e-01 0.000000000000e+00 -3.200000000000e-02
v -2.880000000000e-01 0.000000000000e+00 -6.400000000000e-02
v -2.240000000000e-01 0.000000000000e+00 0.000000000000e+00
v -2.240000000000e-01 0.000000000000e+00 -1.600000000000e-01
v -2.240000000000e-01 0.000000000000e+00 -9.600000000000e-02
v -2.240000000000e-01 0.000000000000e+00 -1.280000000000e-01
v -2.560000000000e-01 0.000000000000e+00 -6.400000000000e-02
v -2.560000000000e-01 0.000000000000e+00 -9.600000000000e-02
v -2.240000000000e-01 0.000000000000e+00 -6.400000000000e-02
v -2.560000000000e-01 0.000000000000e+00 0.000000000000e+00
v -2.880000000000e-01 0.000000000000e+00 0.000000000000e+00
v -2.240000000000e-01 0.000000000000e+00 -3.200000000000e-02
v -2.560000000000e-01 0.000000000000e+00 -3.200000000000e-02
v -2.880000000000e-01 0.000000000000e+00 -9.600000000000e-02
v -2.560000000000e-01 0.000000000000e+00 -1.280000000000e-01
v -6.400000000000e-01 0.000000000000e+00 2.560000000000e-01
v -5.440000000000e-01 0.000000000000e+00 2.240000000000e-01
v -5.120000000000e-01 0.000000000000e+00 2.240000000000e-01
v -4.800000000000e-01 0.000000000000e+00 2.240000000000e-01
v -5.120000000000e-01 0.000000000000e+00 1.920000000000e-01
v -5.760000000000e-01 0.000000000000e+00 2.880000000000e-01
v -6.080000000000e-01 0.000000000000e+00 2.880000000000e-01
v -6.080000000000e-01 0.000000000000e+00 2.240000000000e-01
v -5.440000000000e-01 0.000000000000e+00 2.880000000000e-01
v -5.120000000000e-01 0.000000000000e+00 2.560000000000e-01
v -5.440000000000e-01 0.000000000000e+00 2.560000000000e-01
v -5.760000000000e-01 0.000000000000e+00 2.560000000000e-01
v -6.080000000000e-01 0.000000000000e+00 2.560000000000e-01
v -5.760000000000e-01 0.000000000000e+00 2.240000000000e-01
v -6.400000000000e-01 0.000000000000e+00 2.240000000000e-01
v -6.080000000000e-01 0.000000000000e+00 3.200000000000e-02
v -5.120000000000e-01 0.000000000000e+00 0.000000000000e+00
v -5.760000000000e-01 0.000000000000e+00 0.000000000000e+00
v -6.400000000000e-01 0.000000000000e+00 6.400000000000e-02
v -6.080000000000e-01 0.000000000000e+00 6.400000000000e-02
v -5.760000000000e-01 0.000000000000e+00 6.400000000000e-02
v -5.440000000000e-01 0.000000000000e+00 6.400000000000e-02
v -5.440000000000e-01 0.000000000000e+00 3.200000000000e-02
v -5.120000000000e-01 0.000000000000e+00 3.200000000000e-02
v -6.400000000000e-01 0.000000000000e+00 1.280000000000e-01
v -6.400000000000e-01 0.000000000000e+00 9.600000000000e-02
v -6.080000000000e-01 0.000000000000e+00 9.600000000000e-02
v -5.760000000000e-01 0.000000000000e+00 9.600000000000e-02
v -5.440000000000e-01 0.000000000000e+00 0.000000000000e+00
v -5.760000000000e-01 0.000000000000e+00 3.200000000000e-02
v -5.120000000000e-01 0.000000000000e+00 1.600000000000e-01
v -5.440000000000e-01 0.000000000000e+00 9.600000000000e-02
v -6.400000000000e-01 0.000000000000e+00 1.920000000000e-01
v -6.080000000000e-01 0.000000000000e+00 1.920000000000e-01
v -5.760000000000e-01 0.000000000000e+00 1.920000000000e-01
v -6.400000000000e-01 0.000000000000e+00 1.600000000000e-01
v -6.080000000000e-01 0.000000000000e+00 1.600000000000e-01
v -5.760000000000e-01 0.000000000000e+00 1.600000000000e-01
v -5.440000000000e-01 0.000000000000e+00 1.600000000000e-01
v -6.080000000000e-01 0.000000000000e+00 1.280000000000e-01
v -5.760000000000e-01 0.000000000000e+00 1.280000000000e-01
v -5.440000000000e-01 0.000000000000e+00 1.920000000000e-01
v -5.440000000000e-01 0.000000000000e+00 1.280000000000e-01
v -5.120000000000e-01 0.000000000000e+00 9.600000000000e-02
v -5.120000000000e-01 0.000000000000e+00 1.280000000000e-01
v -8.000000000000e-01 0.000000000000e+00 1.600000000000e-01
v -7.680000000000e-01 0.000000000000e+00 1.600000000000e-01
v -7.680000000000e-01 0.000000000000e+00 1.280000000000e-01
v -7.040000000000e-01 0.000000000000e+00 1.600000000000e-01
v -6.720000000000e-01 0.000000000000e+00 1.600000000000e-01
v -7.360000000000e-01 0.000000000000e+00 1.600000000000e-01
v -7.360000000000e-01 0.000000000000e+00 9.600000000000e-02
v -7.040000000000e-01 0.000000000000e+00 9.600000000000e-02
v -6.720000000000e-01 0.000000000000e+00 1.280000000000e-01
v -7.040000000000e-01 0.000000000000e+00 1.280000000000e-01
v -7.360000000000e-01 0.000000000000e+00 1.280000000000e-01
v -7.680000000000e-01 0.000000000000e+00 1.920000000000e-01
v -6.720000000000e-01 0.000000000000e+00 9.600000000000e-02
v -8.000000000000e-01 0.000000000000e+00 2.240000000000e-01
v -8.000000000000e-01 0.000000000000e+00 1.920000000000e-01
v -7.040000000000e-01 0.000000000000e+00 3.200000000000e-01
v -6.720000000000e-01 0.000000000000e+00 3.200000000000e-01
v -6.400000000000e-01 0.000000000000e+00 3.200000000000e-01
v -7.680000000000e-01 0.000000000000e+00 3.200000000000e-01
v -6.400000000000e-01 0.000000000000e+00 2.880000000000e-01
v -6.720000000000e-01 0.000000000000e+00 2.880000000000e-01
v -7.040000000000e-01 0.000000000000e+00 2.880000000000e-01
v -8.000000000000e-01 0.000000000000e+00 3.840000000000e-01
v -6.720000000000e-01 0.000000000000e+00 2.560000000000e-01
v -8.000000000000e-01 0.000000000000e+00 3.520000000000e-01
v -7.360000000000e-01 0.000000000000e+00 3.200000000000e-01
v -7.040000000000e-01 0.000000000000e+00 3.520000000000e-01
v -6.720000000000e-01 0.000000000000e+00 3.520000000000e-01
v -7.680000000000e-01 0.000000000000e+00 3.520000000000e-01
v -7.360000000000e-01 0.000000000000e+00 3.520000000000e-01
v -7.360000000000e-01 0.000000000000e+00 2.240000000000e-01
v -7.680000000000e-01 0.000000000000e+00 2.240000000000e-01
v -7.040000000000e-01 0.000000000000e+00 2.240000000000e-01
v -6.720000000000e-01 0.000000000000e+00 2.240000000000e-01
v -7.040000000000e-01 0.000000000000e+00 1.920000000000e-01
v -7.360000000000e-01 0.000000000000e+00 2.560000000000e-01
v -6.720000000000e-01 0.000000000000e+00 1.920000000000e-01
v -8.000000000000e-01 0.000000000000e+00 2.560000000000e-01
v -8.000000000000e-01 0.000000000000e+00 2.880000000000e-01
v -8.000000000000e-01 0.000000000000e+00 3.200000000000e-01
v -7.680000000000e-01 0.000000000000e+00 2.880000000000e-01
v -7.360000000000e-01 0.000000000000e+00 2.880000000000e-01
v -7.680000000000e-01 0.000000000000e+00 2.560000000000e-01
v -7.040000000000e-01 0.000000000000e+00 2.560000000000e-01
v -7.360000000000e-01 0.000000000000e+00 1.920000000000e-01
v -3.520000000000e-01 0.000000000000e+00 -2.560000000000e-01
v -3.200000000000e-01 0.000000000000e+00 -2.560000000000e-01
v -3.200000000000e-01 0.000000000000e+00 -3.520000000000e-01
v -2.560000000000e-01 0.000000000000e+00 -3.520000000000e-01
v -2.240000000000e-01 0.000000000000e+00 -3.520000000000e-01
v -3.520000000000e-01 0.000000000000e+00 -2.240000000000e-01
v -3.200000000000e-01 0.000000000000e+00 -3.200000000000e-01
v -2.880000000000e-01 0.000000000000e+00 -3.520000000000e-01
v -2.880000000000e-01 0.000000000000e+00 -3.200000000000e-01
v -2.560000000000e-01 0.000000000000e+00 -3.200000000000e-01
v -2.240000000000e-01 0.000000000000e+00 -3.200000000000e-01
v -2.240000000000e-01 0.000000000000e+00 -3.840000000000e-01
v -3.520000000000e-01 0.000000000000e+00 -2.880000000000e-01
v -3.200000000000e-01 0.000000000000e+00 -2.880000000000e-01
v -2.880000000000e-01 0.000000000000e+00 -2.880000000000e-01
v -3.840000000000e-01 0.000000000000e+00 -3.200000000000e-01
v -4.160000000000e-01 0.000000000000e+00 -3.200000000000e-01
v -4.480000000000e-01 0.000000000000e+00 -3.200000000000e-01
v -4.160000000000e-01 0.000000000000e+00 -3.520000000000e-01
v -4.480000000000e-01 0.000000000000e+00 -2.240000000000e-01
v -3.840000000000e-01 0.000000000000e+00 -2.560000000000e-01
v -4.480000000000e-01 0.000000000000e+00 -2.560000000000e-01
v -3.520000000000e-01 0.000000000000e+00 -3.520000000000e-01
v -4.160000000000e-01 0.000000000000e+00 -2.240000000000e-01
v -3.520000000000e-01 0.000000000000e+00 -3.200000000000e-01
v -3.840000000000e-01 0.000000000000e+00 -3.520000000000e-01
v -4.480000000000e-01 0.000000000000e+00 -2.880000000000e-01
v -4.160000000000e-01 0.000000000000e+00 -2.880000000000e-01
v -3.840000000000e-01 0.000000000000e+00 -2.880000000000e-01
v -4.160000000000e-01 0.000000000000e+00 -2.560000000000e-01
v -2.880000000000e-01 0.000000000000e+00 -1.920000000000e-01
v -2.880000000000e-01 0.000000000000e+00 -1.280000000000e-01
v -2.880000000000e-01 0.000000000000e+00 -1.600000000000e-01
v -2.560000000000e-01 0.000000000000e+00 -1.600000000000e-01
v -2.560000000000e-01 0.000000000000e+00 -2.240000000000e-01
v -2.880000000000e-01 0.000000000000e+00 -2.240000000000e-01
v -3.200000000000e-01 0.000000000000e+00 -2.240000000000e-01
v -2.240000000000e-01 0.000000000000e+00 -2.560000000000e-01
v -2.240000000000e-01 0.000000000000e+00 -2.240000000000e-01
v -2.560000000000e-01 0.000000000000e+00 -2.880000000000e-01
v -2.240000000000e-01 0.000000000000e+00 -2.880000000000e-01
v -2.560000000000e-01 0.000000000000e+00 -2.560000000000e-01
v -2.880000000000e-01 0.000000000000e+00 -2.560000000000e-01
v -2.240000000000e-01 0.000000000000e+00 -1.920000000000e-01
v -2.560000000000e-01 0.000000000000e+00 -1.920000000000e-01
v -3.520000000000e-01 0.000000000000e+00 -1.600000000000e-01
v -3.520000000000e-01 0.000000000000e+00 -9.600000000000e-02
v -3.840000000000e-01 0.000000000000e+00 -6.400000000000e-02
v -3.840000000000e-01 0.000000000000e+00 -9.600000000000e-02
v -4.160000000000e-01 0.000000000000e+00 -6.400000000000e-02
v -3.840000000000e-01 0.000000000000e+00 -1.280000000000e-01
v -3.200000000000e-01 0.000000000000e+00 -1.600000000000e-01
v -4.160000000000e-01 0.000000000000e+00 -1.280000000000e-01
v -4.160000000000e-01 0.000000000000e+00 -9.600000000000e-02
v -3.200000000000e-01 0.000000000000e+00 -1.280000000000e-01
v -3.520000000000e-01 0.000000000000e+00 -1.920000000000e-01
v -3.200000000000e-01 0.000000000000e+00 -1.920000000000e-01
v -3.520000000000e-01 0.000000000000e+00 -1.280000000000e-01
v -3.840000000000e-01 0.000000000000e+00 -1.600000000000e-01
v -4.800000000000e-01 0.000000000000e+00 -3.200000000000e-02
v -4.480000000000e-01 0.000000000000e+00 -6.400000000000e-02
v -4.800000000000e-01 0.000000000000e+00 -6.400000000000e-02
v -4.160000000000e-01 0.000000000000e+00 -1.920000000000e-01
v -4.480000000000e-01 0.000000000000e+00 -1.920000000000e-01
v -4.800000000000e-01 0.000000000000e+00 -1.920000000000e-01
v -4.160000000000e-01 0.000000000000e+00 -1.600000000000e-01
v -4.800000000000e-01 0.000000000000e+00 -9.600000000000e-02
v -4.800000000000e-01 0.000000000000e+00 -1.600000000000e-01
v -3.840000000000e-01 0.000000000000e+00 -2.240000000000e-01
v -4.480000000000e-01 0.000000000000e+00 -1.600000000000e-01
v -4.480000000000e-01 0.000000000000e+00 -1.280000000000e-01
v -4.800000000000e-01 0.000000000000e+00 -1.280000000000e-01
v -4.480000000000e-01 0.000000000000e+00 -9.600000000000e-02
v -3.840000000000e-01 0.000000000000e+00 -1.920000000000e-01
v -7.360000000000e-01 0.000000000000e+00 3.200000000000e-02
v -7.680000000000e-01 0.000000000000e+00 3.200000000000e-02
v -7.040000000000e-01 0.000000000000e+00 -3.200000000000e-02
v -7.360000000000e-01 0.000000000000e+00 6.400000000000e-02
v -8.000000000000e-01 0.000000000000e+00 3.200000000000e-02
v -8.000000000000e-01 0.000000000000e+00 6.400000000000e-02
v -7.360000000000e-01 0.000000000000e+00 -3.200000000000e-02
v -8.000000000000e-01 0.000000000000e+00 1.280000000000e-01
v -7.040000000000e-01 0.000000000000e+00 0.000000000000e+00
v -7.680000000000e-01 0.000000000000e+00 6.400000000000e-02
v -7.360000000000e-01 0.000000000000e+00 0.000000000000e+00
v -7.680000000000e-01 0.000000000000e+00 9.600000000000e-02
v -8.000000000000e-01 0.000000000000e+00 9.600000000000e-02
v -7.040000000000e-01 0.000000000000e+00 -6.400000000000e-02
v -7.680000000000e-01 0.000000000000e+00 0.000000000000e+00
v -6.720000000000e-01 0.000000000000e+00 -3.200000000000e-02
v -7.040000000000e-01 0.000000000000e+00 6.400000000000e-02
v -6.720000000000e-01 0.000000000000e+00 -6.400000000000e-02
v -6.400000000000e-01 0.000000000000e+00 -6.400000000000e-02
v -6.720000000000e-01 0.000000000000e+00 6.400000000000e-02
v -6.400000000000e-01 0.000000000000e+00 0.000000000000e+00
v -6.720000000000e-01 0.000000000000e+00 0.000000000000e+00
v -6.080000000000e-01 0.000000000000e+00 0.000000000000e+00
v -6.720000000000e-01 0.000000000000e+00 3.200000000000e-02
v -6.400000000000e-01 0.000000000000e+00 3.200000000000e-02
v -6.080000000000e-01 0.000000000000e+00 -3.200000000000e-02
v -7.040000000000e-01 0.000000000000e+00 3.200000000000e-02
v -6.400000000000e-01 0.000000000000e+00 -3.200000000000e-02
v -6.080000000000e-01 0.000000000000e+00 -6.400000000000e-02
v -5.760000000000e-01 0.000000000000e+00 -6.400000000000e-02
v -5.120000000000e-01 0.000000000000e+00 -1.600000000000e-01
v -6.080000000000e-01 0.000000000000e+00 -9.600000000000e-02
v -5.760000000000e-01 0.000000000000e+00 -9.600000000000e-02
v -5.440000000000e-01 0.000000000000e+00 -9.600000000000e-02
v -5.120000000000e-01 0.000000000000e+00 -9.600000000000e-02
v -5.760000000000e-01 0.000000000000e+00 -1.280000000000e-01
v -5.120000000000e-01 0.000000000000e+00 -1.280000000000e-01
v -5.440000000000e-01 0.000000000000e+00 -1.280000000000e-01
v -5.760000000000e-01 0.000000000000e+00 -3.200000000000e-02
v -5.440000000000e-01 0.000000000000e+00 -3.200000000000e-02
v -5.120000000000e-01 0.000000000000e+00 -3.200000000000e-02
v -5.440000000000e-01 0.000000000000e+00 -1.600000000000e-01
v -5.120000000000e-01 0.000000000000e+00 -6.400000000000e-02
v -5.440000000000e-01 0.000000000000e+00 -6.400000000000e-02
v -5.760000000000e-01 0.000000000000e+00 -1.600000000000e-01
v -5.760000000000e-01 0.000000000000e+00 -2.240000000000e-01
v -5.440000000000e-01 0.000000000000e+00 -2.240000000000e-01
v -5.120000000000e-01 0.000000000000e+00 -2.240000000000e-01
v -4.800000000000e-01 0.000000000000e+00 -2.240000000000e-01
v -4.800000000000e-01 0.000000000000e+00 -2.560000000000e-01
v -4.800000000000e-01 0.000000000000e+00 -2.880000000000e-01
v -5.120000000000e-01 0.000000000000e+00 -2.880000000000e-01
v -5.760000000000e-01 0.000000000000e+00 -1.920000000000e-01
v -5.440000000000e-01 0.000000000000e+00 -2.880000000000e-01
v -5.440000000000e-01 0.000000000000e+00 -1.920000000000e-01
v -5.120000000000e-01 0.000000000000e+00 -1.920000000000e-01
v -5.760000000000e-01 0.000000000000e+00 -2.560000000000e-01
v -5.440000000000e-01 0.000000000000e+00 -2.560000000000e-01
v -5.120000000000e-01 0.000000000000e+00 -2.560000000000e-01
v -6.080000000000e-01 0.000000000000e+00 -2.240000000000e-01
v -6.080000000000e-01 0.000000000000e+00 -1.600000000000e-01
v -6.400000000000e-01 0.000000000000e+00 -1.600000000000e-01
v -6.720000000000e-01 0.000000000000e+00 -1.600000000000e-01
v -7.040000000000e-01 0.000000000000e+00 -1.600000000000e-01
v -6.720000000000e-01 0.000000000000e+00 -1.920000000000e-01
v -6.400000000000e-01 0.000000000000e+00 -1.920000000000e-01
v -7.040000000000e-01 0.000000000000e+00 -9.600000000000e-02
v -6.080000000000e-01 0.000000000000e+00 -1.920000000000e-01
v -7.040000000000e-01 0.000000000000e+00 -1.280000000000e-01
v -6.720000000000e-01 0.000000000000e+00 -1.280000000000e-01
v -6.400000000000e-01 0.000000000000e+00 -1.280000000000e-01
v -6.080000000000e-01 0.000000000000e+00 -1.280000000000e-01
v -6.720000000000e-01 0.000000000000e+00 -9.600000000000e-02
v -6.400000000000e-01 0.000000000000e+00 -9.600000000000e-02
v -6.400000000000e-01 0.000000000000e+00 -2.240000000000e-01
v -7.360000000000e-01 0.000000000000e+00 -1.280000000000e-01
v -7.680000000000e-01 0.000000000000e+00 -6.400000000000e-02
v -7.360000000000e-01 0.000000000000e+00 -6.400000000000e-02
v -8.000000000000e-01 0.000000000000e+00 0.000000000000e+00
v -7.680000000000e-01 0.000000000000e+00 -9.600000000000e-02
v -7.040000000000e-01 0.000000000000e+00 -1.920000000000e-01
v -7.360000000000e-01 0.000000000000e+00 -1.920000000000e-01
v -7.680000000000e-01 0.000000000000e+00 -3.200000000000e-02
v -8.000000000000e-01 0.000000000000e+00 -3.200000000000e-02
v -8.000000000000e-01 0.000000000000e+00 -9.600000000000e-02
v -7.360000000000e-01 0.000000000000e+00 -9.600000000000e-02
v -8.000000000000e-01 0.000000000000e+00 -6.400000000000e-02
v -7.680000000000e-01 0.000000000000e+00 -1.600000000000e-01
v -7.360000000000e-01 0.000000000000e+00 -1.600000000000e-01
v -8.000000000000e-01 0.000000000000e+00 -1.280000000000e-01
v -7.680000000000e-01 0.000000000000e+00 -1.280000000000e-01
f 2015 2005 2009
f 2009 2005 2003
f 2009 2003 2010
f 2010 2003 2012
f 2010 2012 1988
f 1988 2012 2002
f 1988 2002 1989
f 1989 2002 2001
f 1989 2001 1990
f 1990 2001 1995
f 1990 1995 1991
f 1991 1995 1994
f 1991 1994 1961
f 1961 1994 1970
f 1961 1970 1958
f 1958 1970 1971
f 1958 1971 1963
f 1963 1971 2132
f 1963 2132 2121
f 2121 2132 2135
f 2121 2135 2127
f 2127 2135 2122
f 2127 2122 2128
f 2128 2122 2131
f 2128 2131 2126
f 2126 2131 2129
f 2126 2129 2125
f 2125 2129 2130
f 2125 2130 2124
f 2124 2130 2140
f 2124 2140 2142
f 2142 2140 2139
f 2142 2139 2165
f 2165 2139 2154
f 2165 2154 2163
f 2163 2154 2153
f 2163 2153 2164
f 2164 2153 2170
f 2164 2170 2180
f 2180 2170 2167
f 2180 2167 2179
f 2179 2167 2166
f 2179 2166 2178
f 2178 2166 1807
f 2178 1807 1795
f 1795 1807 1806
f 1795 1806 1796
f 1796 1806 1805
f 1796 1805 1785
f 1785 1805 1784
f 1785 1784 1786
f 1786 1784 1783
f 1786 1783 1787
f 1787 1783 1782
f 1787 1782 1909
f 1909 1782 1905
f 1909 1905 1910
f 1910 1905 1904
f 1910 1904 1914
f 1914 1904 1903
f 1914 1903 1922
f 1922 1903 1926
f 1922 1926 1923
f 1923 1926 1919
f 1923 1919 1924
f 1924 1919 1918
f 1924 1918 1925
f 1925 1918 1917
f 1925 1917 1936
f 1936 1917 1935
f 1936 1935 1937
f 1937 1935 1941
f 1937 1941 1392
f 1392 1941 1381
f 1392 1381 1389
f 1389 1381 1388
f 1389 1388 1390
f 1390 1388 1387
f 1390 1387 1391
f 1391 1387 1386
f 1391 1386 1401
f 1401 1386 1393
f 1401 1393 1407
f 1407 1393 1400
f 1407 1400 1403
f 1403 1400 1539
f 1403 1539 1542
f 1542 1539 1540
f 1542 1540 1536
f 1536 1540 1541
f 1536 1541 1554
f 1554 1541 1545
f 1554 1545 1553
f 1553 1545 1544
f 1553 1544 1571
f 1571 1544 1559
f 1571 1559 1570
f 1570 1559 1560
f 1570 1560 1569
f 1569 1560 1558
f 2005 2007 2003
f 2003 2007 2016
f 2003 2016 2012
f 2012 2016 2014
f 2012 2014 2002
f 2002 2014 1996
f 2002 1996 2001
f 2001 1996 1997
f 2001 1997 1995
f 1995 1997 1998
f 1995 1998 1994
f 1994 1998 1949
f 1994 1949 1970
f 1970 1949 1972
f 1970 1972 1971
f 1971 1972 1959
f 1971 1959 2132
f 2132 1959 2134
f 2132 2134 2135
f 2135 2134 2109
f 2135 2109 2122
f 2122 2109 2112
f 2122 2112 2131
f 2131 2112 2123
f 2131 2123 2129
f 2129 2123 2133
f 2129 2133 2130
f 2130 2133 2145
f 2130 2145 2140
f 2140 2145 2144
f 2140 2144 2139
f 2139 2144 2159
f 2139 2159 2154
f 2154 2159 2161
f 2154 2161 2153
f 2153 2161 2158
f 2153 2158 2170
f 2170 2158 2174
f 2170 2174 2167
f 2167 2174 2181
f 2167 2181 2166
f 2166 2181 2173
f 2166 2173 1807
f 1807 2173 1798
f 1807 1798 1806
f 1806 1798 1809
f 1806 1809 1805
f 1805 1809 1808
f 1805 1808 1784
f 1784 1808 1794
f 1784 1794 1783
f 1783 1794 1793
f 1783 1793 1782
f 1782 1793 1792
f 1782 1792 1905
f 1905 1792 1911
f 1905 1911 1904
f 1904 1911 1913
f 1904 1913 1903
f 1903 1913 1902
f 1903 1902 1926
f 1926 1902 1929
f 1926 1929 1919
f 1919 1929 1916
f 1919 1916 1918
f 1918 1916 1915
f 1918 1915 1917
f 1917 1915 1940
f 1917 1940 1935
f 1935 1940 1931
f 1935 1931 1941
f 1941 1931 1384
f 1941 1384 1381
f 1381 1384 1383
f 1381 1383 1388
f 1388 1383 1380
f 1388 1380 1387
f 1387 1380 1379
f 1387 1379 1386
f 1386 1379 1396
f 1386 1396 1393
f 1393 1396 1404
f 1393 1404 1400
f 1400 1404 1397
f 1400 1397 1539
f 1539 1397 1535
f 1539 1535 1540
f 1540 1535 1528
f 1540 1528 1541
f 1541 1528 1546
f 1541 1546 1545
f 1545 1546 1547
f 1545 1547 1544
f 1544 1547 1548
f 1544 1548 1559
f 1559 1548 1561
f 1559 1561 1560
f 1560 1561 1567
f 1560 1567 1558
f 1558 1567 1562
f 2007 2008 2016
f 2016 2008 2004
f 2016 2004 2014
f 2014 2004 2013
f 2014 2013 1996
f 1996 2013 2000
f 1996 2000 1997
f 1997 2000 1999
f 1997 1999 1998
f 1998 1999 1948
f 1998 1948 1949
f 1949 1948 1947
f 1949 1947 1972
f 1972 1947 1966
f 1972 1966 1959
f 1959 1966 1969
f 1959 1969 2134
f 2134 1969 2114
f 2134 2114 2109
f 2109 2114 2115
f 2109 2115 2112
f 2112 2115 2116
f 2112 2116 2123
f 2123 2116 2117
f 2123 2117 2133
f 2133 2117 2141
f 2133 2141 2145
f 2145 2141 2143
f 2145 2143 2144
f 2144 2143 2138
f 2144 2138 2159
f 2159 2138 2152
f 2159 2152 2161
f 2161 2152 2151
f 2161 2151 2158
f 2158 2151 2162
f 2158 2162 2174
f 2174 2162 2169
f 2174 2169 2181
f 2181 2169 2168
f 2181 2168 2173
f 2173 2168 1797
f 2173 1797 1798
f 1798 1797 1803
f 1798 1803 1809
f 1809 1803 1801
f 1809 1801 1808
f 1808 1801 1800
f 1808 1800 1794
f 1794 1800 1789
f 1794 1789 1793
f 1793 1789 1781
f 1793 1781 1792
f 1792 1781 1788
f 1792 1788 1911
f 1911 1788 1908
f 1911 1908 1913
f 1913 1908 1907
f 1913 1907 1902
f 1902 1907 1906
f 1902 1906 1929
f 1929 1906 1928
f 1929 1928 1916
f 1916 1928 1927
f 1916 1927 1915
f 1915 1927 1933
f 1915 1933 1940
f 1940 1933 1934
f 1940 1934 1931
f 1931 1934 1930
f 1931 1930 1384
f 1384 1930 1378
f 1384 1378 1383
f 1383 1378 1382
f 1383 1382 1380
f 1380 1382 1385
f 1380 1385 1379
f 1379 1385 1399
f 1379 1399 1396
f 1396 1399 1394
f 1396 1394 1404
f 1404 1394 1395
f 1404 1395 1397
f 1397 1395 1398
f 1397 1398 1535
f 1535 1398 1532
f 1535 1532 1528
f 1528 1532 1533
f 1528 1533 1546
f 1546 1533 1543
f 1546 1543 1547
f 1547 1543 1549
f 1547 1549 1548
f 1548 1549 1557
f 1548 1557 1561
f 1561 1557 1563
f 1561 1563 1567
f 1567 1563 1566
f 1567 1566 1562
f 1562 1566 1565
f 2008 2006 2004
f 2004 2006 2011
f 2004 2011 2013
f 2013 2011 1993
f 2013 1993 2000
f 2000 1993 1992
f 2000 1992 1999
f 1999 1992 1952
f 1999 1952 1948
f 1948 1952 1951
f 1948 1951 1947
f 1947 1951 1955
f 1947 1955 1966
f 1966 1955 1968
f 1966 1968 1969
f 1969 1968 1967
f 1969 1967 2114
f 2114 1967 2107
f 2114 2107 2115
f 2115 2107 2108
f 2115 2108 2116
f 2116 2108 2113
f 2116 2113 2117
f 2117 2113 2110
f 2117 2110 2141
f 2141 2110 2146
f 2141 2146 2143
f 2143 2146 2149
f 2143 2149 2138
f 2138 2149 2150
f 2138 2150 2152
f 2152 2150 2156
f 2152 2156 2151
f 2151 2156 2155
f 2151 2155 2162
f 2162 2155 2171
f 2162 2171 2169
f 2169 2171 2176
f 2169 2176 2168
f 2168 2176 2172
f 2168 2172 1797
f 1797 2172 1804
f 1797 1804 1803
f 1803 1804 1802
f 1803 1802 1801
f 1801 1802 1799
f 1801 1799 1800
f 1800 1799 1780
f 1800 1780 1789
f 1789 1780 1791
f 1789 1791 1781
f 1781 1791 1790
f 1781 1790 1788
f 1788 1790 1912
f 1788 1912 1908
f 1908 1912 1901
f 1908 1901 1907
f 1907 1901 1900
f 1907 1900 1906
f 1906 1900 1921
f 1906 1921 1928
f 1928 1921 1920
f 1928 1920 1927
f 1927 1920 1943
f 1927 1943 1933
f 1933 1943 1942
f 1933 1942 1934
f 1934 1942 1932
f 1934 1932 1930
f 1930 1932 1419
f 1930 1419 1378
f 1378 1419 1418
f 1378 1418 1382
f 1382 1418 1423
f 1382 1423 1385
f 1385 1423 1417
f 1385 1417 1399
f 1399 1417 1406
f 1399 1406 1394
f 1394 1406 1405
f 1394 1405 1395
f 1395 1405 1402
f 1395 1402 1398
f 1398 1402 1531
f 1398 1531 1532
f 1532 1531 1530
f 1532 1530 1533
f 1533 1530 1529
f 1533 1529 1543
f 1543 1529 1552
f 1543 1552 1549
f 1549 1552 1555
f 1549 1555 1557
f 1557 1555 1556
f 1557 1556 1563
f 1563 1556 1564
f 1563 1564 1566
f 1566 1564 1568
f 1566 1568 1565
f 1565 1568 1591
f 2006 2017 2011
f 2011 2017 1976
f 2011 1976 1993
f 1993 1976 1982
f 1993 1982 1992
f 1992 1982 1975
f 1992 1975 1952
f 1952 1975 1957
f 1952 1957 1951
f 1951 1957 1946
f 1951 1946 1955
f 1955 1946 1956
f 1955 1956 1968
f 1968 1956 1960
f 1968 1960 1967
f 1967 1960 1965
f 1967 1965 2107
f 2107 1965 2119
f 2107 2119 2108
f 2108 2119 2118
f 2108 2118 2113
f 2113 2118 2120
f 2113 2120 2110
f 2110 2120 2147
f 2110 2147 2146
f 2146 2147 2148
f 2146 2148 2149
f 2149 2148 2136
f 2149 2136 2150
f 2150 2136 2137
f 2150 2137 2156
f 2156 2137 2157
f 2156 2157 2155
f 2155 2157 2160
f 2155 2160 2171
f 2171 2160 2177
f 2171 2177 2176
f 2176 2177 2175
f 2176 2175 2172
f 2172 2175 1849
f 2172 1849 1804
f 1804 1849 1848
f 1804 1848 1802
f 1802 1848 1854
f 1802 1854 1799
f 1799 1854 1837
f 1799 1837 1780
f 1780 1837 1825
f 1780 1825 1791
f 1791 1825 1826
f 1791 1826 1790
f 1790 1826 1827
f 1790 1827 1912
f 1912 1827 1894
f 1912 1894 1901
f 1901 1894 1895
f 1901 1895 1900
f 1900 1895 1896
f 1900 1896 1921
f 1921 1896 1897
f 1921 1897 1920
f 1920 1897 1898
f 1920 1898 1943
f 1943 1898 1938
f 1943 1938 1942
f 1942 1938 1939
f 1942 1939 1932
f 1932 1939 1412
f 1932 1412 1419
f 1419 1412 1411
f 1419 1411 1418
f 1418 1411 1410
f 1418 1410 1423
f 1423 1410 1409
f 1423 1409 1417
f 1417 1409 1408
f 1417 1408 1406
f 1406 1408 1444
f 1406 1444 1405
f 1405 1444 1445
f 1405 1445 1402
f 1402 1445 1448
f 1402 1448 1531
f 1531 1448 1538
f 1531 1538 1530
f 1530 1538 1537
f 1530 1537 1529
f 1529 1537 1534
f 1529 1534 1552
f 1552 1534 1551
f 1552 1551 1555
f 1555 1551 1550
f 1555 1550 1556
f 1556 1550 1612
f 1556 1612 1564
f 1564 1612 1572
f 1564 1572 1568
f 1568 1572 1590
f 1568 1590 1591
f 1591 1590 1589
f 2017 1987 1976
f 1976 1987 1986
f 1976 1986 1982
f 1982 1986 1985
f 1982 1985 1975
f 1975 1985 1984
f 1975 1984 1957
f 1957 1984 1954
f 1957 1954 1946
f 1946 1954 1953
f 1946 1953 1956
f 1956 1953 1950
f 1956 1950 1960
f 1960 1950 1964
f 1960 1964 1965
f 1965 1964 1962
f 1965 1962 2119
f 2119 1962 2111
f 2119 2111 2118
f 2118 2111 2270
f 2118 2270 2120
f 2120 2270 2257
f 2120 2257 2147
f 2147 2257 2271
f 2147 2271 2148
f 2148 2271 2269
f 2148 2269 2136
f 2136 2269 2260
f 2136 2260 2137
f 2137 2260 2220
f 2137 2220 2157
f 2157 2220 2222
f 2157 2222 2160
f 2160 2222 2211
f 2160 2211 2177
f 2177 2211 2209
f 2177 2209 2175
f 2175 2209 2197
f 2175 2197 1849
f 1849 2197 1841
f 1849 1841 1848
f 1848 1841 1847
f 1848 1847 1854
f 1854 1847 1840
f 1854 1840 1837
f 1837 1840 1828
f 1837 1828 1825
f 1825 1828 1839
f 1825 1839 1826
f 1826 1839 1838
f 1826 1838 1827
f 1827 1838 1885
f 1827 1885 1894
f 1894 1885 1899
f 1894 1899 1895
f 1895 1899 1886
f 1895 1886 1896
f 1896 1886 1888
f 1896 1888 1897
f 1897 1888 1889
f 1897 1889 1898
f 1898 1889 1890
f 1898 1890 1938
f 1938 1890 1859
f 1938 1859 1939
f 1939 1859 1858
f 1939 1858 1412
f 1412 1858 1416
f 1412 1416 1411
f 1411 1416 1420
f 1411 1420 1410
f 1410 1420 1421
f 1410 1421 1409
f 1409 1421 1422
f 1409 1422 1408
f 1408 1422 1453
f 1408 1453 1444
f 1444 1453 1452
f 1444 1452 1445
f 1445 1452 1451
f 1445 1451 1448
f 1448 1451 1449
f 1448 1449 1538
f 1538 1449 1573
f 1538 1573 1537
f 1537 1573 1576
f 1537 1576 1534
f 1534 1576 1586
f 1534 1586 1551
f 1551 1586 1615
f 1551 1615 1550
f 1550 1615 1616
f 1550 1616 1612
f 1612 1616 1617
f 1612 1617 1572
f 1572 1617 1588
f 1572 1588 1590
f 1590 1588 1602
f 1590 1602 1589
f 1589 1602 1598
f 1987 1981 1986
f 1986 1981 1980
f 1986 1980 1985
f 1985 1980 1979
f 1985 1979 1984
f 1984 1979 1977
f 1984 1977 1954
f 1954 1977 1945
f 1954 1945 1953
f 1953 1945 1944
f 1953 1944 1950
f 1950 1944 2087
f 1950 2087 1964
f 1964 2087 2079
f 1964 2079 1962
f 1962 2079 2086
f 1962 2086 2111
f 2111 2086 2261
f 2111 2261 2270
f 2270 2261 2262
f 2270 2262 2257
f 2257 2262 2263
f 2257 2263 2271
f 2271 2263 2264
f 2271 2264 2269
f 2269 2264 2268
f 2269 2268 2260
f 2260 2268 2219
f 2260 2219 2220
f 2220 2219 2221
f 2220 2221 2222
f 2222 2221 2210
f 2222 2210 2211
f 2211 2210 2203
f 2211 2203 2209
f 2209 2203 2202
f 2209 2202 2197
f 2197 2202 2204
f 2197 2204 1841
f 1841 2204 1842
f 1841 1842 1847
f 1847 1842 1843
f 1847 1843 1840
f 1840 1843 1844
f 1840 1844 1828
f 1828 1844 1833
f 1828 1833 1839
f 1839 1833 1832
f 1839 1832 1838
f 1838 1832 1831
f 1838 1831 1885
f 1885 1831 1891
f 1885 1891 1899
f 1899 1891 1892
f 1899 1892 1886
f 1886 1892 1893
f 1886 1893 1888
f 1888 1893 1884
f 1888 1884 1889
f 1889 1884 1887
f 1889 1887 1890
f 1890 1887 1865
f 1890 1865 1859
f 1859 1865 1855
f 1859 1855 1858
f 1858 1855 1856
f 1858 1856 1416
f 1416 1856 1413
f 1416 1413 1420
f 1420 1413 1414
f 1420 1414 1421
f 1421 1414 1415
f 1421 1415 1422
f 1422 1415 1446
f 1422 1446 1453
f 1453 1446 1447
f 1453 1447 1452
f 1452 1447 1443
f 1452 1443 1451
f 1451 1443 1450
f 1451 1450 1449
f 1449 1450 1587
f 1449 1587 1573
f 1573 1587 1582
f 1573 1582 1576
f 1576 1582 1578
f 1576 1578 1586
f 1586 1578 1579
f 1586 1579 1615
f 1615 1579 1613
f 1615 1613 1616
f 1616 1613 1611
f 1616 1611 1617
f 1617 1611 1614
f 1617 1614 1588
f 1588 1614 1597
f 1588 1597 1602
f 1602 1597 1596
f 1602 1596 1598
f 1598 1596 1595
f 1981 1983 1980
f 1980 1983 1973
f 1980 1973 1979
f 1979 1973 1974
f 1979 1974 1977
f 1977 1974 2101
f 1977 2101 1945
f 1945 2101 2099
f 1945 2099 1944
f 1944 2099 2096
f 1944 2096 2087
f 2087 2096 2084
f 2087 2084 2079
f 2079 2084 2081
f 2079 2081 2086
f 2086 2081 2080
f 2086 2080 2261
f 2261 2080 2267
f 2261 2267 2262
f 2262 2267 2259
f 2262 2259 2263
f 2263 2259 2258
f 2263 2258 2264
f 2264 2258 2266
f 2264 2266 2268
f 2268 2266 2225
f 2268 2225 2219
f 2219 2225 2212
f 2219 2212 2221
f 2221 2212 2213
f 2221 2213 2210
f 2210 2213 2199
f 2210 2199 2203
f 2203 2199 2200
f 2203 2200 2202
f 2202 2200 2201
f 2202 2201 2204
f 2204 2201 1845
f 2204 1845 1842
f 1842 1845 1851
f 1842 1851 1843
f 1843 1851 1850
f 1843 1850 1844
f 1844 1850 1836
f 1844 1836 1833
f 1833 1836 1835
f 1833 1835 1832
f 1832 1835 1834
f 1832 1834 1831
f 1831 1834 1870
f 1831 1870 1891
f 1891 1870 1882
f 1891 1882 1892
f 1892 1882 1872
f 1892 1872 1893
f 1893 1872 1878
f 1893 1878 1884
f 1884 1878 1871
f 1884 1871 1887
f 1887 1871 1857
f 1887 1857 1865
f 1865 1857 1864
f 1865 1864 1855
f 1855 1864 1867
f 1855 1867 1856
f 1856 1867 1863
f 1856 1863 1413
f 1413 1863 1430
f 1413 1430 1414
f 1414 1430 1424
f 1414 1424 1415
f 1415 1424 1425
f 1415 1425 1446
f 1446 1425 1426
f 1446 1426 1447
f 1447 1426 1439
f 1447 1439 1443
f 1443 1439 1440
f 1443 1440 1450
f 1450 1440 1441
f 1450 1441 1587
f 1587 1441 1574
f 1587 1574 1582
f 1582 1574 1577
f 1582 1577 1578
f 1578 1577 1584
f 1578 1584 1579
f 1579 1584 1603
f 1579 1603 1613
f 1613 1603 1604
f 1613 1604 1611
f 1611 1604 1605
f 1611 1605 1614
f 1614 1605 1606
f 1614 1606 1597
f 1597 1606 1592
f 1597 1592 1596
f 1596 1592 1593
f 1596 1593 1595
f 1595 1593 1594
f 1983 1978 1973
f 1973 1978 2073
f 1973 2073 1974
f 1974 2073 2068
f 1974 2068 2101
f 2101 2068 2104
f 2101 2104 2099
f 2099 2104 2103
f 2099 2103 2096
f 2096 2103 2102
f 2096 2102 2084
f 2084 2102 2078
f 2084 2078 2081
f 2081 2078 2091
f 2081 2091 2080
f 2080 2091 2083
f 2080 2083 2267
f 2267 2083 2265
f 2267 2265 2259
f 2259 2265 2250
f 2259 2250 2258
f 2258 2250 2249
f 2258 2249 2266
f 2266 2249 2248
f 2266 2248 2225
f 2225 2248 2224
f 2225 2224 2212
f 2212 2224 2226
f 2212 2226 2213
f 2213 2226 2223
f 2213 2223 2199
f 2199 2223 2206
f 2199 2206 2200
f 2200 2206 2207
f 2200 2207 2201
f 2201 2207 2208
f 2201 2208 1845
f 1845 2208 1846
f 1845 1846 1851
f 1851 1846 1852
f 1851 1852 1850
f 1850 1852 1853
f 1850 1853 1836
f 1836 1853 1830
f 1836 1830 1835
f 1835 1830 1829
f 1835 1829 1834
f 1834 1829 1817
f 1834 1817 1870
f 1870 1817 1876
f 1870 1876 1882
f 1882 1876 1877
f 1882 1877 1872
f 1872 1877 1883
f 1872 1883 1878
f 1878 1883 1879
f 1878 1879 1871
f 1871 1879 1880
f 1871 1880 1857
f 1857 1880 1868
f 1857 1868 1864
f 1864 1868 1869
f 1864 1869 1867
f 1867 1869 1862
f 1867 1862 1863
f 1863 1862 1438
f 1863 1438 1430
f 1430 1438 1432
f 1430 1432 1424
f 1424 1432 1427
f 1424 1427 1425
f 1425 1427 1429
f 1425 1429 1426
f 1426 1429 1431
f 1426 1431 1439
f 1439 1431 1442
f 1439 1442 1440
f 1440 1442 1306
f 1440 1306 1441
f 1441 1306 1307
f 1441 1307 1574
f 1574 1307 1585
f 1574 1585 1577
f 1577 1585 1580
f 1577 1580 1584
f 1584 1580 1575
f 1584 1575 1603
f 1603 1575 1607
f 1603 1607 1604
f 1604 1607 1608
f 1604 1608 1605
f 1605 1608 1609
f 1605 1609 1606
f 1606 1609 1610
f 1606 1610 1592
f 1592 1610 1599
f 1592 1599 1593
f 1593 1599 1600
f 1593 1600 1594
f 1594 1600 1601
f 1978 2066 2073
f 2073 2066 2076
f 2073 2076 2068
f 2068 2076 2065
f 2068 2065 2104
f 2104 2065 2094
f 2104 2094 2103
f 2103 2094 2100
f 2103 2100 2102
f 2102 2100 2106
f 2102 2106 2078
f 2078 2106 2082
f 2078 2082 2091
f 2091 2082 2085
f 2091 2085 2083
f 2083 2085 2089
f 2083 2089 2265
f 2265 2089 2251
f 2265 2251 2250
f 2250 2251 2247
f 2250 2247 2249
f 2249 2247 2246
f 2249 2246 2248
f 2248 2246 2245
f 2248 2245 2224
f 2224 2245 2218
f 2224 2218 2226
f 2226 2218 2217
f 2226 2217 2223
f 2223 2217 2216
f 2223 2216 2206
f 2206 2216 2198
f 2206 2198 2207
f 2207 2198 2205
f 2207 2205 2208
f 2208 2205 2187
f 2208 2187 1846
f 1846 2187 1811
f 1846 1811 1852
f 1852 1811 1819
f 1852 1819 1853
f 1853 1819 1815
f 1853 1815 1830
f 1830 1815 1814
f 1830 1814 1829
f 1829 1814 1818
f 1829 1818 1817
f 1817 1818 1822
f 1817 1822 1876
f 1876 1822 1874
f 1876 1874 1877
f 1877 1874 1875
f 1877 1875 1883
f 1883 1875 1873
f 1883 1873 1879
f 1879 1873 1881
f 1879 1881 1880
f 1880 1881 1860
f 1880 1860 1868
f 1868 1860 1866
f 1868 1866 1869
f 1869 1866 1861
f 1869 1861 1862
f 1862 1861 1428
f 1862 1428 1438
f 1438 1428 1433
f 1438 1433 1432
f 1432 1433 1434
f 1432 1434 1427
f 1427 1434 1435
f 1427 1435 1429
f 1429 1435 1436
f 1429 1436 1431
f 1431 1436 1437
f 1431 1437 1442
f 1442 1437 1311
f 1442 1311 1306
f 1306 1311 1312
f 1306 1312 1307
f 1307 1312 1313
f 1307 1313 1585
f 1585 1313 1583
f 1585 1583 1580
f 1580 1583 1581
f 1580 1581 1575
f 1575 1581 1486
f 1575 1486 1607
f 1607 1486 1485
f 1607 1485 1608
f 1608 1485 1484
f 1608 1484 1609
f 1609 1484 1497
f 1609 1497 1610
f 1610 1497 1496
f 1610 1496 1599
f 1599 1496 1463
f 1599 1463 1600
f 1600 1463 1462
f 1600 1462 1601
f 1601 1462 1460
f 2066 2070 2076
f 2076 2070 2064
f 2076 2064 2065
f 2065 2064 2067
f 2065 2067 2094
f 2094 2067 2093
f 2094 2093 2100
f 2100 2093 2092
f 2100 2092 2106
f 2106 2092 2098
f 2106 2098 2082
f 2082 2098 2090
f 2082 2090 2085
f 2085 2090 2088
f 2085 2088 2089
f 2089 2088 2244
f 2089 2244 2251
f 2251 2244 2243
f 2251 2243 2247
f 2247 2243 2242
f 2247 2242 2246
f 2246 2242 2256
f 2246 2256 2245
f 2245 2256 2255
f 2245 2255 2218
f 2218 2255 2215
f 2218 2215 2217
f 2217 2215 2214
f 2217 2214 2216
f 2216 2214 2182
f 2216 2182 2198
f 2198 2182 2191
f 2198 2191 2205
f 2205 2191 2190
f 2205 2190 2187
f 2187 2190 2189
f 2187 2189 1811
f 1811 2189 1823
f 1811 1823 1819
f 1819 1823 1824
f 1819 1824 1815
f 1815 1824 1820
f 1815 1820 1814
f 1814 1820 1821
f 1814 1821 1818
f 1818 1821 1810
f 1818 1810 1822
f 1822 1810 1673
f 1822 1673 1874
f 1874 1673 1672
f 1874 1672 1875
f 1875 1672 1688
f 1875 1688 1873
f 1873 1688 1687
f 1873 1687 1881
f 1881 1687 1634
f 1881 1634 1860
f 1860 1634 1642
f 1860 1642 1866
f 1866 1642 1640
f 1866 1640 1861
f 1861 1640 1638
f 1861 1638 1428
f 1428 1638 1637
f 1428 1637 1433
f 1433 1637 1341
f 1433 1341 1434
f 1434 1341 1345
f 1434 1345 1435
f 1435 1345 1344
f 1435 1344 1436
f 1436 1344 1346
f 1436 1346 1437
f 1437 1346 1305
f 1437 1305 1311
f 1311 1305 1318
f 1311 1318 1312
f 1312 1318 1310
f 1312 1310 1313
f 1313 1310 1309
f 1313 1309 1583
f 1583 1309 1505
f 1583 1505 1581
f 1581 1505 1506
f 1581 1506 1486
f 1486 1506 1495
f 1486 1495 1485
f 1485 1495 1487
f 1485 1487 1484
f 1484 1487 1494
f 1484 1494 1497
f 1497 1494 1492
f 1497 1492 1496
f 1496 1492 1476
f 1496 1476 1463
f 1463 1476 1456
f 1463 1456 1462
f 1462 1456 1457
f 1462 1457 1460
f 1460 1457 1458
f 2070 2077 2064
f 2064 2077 2074
f 2064 2074 2067
f 2067 2074 2075
f 2067 2075 2093
f 2093 2075 2095
f 2093 2095 2092
f 2092 2095 2097
f 2092 2097 2098
f 2098 2097 2105
f 2098 2105 2090
f 2090 2105 2029
f 2090 2029 2088
f 2088 2029 2028
f 2088 2028 2244
f 2244 2028 2254
f 2244 2254 2243
f 2243 2254 2253
f 2243 2253 2242
f 2242 2253 2252
f 2242 2252 2256
f 2256 2252 2232
f 2256 2232 2255
f 2255 2232 2230
f 2255 2230 2215
f 2215 2230 2234
f 2215 2234 2214
f 2214 2234 2185
f 2214 2185 2182
f 2182 2185 2186
f 2182 2186 2191
f 2191 2186 2188
f 2191 2188 2190
f 2190 2188 2192
f 2190 2192 2189
f 2189 2192 2194
f 2189 2194 1823
f 1823 2194 1816
f 1823 1816 1824
f 1824 1816 1812
f 1824 1812 1820
f 1820 1812 1813
f 1820 1813 1821
f 1821 1813 1665
f 1821 1665 1810
f 1810 1665 1662
f 1810 1662 1673
f 1673 1662 1663
f 1673 1663 1672
f 1672 1663 1676
f 1672 1676 1688
f 1688 1676 1689
f 1688 1689 1687
f 1687 1689 1639
f 1687 1639 1634
f 1634 1639 1641
f 1634 1641 1642
f 1642 1641 1633
f 1642 1633 1640
f 1640 1633 1636
f 1640 1636 1638
f 1638 1636 1635
f 1638 1635 1637
f 1637 1635 1343
f 1637 1343 1341
f 1341 1343 1342
f 1341 1342 1345
f 1345 1342 1334
f 1345 1334 1344
f 1344 1334 1340
f 1344 1340 1346
f 1346 1340 1335
f 1346 1335 1305
f 1305 1335 1314
f 1305 1314 1318
f 1318 1314 1316
f 1318 1316 1310
f 1310 1316 1315
f 1310 1315 1309
f 1309 1315 1507
f 1309 1507 1505
f 1505 1507 1500
f 1505 1500 1506
f 1506 1500 1502
f 1506 1502 1495
f 1495 1502 1491
f 1495 1491 1487
f 1487 1491 1490
f 1487 1490 1494
f 1494 1490 1489
f 1494 1489 1492
f 1492 1489 1483
f 1492 1483 1476
f 1476 1483 1478
f 1476 1478 1456
f 1456 1478 1465
f 1456 1465 1457
f 1457 1465 1455
f 1457 1455 1458
f 1458 1455 1459
f 2077 2072 2074
f 2074 2072 2071
f 2074 2071 2075
f 2075 2071 2059
f 2075 2059 2095
f 2095 2059 2062
f 2095 2062 2097
f 2097 2062 2050
f 2097 2050 2105
f 2105 2050 2019
f 2105 2019 2029
f 2029 2019 2026
f 2029 2026 2028
f 2028 2026 2032
f 2028 2032 2254
f 2254 2032 2235
f 2254 2235 2253
f 2253 2235 2241
f 2253 2241 2252
f 2252 2241 2237
f 2252 2237 2232
f 2232 2237 2238
f 2232 2238 2230
f 2230 2238 2239
f 2230 2239 2234
f 2234 2239 2196
f 2234 2196 2185
f 2185 2196 2193
f 2185 2193 2186
f 2186 2193 2195
f 2186 2195 2188
f 2188 2195 2183
f 2188 2183 2192
f 2192 2183 2184
f 2192 2184 2194
f 2194 2184 2448
f 2194 2448 1816
f 1816 2448 1658
f 1816 1658 1812
f 1812 1658 1661
f 1812 1661 1813
f 1813 1661 1669
f 1813 1669 1665
f 1665 1669 1664
f 1665 1664 1662
f 1662 1664 1674
f 1662 1674 1663
f 1663 1674 1675
f 1663 1675 1676
f 1676 1675 1682
f 1676 1682 1689
f 1689 1682 1678
f 1689 1678 1639
f 1639 1678 1643
f 1639 1643 1641
f 1641 1643 1644
f 1641 1644 1633
f 1633 1644 1646
f 1633 1646 1636
f 1636 1646 1645
f 1636 1645 1635
f 1635 1645 1347
f 1635 1347 1343
f 1343 1347 1336
f 1343 1336 1342
f 1342 1336 1337
f 1342 1337 1334
f 1334 1337 1338
f 1334 1338 1340
f 1340 1338 1339
f 1340 1339 1335
f 1335 1339 1308
f 1335 1308 1314
f 1314 1308 1304
f 1314 1304 1316
f 1316 1304 1317
f 1316 1317 1315
f 1315 1317 1511
f 1315 1511 1507
f 1507 1511 1512
f 1507 1512 1500
f 1500 1512 1498
f 1500 1498 1502
f 1502 1498 1499
f 1502 1499 1491
f 1491 1499 1488
f 1491 1488 1490
f 1490 1488 1493
f 1490 1493 1489
f 1489 1493 1477
f 1489 1477 1483
f 1483 1477 1482
f 1483 1482 1478
f 1478 1482 1481
f 1478 1481 1465
f 1465 1481 1468
f 1465 1468 1455
f 1455 1468 1467
f 1455 1467 1459
f 1459 1467 1466
f 2072 2069 2071
f 2071 2069 2055
f 2071 2055 2059
f 2059 2055 2054
f 2059 2054 2062
f 2062 2054 2053
f 2062 2053 2050
f 2050 2053 2052
f 2050 2052 2019
f 2019 2052 2022
f 2019 2022 2026
f 2026 2022 2023
f 2026 2023 2032
f 2032 2023 2024
f 2032 2024 2235
f 2235 2024 2228
f 2235 2228 2241
f 2241 2228 2229
f 2241 2229 2237
f 2237 2229 2231
f 2237 2231 2238
f 2238 2231 2233
f 2238 2233 2239
f 2239 2233 2455
f 2239 2455 2196
f 2196 2455 2462
f 2196 2462 2193
f 2193 2462 2459
f 2193 2459 2195
f 2195 2459 2439
f 2195 2439 2183
f 2183 2439 2444
f 2183 2444 2184
f 2184 2444 2440
f 2184 2440 2448
f 2448 2440 2441
f 2448 2441 1658
f 1658 2441 1656
f 1658 1656 1661
f 1661 1656 1647
f 1661 1647 1669
f 1669 1647 1666
f 1669 1666 1664
f 1664 1666 1671
f 1664 1671 1674
f 1674 1671 1667
f 1674 1667 1675
f 1675 1667 1685
f 1675 1685 1682
f 1682 1685 1677
f 1682 1677 1678
f 1678 1677 1686
f 1678 1686 1643
f 1643 1686 1623
f 1643 1623 1644
f 1644 1623 1621
f 1644 1621 1646
f 1646 1621 1628
f 1646 1628 1645
f 1645 1628 1627
f 1645 1627 1347
f 1347 1627 1626
f 1347 1626 1336
f 1336 1626 1367
f 1336 1367 1337
f 1337 1367 1371
f 1337 1371 1338
f 1338 1371 1372
f 1338 1372 1339
f 1339 1372 1374
f 1339 1374 1308
f 1308 1374 1320
f 1308 1320 1304
f 1304 1320 1319
f 1304 1319 1317
f 1317 1319 1326
f 1317 1326 1511
f 1511 1326 1503
f 1511 1503 1512
f 1512 1503 1504
f 1512 1504 1498
f 1498 1504 1508
f 1498 1508 1499
f 1499 1508 1525
f 1499 1525 1488
f 1488 1525 1519
f 1488 1519 1493
f 1493 1519 1518
f 1493 1518 1477
f 1477 1518 1479
f 1477 1479 1482
f 1482 1479 1480
f 1482 1480 1481
f 1481 1480 1469
f 1481 1469 1468
f 1468 1469 1464
f 1468 1464 1467
f 1467 1464 1454
f 1467 1454 1466
f 1466 1454 1461
f 2069 2049 2055
f 2055 2049 2063
f 2055 2063 2054
f 2054 2063 2060
f 2054 2060 2053
f 2053 2060 2061
f 2053 2061 2052
f 2052 2061 2048
f 2052 2048 2022
f 2022 2048 2021
f 2022 2021 2023
f 2023 2021 2025
f 2023 2025 2024
f 2024 2025 2033
f 2024 2033 2228
f 2228 2033 2227
f 2228 2227 2229
f 2229 2227 2240
f 2229 2240 2231
f 2231 2240 2236
f 2231 2236 2233
f 2233 2236 2454
f 2233 2454 2455
f 2455 2454 2453
f 2455 2453 2462
f 2462 2453 2452
f 2462 2452 2459
f 2459 2452 2461
f 2459 2461 2439
f 2439 2461 2443
f 2439 2443 2444
f 2444 2443 2445
f 2444 2445 2440
f 2440 2445 2446
f 2440 2446 2441
f 2441 2446 2447
f 2441 2447 1656
f 1656 2447 1650
f 1656 1650 1647
f 1647 1650 1660
f 1647 1660 1666
f 1666 1660 1668
f 1666 1668 1671
f 1671 1668 1670
f 1671 1670 1667
f 1667 1670 1679
f 1667 1679 1685
f 1685 1679 1680
f 1685 1680 1677
f 1677 1680 1681
f 1677 1681 1686
f 1686 1681 1624
f 1686 1624 1623
f 1623 1624 1625
f 1623 1625 1621
f 1621 1625 1622
f 1621 1622 1628
f 1628 1622 1632
f 1628 1632 1627
f 1627 1632 1631
f 1627 1631 1626
f 1626 1631 1368
f 1626 1368 1367
f 1367 1368 1376
f 1367 1376 1371
f 1371 1376 1375
f 1371 1375 1372
f 1372 1375 1373
f 1372 1373 1374
f 1374 1373 1377
f 1374 1377 1320
f 1320 1377 1322
f 1320 1322 1319
f 1319 1322 1323
f 1319 1323 1326
f 1326 1323 1324
f 1326 1324 1503
f 1503 1324 1509
f 1503 1509 1504
f 1504 1509 1510
f 1504 1510 1508
f 1508 1510 1526
f 1508 1526 1525
f 1525 1526 1527
f 1525 1527 1519
f 1519 1527 1513
f 1519 1513 1518
f 1518 1513 1514
f 1518 1514 1479
f 1479 1514 1473
f 1479 1473 1480
f 1480 1473 1472
f 1480 1472 1469
f 1469 1472 1471
f 1469 1471 1464
f 1464 1471 1058
f 1464 1058 1454
f 1454 1058 1057
f 1454 1057 1461
f 1461 1057 1056
f 2049 2056 2063
f 2063 2056 2057
f 2063 2057 2060
f 2060 2057 2051
f 2060 2051 2061
f 2061 2051 2035
f 2061 2035 2048
f 2048 2035 2041
f 2048 2041 2021
f 2021 2041 2027
f 2021 2027 2025
f 2025 2027 2030
f 2025 2030 2033
f 2033 2030 2031
f 2033 2031 2227
f 2227 2031 2564
f 2227 2564 2240
f 2240 2564 2562
f 2240 2562 2236
f 2236 2562 2561
f 2236 2561 2454
f 2454 2561 2463
f 2454 2463 2453
f 2453 2463 2464
f 2453 2464 2452
f 2452 2464 2465
f 2452 2465 2461
f 2461 2465 2449
f 2461 2449 2443
f 2443 2449 2450
f 2443 2450 2445
f 2445 2450 2451
f 2445 2451 2446
f 2446 2451 2476
f 2446 2476 2447
f 2447 2476 2477
f 2447 2477 1650
f 1650 2477 1659
f 1650 1659 1660
f 1660 1659 1657
f 1660 1657 1668
f 1668 1657 1653
f 1668 1653 1670
f 1670 1653 1651
f 1670 1651 1679
f 1679 1651 1683
f 1679 1683 1680
f 1680 1683 1684
f 1680 1684 1681
f 1681 1684 1690
f 1681 1690 1624
f 1624 1690 1630
f 1624 1630 1625
f 1625 1630 1629
f 1625 1629 1622
f 1622 1629 1620
f 1622 1620 1632
f 1632 1620 1619
f 1632 1619 1631
f 1631 1619 1618
f 1631 1618 1368
f 1368 1618 1363
f 1368 1363 1376
f 1376 1363 1369
f 1376 1369 1375
f 1375 1369 1364
f 1375 1364 1373
f 1373 1364 1370
f 1373 1370 1377
f 1377 1370 1332
f 1377 1332 1322
f 1322 1332 1331
f 1322 1331 1323
f 1323 1331 1330
f 1323 1330 1324
f 1324 1330 1329
f 1324 1329 1509
f 1509 1329 1501
f 1509 1501 1510
f 1510 1501 1516
f 1510 1516 1526
f 1526 1516 1517
f 1526 1517 1527
f 1527 1517 1520
f 1527 1520 1513
f 1513 1520 1524
f 1513 1524 1514
f 1514 1524 1474
f 1514 1474 1473
f 1473 1474 1475
f 1473 1475 1472
f 1472 1475 1470
f 1472 1470 1471
f 1471 1470 1052
f 1471 1052 1058
f 1058 1052 1055
f 1058 1055 1057
f 1057 1055 1053
f 1057 1053 1056
f 1056 1053 1054
f 2056 2058 2057
f 2057 2058 2037
f 2057 2037 2051
f 2051 2037 2038
f 2051 2038 2035
f 2035 2038 2039
f 2035 2039 2041
f 2041 2039 2040
f 2041 2040 2027
f 2027 2040 2020
f 2027 2020 2030
f 2030 2020 2018
f 2030 2018 2031
f 2031 2018 2567
f 2031 2567 2564
f 2564 2567 2568
f 2564 2568 2562
f 2562 2568 2569
f 2562 2569 2561
f 2561 2569 2560
f 2561 2560 2463
f 2463 2560 2458
f 2463 2458 2464
f 2464 2458 2466
f 2464 2466 2465
f 2465 2466 2457
f 2465 2457 2449
f 2449 2457 2437
f 2449 2437 2450
f 2450 2437 2438
f 2450 2438 2451
f 2451 2438 2479
f 2451 2479 2476
f 2476 2479 2478
f 2476 2478 2477
f 2477 2478 2474
f 2477 2474 1659
f 1659 2474 1655
f 1659 1655 1657
f 1657 1655 1652
f 1657 1652 1653
f 1653 1652 1654
f 1653 1654 1651
f 1651 1654 1698
f 1651 1698 1683
f 1683 1698 1697
f 1683 1697 1684
f 1684 1697 1696
f 1684 1696 1690
f 1690 1696 1770
f 1690 1770 1630
f 1630 1770 1765
f 1630 1765 1629
f 1629 1765 1777
f 1629 1777 1620
f 1620 1777 1776
f 1620 1776 1619
f 1619 1776 1775
f 1619 1775 1618
f 1618 1775 1763
f 1618 1763 1363
f 1363 1763 1366
f 1363 1366 1369
f 1369 1366 1365
f 1369 1365 1364
f 1364 1365 1362
f 1364 1362 1370
f 1370 1362 1348
f 1370 1348 1332
f 1332 1348 1349
f 1332 1349 1331
f 1331 1349 1327
f 1331 1327 1330
f 1330 1327 1333
f 1330 1333 1329
f 1329 1333 1325
f 1329 1325 1501
f 1501 1325 1523
f 1501 1523 1516
f 1516 1523 1522
f 1516 1522 1517
f 1517 1522 1515
f 1517 1515 1520
f 1520 1515 1521
f 1520 1521 1524
f 1524 1521 1115
f 1524 1115 1474
f 1474 1115 1114
f 1474 1114 1475
f 1475 1114 1113
f 1475 1113 1470
f 1470 1113 1059
f 1470 1059 1052
f 1052 1059 1060
f 1052 1060 1055
f 1055 1060 1061
f 1055 1061 1053
f 1053 1061 1062
f 1053 1062 1054
f 1054 1062 1048
f 2058 2047 2037
f 2037 2047 2046
f 2037 2046 2038
f 2038 2046 2045
f 2038 2045 2039
f 2039 2045 2044
f 2039 2044 2040
f 2040 2044 2043
f 2040 2043 2020
f 2020 2043 2585
f 2020 2585 2018
f 2018 2585 2570
f 2018 2570 2567
f 2567 2570 2556
f 2567 2556 2568
f 2568 2556 2557
f 2568 2557 2569
f 2569 2557 2558
f 2569 2558 2560
f 2560 2558 2559
f 2560 2559 2458
f 2458 2559 2456
f 2458 2456 2466
f 2466 2456 2460
f 2466 2460 2457
f 2457 2460 2505
f 2457 2505 2437
f 2437 2505 2442
f 2437 2442 2438
f 2438 2442 2473
f 2438 2473 2479
f 2479 2473 2472
f 2479 2472 2478
f 2478 2472 2471
f 2478 2471 2474
f 2474 2471 2475
f 2474 2475 1655
f 1655 2475 1648
f 1655 1648 1652
f 1652 1648 1649
f 1652 1649 1654
f 1654 1649 1694
f 1654 1694 1698
f 1698 1694 1693
f 1698 1693 1697
f 1697 1693 1692
f 1697 1692 1696
f 1696 1692 1691
f 1696 1691 1770
f 1770 1691 1774
f 1770 1774 1765
f 1765 1774 1769
f 1765 1769 1777
f 1777 1769 1768
f 1777 1768 1776
f 1776 1768 1767
f 1776 1767 1775
f 1775 1767 1764
f 1775 1764 1763
f 1763 1764 1750
f 1763 1750 1366
f 1366 1750 1361
f 1366 1361 1365
f 1365 1361 1350
f 1365 1350 1362
f 1362 1350 1351
f 1362 1351 1348
f 1348 1351 1352
f 1348 1352 1349
f 1349 1352 1353
f 1349 1353 1327
f 1327 1353 1328
f 1327 1328 1333
f 1333 1328 1321
f 1333 1321 1325
f 1325 1321 1145
f 1325 1145 1523
f 1523 1145 1144
f 1523 1144 1522
f 1522 1144 1143
f 1522 1143 1515
f 1515 1143 1139
f 1515 1139 1521
f 1521 1139 1122
f 1521 1122 1115
f 1115 1122 1116
f 1115 1116 1114
f 1114 1116 1121
f 1114 1121 1113
f 1113 1121 1117
f 1113 1117 1059
f 1059 1117 1049
f 1059 1049 1060
f 1060 1049 1050
f 1060 1050 1061
f 1061 1050 1051
f 1061 1051 1062
f 1062 1051 1072
f 1062 1072 1048
f 1048 1072 1068
f 2047 2042 2046
f 2046 2042 2036
f 2046 2036 2045
f 2045 2036 2592
f 2045 2592 2044
f 2044 2592 2591
f 2044 2591 2043
f 2043 2591 2575
f 2043 2575 2585
f 2585 2575 2576
f 2585 2576 2570
f 2570 2576 2578
f 2570 2578 2556
f 2556 2578 2563
f 2556 2563 2557
f 2557 2563 2565
f 2557 2565 2558
f 2558 2565 2566
f 2558 2566 2559
f 2559 2566 2501
f 2559 2501 2456
f 2456 2501 2500
f 2456 2500 2460
f 2460 2500 2499
f 2460 2499 2505
f 2505 2499 2510
f 2505 2510 2442
f 2442 2510 2492
f 2442 2492 2473
f 2473 2492 2493
f 2473 2493 2472
f 2472 2493 2467
f 2472 2467 2471
f 2471 2467 2481
f 2471 2481 2475
f 2475 2481 2480
f 2475 2480 1648
f 1648 2480 1709
f 1648 1709 1649
f 1649 1709 1715
f 1649 1715 1694
f 1694 1715 1695
f 1694 1695 1693
f 1693 1695 1702
f 1693 1702 1692
f 1692 1702 1701
f 1692 1701 1691
f 1691 1701 1704
f 1691 1704 1774
f 1774 1704 1779
f 1774 1779 1769
f 1769 1779 1778
f 1769 1778 1768
f 1768 1778 1766
f 1768 1766 1767
f 1767 1766 1753
f 1767 1753 1764
f 1764 1753 1751
f 1764 1751 1750
f 1750 1751 1754
f 1750 1754 1361
f 1361 1754 1354
f 1361 1354 1350
f 1350 1354 1355
f 1350 1355 1351
f 1351 1355 1356
f 1351 1356 1352
f 1352 1356 1357
f 1352 1357 1353
f 1353 1357 1174
f 1353 1174 1328
f 1328 1174 1175
f 1328 1175 1321
f 1321 1175 1141
f 1321 1141 1145
f 1145 1141 1140
f 1145 1140 1144
f 1144 1140 1153
f 1144 1153 1143
f 1143 1153 1152
f 1143 1152 1139
f 1139 1152 1149
f 1139 1149 1122
f 1122 1149 1120
f 1122 1120 1116
f 1116 1120 1112
f 1116 1112 1121
f 1121 1112 1111
f 1121 1111 1117
f 1117 1111 1110
f 1117 1110 1049
f 1049 1110 1067
f 1049 1067 1050
f 1050 1067 1066
f 1050 1066 1051
f 1051 1066 1077
f 1051 1077 1072
f 1072 1077 1076
f 1072 1076 1068
f 1068 1076 1073
f 2042 2034 2036
f 2036 2034 2598
f 2036 2598 2592
f 2592 2598 2599
f 2592 2599 2591
f 2591 2599 2574
f 2591 2574 2575
f 2575 2574 2573
f 2575 2573 2576
f 2576 2573 2572
f 2576 2572 2578
f 2578 2572 2571
f 2578 2571 2563
f 2563 2571 2555
f 2563 2555 2565
f 2565 2555 2552
f 2565 2552 2566
f 2566 2552 2541
f 2566 2541 2501
f 2501 2541 2504
f 2501 2504 2500
f 2500 2504 2506
f 2500 2506 2499
f 2499 2506 2502
f 2499 2502 2510
f 2510 2502 2495
f 2510 2495 2492
f 2492 2495 2482
f 2492 2482 2493
f 2493 2482 2488
f 2493 2488 2467
f 2467 2488 2469
f 2467 2469 2481
f 2481 2469 2470
f 2481 2470 2480
f 2480 2470 2335
f 2480 2335 1709
f 1709 2335 1714
f 1709 1714 1715
f 1715 1714 1713
f 1715 1713 1695
f 1695 1713 1699
f 1695 1699 1702
f 1702 1699 1700
f 1702 1700 1701
f 1701 1700 1703
f 1701 1703 1704
f 1704 1703 1771
f 1704 1771 1779
f 1779 1771 1772
f 1779 1772 1778
f 1778 1772 1773
f 1778 1773 1766
f 1766 1773 1756
f 1766 1756 1753
f 1753 1756 1757
f 1753 1757 1751
f 1751 1757 1758
f 1751 1758 1754
f 1754 1758 1759
f 1754 1759 1354
f 1354 1759 1358
f 1354 1358 1355
f 1355 1358 1359
f 1355 1359 1356
f 1356 1359 1360
f 1356 1360 1357
f 1357 1360 1181
f 1357 1181 1174
f 1174 1181 1183
f 1174 1183 1175
f 1175 1183 1184
f 1175 1184 1141
f 1141 1184 1150
f 1141 1150 1140
f 1140 1150 1142
f 1140 1142 1153
f 1153 1142 1151
f 1153 1151 1152
f 1152 1151 1154
f 1152 1154 1149
f 1149 1154 1169
f 1149 1169 1120
f 1120 1169 1118
f 1120 1118 1112
f 1112 1118 1119
f 1112 1119 1111
f 1111 1119 1108
f 1111 1108 1110
f 1110 1108 1109
f 1110 1109 1067
f 1067 1109 1065
f 1067 1065 1066
f 1066 1065 1063
f 1066 1063 1077
f 1077 1063 1071
f 1077 1071 1076
f 1076 1071 1070
f 1076 1070 1073
f 1073 1070 1069
f 2034 2600 2598
f 2598 2600 2601
f 2598 2601 2599
f 2599 2601 2586
f 2599 2586 2574
f 2574 2586 2579
f 2574 2579 2573
f 2573 2579 2580
f 2573 2580 2572
f 2572 2580 2581
f 2572 2581 2571
f 2571 2581 2582
f 2571 2582 2555
f 2555 2582 2546
f 2555 2546 2552
f 2552 2546 2548
f 2552 2548 2541
f 2541 2548 2547
f 2541 2547 2504
f 2504 2547 2508
f 2504 2508 2506
f 2506 2508 2507
f 2506 2507 2502
f 2502 2507 2489
f 2502 2489 2495
f 2495 2489 2487
f 2495 2487 2482
f 2482 2487 2494
f 2482 2494 2488
f 2488 2494 2491
f 2488 2491 2469
f 2469 2491 2468
f 2469 2468 2470
f 2470 2468 2346
f 2470 2346 2335
f 2335 2346 2337
f 2335 2337 1714
f 1714 2337 1712
f 1714 1712 1713
f 1713 1712 1718
f 1713 1718 1699
f 1699 1718 1711
f 1699 1711 1700
f 1700 1711 1707
f 1700 1707 1703
f 1703 1707 1741
f 1703 1741 1771
f 1771 1741 1745
f 1771 1745 1772
f 1772 1745 1746
f 1772 1746 1773
f 1773 1746 1747
f 1773 1747 1756
f 1756 1747 1760
f 1756 1760 1757
f 1757 1760 1761
f 1757 1761 1758
f 1758 1761 1762
f 1758 1762 1759
f 1759 1762 614
f 1759 614 1358
f 1358 614 615
f 1358 615 1359
f 1359 615 616
f 1359 616 1360
f 1360 616 1176
f 1360 1176 1181
f 1181 1176 1171
f 1181 1171 1183
f 1183 1171 1179
f 1183 1179 1184
f 1184 1179 1170
f 1184 1170 1150
f 1150 1170 1148
f 1150 1148 1142
f 1142 1148 1147
f 1142 1147 1151
f 1151 1147 1146
f 1151 1146 1154
f 1154 1146 1160
f 1154 1160 1169
f 1169 1160 1164
f 1169 1164 1118
f 1118 1164 1126
f 1118 1126 1119
f 1119 1126 1123
f 1119 1123 1108
f 1108 1123 1138
f 1108 1138 1109
f 1109 1138 1134
f 1109 1134 1065
f 1065 1134 1064
f 1065 1064 1063
f 1063 1064 1075
f 1063 1075 1071
f 1071 1075 1080
f 1071 1080 1070
f 1070 1080 1083
f 1070 1083 1069
f 1069 1083 1092
f 2600 2595 2601
f 2601 2595 2590
f 2601 2590 2586
f 2586 2590 2596
f 2586 2596 2579
f 2579 2596 2577
f 2579 2577 2580
f 2580 2577 2583
f 2580 2583 2581
f 2581 2583 2584
f 2581 2584 2582
f 2582 2584 2542
f 2582 2542 2546
f 2546 2542 2543
f 2546 2543 2548
f 2548 2543 2544
f 2548 2544 2547
f 2547 2544 2545
f 2547 2545 2508
f 2508 2545 2503
f 2508 2503 2507
f 2507 2503 2509
f 2507 2509 2489
f 2489 2509 2490
f 2489 2490 2487
f 2487 2490 2485
f 2487 2485 2494
f 2494 2485 2483
f 2494 2483 2491
f 2491 2483 2326
f 2491 2326 2468
f 2468 2326 2345
f 2468 2345 2346
f 2346 2345 2339
f 2346 2339 2337
f 2337 2339 2336
f 2337 2336 1712
f 1712 2336 1717
f 1712 1717 1718
f 1718 1717 1705
f 1718 1705 1711
f 1711 1705 1706
f 1711 1706 1707
f 1707 1706 1710
f 1707 1710 1741
f 1741 1710 1742
f 1741 1742 1745
f 1745 1742 1738
f 1745 1738 1746
f 1746 1738 1743
f 1746 1743 1747
f 1747 1743 1749
f 1747 1749 1760
f 1760 1749 1752
f 1760 1752 1761
f 1761 1752 1755
f 1761 1755 1762
f 1762 1755 623
f 1762 623 614
f 614 623 618
f 614 618 615
f 615 618 627
f 615 627 616
f 616 627 1172
f 616 1172 1176
f 1176 1172 1173
f 1176 1173 1171
f 1171 1173 1182
f 1171 1182 1179
f 1179 1182 1180
f 1179 1180 1170
f 1170 1180 1198
f 1170 1198 1148
f 1148 1198 1185
f 1148 1185 1147
f 1147 1185 1168
f 1147 1168 1146
f 1146 1168 1156
f 1146 1156 1160
f 1160 1156 1155
f 1160 1155 1164
f 1164 1155 1135
f 1164 1135 1126
f 1126 1135 1136
f 1126 1136 1123
f 1123 1136 1137
f 1123 1137 1138
f 1138 1137 1127
f 1138 1127 1134
f 1134 1127 1128
f 1134 1128 1064
f 1064 1128 1074
f 1064 1074 1075
f 1075 1074 1091
f 1075 1091 1080
f 1080 1091 1078
f 1080 1078 1083
f 1083 1078 1079
f 1083 1079 1092
f 1092 1079 1081
f 2595 2597 2590
f 2590 2597 2587
f 2590 2587 2596
f 2596 2587 2588
f 2596 2588 2577
f 2577 2588 2524
f 2577 2524 2583
f 2583 2524 2528
f 2583 2528 2584
f 2584 2528 2529
f 2584 2529 2542
f 2542 2529 2539
f 2542 2539 2543
f 2543 2539 2540
f 2543 2540 2544
f 2544 2540 2554
f 2544 2554 2545
f 2545 2554 2553
f 2545 2553 2503
f 2503 2553 2498
f 2503 2498 2509
f 2509 2498 2497
f 2509 2497 2490
f 2490 2497 2486
f 2490 2486 2485
f 2485 2486 2484
f 2485 2484 2483
f 2483 2484 2325
f 2483 2325 2326
f 2326 2325 2323
f 2326 2323 2345
f 2345 2323 2333
f 2345 2333 2339
f 2339 2333 2338
f 2339 2338 2336
f 2336 2338 2340
f 2336 2340 1717
f 1717 2340 1708
f 1717 1708 1705
f 1705 1708 1719
f 1705 1719 1706
f 1706 1719 1734
f 1706 1734 1710
f 1710 1734 1720
f 1710 1720 1742
f 1742 1720 1740
f 1742 1740 1738
f 1738 1740 1739
f 1738 1739 1743
f 1743 1739 1737
f 1743 1737 1749
f 1749 1737 1736
f 1749 1736 1752
f 1752 1736 629
f 1752 629 1755
f 1755 629 630
f 1755 630 623
f 623 630 625
f 623 625 618
f 618 625 617
f 618 617 627
f 627 617 621
f 627 621 1172
f 1172 621 1177
f 1172 1177 1173
f 1173 1177 1178
f 1173 1178 1182
f 1182 1178 1213
f 1182 1213 1180
f 1180 1213 1199
f 1180 1199 1198
f 1198 1199 1187
f 1198 1187 1185
f 1185 1187 1188
f 1185 1188 1168
f 1168 1188 1166
f 1168 1166 1156
f 1156 1166 1165
f 1156 1165 1155
f 1155 1165 1163
f 1155 1163 1135
f 1135 1163 1130
f 1135 1130 1136
f 1136 1130 1129
f 1136 1129 1137
f 1137 1129 1131
f 1137 1131 1127
f 1127 1131 1132
f 1127 1132 1128
f 1128 1132 1133
f 1128 1133 1074
f 1074 1133 1084
f 1074 1084 1091
f 1091 1084 1088
f 1091 1088 1078
f 1078 1088 1089
f 1078 1089 1079
f 1079 1089 1085
f 1079 1085 1081
f 1081 1085 1090
f 2597 2594 2587
f 2587 2594 2593
f 2587 2593 2588
f 2588 2593 2517
f 2588 2517 2524
f 2524 2517 2513
f 2524 2513 2528
f 2528 2513 2526
f 2528 2526 2529
f 2529 2526 2538
f 2529 2538 2539
f 2539 2538 2536
f 2539 2536 2540
f 2540 2536 2549
f 2540 2549 2554
f 2554 2549 2550
f 2554 2550 2553
f 2553 2550 2551
f 2553 2551 2498
f 2498 2551 2496
f 2498 2496 2497
f 2497 2496 2303
f 2497 2303 2486
f 2486 2303 2312
f 2486 2312 2484
f 2484 2312 2329
f 2484 2329 2325
f 2325 2329 2328
f 2325 2328 2323
f 2323 2328 2327
f 2323 2327 2333
f 2333 2327 2332
f 2333 2332 2338
f 2338 2332 2344
f 2338 2344 2340
f 2340 2344 2343
f 2340 2343 1708
f 1708 2343 1716
f 1708 1716 1719
f 1719 1716 1727
f 1719 1727 1734
f 1734 1727 1722
f 1734 1722 1720
f 1720 1722 1721
f 1720 1721 1740
f 1740 1721 1744
f 1740 1744 1739
f 1739 1744 1748
f 1739 1748 1737
f 1737 1748 1735
f 1737 1735 1736
f 1736 1735 637
f 1736 637 629
f 629 637 631
f 629 631 630
f 630 631 633
f 630 633 625
f 625 633 619
f 625 619 617
f 617 619 620
f 617 620 621
f 621 620 624
f 621 624 1177
f 1177 624 1210
f 1177 1210 1178
f 1178 1210 1202
f 1178 1202 1213
f 1213 1202 1204
f 1213 1204 1199
f 1199 1204 1201
f 1199 1201 1187
f 1187 1201 1195
f 1187 1195 1188
f 1188 1195 1194
f 1188 1194 1166
f 1166 1194 1162
f 1166 1162 1165
f 1165 1162 1161
f 1165 1161 1163
f 1163 1161 1167
f 1163 1167 1130
f 1130 1167 1124
f 1130 1124 1129
f 1129 1124 1125
f 1129 1125 1131
f 1131 1125 1093
f 1131 1093 1132
f 1132 1093 1094
f 1132 1094 1133
f 1133 1094 1101
f 1133 1101 1084
f 1084 1101 1099
f 1084 1099 1088
f 1088 1099 1082
f 1088 1082 1089
f 1089 1082 1087
f 1089 1087 1085
f 1085 1087 1086
f 1085 1086 1090
f 1090 1086 1035
f 2594 2589 2593
f 2593 2589 2525
f 2593 2525 2517
f 2517 2525 2521
f 2517 2521 2513
f 2513 2521 2519
f 2513 2519 2526
f 2526 2519 2532
f 2526 2532 2538
f 2538 2532 2531
f 2538 2531 2536
f 2536 2531 2533
f 2536 2533 2549
f 2549 2533 2364
f 2549 2364 2550
f 2550 2364 2375
f 2550 2375 2551
f 2551 2375 2363
f 2551 2363 2496
f 2496 2363 2314
f 2496 2314 2303
f 2303 2314 2310
f 2303 2310 2312
f 2312 2310 2311
f 2312 2311 2329
f 2329 2311 2319
f 2329 2319 2328
f 2328 2319 2320
f 2328 2320 2327
f 2327 2320 2321
f 2327 2321 2332
f 2332 2321 2342
f 2332 2342 2344
f 2344 2342 2341
f 2344 2341 2343
f 2343 2341 2334
f 2343 2334 1716
f 1716 2334 1730
f 1716 1730 1727
f 1727 1730 1723
f 1727 1723 1722
f 1722 1723 1725
f 1722 1725 1721
f 1721 1725 1724
f 1721 1724 1744
f 1744 1724 593
f 1744 593 1748
f 1748 593 591
f 1748 591 1735
f 1735 591 635
f 1735 635 637
f 637 635 643
f 637 643 631
f 631 643 640
f 631 640 633
f 633 640 639
f 633 639 619
f 619 639 626
f 619 626 620
f 620 626 622
f 620 622 624
f 624 622 628
f 624 628 1210
f 1210 628 1200
f 1210 1200 1202
f 1202 1200 1211
f 1202 1211 1204
f 1204 1211 1212
f 1204 1212 1201
f 1201 1212 1189
f 1201 1189 1195
f 1195 1189 1191
f 1195 1191 1194
f 1194 1191 1186
f 1194 1186 1162
f 1162 1186 1158
f 1162 1158 1161
f 1161 1158 1157
f 1161 1157 1167
f 1167 1157 1159
f 1167 1159 1124
f 1124 1159 1107
f 1124 1107 1125
f 1125 1107 1098
f 1125 1098 1093
f 1093 1098 1097
f 1093 1097 1094
f 1094 1097 1106
f 1094 1106 1101
f 1101 1106 1096
f 1101 1096 1099
f 1099 1096 1095
f 1099 1095 1082
f 1082 1095 1046
f 1082 1046 1087
f 1087 1046 1047
f 1087 1047 1086
f 1086 1047 1033
f 1086 1033 1035
f 1035 1033 1034
f 2589 2515 2525
f 2525 2515 2512
f 2525 2512 2521
f 2521 2512 2511
f 2521 2511 2519
f 2519 2511 2537
f 2519 2537 2532
f 2532 2537 2534
f 2532 2534 2531
f 2531 2534 2535
f 2531 2535 2533
f 2533 2535 2362
f 2533 2362 2364
f 2364 2362 2376
f 2364 2376 2375
f 2375 2376 2369
f 2375 2369 2363
f 2363 2369 2370
f 2363 2370 2314
f 2314 2370 2307
f 2314 2307 2310
f 2310 2307 2306
f 2310 2306 2311
f 2311 2306 2305
f 2311 2305 2319
f 2319 2305 2318
f 2319 2318 2320
f 2320 2318 2331
f 2320 2331 2321
f 2321 2331 2330
f 2321 2330 2342
f 2342 2330 2292
f 2342 2292 2341
f 2341 2292 2287
f 2341 2287 2334
f 2334 2287 2299
f 2334 2299 1730
f 1730 2299 1731
f 1730 1731 1723
f 1723 1731 1732
f 1723 1732 1725
f 1725 1732 1733
f 1725 1733 1724
f 1724 1733 590
f 1724 590 593
f 593 590 589
f 593 589 591
f 591 589 588
f 591 588 635
f 635 588 634
f 635 634 643
f 643 634 632
f 643 632 640
f 640 632 636
f 640 636 639
f 639 636 642
f 639 642 626
f 626 642 598
f 626 598 622
f 622 598 603
f 622 603 628
f 628 603 600
f 628 600 1200
f 1200 600 1209
f 1200 1209 1211
f 1211 1209 1208
f 1211 1208 1212
f 1212 1208 1207
f 1212 1207 1189
f 1189 1207 1190
f 1189 1190 1191
f 1191 1190 1192
f 1191 1192 1186
f 1186 1192 1193
f 1186 1193 1158
f 1158 1193 1289
f 1158 1289 1157
f 1157 1289 1290
f 1157 1290 1159
f 1159 1290 1291
f 1159 1291 1107
f 1107 1291 1102
f 1107 1102 1098
f 1098 1102 1100
f 1098 1100 1097
f 1097 1100 1103
f 1097 1103 1106
f 1106 1103 1104
f 1106 1104 1096
f 1096 1104 1105
f 1096 1105 1095
f 1095 1105 1040
f 1095 1040 1046
f 1046 1040 1039
f 1046 1039 1047
f 1047 1039 1045
f 1047 1045 1033
f 1033 1045 1043
f 1033 1043 1034
f 1034 1043 1038
f 2515 2516 2512
f 2512 2516 2520
f 2512 2520 2511
f 2511 2520 2514
f 2511 2514 2537
f 2537 2514 2527
f 2537 2527 2534
f 2534 2527 2530
f 2534 2530 2535
f 2535 2530 2365
f 2535 2365 2362
f 2362 2365 2366
f 2362 2366 2376
f 2376 2366 2367
f 2376 2367 2369
f 2369 2367 2368
f 2369 2368 2370
f 2370 2368 2315
f 2370 2315 2307
f 2307 2315 2317
f 2307 2317 2306
f 2306 2317 2304
f 2306 2304 2305
f 2305 2304 2313
f 2305 2313 2318
f 2318 2313 2324
f 2318 2324 2331
f 2331 2324 2322
f 2331 2322 2330
f 2330 2322 2295
f 2330 2295 2292
f 2292 2295 2289
f 2292 2289 2287
f 2287 2289 2290
f 2287 2290 2299
f 2299 2290 2291
f 2299 2291 1731
f 1731 2291 1729
f 1731 1729 1732
f 1732 1729 1728
f 1732 1728 1733
f 1733 1728 585
f 1733 585 590
f 590 585 595
f 590 595 589
f 589 595 596
f 589 596 588
f 588 596 579
f 588 579 634
f 634 579 578
f 634 578 632
f 632 578 641
f 632 641 636
f 636 641 638
f 636 638 642
f 642 638 610
f 642 610 598
f 598 610 611
f 598 611 603
f 603 611 612
f 603 612 600
f 600 612 613
f 600 613 1209
f 1209 613 1206
f 1209 1206 1208
f 1208 1206 1203
f 1208 1203 1207
f 1207 1203 1205
f 1207 1205 1190
f 1190 1205 1196
f 1190 1196 1192
f 1192 1196 1197
f 1192 1197 1193
f 1193 1197 1292
f 1193 1292 1289
f 1289 1292 1301
f 1289 1301 1290
f 1290 1301 1302
f 1290 1302 1291
f 1291 1302 1293
f 1291 1293 1102
f 1102 1293 998
f 1102 998 1100
f 1100 998 999
f 1100 999 1103
f 1103 999 1000
f 1103 1000 1104
f 1104 1000 997
f 1104 997 1105
f 1105 997 989
f 1105 989 1040
f 1040 989 1042
f 1040 1042 1039
f 1039 1042 1041
f 1039 1041 1045
f 1045 1041 1044
f 1045 1044 1043
f 1043 1044 1037
f 1043 1037 1038
f 1038 1037 1036
f 2516 2523 2520
f 2520 2523 2522
f 2520 2522 2514
f 2514 2522 2398
f 2514 2398 2527
f 2527 2398 2399
f 2527 2399 2530
f 2530 2399 2404
f 2530 2404 2365
f 2365 2404 2372
f 2365 2372 2366
f 2366 2372 2373
f 2366 2373 2367
f 2367 2373 2374
f 2367 2374 2368
f 2368 2374 2378
f 2368 2378 2315
f 2315 2378 2390
f 2315 2390 2317
f 2317 2390 2316
f 2317 2316 2304
f 2304 2316 2309
f 2304 2309 2313
f 2313 2309 2272
f 2313 2272 2324
f 2324 2272 2273
f 2324 2273 2322
f 2322 2273 2282
f 2322 2282 2295
f 2295 2282 2298
f 2295 2298 2289
f 2289 2298 2301
f 2289 2301 2290
f 2290 2301 2302
f 2290 2302 2291
f 2291 2302 2288
f 2291 2288 1729
f 1729 2288 1726
f 1729 1726 1728
f 1728 1726 594
f 1728 594 585
f 585 594 597
f 585 597 595
f 595 597 584
f 595 584 596
f 596 584 572
f 596 572 579
f 579 572 581
f 579 581 578
f 578 581 583
f 578 583 641
f 641 583 582
f 641 582 638
f 638 582 604
f 638 604 610
f 610 604 605
f 610 605 611
f 611 605 602
f 611 602 612
f 612 602 601
f 612 601 613
f 613 601 599
f 613 599 1206
f 1206 599 1215
f 1206 1215 1203
f 1203 1215 1219
f 1203 1219 1205
f 1205 1219 1214
f 1205 1214 1196
f 1196 1214 1226
f 1196 1226 1197
f 1197 1226 1303
f 1197 1303 1292
f 1292 1303 1295
f 1292 1295 1301
f 1301 1295 1296
f 1301 1296 1302
f 1302 1296 1298
f 1302 1298 1293
f 1293 1298 1300
f 1293 1300 998
f 998 1300 991
f 998 991 999
f 999 991 992
f 999 992 1000
f 1000 992 993
f 1000 993 997
f 997 993 1001
f 997 1001 989
f 989 1001 1002
f 989 1002 1042
f 1042 1002 1030
f 1042 1030 1041
f 1041 1030 1028
f 1041 1028 1044
f 1044 1028 1023
f 1044 1023 1037
f 1037 1023 1024
f 1037 1024 1036
f 1036 1024 1004
f 2523 2518 2522
f 2522 2518 2394
f 2522 2394 2398
f 2398 2394 2402
f 2398 2402 2399
f 2399 2402 2401
f 2399 2401 2404
f 2404 2401 2400
f 2404 2400 2372
f 2372 2400 2371
f 2372 2371 2373
f 2373 2371 2386
f 2373 2386 2374
f 2374 2386 2387
f 2374 2387 2378
f 2378 2387 2389
f 2378 2389 2390
f 2390 2389 2391
f 2390 2391 2316
f 2316 2391 2308
f 2316 2308 2309
f 2309 2308 2279
f 2309 2279 2272
f 2272 2279 2286
f 2272 2286 2273
f 2273 2286 2285
f 2273 2285 2282
f 2282 2285 2284
f 2282 2284 2298
f 2298 2284 2294
f 2298 2294 2301
f 2301 2294 2293
f 2301 2293 2302
f 2302 2293 2300
f 2302 2300 2288
f 2288 2300 233
f 2288 233 1726
f 1726 233 225
f 1726 225 594
f 594 225 592
f 594 592 597
f 597 592 586
f 597 586 584
f 584 586 587
f 584 587 572
f 572 587 574
f 572 574 581
f 581 574 575
f 581 575 583
f 583 575 576
f 583 576 582
f 582 576 580
f 582 580 604
f 604 580 608
f 604 608 605
f 605 608 606
f 605 606 602
f 602 606 607
f 602 607 601
f 601 607 609
f 601 609 599
f 599 609 1221
f 599 1221 1215
f 1215 1221 1222
f 1215 1222 1219
f 1219 1222 1223
f 1219 1223 1214
f 1214 1223 1224
f 1214 1224 1226
f 1226 1224 1225
f 1226 1225 1303
f 1303 1225 1299
f 1303 1299 1295
f 1295 1299 1294
f 1295 1294 1296
f 1296 1294 1276
f 1296 1276 1298
f 1298 1276 1275
f 1298 1275 1300
f 1300 1275 1274
f 1300 1274 991
f 991 1274 996
f 991 996 992
f 992 996 994
f 992 994 993
f 993 994 1003
f 993 1003 1001
f 1001 1003 995
f 1001 995 1002
f 1002 995 1022
f 1002 1022 1030
f 1030 1022 1021
f 1030 1021 1028
f 1028 1021 1020
f 1028 1020 1023
f 1023 1020 1019
f 1023 1019 1024
f 1024 1019 1016
f 1024 1016 1004
f 1004 1016 1009
f 2518 2392 2394
f 2394 2392 2393
f 2394 2393 2402
f 2402 2393 2397
f 2402 2397 2401
f 2401 2397 2395
f 2401 2395 2400
f 2400 2395 2396
f 2400 2396 2371
f 2371 2396 2382
f 2371 2382 2386
f 2386 2382 2383
f 2386 2383 2387
f 2387 2383 2384
f 2387 2384 2389
f 2389 2384 2385
f 2389 2385 2391
f 2391 2385 2377
f 2391 2377 2308
f 2308 2377 2278
f 2308 2278 2279
f 2279 2278 2277
f 2279 2277 2286
f 2286 2277 2276
f 2286 2276 2285
f 2285 2276 2275
f 2285 2275 2284
f 2284 2275 2274
f 2284 2274 2294
f 2294 2274 2296
f 2294 2296 2293
f 2293 2296 2297
f 2293 2297 2300
f 2300 2297 235
f 2300 235 233
f 233 235 234
f 233 234 225
f 225 234 232
f 225 232 592
f 592 232 565
f 592 565 586
f 586 565 567
f 586 567 587
f 587 567 566
f 587 566 574
f 574 566 573
f 574 573 575
f 575 573 571
f 575 571 576
f 576 571 577
f 576 577 580
f 580 577 485
f 580 485 608
f 608 485 484
f 608 484 606
f 606 484 483
f 606 483 607
f 607 483 482
f 607 482 609
f 609 482 479
f 609 479 1221
f 1221 479 1217
f 1221 1217 1222
f 1222 1217 1218
f 1222 1218 1223
f 1223 1218 1220
f 1223 1220 1224
f 1224 1220 1227
f 1224 1227 1225
f 1225 1227 1216
f 1225 1216 1299
f 1299 1216 1297
f 1299 1297 1294
f 1294 1297 1286
f 1294 1286 1276
f 1276 1286 1280
f 1276 1280 1275
f 1275 1280 1283
f 1275 1283 1274
f 1274 1283 1284
f 1274 1284 996
f 996 1284 988
f 996 988 994
f 994 988 990
f 994 990 1003
f 1003 990 987
f 1003 987 995
f 995 987 973
f 995 973 1022
f 1022 973 1032
f 1022 1032 1021
f 1021 1032 1026
f 1021 1026 1020
f 1020 1026 1025
f 1020 1025 1019
f 1019 1025 1007
f 1019 1007 1016
f 1016 1007 1005
f 1016 1005 1009
f 1009 1005 1008
f 2392 2406 2393
f 2393 2406 2403
f 2393 2403 2397
f 2397 2403 2436
f 2397 2436 2395
f 2395 2436 2426
f 2395 2426 2396
f 2396 2426 2428
f 2396 2428 2382
f 2382 2428 2379
f 2382 2379 2383
f 2383 2379 2380
f 2383 2380 2384
f 2384 2380 2381
f 2384 2381 2385
f 2385 2381 2388
f 2385 2388 2377
f 2377 2388 2351
f 2377 2351 2278
f 2278 2351 2280
f 2278 2280 2277
f 2277 2280 2281
f 2277 2281 2276
f 2276 2281 2283
f 2276 2283 2275
f 2275 2283 264
f 2275 264 2274
f 2274 264 263
f 2274 263 2296
f 2296 263 239
f 2296 239 2297
f 2297 239 238
f 2297 238 235
f 235 238 229
f 235 229 234
f 234 229 230
f 234 230 232
f 232 230 554
f 232 554 565
f 565 554 559
f 565 559 567
f 567 559 556
f 567 556 566
f 566 556 555
f 566 555 573
f 573 555 569
f 573 569 571
f 571 569 570
f 571 570 577
f 577 570 491
f 577 491 485
f 485 491 490
f 485 490 484
f 484 490 489
f 484 489 483
f 483 489 488
f 483 488 482
f 482 488 486
f 482 486 479
f 479 486 500
f 479 500 1217
f 1217 500 499
f 1217 499 1218
f 1218 499 1251
f 1218 1251 1220
f 1220 1251 1252
f 1220 1252 1227
f 1227 1252 1253
f 1227 1253 1216
f 1216 1253 1254
f 1216 1254 1297
f 1297 1254 1277
f 1297 1277 1286
f 1286 1277 1278
f 1286 1278 1280
f 1280 1278 1279
f 1280 1279 1283
f 1283 1279 1282
f 1283 1282 1284
f 1284 1282 1281
f 1284 1281 988
f 988 1281 974
f 988 974 990
f 990 974 975
f 990 975 987
f 987 975 976
f 987 976 973
f 973 976 986
f 973 986 1032
f 1032 986 1018
f 1032 1018 1026
f 1026 1018 1027
f 1026 1027 1025
f 1025 1027 1015
f 1025 1015 1007
f 1007 1015 1013
f 1007 1013 1005
f 1005 1013 1017
f 1005 1017 1008
f 1008 1017 1006
f 2406 2405 2403
f 2403 2405 2423
f 2403 2423 2436
f 2436 2423 2422
f 2436 2422 2426
f 2426 2422 2424
f 2426 2424 2428
f 2428 2424 2425
f 2428 2425 2379
f 2379 2425 2361
f 2379 2361 2380
f 2380 2361 2354
f 2380 2354 2381
f 2381 2354 2360
f 2381 2360 2388
f 2388 2360 2348
f 2388 2348 2351
f 2351 2348 2349
f 2351 2349 2280
f 2280 2349 2350
f 2280 2350 2281
f 2281 2350 262
f 2281 262 2283
f 2283 262 261
f 2283 261 264
f 264 261 260
f 264 260 263
f 263 260 259
f 263 259 239
f 239 259 231
f 239 231 238
f 238 231 236
f 238 236 229
f 229 236 237
f 229 237 230
f 230 237 302
f 230 302 554
f 554 302 564
f 554 564 559
f 559 564 563
f 559 563 556
f 556 563 562
f 556 562 555
f 555 562 561
f 555 561 569
f 569 561 536
f 569 536 570
f 570 536 524
f 570 524 491
f 491 524 487
f 491 487 490
f 490 487 481
f 490 481 489
f 489 481 480
f 489 480 488
f 488 480 496
f 488 496 486
f 486 496 497
f 486 497 500
f 500 497 493
f 500 493 499
f 499 493 1244
f 499 1244 1251
f 1251 1244 1246
f 1251 1246 1252
f 1252 1246 1257
f 1252 1257 1253
f 1253 1257 1256
f 1253 1256 1254
f 1254 1256 1255
f 1254 1255 1277
f 1277 1255 1288
f 1277 1288 1278
f 1278 1288 1287
f 1278 1287 1279
f 1279 1287 1285
f 1279 1285 1282
f 1282 1285 1267
f 1282 1267 1281
f 1281 1267 1258
f 1281 1258 974
f 974 1258 977
f 974 977 975
f 975 977 978
f 975 978 976
f 976 978 979
f 976 979 986
f 986 979 980
f 986 980 1018
f 1018 980 1031
f 1018 1031 1027
f 1027 1031 1029
f 1027 1029 1015
f 1015 1029 1014
f 1015 1014 1013
f 1013 1014 1012
f 1013 1012 1017
f 1017 1012 1011
f 1017 1011 1006
f 1006 1011 1010
f 2405 2429 2423
f 2423 2429 2434
f 2423 2434 2422
f 2422 2434 2427
f 2422 2427 2424
f 2424 2427 2435
f 2424 2435 2425
f 2425 2435 2415
f 2425 2415 2361
f 2361 2415 2347
f 2361 2347 2354
f 2354 2347 2359
f 2354 2359 2360
f 2360 2359 2358
f 2360 2358 2348
f 2348 2358 2357
f 2348 2357 2349
f 2349 2357 2356
f 2349 2356 2350
f 2350 2356 258
f 2350 258 262
f 262 258 257
f 262 257 261
f 261 257 256
f 261 256 260
f 260 256 271
f 260 271 259
f 259 271 228
f 259 228 231
f 231 228 227
f 231 227 236
f 236 227 226
f 236 226 237
f 237 226 303
f 237 303 302
f 302 303 313
f 302 313 564
f 564 313 560
f 564 560 563
f 563 560 558
f 563 558 562
f 562 558 557
f 562 557 561
f 561 557 532
f 561 532 536
f 536 532 533
f 536 533 524
f 524 533 535
f 524 535 487
f 487 535 478
f 487 478 481
f 481 478 492
f 481 492 480
f 480 492 498
f 480 498 496
f 496 498 501
f 496 501 497
f 497 501 502
f 497 502 493
f 493 502 503
f 493 503 1244
f 1244 503 1247
f 1244 1247 1246
f 1246 1247 1248
f 1246 1248 1257
f 1257 1248 1249
f 1257 1249 1256
f 1256 1249 1243
f 1256 1243 1255
f 1255 1243 1250
f 1255 1250 1288
f 1288 1250 1266
f 1288 1266 1287
f 1287 1266 1259
f 1287 1259 1285
f 1285 1259 1260
f 1285 1260 1267
f 1267 1260 1261
f 1267 1261 1258
f 1258 1261 1262
f 1258 1262 977
f 977 1262 981
f 977 981 978
f 978 981 982
f 978 982 979
f 979 982 983
f 979 983 980
f 980 983 927
f 980 927 1031
f 1031 927 923
f 1031 923 1029
f 1029 923 924
f 1029 924 1014
f 1014 924 919
f 1014 919 1012
f 1012 919 891
f 1012 891 1011
f 1011 891 892
f 1011 892 1010
f 1010 892 895
f 2429 2430 2434
f 2434 2430 2432
f 2434 2432 2427
f 2427 2432 2433
f 2427 2433 2435
f 2435 2433 2413
f 2435 2413 2415
f 2415 2413 2412
f 2415 2412 2347
f 2347 2412 2411
f 2347 2411 2359
f 2359 2411 2353
f 2359 2353 2358
f 2358 2353 2352
f 2358 2352 2357
f 2357 2352 2355
f 2357 2355 2356
f 2356 2355 270
f 2356 270 258
f 258 270 269
f 258 269 257
f 257 269 268
f 257 268 256
f 256 268 267
f 256 267 271
f 271 267 250
f 271 250 228
f 228 250 249
f 228 249 227
f 227 249 308
f 227 308 226
f 226 308 306
f 226 306 303
f 303 306 305
f 303 305 313
f 313 305 316
f 313 316 560
f 560 316 568
f 560 568 558
f 558 568 537
f 558 537 557
f 557 537 525
f 557 525 532
f 532 525 526
f 532 526 533
f 533 526 527
f 533 527 535
f 535 527 528
f 535 528 478
f 478 528 509
f 478 509 492
f 492 509 508
f 492 508 498
f 498 508 504
f 498 504 501
f 501 504 505
f 501 505 502
f 502 505 506
f 502 506 503
f 503 506 507
f 503 507 1247
f 1247 507 1245
f 1247 1245 1248
f 1248 1245 1233
f 1248 1233 1249
f 1249 1233 1234
f 1249 1234 1243
f 1243 1234 1235
f 1243 1235 1250
f 1250 1235 1273
f 1250 1273 1266
f 1266 1273 1272
f 1266 1272 1259
f 1259 1272 1271
f 1259 1271 1260
f 1260 1271 1270
f 1260 1270 1261
f 1261 1270 1269
f 1261 1269 1262
f 1262 1269 1268
f 1262 1268 981
f 981 1268 984
f 981 984 982
f 982 984 985
f 982 985 983
f 983 985 915
f 983 915 927
f 927 915 916
f 927 916 923
f 923 916 917
f 923 917 924
f 924 917 918
f 924 918 919
f 919 918 922
f 919 922 891
f 891 922 887
f 891 887 892
f 892 887 889
f 892 889 895
f 895 889 890
f 2430 2431 2432
f 2432 2431 2410
f 2432 2410 2433
f 2433 2410 2417
f 2433 2417 2413
f 2413 2417 2407
f 2413 2407 2412
f 2412 2407 2408
f 2412 2408 2411
f 2411 2408 2409
f 2411 2409 2353
f 2353 2409 19
f 2353 19 2352
f 2352 19 21
f 2352 21 2355
f 2355 21 20
f 2355 20 270
f 270 20 25
f 270 25 269
f 269 25 266
f 269 266 268
f 268 266 265
f 268 265 267
f 267 265 244
f 267 244 250
f 250 244 241
f 250 241 249
f 249 241 243
f 249 243 308
f 308 243 312
f 308 312 306
f 306 312 314
f 306 314 305
f 305 314 315
f 305 315 316
f 316 315 304
f 316 304 568
f 568 304 534
f 568 534 537
f 537 534 529
f 537 529 525
f 525 529 530
f 525 530 526
f 526 530 531
f 526 531 527
f 527 531 538
f 527 538 528
f 528 538 522
f 528 522 509
f 509 522 521
f 509 521 508
f 508 521 520
f 508 520 504
f 504 520 495
f 504 495 505
f 505 495 494
f 505 494 506
f 506 494 429
f 506 429 507
f 507 429 430
f 507 430 1245
f 1245 430 1232
f 1245 1232 1233
f 1233 1232 1228
f 1233 1228 1234
f 1234 1228 1231
f 1234 1231 1235
f 1235 1231 1230
f 1235 1230 1273
f 1273 1230 1264
f 1273 1264 1272
f 1272 1264 1263
f 1272 1263 1271
f 1271 1263 1265
f 1271 1265 1270
f 1270 1265 733
f 1270 733 1269
f 1269 733 734
f 1269 734 1268
f 1268 734 719
f 1268 719 984
f 984 719 725
f 984 725 985
f 985 725 920
f 985 920 915
f 915 920 914
f 915 914 916
f 916 914 913
f 916 913 917
f 917 913 926
f 917 926 918
f 918 926 925
f 918 925 922
f 922 925 911
f 922 911 887
f 887 911 896
f 887 896 889
f 889 896 894
f 889 894 890
f 890 894 893
f 2431 2416 2410
f 2410 2416 2420
f 2410 2420 2417
f 2417 2420 2421
f 2417 2421 2407
f 2407 2421 2418
f 2407 2418 2408
f 2408 2418 2419
f 2408 2419 2409
f 2409 2419 28
f 2409 28 19
f 19 28 27
f 19 27 21
f 21 27 22
f 21 22 20
f 20 22 16
f 20 16 25
f 25 16 30
f 25 30 266
f 266 30 255
f 266 255 265
f 265 255 252
f 265 252 244
f 244 252 240
f 244 240 241
f 241 240 246
f 241 246 243
f 243 246 251
f 243 251 312
f 312 251 310
f 312 310 314
f 314 310 311
f 314 311 315
f 315 311 309
f 315 309 304
f 304 309 307
f 304 307 534
f 534 307 551
f 534 551 529
f 529 551 550
f 529 550 530
f 530 550 545
f 530 545 531
f 531 545 544
f 531 544 538
f 538 544 517
f 538 517 522
f 522 517 518
f 522 518 521
f 521 518 523
f 521 523 520
f 520 523 519
f 520 519 495
f 495 519 415
f 495 415 494
f 494 415 426
f 494 426 429
f 429 426 425
f 429 425 430
f 430 425 421
f 430 421 1232
f 1232 421 1239
f 1232 1239 1228
f 1228 1239 1238
f 1228 1238 1231
f 1231 1238 1237
f 1231 1237 1230
f 1230 1237 1236
f 1230 1236 1264
f 1264 1236 795
f 1264 795 1263
f 1263 795 796
f 1263 796 1265
f 1265 796 720
f 1265 720 733
f 733 720 721
f 733 721 734
f 734 721 722
f 734 722 719
f 719 722 723
f 719 723 725
f 725 723 724
f 725 724 920
f 920 724 921
f 920 921 914
f 914 921 912
f 914 912 913
f 913 912 899
f 913 899 926
f 926 899 900
f 926 900 925
f 925 900 907
f 925 907 911
f 911 907 906
f 911 906 896
f 896 906 886
f 896 886 894
f 894 886 885
f 894 885 893
f 893 885 884
f 2416 2414 2420
f 2420 2414 31
f 2420 31 2421
f 2421 31 37
f 2421 37 2418
f 2418 37 36
f 2418 36 2419
f 2419 36 32
f 2419 32 28
f 28 32 18
f 28 18 27
f 27 18 17
f 27 17 22
f 22 17 29
f 22 29 16
f 16 29 15
f 16 15 30
f 30 15 14
f 30 14 255
f 255 14 248
f 255 248 252
f 252 248 247
f 252 247 240
f 240 247 245
f 240 245 246
f 246 245 242
f 246 242 251
f 251 242 298
f 251 298 310
f 310 298 301
f 310 301 311
f 311 301 290
f 311 290 309
f 309 290 291
f 309 291 307
f 307 291 292
f 307 292 551
f 551 292 549
f 551 549 550
f 550 549 548
f 550 548 545
f 545 548 547
f 545 547 544
f 544 547 546
f 544 546 517
f 517 546 510
f 517 510 518
f 518 510 511
f 518 511 523
f 523 511 512
f 523 512 519
f 519 512 405
f 519 405 415
f 415 405 417
f 415 417 426
f 426 417 424
f 426 424 425
f 425 424 423
f 425 423 421
f 421 423 422
f 421 422 1239
f 1239 422 1240
f 1239 1240 1238
f 1238 1240 1241
f 1238 1241 1237
f 1237 1241 1242
f 1237 1242 1236
f 1236 1242 799
f 1236 799 795
f 795 799 805
f 795 805 796
f 796 805 806
f 796 806 720
f 720 806 727
f 720 727 721
f 721 727 728
f 721 728 722
f 722 728 729
f 722 729 723
f 723 729 730
f 723 730 724
f 724 730 740
f 724 740 921
f 921 740 904
f 921 904 912
f 912 904 903
f 912 903 899
f 899 903 902
f 899 902 900
f 900 902 901
f 900 901 907
f 907 901 898
f 907 898 906
f 906 898 888
f 906 888 886
f 886 888 897
f 886 897 885
f 885 897 945
f 885 945 884
f 884 945 946
f 2414 45 31
f 31 45 44
f 31 44 37
f 37 44 43
f 37 43 36
f 36 43 41
f 36 41 32
f 32 41 38
f 32 38 18
f 18 38 24
f 18 24 17
f 17 24 23
f 17 23 29
f 29 23 5
f 29 5 15
f 15 5 4
f 15 4 14
f 14 4 3
f 14 3 248
f 248 3 253
f 248 253 247
f 247 253 254
f 247 254 245
f 245 254 273
f 245 273 242
f 242 273 286
f 242 286 298
f 298 286 295
f 298 295 301
f 301 295 296
f 301 296 290
f 290 296 289
f 290 289 291
f 291 289 294
f 291 294 292
f 292 294 297
f 292 297 549
f 549 297 552
f 549 552 548
f 548 552 543
f 548 543 547
f 547 543 542
f 547 542 546
f 546 542 541
f 546 541 510
f 510 541 515
f 510 515 511
f 511 515 516
f 511 516 512
f 512 516 416
f 512 416 405
f 405 416 408
f 405 408 417
f 417 408 418
f 417 418 424
f 424 418 428
f 424 428 423
f 423 428 427
f 423 427 422
f 422 427 420
f 422 420 1240
f 1240 420 1229
f 1240 1229 1241
f 1241 1229 784
f 1241 784 1242
f 1242 784 783
f 1242 783 799
f 799 783 808
f 799 808 805
f 805 808 809
f 805 809 806
f 806 809 802
f 806 802 727
f 727 802 726
f 727 726 728
f 728 726 732
f 728 732 729
f 729 732 731
f 729 731 730
f 730 731 747
f 730 747 740
f 740 747 742
f 740 742 904
f 904 742 908
f 904 908 903
f 903 908 909
f 903 909 902
f 902 909 910
f 902 910 901
f 901 910 905
f 901 905 898
f 898 905 965
f 898 965 888
f 888 965 972
f 888 972 897
f 897 972 949
f 897 949 945
f 945 949 953
f 945 953 946
f 946 953 952
f 45 35 44
f 44 35 33
f 44 33 43
f 43 33 39
f 43 39 41
f 41 39 40
f 41 40 38
f 38 40 34
f 38 34 24
f 24 34 26
f 24 26 23
f 23 26 6
f 23 6 5
f 5 6 7
f 5 7 4
f 4 7 8
f 4 8 3
f 3 8 2
f 3 2 253
f 253 2 130
f 253 130 254
f 254 130 283
f 254 283 273
f 273 283 284
f 273 284 286
f 286 284 275
f 286 275 295
f 295 275 299
f 295 299 296
f 296 299 300
f 296 300 289
f 289 300 293
f 289 293 294
f 294 293 287
f 294 287 297
f 297 287 288
f 297 288 552
f 552 288 540
f 552 540 543
f 543 540 539
f 543 539 542
f 542 539 553
f 542 553 541
f 541 553 514
f 541 514 515
f 515 514 513
f 515 513 516
f 516 513 409
f 516 409 416
f 416 409 412
f 416 412 408
f 408 412 411
f 408 411 418
f 418 411 410
f 418 410 428
f 428 410 419
f 428 419 427
f 427 419 433
f 427 433 420
f 420 433 432
f 420 432 1229
f 1229 432 787
f 1229 787 784
f 784 787 788
f 784 788 783
f 783 788 791
f 783 791 808
f 808 791 800
f 808 800 809
f 809 800 797
f 809 797 802
f 802 797 807
f 802 807 726
f 726 807 757
f 726 757 732
f 732 757 756
f 732 756 731
f 731 756 744
f 731 744 747
f 747 744 745
f 747 745 742
f 742 745 746
f 742 746 908
f 908 746 939
f 908 939 909
f 909 939 942
f 909 942 910
f 910 942 930
f 910 930 905
f 905 930 969
f 905 969 965
f 965 969 970
f 965 970 972
f 972 970 971
f 972 971 949
f 949 971 955
f 949 955 953
f 953 955 948
f 953 948 952
f 952 948 947
f 35 42 33
f 33 42 55
f 33 55 39
f 39 55 54
f 39 54 40
f 40 54 60
f 40 60 34
f 34 60 61
f 34 61 26
f 26 61 62
f 26 62 6
f 6 62 13
f 6 13 7
f 7 13 12
f 7 12 8
f 8 12 11
f 8 11 2
f 2 11 124
f 2 124 130
f 130 124 122
f 130 122 283
f 283 122 278
f 283 278 284
f 284 278 279
f 284 279 275
f 275 279 277
f 275 277 299
f 299 277 281
f 299 281 300
f 300 281 207
f 300 207 293
f 293 207 205
f 293 205 287
f 287 205 208
f 287 208 288
f 288 208 209
f 288 209 540
f 540 209 322
f 540 322 539
f 539 322 327
f 539 327 553
f 553 327 344
f 553 344 514
f 514 344 343
f 514 343 513
f 513 343 342
f 513 342 409
f 409 342 406
f 409 406 412
f 412 406 414
f 412 414 411
f 411 414 413
f 411 413 410
f 410 413 402
f 410 402 419
f 419 402 403
f 419 403 433
f 433 403 431
f 433 431 432
f 432 431 794
f 432 794 787
f 787 794 792
f 787 792 788
f 788 792 780
f 788 780 791
f 791 780 779
f 791 779 800
f 800 779 801
f 800 801 797
f 797 801 798
f 797 798 807
f 807 798 754
f 807 754 757
f 757 754 753
f 757 753 756
f 756 753 761
f 756 761 744
f 744 761 736
f 744 736 745
f 745 736 737
f 745 737 746
f 746 737 739
f 746 739 939
f 939 739 937
f 939 937 942
f 942 937 931
f 942 931 930
f 930 931 932
f 930 932 969
f 969 932 967
f 969 967 970
f 970 967 966
f 970 966 971
f 971 966 962
f 971 962 955
f 955 962 956
f 955 956 948
f 948 956 951
f 948 951 947
f 947 951 950
f 42 51 55
f 55 51 53
f 55 53 54
f 54 53 58
f 54 58 60
f 60 58 65
f 60 65 61
f 61 65 64
f 61 64 62
f 62 64 63
f 62 63 13
f 13 63 1
f 13 1 12
f 12 1 10
f 12 10 11
f 11 10 135
f 11 135 124
f 124 135 123
f 124 123 122
f 122 123 121
f 122 121 278
f 278 121 272
f 278 272 279
f 279 272 276
f 279 276 277
f 277 276 274
f 277 274 281
f 281 274 206
f 281 206 207
f 207 206 199
f 207 199 205
f 205 199 200
f 205 200 208
f 208 200 204
f 208 204 209
f 209 204 325
f 209 325 322
f 322 325 324
f 322 324 327
f 327 324 323
f 327 323 344
f 344 323 331
f 344 331 343
f 343 331 335
f 343 335 342
f 342 335 336
f 342 336 406
f 406 336 407
f 406 407 414
f 414 407 397
f 414 397 413
f 413 397 395
f 413 395 402
f 402 395 396
f 402 396 403
f 403 396 401
f 403 401 431
f 431 401 450
f 431 450 794
f 794 450 790
f 794 790 792
f 792 790 793
f 792 793 780
f 780 793 781
f 780 781 779
f 779 781 782
f 779 782 801
f 801 782 804
f 801 804 798
f 798 804 803
f 798 803 754
f 754 803 752
f 754 752 753
f 753 752 751
f 753 751 761
f 761 751 750
f 761 750 736
f 736 750 735
f 736 735 737
f 737 735 738
f 737 738 739
f 739 738 748
f 739 748 937
f 937 748 935
f 937 935 931
f 931 935 934
f 931 934 932
f 932 934 933
f 932 933 967
f 967 933 959
f 967 959 966
f 966 959 958
f 966 958 962
f 962 958 957
f 962 957 956
f 956 957 944
f 956 944 951
f 951 944 943
f 951 943 950
f 950 943 954
f 51 47 53
f 53 47 48
f 53 48 58
f 58 48 75
f 58 75 65
f 65 75 74
f 65 74 64
f 64 74 73
f 64 73 63
f 63 73 72
f 63 72 1
f 1 72 9
f 1 9 10
f 10 9 129
f 10 129 135
f 135 129 128
f 135 128 123
f 123 128 132
f 123 132 121
f 121 132 127
f 121 127 272
f 272 127 282
f 272 282 276
f 276 282 280
f 276 280 274
f 274 280 285
f 274 285 206
f 206 285 198
f 206 198 199
f 199 198 197
f 199 197 200
f 200 197 196
f 200 196 204
f 204 196 195
f 204 195 325
f 325 195 318
f 325 318 324
f 324 318 319
f 324 319 323
f 323 319 320
f 323 320 331
f 331 320 332
f 331 332 335
f 335 332 333
f 335 333 336
f 336 333 334
f 336 334 407
f 407 334 391
f 407 391 397
f 397 391 392
f 397 392 395
f 395 392 393
f 395 393 396
f 396 393 404
f 396 404 401
f 401 404 453
f 401 453 450
f 450 453 454
f 450 454 790
f 790 454 789
f 790 789 793
f 793 789 786
f 793 786 781
f 781 786 785
f 781 785 782
f 782 785 774
f 782 774 804
f 804 774 773
f 804 773 803
f 803 773 770
f 803 770 752
f 752 770 749
f 752 749 751
f 751 749 763
f 751 763 750
f 750 763 762
f 750 762 735
f 735 762 741
f 735 741 738
f 738 741 743
f 738 743 748
f 748 743 712
f 748 712 935
f 935 712 929
f 935 929 934
f 934 929 940
f 934 940 933
f 933 940 941
f 933 941 959
f 959 941 961
f 959 961 958
f 958 961 964
f 958 964 957
f 957 964 963
f 957 963 944
f 944 963 847
f 944 847 943
f 943 847 846
f 943 846 954
f 954 846 845
f 47 49 48
f 48 49 46
f 48 46 75
f 75 46 70
f 75 70 74
f 74 70 67
f 74 67 73
f 73 67 66
f 73 66 72
f 72 66 71
f 72 71 9
f 9 71 131
f 9 131 129
f 129 131 126
f 129 126 128
f 128 126 134
f 128 134 132
f 132 134 133
f 132 133 127
f 127 133 125
f 127 125 282
f 282 125 216
f 282 216 280
f 280 216 217
f 280 217 285
f 285 217 210
f 285 210 198
f 198 210 220
f 198 220 197
f 197 220 201
f 197 201 196
f 196 201 202
f 196 202 195
f 195 202 203
f 195 203 318
f 318 203 328
f 318 328 319
f 319 328 326
f 319 326 320
f 320 326 338
f 320 338 332
f 332 338 339
f 332 339 333
f 333 339 345
f 333 345 334
f 334 345 374
f 334 374 391
f 391 374 399
f 391 399 392
f 392 399 400
f 392 400 393
f 393 400 394
f 393 394 404
f 404 394 463
f 404 463 453
f 453 463 449
f 453 449 454
f 454 449 458
f 454 458 789
f 789 458 472
f 789 472 786
f 786 472 768
f 786 768 785
f 785 768 767
f 785 767 774
f 774 767 777
f 774 777 773
f 773 777 769
f 773 769 770
f 770 769 776
f 770 776 749
f 749 776 760
f 749 760 763
f 763 760 759
f 763 759 762
f 762 759 758
f 762 758 741
f 741 758 708
f 741 708 743
f 743 708 709
f 743 709 712
f 712 709 713
f 712 713 929
f 929 713 936
f 929 936 940
f 940 936 928
f 940 928 941
f 941 928 938
f 941 938 961
f 961 938 968
f 961 968 964
f 964 968 960
f 964 960 963
f 963 960 849
f 963 849 847
f 847 849 850
f 847 850 846
f 846 850 851
f 846 851 845
f 845 851 852
f 49 59 46
f 46 59 50
f 46 50 70
f 70 50 68
f 70 68 67
f 67 68 69
f 67 69 66
f 66 69 93
f 66 93 71
f 71 93 92
f 71 92 131
f 131 92 145
f 131 145 126
f 126 145 144
f 126 144 134
f 134 144 143
f 134 143 133
f 133 143 142
f 133 142 125
f 125 142 215
f 125 215 216
f 216 215 224
f 216 224 217
f 217 224 214
f 217 214 210
f 210 214 212
f 210 212 220
f 220 212 213
f 220 213 201
f 201 213 211
f 201 211 202
f 202 211 158
f 202 158 203
f 203 158 157
f 203 157 328
f 328 157 317
f 328 317 326
f 326 317 321
f 326 321 338
f 338 321 340
f 338 340 339
f 339 340 341
f 339 341 345
f 345 341 365
f 345 365 374
f 374 365 362
f 374 362 399
f 399 362 373
f 399 373 400
f 400 373 398
f 400 398 394
f 394 398 462
f 394 462 463
f 463 462 460
f 463 460 449
f 449 460 459
f 449 459 458
f 458 459 475
f 458 475 472
f 472 475 466
f 472 466 768
f 768 466 775
f 768 775 767
f 767 775 778
f 767 778 777
f 777 778 772
f 777 772 769
f 769 772 771
f 769 771 776
f 776 771 654
f 776 654 760
f 760 654 755
f 760 755 759
f 759 755 693
f 759 693 758
f 758 693 694
f 758 694 708
f 708 694 704
f 708 704 709
f 709 704 705
f 709 705 713
f 713 705 706
f 713 706 936
f 936 706 707
f 936 707 928
f 928 707 835
f 928 835 938
f 938 835 830
f 938 830 968
f 968 830 838
f 968 838 960
f 960 838 839
f 960 839 849
f 849 839 853
f 849 853 850
f 850 853 848
f 850 848 851
f 851 848 844
f 851 844 852
f 852 844 840
f 59 57 50
f 50 57 56
f 50 56 68
f 68 56 94
f 68 94 69
f 69 94 96
f 69 96 93
f 93 96 97
f 93 97 92
f 92 97 136
f 92 136 145
f 145 136 141
f 145 141 144
f 144 141 140
f 144 140 143
f 143 140 139
f 143 139 142
f 142 139 138
f 142 138 215
f 215 138 219
f 215 219 224
f 224 219 218
f 224 218 214
f 214 218 221
f 214 221 212
f 212 221 222
f 212 222 213
f 213 222 223
f 213 223 211
f 211 223 150
f 211 150 158
f 158 150 155
f 158 155 157
f 157 155 156
f 157 156 317
f 317 156 330
f 317 330 321
f 321 330 329
f 321 329 340
f 340 329 337
f 340 337 341
f 341 337 363
f 341 363 365
f 365 363 364
f 365 364 362
f 362 364 370
f 362 370 373
f 373 370 375
f 373 375 398
f 398 375 452
f 398 452 462
f 462 452 451
f 462 451 460
f 460 451 457
f 460 457 459
f 459 457 465
f 459 465 475
f 475 465 464
f 475 464 466
f 466 464 477
f 466 477 775
f 775 477 764
f 775 764 778
f 778 764 765
f 778 765 772
f 772 765 766
f 772 766 771
f 771 766 648
f 771 648 654
f 654 648 647
f 654 647 755
f 755 647 695
f 755 695 693
f 693 695 696
f 693 696 694
f 694 696 692
f 694 692 704
f 704 692 710
f 704 710 705
f 705 710 711
f 705 711 706
f 706 711 716
f 706 716 707
f 707 716 825
f 707 825 835
f 835 825 826
f 835 826 830
f 830 826 827
f 830 827 838
f 838 827 837
f 838 837 839
f 839 837 836
f 839 836 853
f 853 836 841
f 853 841 848
f 848 841 842
f 848 842 844
f 844 842 843
f 844 843 840
f 840 843 875
f 57 52 56
f 56 52 100
f 56 100 94
f 94 100 101
f 94 101 96
f 96 101 102
f 96 102 97
f 97 102 98
f 97 98 136
f 136 98 137
f 136 137 141
f 141 137 146
f 141 146 140
f 140 146 147
f 140 147 139
f 139 147 148
f 139 148 138
f 138 148 149
f 138 149 219
f 219 149 184
f 219 184 218
f 218 184 185
f 218 185 221
f 221 185 186
f 221 186 222
f 222 186 159
f 222 159 223
f 223 159 160
f 223 160 150
f 150 160 161
f 150 161 155
f 155 161 162
f 155 162 156
f 156 162 163
f 156 163 330
f 330 163 350
f 330 350 329
f 329 350 349
f 329 349 337
f 337 349 366
f 337 366 363
f 363 366 367
f 363 367 364
f 364 367 368
f 364 368 370
f 370 368 369
f 370 369 375
f 375 369 361
f 375 361 452
f 452 361 455
f 452 455 451
f 451 455 456
f 451 456 457
f 457 456 461
f 457 461 465
f 465 461 470
f 465 470 464
f 464 470 469
f 464 469 477
f 477 469 468
f 477 468 764
f 764 468 671
f 764 671 765
f 765 671 669
f 765 669 766
f 766 669 655
f 766 655 648
f 648 655 656
f 648 656 647
f 647 656 657
f 647 657 695
f 695 657 690
f 695 690 696
f 696 690 689
f 696 689 692
f 692 689 691
f 692 691 710
f 710 691 717
f 710 717 711
f 711 717 718
f 711 718 716
f 716 718 829
f 716 829 825
f 825 829 828
f 825 828 826
f 826 828 832
f 826 832 827
f 827 832 834
f 827 834 837
f 837 834 833
f 837 833 836
f 836 833 854
f 836 854 841
f 841 854 863
f 841 863 842
f 842 863 864
f 842 864 843
f 843 864 877
f 843 877 875
f 875 877 878
f 52 91 100
f 100 91 95
f 100 95 101
f 101 95 105
f 101 105 102
f 102 105 88
f 102 88 98
f 98 88 89
f 98 89 137
f 137 89 87
f 137 87 146
f 146 87 115
f 146 115 147
f 147 115 117
f 147 117 148
f 148 117 114
f 148 114 149
f 149 114 191
f 149 191 184
f 184 191 192
f 184 192 185
f 185 192 193
f 185 193 186
f 186 193 194
f 186 194 159
f 159 194 154
f 159 154 160
f 160 154 153
f 160 153 161
f 161 153 152
f 161 152 162
f 162 152 151
f 162 151 163
f 163 151 352
f 163 352 350
f 350 352 353
f 350 353 349
f 349 353 354
f 349 354 366
f 366 354 371
f 366 371 367
f 367 371 372
f 367 372 368
f 368 372 383
f 368 383 369
f 369 383 390
f 369 390 361
f 361 390 376
f 361 376 455
f 455 376 442
f 455 442 456
f 456 442 448
f 456 448 461
f 461 448 437
f 461 437 470
f 470 437 471
f 470 471 469
f 469 471 474
f 469 474 468
f 468 474 476
f 468 476 671
f 671 476 661
f 671 661 669
f 669 661 662
f 669 662 655
f 655 662 644
f 655 644 656
f 656 644 658
f 656 658 657
f 657 658 700
f 657 700 690
f 690 700 701
f 690 701 689
f 689 701 702
f 689 702 691
f 691 702 703
f 691 703 717
f 717 703 715
f 717 715 718
f 718 715 714
f 718 714 829
f 829 714 831
f 829 831 828
f 828 831 817
f 828 817 832
f 832 817 816
f 832 816 834
f 834 816 821
f 834 821 833
f 833 821 862
f 833 862 854
f 854 862 867
f 854 867 863
f 863 867 866
f 863 866 864
f 864 866 879
f 864 879 877
f 877 879 883
f 877 883 878
f 878 883 880
f 91 104 95
f 95 104 99
f 95 99 105
f 105 99 85
f 105 85 88
f 88 85 82
f 88 82 89
f 89 82 86
f 89 86 87
f 87 86 120
f 87 120 115
f 115 120 107
f 115 107 117
f 117 107 106
f 117 106 114
f 114 106 116
f 114 116 191
f 191 116 180
f 191 180 192
f 192 180 181
f 192 181 193
f 193 181 182
f 193 182 194
f 194 182 183
f 194 183 154
f 154 183 165
f 154 165 153
f 153 165 171
f 153 171 152
f 152 171 169
f 152 169 151
f 151 169 164
f 151 164 352
f 352 164 351
f 352 351 353
f 353 351 355
f 353 355 354
f 354 355 356
f 354 356 371
f 371 356 357
f 371 357 372
f 372 357 381
f 372 381 383
f 383 381 380
f 383 380 390
f 390 380 379
f 390 379 376
f 376 379 378
f 376 378 442
f 442 378 436
f 442 436 448
f 448 436 435
f 448 435 437
f 437 435 446
f 437 446 471
f 471 446 467
f 471 467 474
f 474 467 473
f 474 473 476
f 476 473 660
f 476 660 661
f 661 660 673
f 661 673 662
f 662 673 672
f 662 672 644
f 644 672 645
f 644 645 658
f 658 645 646
f 658 646 700
f 700 646 699
f 700 699 701
f 701 699 698
f 701 698 702
f 702 698 697
f 702 697 703
f 703 697 675
f 703 675 715
f 715 675 684
f 715 684 714
f 714 684 685
f 714 685 831
f 831 685 814
f 831 814 817
f 817 814 822
f 817 822 816
f 816 822 812
f 816 812 821
f 821 812 811
f 821 811 862
f 862 811 865
f 862 865 867
f 867 865 856
f 867 856 866
f 866 856 855
f 866 855 879
f 879 855 871
f 879 871 883
f 883 871 870
f 883 870 880
f 880 870 869
f 104 103 99
f 99 103 81
f 99 81 85
f 85 81 78
f 85 78 82
f 82 78 77
f 82 77 86
f 86 77 76
f 86 76 120
f 120 76 113
f 120 113 107
f 107 113 112
f 107 112 106
f 106 112 111
f 106 111 116
f 116 111 110
f 116 110 180
f 180 110 190
f 180 190 181
f 181 190 189
f 181 189 182
f 182 189 188
f 182 188 183
f 183 188 175
f 183 175 165
f 165 175 174
f 165 174 171
f 171 174 178
f 171 178 169
f 169 178 177
f 169 177 164
f 164 177 176
f 164 176 351
f 351 176 358
f 351 358 355
f 355 358 359
f 355 359 356
f 356 359 360
f 356 360 357
f 357 360 386
f 357 386 381
f 381 386 385
f 381 385 380
f 380 385 382
f 380 382 379
f 379 382 384
f 379 384 378
f 378 384 444
f 378 444 436
f 436 444 447
f 436 447 435
f 435 447 445
f 435 445 446
f 446 445 434
f 446 434 467
f 467 434 440
f 467 440 473
f 473 440 670
f 473 670 660
f 660 670 667
f 660 667 673
f 673 667 663
f 673 663 672
f 672 663 659
f 672 659 645
f 645 659 653
f 645 653 646
f 646 653 652
f 646 652 699
f 699 652 687
f 699 687 698
f 698 687 688
f 698 688 697
f 697 688 674
f 697 674 675
f 675 674 686
f 675 686 684
f 684 686 682
f 684 682 685
f 685 682 683
f 685 683 814
f 814 683 818
f 814 818 822
f 822 818 819
f 822 819 812
f 812 819 820
f 812 820 811
f 811 820 815
f 811 815 865
f 865 815 857
f 865 857 856
f 856 857 860
f 856 860 855
f 855 860 861
f 855 861 871
f 871 861 876
f 871 876 870
f 870 876 881
f 870 881 869
f 869 881 882
f 103 90 81
f 81 90 83
f 81 83 78
f 78 83 84
f 78 84 77
f 77 84 79
f 77 79 76
f 76 79 80
f 76 80 113
f 113 80 108
f 113 108 112
f 112 108 109
f 112 109 111
f 111 109 119
f 111 119 110
f 110 119 118
f 110 118 190
f 190 118 179
f 190 179 189
f 189 179 187
f 189 187 188
f 188 187 166
f 188 166 175
f 175 166 172
f 175 172 174
f 174 172 170
f 174 170 178
f 178 170 173
f 178 173 177
f 177 173 168
f 177 168 176
f 176 168 167
f 176 167 358
f 358 167 348
f 358 348 359
f 359 348 347
f 359 347 360
f 360 347 346
f 360 346 386
f 386 346 387
f 386 387 385
f 385 387 388
f 385 388 382
f 382 388 389
f 382 389 384
f 384 389 377
f 384 377 444
f 444 377 443
f 444 443 447
f 447 443 441
f 447 441 445
f 445 441 438
f 445 438 434
f 434 438 439
f 434 439 440
f 440 439 668
f 440 668 670
f 670 668 666
f 670 666 667
f 667 666 665
f 667 665 663
f 663 665 664
f 663 664 659
f 659 664 649
f 659 649 653
f 653 649 651
f 653 651 652
f 652 651 650
f 652 650 687
f 687 650 681
f 687 681 688
f 688 681 680
f 688 680 674
f 674 680 679
f 674 679 686
f 686 679 678
f 686 678 682
f 682 678 677
f 682 677 683
f 683 677 676
f 683 676 818
f 818 676 823
f 818 823 819
f 819 823 824
f 819 824 820
f 820 824 810
f 820 810 815
f 815 810 813
f 815 813 857
f 857 813 868
f 857 868 860
f 860 868 859
f 860 859 861
f 861 859 858
f 861 858 876
f 876 858 874
f 876 874 881
f 881 874 873
f 881 873 882
f 882 873 872
