v 1.455000190000e-01 9.744583960000e-01 -1.855000110000e-01
v 1.450000260000e-01 9.744583960000e-01 -1.720000210000e-01
v 1.695000080000e-01 9.744583960000e-01 -1.960000100000e-01
v 1.705000100000e-01 9.744583960000e-01 -1.870000060000e-01
v 1.705000100000e-01 9.744583960000e-01 -1.745000180000e-01
v 1.320000140000e-01 9.744583960000e-01 -1.680000130000e-01
v 1.400000150000e-01 9.744583960000e-01 -1.570000050000e-01
v 1.182500120000e-01 9.744583960000e-01 -1.825000050000e-01
v 1.580000070000e-01 9.744583960000e-01 -1.800000070000e-01
v 1.560000180000e-01 9.744583960000e-01 -1.930000190000e-01
v 1.582500040000e-01 9.744583960000e-01 -1.675000040000e-01
v 1.560000030000e-01 9.744583960000e-01 -1.560000030000e-01
v 1.300000250000e-01 9.744583960000e-01 -1.930000190000e-01
v 1.320000140000e-01 9.744583960000e-01 -1.800000070000e-01
v 1.435000150000e-01 9.744583960000e-01 -1.960000100000e-01
v 1.455000190000e-01 9.744583960000e-01 -2.265000190000e-01
v 1.455000190000e-01 9.744583960000e-01 -2.375000120000e-01
v 1.672500070000e-01 9.744583960000e-01 -2.175000160000e-01
v 1.560000180000e-01 9.744583960000e-01 -2.250000240000e-01
v 1.190000100000e-01 9.744583960000e-01 -2.390000080000e-01
v 1.675000040000e-01 9.744583960000e-01 -2.062500120000e-01
v 1.817500000000e-01 9.744583960000e-01 -2.100000080000e-01
v 1.320000140000e-01 9.744583960000e-01 -2.190000120000e-01
v 1.320000140000e-01 9.744583960000e-01 -2.070000170000e-01
v 1.320000140000e-01 9.744583960000e-01 -2.450000050000e-01
v 1.320000140000e-01 9.744583960000e-01 -2.320000080000e-01
v 1.560000180000e-01 9.744583960000e-01 -2.130000140000e-01
v 1.480000170000e-01 9.744583960000e-01 -2.040000110000e-01
v 1.455000190000e-01 9.744583960000e-01 -2.145000100000e-01
v 8.000000570000e-02 9.744583960000e-01 -2.250000240000e-01
v 9.600000830000e-02 9.744583960000e-01 -1.965000180000e-01
v 9.400001170000e-02 9.744583960000e-01 -2.190000120000e-01
v 8.900000900000e-02 9.744583960000e-01 -2.070000170000e-01
v 8.000000570000e-02 9.744583960000e-01 -1.930000190000e-01
v 9.600000830000e-02 9.744583960000e-01 -1.800000070000e-01
v 1.040000100000e-01 9.744583960000e-01 -2.320000080000e-01
v 1.155000110000e-01 9.744583960000e-01 -2.130000140000e-01
v 8.000000570000e-02 9.744583960000e-01 -2.160000210000e-01
v 1.155000110000e-01 9.744583960000e-01 -2.242500190000e-01
v 1.080000100000e-01 9.744583960000e-01 -2.000000180000e-01
v 1.060000060000e-01 9.744583960000e-01 -1.870000060000e-01
v 1.190000100000e-01 9.744583960000e-01 -2.007500080000e-01
v 1.040000100000e-01 9.744583960000e-01 -2.160000210000e-01
v 9.200000760000e-02 9.744583960000e-01 -2.320000080000e-01
v 4.400000720000e-02 9.744583960000e-01 -2.115000190000e-01
v 5.600000550000e-02 9.744583960000e-01 -2.070000170000e-01
v 7.000000770000e-02 9.744583960000e-01 -1.985000070000e-01
v 7.000000770000e-02 9.744583960000e-01 -2.130000140000e-01
v 5.600000550000e-02 9.744583960000e-01 -2.250000240000e-01
v 5.600000550000e-02 9.744583960000e-01 -1.960000100000e-01
v 6.800000370000e-02 9.744583960000e-01 -2.250000240000e-01
v 6.800000370000e-02 9.744583960000e-01 -1.785000120000e-01
v 6.800000370000e-02 9.744583960000e-01 -1.600000110000e-01
v 8.000000570000e-02 9.744583960000e-01 -1.800000070000e-01
v 5.600000550000e-02 9.744583960000e-01 -1.560000030000e-01
v 5.600000550000e-02 9.744583960000e-01 -1.720000210000e-01
v 5.600000550000e-02 9.744583960000e-01 -1.870000060000e-01
v 8.000000570000e-02 9.744583960000e-01 -1.677500010000e-01
v 5.600000550000e-02 9.744583960000e-01 -2.160000210000e-01
v 2.400000390000e-02 9.744583960000e-01 -1.560000030000e-01
v 3.200000520000e-02 9.744583960000e-01 -1.870000060000e-01
v 3.200000520000e-02 9.744583960000e-01 -1.677500010000e-01
v 1.600000260000e-02 9.744583960000e-01 -2.130000140000e-01
v 3.200000520000e-02 9.744583960000e-01 -1.960000100000e-01
v 2.000000330000e-02 9.744583960000e-01 -2.000000180000e-01
v 4.400000720000e-02 9.744583960000e-01 -1.885000170000e-01
v 1.250000200000e-02 9.744583960000e-01 -1.712500150000e-01
v 3.200000520000e-02 9.744583960000e-01 -2.070000170000e-01
v 4.200000690000e-02 9.744583960000e-01 -1.717500090000e-01
v 2.400000390000e-02 9.744583960000e-01 -1.760000140000e-01
v 9.000001480000e-03 9.744583960000e-01 -2.000000180000e-01
v 3.200000520000e-02 9.744583960000e-01 -2.160000210000e-01
v 1.600000260000e-02 9.744583960000e-01 -1.870000060000e-01
v 4.000000660000e-02 9.744583960000e-01 -1.580000070000e-01
v 4.000000660000e-02 9.744583960000e-01 -1.485000100000e-01
v 6.800000370000e-02 9.744583960000e-01 -8.800000700000e-02
v 5.600000550000e-02 9.744583960000e-01 -1.430000070000e-01
v 8.000000570000e-02 9.744583960000e-01 -1.320000140000e-01
v 2.800000460000e-02 9.744583960000e-01 -1.430000070000e-01
v 3.200000520000e-02 9.744583960000e-01 -1.320000140000e-01
v 7.000000770000e-02 9.744583960000e-01 -1.360000070000e-01
v 6.800000370000e-02 9.744583960000e-01 -1.040000100000e-01
v 8.000000570000e-02 9.744583960000e-01 -1.080000100000e-01
v 5.600000550000e-02 9.744583960000e-01 -1.040000100000e-01
v 5.600000550000e-02 9.744583960000e-01 -1.200000050000e-01
v 4.400000720000e-02 9.744583960000e-01 -1.200000050000e-01
v 8.000000570000e-02 9.744583960000e-01 -9.600000830000e-02
v 4.400000720000e-02 9.744583960000e-01 -1.360000070000e-01
v 7.200000440000e-02 9.744583960000e-01 -1.200000050000e-01
v 5.600000550000e-02 9.744583960000e-01 -1.320000140000e-01
v 1.135000140000e-01 9.744583960000e-01 -1.705000100000e-01
v 8.000000570000e-02 9.744583960000e-01 -1.570000050000e-01
v 9.600000830000e-02 9.744583960000e-01 -1.677500010000e-01
v 8.800000700000e-02 9.744583960000e-01 -1.395000070000e-01
v 1.190000100000e-01 9.744583960000e-01 -1.560000030000e-01
v 7.200000440000e-02 9.744583960000e-01 -1.482500140000e-01
v 1.280000210000e-01 9.744583960000e-01 -1.560000030000e-01
v 9.200000760000e-02 9.744583960000e-01 -1.532500090000e-01
v 1.000000090000e-01 9.744583960000e-01 -1.375000180000e-01
v 1.120000110000e-01 9.744583960000e-01 -1.455000040000e-01
v 1.080000100000e-01 9.744583960000e-01 -1.360000070000e-01
v 1.040000100000e-01 9.744583960000e-01 -1.580000070000e-01
v 1.040000100000e-01 9.744583960000e-01 -1.200000050000e-01
v 8.800000700000e-02 9.744583960000e-01 -1.200000050000e-01
v 1.285000150000e-01 9.744583960000e-01 -1.437500120000e-01
v 1.780000030000e-01 9.744583960000e-01 -6.175000220000e-02
v 1.735000010000e-01 9.744583960000e-01 -5.000000450000e-02
v 1.720000060000e-01 9.744583960000e-01 -4.000000660000e-02
v 1.750000120000e-01 9.744583960000e-01 -2.500000410000e-02
v 1.840000150000e-01 9.744583960000e-01 -4.800000410000e-02
v 2.055000070000e-01 9.744583960000e-01 -2.400000390000e-02
v 1.930000190000e-01 9.744583960000e-01 -4.800000410000e-02
v 1.885000170000e-01 9.744583960000e-01 -2.200000360000e-02
v 1.622500120000e-01 9.744583960000e-01 -3.450000290000e-02
v 1.550000010000e-01 9.744583960000e-01 -3.000000490000e-02
v 1.960000100000e-01 9.744583960000e-01 -3.200000520000e-02
v 1.870000060000e-01 9.744583960000e-01 -3.400000560000e-02
v 2.079896030000e-01 9.744583960000e-01 -3.600520640000e-02
v 1.617500040000e-01 9.744583960000e-01 -1.900000310000e-02
v 1.250000150000e-01 9.744583960000e-01 -2.800000460000e-02
v 1.320000140000e-01 9.744583960000e-01 -3.600000590000e-02
v 1.340000030000e-01 9.744583960000e-01 -1.900000130000e-02
v 1.250000150000e-01 9.744583960000e-01 -4.800000410000e-02
v 1.472500120000e-01 9.744583960000e-01 -2.025000190000e-02
v 1.609999980000e-01 9.744583960000e-01 -5.550000070000e-02
v 1.360000070000e-01 9.744583960000e-01 -4.800000410000e-02
v 1.452500220000e-01 9.744583960000e-01 -4.000000660000e-02
v 1.450000260000e-01 9.744583960000e-01 -7.250000540000e-02
v 1.480000170000e-01 9.744583960000e-01 -5.200000110000e-02
v 1.475000080000e-01 9.744583960000e-01 -6.150000540000e-02
v 1.587500130000e-01 9.744583960000e-01 -4.400000720000e-02
v 1.615000070000e-01 9.744583960000e-01 -6.750000270000e-02
v 1.320000140000e-01 9.744583960000e-01 -6.100000440000e-02
v 1.320000140000e-01 9.744583960000e-01 -7.299999890000e-02
v 9.600000830000e-02 9.744583960000e-01 -4.800000410000e-02
v 9.200000760000e-02 9.744583960000e-01 -6.100000440000e-02
v 9.600000830000e-02 9.744583960000e-01 -8.800000700000e-02
v 9.000000360000e-02 9.744583960000e-01 -7.299999890000e-02
v 8.000000570000e-02 9.744583960000e-01 -6.100000440000e-02
v 8.000000570000e-02 9.744583960000e-01 -8.000000570000e-02
v 7.000000770000e-02 9.744583960000e-01 -7.299999890000e-02
v 1.040000100000e-01 9.744583960000e-01 -7.600000500000e-02
v 1.040000100000e-01 9.744583960000e-01 -6.700000170000e-02
v 1.155000110000e-01 9.744583960000e-01 -8.000000570000e-02
v 1.190000100000e-01 9.744583960000e-01 -6.700000170000e-02
v 1.175000070000e-01 9.744583960000e-01 -5.500000340000e-02
v 1.060000060000e-01 9.744583960000e-01 -5.500000340000e-02
v 1.120000110000e-01 9.744583960000e-01 -4.000000660000e-02
v 1.855000110000e-01 9.744583960000e-01 -7.150000330000e-02
v 1.840000150000e-01 9.744583960000e-01 -8.800000700000e-02
v 1.435000150000e-01 9.744583960000e-01 -1.447500140000e-01
v 1.750000120000e-01 9.744583960000e-01 -8.800000700000e-02
v 1.520000250000e-01 9.744583960000e-01 -1.200000050000e-01
v 1.840000150000e-01 9.744583960000e-01 -1.040000100000e-01
v 1.750000120000e-01 9.744583960000e-01 -1.040000100000e-01
v 1.750000120000e-01 9.744583960000e-01 -7.299999890000e-02
v 1.750000120000e-01 9.744583960000e-01 -1.200000050000e-01
v 1.360000070000e-01 9.744583960000e-01 -1.360000070000e-01
v 1.640000050000e-01 9.744583960000e-01 -1.200000050000e-01
v 1.560000030000e-01 9.744583960000e-01 -1.430000070000e-01
v 1.630000030000e-01 9.744583960000e-01 -1.320000140000e-01
v 1.480000170000e-01 9.744583960000e-01 -1.320000140000e-01
v 1.637500080000e-01 9.744583960000e-01 -1.040000100000e-01
v 1.400000150000e-01 9.744583960000e-01 -8.800000700000e-02
v 1.610000130000e-01 9.744583960000e-01 -9.000000360000e-02
v 1.560000030000e-01 9.744583960000e-01 -8.400000630000e-02
v 1.574999990000e-01 9.744583960000e-01 -7.600000500000e-02
v 9.600000830000e-02 9.744583960000e-01 -1.040000100000e-01
v 1.120000110000e-01 9.744583960000e-01 -1.080000100000e-01
v 1.120000110000e-01 9.744583960000e-01 -9.600000830000e-02
v 1.190000100000e-01 9.744583960000e-01 -1.200000050000e-01
v 1.250000150000e-01 9.744583960000e-01 -1.060000060000e-01
v 1.280000210000e-01 9.744583960000e-01 -1.200000050000e-01
v 1.355000140000e-01 9.744583960000e-01 -1.040000100000e-01
v 1.250000150000e-01 9.744583960000e-01 -8.800000700000e-02
v 1.389999990000e-01 9.744583960000e-01 -1.200000050000e-01
v 1.492500160000e-01 9.744583960000e-01 -1.000000090000e-01
v 1.235000190000e-01 9.744583960000e-01 -1.320000140000e-01
v 1.520000250000e-01 9.744583960000e-01 -1.080000100000e-01
v 1.867500100000e-01 9.744583960000e-01 -1.735000010000e-01
v 1.960000100000e-01 9.744583960000e-01 -1.560000030000e-01
v 1.705000100000e-01 9.744583960000e-01 -1.447499990000e-01
v 1.840000150000e-01 9.744583960000e-01 -1.590000090000e-01
v 1.802500040000e-01 9.744583960000e-01 -1.835000070000e-01
v 1.759999990000e-01 9.744583960000e-01 -1.650000070000e-01
v 1.690000000000e-01 9.744583960000e-01 -1.560000180000e-01
v 1.795000140000e-01 9.744583960000e-01 -1.320000140000e-01
v 1.840000150000e-01 9.744583960000e-01 -1.502500180000e-01
v 1.810000090000e-01 9.744583960000e-01 -1.415000110000e-01
v 1.937500240000e-01 9.744583960000e-01 -1.385000050000e-01
v 1.840000150000e-01 9.744583960000e-01 -1.200000050000e-01
v 1.930000190000e-01 9.744583960000e-01 -1.200000050000e-01
v 2.039999960000e-01 9.744583960000e-01 -1.200000050000e-01
v 1.930000190000e-01 9.744583960000e-01 -8.800000700000e-02
v 1.945000140000e-01 9.744583960000e-01 -6.100000440000e-02
v 2.214042690000e-01 9.730385540000e-01 -4.500000550000e-02
v 2.087396090000e-01 9.744583960000e-01 -6.150520590000e-02
v 2.205012890000e-01 9.739446040000e-01 -6.761171670000e-02
v 1.955000160000e-01 9.744583960000e-01 -7.250000540000e-02
v 2.169995310000e-01 9.745016690000e-01 -8.611945810000e-02
v 2.172390520000e-01 9.744854570000e-01 -4.832074790000e-02
v 2.064999940000e-01 9.744583960000e-01 -7.450000200000e-02
v 2.059974070000e-01 9.744583960000e-01 -8.725130560000e-02
v 1.930000190000e-01 9.744583960000e-01 -1.020000130000e-01
v 2.074947950000e-01 9.744583960000e-01 -1.005026100000e-01
v 2.000000030000e-01 9.744583960000e-01 -1.080000100000e-01
v 2.072422060000e-01 9.744583960000e-01 -4.750390720000e-02
v 2.166059760000e-01 9.745250940000e-01 -1.079392730000e-01
v -4.800000410000e-02 9.744583960000e-01 -8.800000700000e-02
v -4.800000410000e-02 9.744583960000e-01 -1.040000100000e-01
v -3.250000630000e-02 9.744583960000e-01 -6.624999640000e-02
v -4.600000380000e-02 9.744583960000e-01 -6.100000440000e-02
v -3.450000290000e-02 9.744583960000e-01 -5.350000410000e-02
v -6.100000440000e-02 9.744583960000e-01 -1.040000100000e-01
v -6.100000440000e-02 9.744583960000e-01 -7.299999890000e-02
v -6.100000440000e-02 9.744583960000e-01 -8.800000700000e-02
v -3.250000630000e-02 9.744583960000e-01 -8.000000570000e-02
v -7.200000440000e-02 9.744583960000e-01 -8.800000700000e-02
v -5.950000140000e-02 9.744583960000e-01 -6.175000220000e-02
v -7.200000440000e-02 9.744583960000e-01 -1.040000100000e-01
v -3.600000590000e-02 9.744583960000e-01 -9.600000830000e-02
v -7.600000500000e-02 9.744583960000e-01 -7.299999890000e-02
v -4.800000410000e-02 9.744583960000e-01 -7.299999890000e-02
v -1.150000100000e-01 9.744583960000e-01 -1.020000130000e-01
v -1.000000090000e-01 9.744583960000e-01 -1.040000100000e-01
v -1.130000130000e-01 9.744583960000e-01 -6.700000170000e-02
v -1.070000080000e-01 9.744583960000e-01 -8.800000700000e-02
v -1.000000090000e-01 9.744583960000e-01 -7.299999890000e-02
v -1.000000090000e-01 9.744583960000e-01 -6.100000440000e-02
v -9.600000830000e-02 9.744583960000e-01 -8.800000700000e-02
v -1.145000160000e-01 9.744583960000e-01 -5.500000340000e-02
v -1.070000080000e-01 9.744583960000e-01 -4.800000410000e-02
v -9.600000830000e-02 9.744583960000e-01 -4.800000410000e-02
v -8.400000630000e-02 9.744583960000e-01 -8.800000700000e-02
v -1.200000050000e-01 9.744583960000e-01 -7.600000500000e-02
v -8.800000700000e-02 9.744583960000e-01 -6.700000170000e-02
v -1.262500140000e-01 9.744583960000e-01 -6.325000520000e-02
v -1.200000050000e-01 9.744583960000e-01 -8.800000700000e-02
v -6.650000810000e-02 9.744583960000e-01 -2.200000360000e-02
v -7.600000500000e-02 9.744583960000e-01 -3.600000590000e-02
v -4.800000410000e-02 9.744583960000e-01 -2.400000390000e-02
v -6.100000440000e-02 9.744583960000e-01 -3.200000520000e-02
v -3.175000470000e-02 9.744583960000e-01 -4.012500490000e-02
v -4.800000410000e-02 9.744583960000e-01 -3.600000590000e-02
v -7.600000500000e-02 9.744583960000e-01 -6.100000440000e-02
v -6.100000440000e-02 9.744583960000e-01 -4.800000410000e-02
v -8.400000630000e-02 9.744583960000e-01 -4.800000410000e-02
v -7.200000440000e-02 9.744583960000e-01 -4.800000410000e-02
v -4.800000410000e-02 9.744583960000e-01 -4.800000410000e-02
v -9.200000760000e-02 9.744583960000e-01 -3.400000560000e-02
v -3.425000610000e-02 9.744583960000e-01 -2.400000390000e-02
v -8.400000630000e-02 9.744583960000e-01 -2.400000390000e-02
v -1.850000020000e-02 9.744583960000e-01 -2.400000390000e-02
v -1.000000090000e-01 9.744583960000e-01 -1.320000140000e-01
v -6.400000300000e-02 9.744583960000e-01 -1.360000070000e-01
v -1.000000090000e-01 9.744583960000e-01 -1.200000050000e-01
v -7.600000500000e-02 9.744583960000e-01 -1.360000070000e-01
v -7.450000940000e-02 9.744583960000e-01 -1.497500090000e-01
v -8.800000700000e-02 9.744583960000e-01 -1.360000070000e-01
v -6.350000200000e-02 9.744583960000e-01 -1.630000170000e-01
v -5.200000110000e-02 9.744583960000e-01 -1.560000030000e-01
v -5.350000410000e-02 9.744583960000e-01 -1.385000050000e-01
v -1.130000130000e-01 9.744583960000e-01 -1.320000140000e-01
v -6.199999900000e-02 9.744583960000e-01 -1.495000120000e-01
v -6.100000440000e-02 9.744583960000e-01 -1.200000050000e-01
v -7.200000440000e-02 9.744583960000e-01 -1.200000050000e-01
v -8.400000630000e-02 9.744583960000e-01 -1.040000100000e-01
v -8.400000630000e-02 9.744583960000e-01 -1.200000050000e-01
v -1.130000130000e-01 9.744583960000e-01 -1.560000030000e-01
v -1.070000080000e-01 9.744583960000e-01 -1.800000070000e-01
v -1.200000050000e-01 9.744583960000e-01 -1.760000140000e-01
v -7.650000600000e-02 9.744583960000e-01 -1.675000190000e-01
v -8.000000570000e-02 9.744583960000e-01 -1.560000030000e-01
v -1.020000130000e-01 9.744583960000e-01 -1.950000230000e-01
v -8.800000700000e-02 9.744583960000e-01 -1.532500090000e-01
v -1.165000050000e-01 9.744583960000e-01 -1.437500120000e-01
v -9.200000760000e-02 9.744583960000e-01 -1.800000070000e-01
v -1.330000160000e-01 9.744583960000e-01 -1.820000110000e-01
v -1.000000090000e-01 9.744583960000e-01 -1.560000030000e-01
v -1.240000050000e-01 9.744583960000e-01 -1.560000030000e-01
v -1.000000090000e-01 9.744583960000e-01 -1.430000070000e-01
v -9.400001170000e-02 9.744583960000e-01 -1.677500010000e-01
v -1.200000120000e-01 9.744583960000e-01 -1.870000060000e-01
v -1.185000090000e-01 9.744583960000e-01 -1.680000130000e-01
v -1.130000130000e-01 9.744583960000e-01 -1.200000050000e-01
v -1.360000070000e-01 9.744583960000e-01 -1.200000050000e-01
v -1.270000040000e-01 9.744583960000e-01 -1.367500130000e-01
v -1.360000070000e-01 9.744583960000e-01 -1.360000070000e-01
v -1.600000110000e-01 9.744583960000e-01 -1.430000070000e-01
v -1.600000110000e-01 9.744583960000e-01 -1.680000130000e-01
v -1.270000040000e-01 9.744583960000e-01 -1.200000050000e-01
v -1.462500100000e-01 9.744583960000e-01 -1.385000050000e-01
v -1.345000120000e-01 9.744583960000e-01 -1.520000100000e-01
v -1.345000120000e-01 9.744583960000e-01 -1.665000020000e-01
v -1.470000150000e-01 9.744583960000e-01 -1.560000030000e-01
v -1.600000110000e-01 9.744583960000e-01 -1.560000030000e-01
v -1.435000150000e-01 9.744583960000e-01 -1.720000210000e-01
v -1.200000050000e-01 9.744583960000e-01 -1.080000100000e-01
v -1.470000150000e-01 9.744583960000e-01 -1.200000050000e-01
v -1.350000200000e-01 9.744583960000e-01 -1.060000060000e-01
v -1.600000110000e-01 9.744583960000e-01 -1.320000140000e-01
v -1.400000150000e-01 9.744583960000e-01 -1.000000090000e-01
v -1.600000110000e-01 9.744583960000e-01 -1.080000100000e-01
v -1.600000110000e-01 9.744583960000e-01 -1.200000050000e-01
v -1.600000110000e-01 9.744583960000e-01 -8.800000700000e-02
v -1.550000010000e-01 9.744583960000e-01 -1.020000130000e-01
v -1.720000210000e-01 9.744583960000e-01 -1.200000050000e-01
v -1.720000210000e-01 9.744583960000e-01 -1.360000070000e-01
v -1.470000150000e-01 9.744583960000e-01 -8.800000700000e-02
v -1.415000110000e-01 9.744583960000e-01 -7.450000200000e-02
v -1.330000160000e-01 9.744583960000e-01 -8.800000700000e-02
v -1.720000210000e-01 9.744583960000e-01 -1.045000110000e-01
v 1.164153220000e-10 9.744583960000e-01 -1.560000030000e-01
v -1.950000230000e-02 9.744583960000e-01 -1.422500010000e-01
v -1.050000080000e-02 9.744583960000e-01 -1.495000120000e-01
v -3.375000510000e-02 9.744583960000e-01 -1.825000050000e-01
v -3.325000410000e-02 9.744583960000e-01 -1.657499970000e-01
v 9.000001480000e-03 9.744583960000e-01 -1.599999960000e-01
v -3.300000350000e-02 9.744583960000e-01 -1.472500120000e-01
v -4.800000410000e-02 9.744583960000e-01 -1.800000070000e-01
v -4.800000410000e-02 9.744583960000e-01 -1.677500010000e-01
v -4.250000420000e-02 9.744583960000e-01 -1.527500150000e-01
v 1.050000080000e-02 9.744583960000e-01 -1.495000120000e-01
v -1.675000230000e-02 9.744583960000e-01 -1.685000060000e-01
v -2.100000160000e-02 9.744583960000e-01 -1.560000030000e-01
v -4.500000740000e-03 9.744583960000e-01 -1.732500200000e-01
v -9.000001480000e-03 9.744583960000e-01 -1.599999960000e-01
v -1.050000080000e-02 9.744583960000e-01 -2.175000160000e-01
v -3.150000420000e-02 9.744583960000e-01 -1.945000140000e-01
v -9.000001480000e-03 9.744583960000e-01 -1.870000060000e-01
v -3.250000630000e-02 9.744583960000e-01 -2.070000170000e-01
v -4.800000410000e-02 9.744583960000e-01 -2.250000240000e-01
v -2.200000170000e-02 9.744583960000e-01 -2.205000220000e-01
v -3.300000350000e-02 9.744583960000e-01 -2.250000240000e-01
v -2.100000160000e-02 9.744583960000e-01 -1.800000070000e-01
v -2.125000210000e-02 9.744583960000e-01 -2.000000180000e-01
v 1.164153220000e-10 9.744583960000e-01 -2.015000130000e-01
v -7.500001230000e-04 9.744583960000e-01 -2.220000180000e-01
v -9.000001480000e-03 9.744583960000e-01 -2.015000130000e-01
v 1.500000250000e-03 9.744583960000e-01 -1.855000110000e-01
v -3.200000520000e-02 9.744583960000e-01 -2.160000210000e-01
v -5.000000450000e-02 9.744583960000e-01 -1.930000190000e-01
v -6.100000440000e-02 9.744583960000e-01 -2.265000190000e-01
v -6.800000370000e-02 9.744583960000e-01 -1.760000140000e-01
v -4.400000720000e-02 9.744583960000e-01 -2.000000180000e-01
v -5.500000340000e-02 9.744583960000e-01 -2.055000070000e-01
v -7.600000500000e-02 9.744583960000e-01 -2.000000180000e-01
v -6.025000290000e-02 9.744583960000e-01 -1.835000070000e-01
v -7.600000500000e-02 9.744583960000e-01 -2.130000140000e-01
v -4.800000410000e-02 9.744583960000e-01 -2.130000140000e-01
v -9.600000830000e-02 9.744583960000e-01 -2.000000180000e-01
v -8.600001040000e-02 9.744583960000e-01 -1.930000190000e-01
v -6.450000410000e-02 9.744583960000e-01 -2.190000120000e-01
v -6.250000000000e-02 9.744583960000e-01 -2.015000130000e-01
v -8.800000700000e-02 9.744583960000e-01 -2.115000190000e-01
v -7.600000500000e-02 9.744583960000e-01 -1.835000070000e-01
v 5.600000550000e-02 9.744583960000e-01 -4.800000410000e-02
v 6.800000370000e-02 9.744583960000e-01 -6.100000440000e-02
v 6.800000370000e-02 9.744583960000e-01 -3.200000520000e-02
v 8.000000570000e-02 9.744583960000e-01 -4.800000410000e-02
v 4.400000720000e-02 9.744583960000e-01 -6.100000440000e-02
v 5.600000550000e-02 9.744583960000e-01 -3.600000590000e-02
v 3.200000520000e-02 9.744583960000e-01 -4.800000410000e-02
v 6.800000370000e-02 9.744583960000e-01 -4.800000410000e-02
v 7.800000910000e-02 9.744583960000e-01 -3.200000520000e-02
v 5.600000550000e-02 9.744583960000e-01 -7.299999890000e-02
v 5.600000550000e-02 9.744583960000e-01 -6.100000440000e-02
v 4.200000690000e-02 9.744583960000e-01 -7.299999890000e-02
v 3.100000510000e-02 9.744583960000e-01 -6.400000300000e-02
v 4.000000660000e-02 9.744583960000e-01 -3.200000520000e-02
v 4.400000720000e-02 9.744583960000e-01 -4.800000410000e-02
v 1.800000300000e-02 9.744583960000e-01 -6.100000440000e-02
v 1.600000260000e-02 9.744583960000e-01 -3.200000520000e-02
v 9.000001480000e-03 9.744583960000e-01 -4.800000410000e-02
v 2.000000330000e-02 9.744583960000e-01 -4.800000410000e-02
v -2.150000070000e-02 9.744583960000e-01 -5.800000210000e-02
v -9.000001480000e-03 9.744583960000e-01 -6.550000610000e-02
v -1.575000210000e-02 9.744583960000e-01 -3.950000550000e-02
v -9.500000630000e-03 9.744583960000e-01 -5.350000410000e-02
v -3.000000490000e-03 9.744583960000e-01 -3.800000620000e-02
v 1.350000220000e-02 9.744583960000e-01 -7.375000420000e-02
v 1.164153220000e-10 9.744583960000e-01 -4.800000410000e-02
v -9.000001480000e-03 9.744583960000e-01 -2.600000430000e-02
v 3.000000490000e-03 9.744583960000e-01 -2.800000460000e-02
v 2.800000460000e-02 9.744583960000e-01 -3.200000520000e-02
v 4.500000740000e-03 9.744583960000e-01 -6.175000220000e-02
v -4.800000410000e-02 9.744583960000e-01 -1.200000050000e-01
v -3.300000350000e-02 9.744583960000e-01 -1.300000100000e-01
v -4.400000720000e-02 9.744583960000e-01 -1.360000070000e-01
v 3.000000490000e-03 9.744583960000e-01 -8.800000700000e-02
v -1.500000250000e-03 9.744583960000e-01 -7.450000200000e-02
v -1.050000080000e-02 9.744583960000e-01 -8.600001040000e-02
v -1.600000080000e-02 9.744583960000e-01 -7.299999890000e-02
v -1.200000100000e-02 9.744583960000e-01 -9.600000830000e-02
v -9.000001480000e-03 9.744583960000e-01 -1.060000060000e-01
v -9.000001480000e-03 9.744583960000e-01 -1.200000050000e-01
v -2.125000210000e-02 9.744583960000e-01 -1.092500090000e-01
v -9.000001480000e-03 9.744583960000e-01 -1.340000030000e-01
v -2.100000160000e-02 9.744583960000e-01 -1.280000060000e-01
v -2.400000210000e-02 9.744583960000e-01 -9.150000660000e-02
v -3.100000320000e-02 9.744583960000e-01 -1.095000060000e-01
v -3.600000590000e-02 9.744583960000e-01 -1.200000050000e-01
v 3.000000490000e-03 9.744583960000e-01 -1.040000100000e-01
v 9.000001480000e-03 9.744583960000e-01 -1.200000050000e-01
v 1.600000260000e-02 9.744583960000e-01 -1.040000100000e-01
v 5.600000550000e-02 9.744583960000e-01 -8.800000700000e-02
v 4.400000720000e-02 9.744583960000e-01 -8.800000700000e-02
v 1.600000260000e-02 9.744583960000e-01 -8.800000700000e-02
v 2.000000330000e-02 9.744583960000e-01 -1.200000050000e-01
v 1.500000250000e-03 9.744583960000e-01 -1.385000050000e-01
v 1.164153220000e-10 9.744583960000e-01 -1.200000050000e-01
v 3.200000520000e-02 9.744583960000e-01 -1.200000050000e-01
v 4.000000660000e-02 9.744583960000e-01 -1.040000100000e-01
v 2.800000460000e-02 9.744583960000e-01 -1.040000100000e-01
v 1.600000260000e-02 9.744583960000e-01 -1.360000070000e-01
v 3.200000520000e-02 9.744583960000e-01 -8.000000570000e-02
v 3.200000520000e-02 9.744583960000e-01 -9.200000760000e-02
v -1.270000040000e-01 9.744583960000e-01 -3.065000180000e-01
v -1.470000150000e-01 9.744583960000e-01 -2.840000090000e-01
v -1.435000150000e-01 9.744583960000e-01 -2.990000250000e-01
v -1.200000050000e-01 9.744583960000e-01 -2.990000250000e-01
v -1.330000160000e-01 9.744583960000e-01 -2.940000000000e-01
v -1.360000070000e-01 9.744583960000e-01 -2.840000090000e-01
v -1.400000150000e-01 9.744583960000e-01 -2.710000280000e-01
v -1.235000040000e-01 9.744583960000e-01 -2.770000100000e-01
v -1.270000040000e-01 9.744583960000e-01 -2.695000170000e-01
v -1.200000050000e-01 9.744583960000e-01 -2.879999880000e-01
v -1.070000080000e-01 9.744583960000e-01 -2.879999880000e-01
v -1.130000130000e-01 9.744583960000e-01 -2.785000210000e-01
v -1.600000110000e-01 9.744583960000e-01 -3.050000370000e-01
v -1.600000110000e-01 9.744583960000e-01 -2.960000040000e-01
v -1.360000070000e-01 9.744583960000e-01 -3.120000360000e-01
v -1.678831430000e-01 9.735730890000e-01 -3.526468280000e-01
v -1.654914320000e-01 9.744662050000e-01 -3.424828950000e-01
v -1.470000150000e-01 9.744583960000e-01 -3.065000180000e-01
v -1.560000180000e-01 9.744583960000e-01 -3.199999930000e-01
v -1.530000120000e-01 9.744583960000e-01 -3.360000250000e-01
v -1.527681950000e-01 9.744805690000e-01 -3.487601280000e-01
v -1.366317720000e-01 9.738600250000e-01 -3.523580430000e-01
v -1.520059700000e-01 9.680390950000e-01 -3.544332090000e-01
v -1.320059750000e-01 9.680390950000e-01 -3.544332090000e-01
v -1.499701740000e-01 9.729058740000e-01 -3.532540500000e-01
v -1.470000150000e-01 9.744583960000e-01 -3.180000190000e-01
v -1.400000150000e-01 9.744583960000e-01 -3.240000010000e-01
v -1.439999940000e-01 9.744583960000e-01 -3.360000250000e-01
v -1.130000130000e-01 9.744583960000e-01 -3.112500310000e-01
v -1.000000090000e-01 9.744583960000e-01 -3.280000090000e-01
v -9.999998660000e-02 9.744583960000e-01 -3.400000040000e-01
v -1.109562140000e-01 9.745339160000e-01 -3.474875690000e-01
v -1.130000130000e-01 9.744583960000e-01 -3.280000090000e-01
v -1.005759690000e-01 9.738499520000e-01 -3.524249200000e-01
v -1.198293940000e-01 9.735730890000e-01 -3.526468580000e-01
v -1.327457280000e-01 9.744669200000e-01 -3.382414580000e-01
v -1.270000040000e-01 9.744583960000e-01 -3.180000190000e-01
v -1.240000050000e-01 9.744583960000e-01 -3.280000090000e-01
v -8.249999580000e-02 9.744583960000e-01 -3.380000000000e-01
v -1.199942900000e-01 9.744657870000e-01 -3.409886360000e-01
v -8.788418770000e-02 9.744760390000e-01 -3.488704560000e-01
v -1.000000090000e-01 9.744583960000e-01 -2.960000040000e-01
v -1.000000090000e-01 9.744583960000e-01 -3.050000370000e-01
v -1.000000090000e-01 9.744583960000e-01 -3.160000150000e-01
v -1.000000090000e-01 9.744583960000e-01 -2.510000170000e-01
v -4.800000410000e-02 9.744583960000e-01 -2.360000010000e-01
v -4.800000410000e-02 9.744583960000e-01 -2.450000050000e-01
v -9.200000760000e-02 9.744583960000e-01 -2.840000090000e-01
v -1.137500110000e-01 9.744583960000e-01 -2.619999950000e-01
v -1.000000090000e-01 9.744583960000e-01 -2.710000280000e-01
v -1.000000090000e-01 9.744583960000e-01 -2.600000200000e-01
v -6.175000220000e-02 9.744583960000e-01 -2.420000140000e-01
v -8.800000700000e-02 9.744583960000e-01 -2.639999990000e-01
v -7.600000500000e-02 9.744583960000e-01 -2.320000080000e-01
v -7.600000500000e-02 9.744583960000e-01 -2.450000050000e-01
v -5.800000210000e-02 9.744583960000e-01 -2.577500340000e-01
v -7.600000500000e-02 9.744583960000e-01 -2.570000290000e-01
v -8.800000700000e-02 9.744583960000e-01 -2.510000170000e-01
v -8.200000230000e-02 9.744583960000e-01 -2.695000170000e-01
v -9.400001170000e-02 9.744583960000e-01 -2.405000030000e-01
v -1.020000130000e-01 9.744583960000e-01 -2.270000130000e-01
v -8.600001040000e-02 9.744583960000e-01 -2.250000240000e-01
v -9.600000830000e-02 9.744583960000e-01 -2.320000080000e-01
v -1.165000050000e-01 9.744583960000e-01 -2.130000140000e-01
v -1.337500210000e-01 9.744583960000e-01 -2.540000080000e-01
v -1.235000040000e-01 9.744583960000e-01 -2.190000120000e-01
v -1.130000130000e-01 9.744583960000e-01 -2.007500080000e-01
v -1.000000090000e-01 9.744583960000e-01 -2.130000140000e-01
v -1.270000040000e-01 9.744583960000e-01 -2.265000190000e-01
v -1.240000050000e-01 9.744583960000e-01 -2.555000190000e-01
v -1.130000130000e-01 9.744583960000e-01 -2.265000190000e-01
v -1.380000110000e-01 9.744583960000e-01 -2.250000240000e-01
v -1.137500110000e-01 9.744583960000e-01 -2.420000140000e-01
v -1.300000100000e-01 9.744583960000e-01 -2.382500170000e-01
v -4.800000410000e-02 9.744583960000e-01 -2.840000090000e-01
v -4.800000410000e-02 9.744583960000e-01 -2.960000040000e-01
v -4.800000410000e-02 9.744583960000e-01 -2.710000280000e-01
v -7.400000100000e-02 9.744583960000e-01 -2.990000250000e-01
v -8.600001040000e-02 9.744583960000e-01 -3.005000350000e-01
v -6.100000440000e-02 9.744583960000e-01 -3.280000090000e-01
v -7.600000500000e-02 9.744583960000e-01 -3.280000090000e-01
v -8.800000700000e-02 9.744583960000e-01 -3.199999930000e-01
v -6.550000610000e-02 9.744583960000e-01 -2.702500220000e-01
v -6.100000440000e-02 9.744583960000e-01 -3.112500310000e-01
v -6.250000000000e-02 9.744583960000e-01 -2.975000140000e-01
v -6.100000440000e-02 9.744583960000e-01 -2.840000090000e-01
v -7.600000500000e-02 9.744583960000e-01 -3.120000360000e-01
v -7.600000500000e-02 9.744583960000e-01 -2.840000090000e-01
v -4.800000410000e-02 9.744583960000e-01 -3.160000150000e-01
v -4.800000410000e-02 9.744583960000e-01 -3.050000370000e-01
v -9.000001480000e-03 9.744583960000e-01 -2.510000170000e-01
v -9.000001480000e-03 9.744583960000e-01 -2.710000280000e-01
v -1.500000250000e-03 9.744583960000e-01 -2.585000400000e-01
v -3.600000590000e-02 9.744583960000e-01 -2.840000090000e-01
v -3.800000620000e-02 9.744583960000e-01 -2.665000260000e-01
v -1.575000210000e-02 9.744583960000e-01 -2.595000270000e-01
v -4.000000660000e-02 9.744583960000e-01 -2.560000120000e-01
v -3.375000510000e-02 9.744583960000e-01 -2.420000140000e-01
v -2.525000270000e-02 9.744583960000e-01 -2.777500150000e-01
v -3.300000350000e-02 9.744583960000e-01 -2.940000000000e-01
v -1.500000250000e-03 9.744583960000e-01 -2.412500080000e-01
v -1.350000130000e-02 9.744583960000e-01 -2.327500130000e-01
v -2.250000090000e-02 9.744583960000e-01 -2.375000120000e-01
v -2.100000160000e-02 9.744583960000e-01 -2.480000110000e-01
v -2.625000100000e-02 9.744583960000e-01 -2.635000050000e-01
v -2.027779820000e-01 9.628997450000e-01 -3.519595270000e-01
v -1.920059920000e-01 9.680390950000e-01 -3.544332090000e-01
v -1.740060300000e-01 9.680390950000e-01 -3.544332090000e-01
v -1.722791340000e-01 9.629356270000e-01 -3.519952300000e-01
v -1.825315650000e-01 9.619683620000e-01 -3.397938010000e-01
v -2.035122070000e-01 9.729864600000e-01 -3.531335890000e-01
v -1.946919860000e-01 9.620294570000e-01 -3.401835860000e-01
v -2.081794890000e-01 9.683523180000e-01 -3.544615210000e-01
v -2.154260870000e-01 9.627885220000e-01 -3.515027460000e-01
v -2.198245380000e-01 9.731503730000e-01 -3.528019190000e-01
v -2.215715940000e-01 9.638356570000e-01 -3.452672060000e-01
v -1.866557750000e-01 9.629181030000e-01 -3.519822660000e-01
v -2.219656410000e-01 9.678179030000e-01 -3.533226850000e-01
v -2.095633750000e-01 9.620387550000e-01 -3.393726650000e-01
v -1.830516760000e-01 9.735029340000e-01 -3.527479470000e-01
v -2.052459870000e-01 9.744620920000e-01 -3.364958470000e-01
v -1.915513870000e-01 9.745464320000e-01 -3.477177320000e-01
v -1.960000100000e-01 9.744583960000e-01 -3.005000350000e-01
v -2.113182990000e-01 9.745310540000e-01 -3.489974140000e-01
v -1.960000100000e-01 9.744583960000e-01 -3.199999930000e-01
v -1.680000130000e-01 9.744583960000e-01 -3.280000090000e-01
v -1.720000210000e-01 9.744583960000e-01 -3.005000350000e-01
v -1.680000130000e-01 9.744583960000e-01 -3.160000150000e-01
v -1.840000150000e-01 9.744583960000e-01 -2.840000090000e-01
v -1.920000020000e-01 9.744583960000e-01 -3.315000240000e-01
v -1.840000150000e-01 9.744583960000e-01 -2.960000040000e-01
v -1.840000150000e-01 9.744583960000e-01 -3.050000370000e-01
v -1.840000150000e-01 9.744583960000e-01 -3.160000150000e-01
v -1.800000070000e-01 9.744583960000e-01 -3.280000090000e-01
v -1.764943000000e-01 9.744672780000e-01 -3.409886060000e-01
v -2.169996350000e-01 9.745016690000e-01 -3.050087690000e-01
v -2.074948100000e-01 9.744583960000e-01 -3.192473950000e-01
v -2.228347960000e-01 9.683801530000e-01 -3.171164690000e-01
v -2.169222530000e-01 9.745042920000e-01 -3.238902390000e-01
v -2.210766670000e-01 9.634971020000e-01 -3.130000230000e-01
v -2.206581380000e-01 9.738788600000e-01 -2.898066640000e-01
v -2.214044180000e-01 9.730381970000e-01 -3.150000270000e-01
v -2.228515740000e-01 9.683591130000e-01 -3.342005910000e-01
v -2.228288200000e-01 9.682077770000e-01 -2.989246550000e-01
v -2.205686420000e-01 9.739534260000e-01 -3.399720490000e-01
v -2.055000070000e-01 9.744583960000e-01 -3.095000390000e-01
v -2.062500120000e-01 9.744583960000e-01 -2.980000080000e-01
v -2.052499950000e-01 9.744583960000e-01 -2.835000160000e-01
v -2.210770700000e-01 9.634979370000e-01 -3.309995230000e-01
v -1.960000100000e-01 9.744583960000e-01 -2.840000090000e-01
v -2.000000030000e-01 9.744583960000e-01 -2.565000060000e-01
v -2.171299010000e-01 9.744946960000e-01 -2.291639300000e-01
v -2.214044030000e-01 9.730382560000e-01 -2.410000120000e-01
v -1.840000150000e-01 9.744583960000e-01 -2.710000280000e-01
v -2.163836210000e-01 9.745297430000e-01 -2.468765530000e-01
v -1.840000150000e-01 9.744583960000e-01 -2.600000200000e-01
v -2.007500080000e-01 9.744583960000e-01 -2.440000180000e-01
v -2.064999940000e-01 9.744583960000e-01 -2.345000060000e-01
v -1.840000150000e-01 9.744583960000e-01 -2.510000170000e-01
v -1.960000100000e-01 9.744583960000e-01 -2.305000130000e-01
v -2.214044180000e-01 9.730381970000e-01 -2.169999480000e-01
v -2.214044180000e-01 9.730381970000e-01 -2.649999860000e-01
v -2.159006150000e-01 9.745258090000e-01 -2.799405460000e-01
v -2.166062300000e-01 9.745250940000e-01 -2.640607660000e-01
v -2.012500170000e-01 9.744583960000e-01 -2.702500220000e-01
v -1.565000120000e-01 9.744583960000e-01 -2.717500330000e-01
v -1.455000040000e-01 9.744583960000e-01 -2.585000400000e-01
v -1.492500010000e-01 9.744583960000e-01 -2.472500060000e-01
v -1.470000150000e-01 9.744583960000e-01 -2.312500180000e-01
v -1.600000110000e-01 9.744583960000e-01 -2.360000010000e-01
v -1.600000110000e-01 9.744583960000e-01 -2.250000240000e-01
v -1.620000000000e-01 9.744583960000e-01 -2.450000050000e-01
v -1.720000210000e-01 9.744583960000e-01 -2.645000220000e-01
v -1.720000210000e-01 9.744583960000e-01 -2.840000090000e-01
v -1.580000220000e-01 9.744583960000e-01 -2.570000290000e-01
v -1.720000210000e-01 9.744583960000e-01 -2.305000130000e-01
v -1.840000150000e-01 9.744583960000e-01 -2.320000080000e-01
v -1.600000110000e-01 9.744583960000e-01 -2.840000090000e-01
v -1.780000180000e-01 9.744583960000e-01 -2.435000090000e-01
v -1.640000050000e-01 9.744583960000e-01 -2.639999990000e-01
v -1.600000110000e-01 9.744583960000e-01 -1.800000070000e-01
v -1.600000110000e-01 9.744583960000e-01 -1.930000190000e-01
v -1.780000180000e-01 9.744583960000e-01 -2.190000120000e-01
v -1.840000150000e-01 9.744583960000e-01 -2.130000140000e-01
v -1.720000210000e-01 9.744583960000e-01 -2.015000130000e-01
v -1.415000110000e-01 9.744583960000e-01 -2.160000210000e-01
v -1.470000150000e-01 9.744583960000e-01 -2.007500080000e-01
v -1.380000110000e-01 9.744583960000e-01 -2.070000170000e-01
v -1.600000110000e-01 9.744583960000e-01 -2.160000210000e-01
v -1.600000110000e-01 9.744583960000e-01 -2.070000170000e-01
v -1.270000040000e-01 9.744583960000e-01 -2.007500080000e-01
v -1.477500050000e-01 9.744583960000e-01 -1.835000070000e-01
v -1.780000180000e-01 9.744583960000e-01 -1.885000170000e-01
v -1.840000150000e-01 9.744583960000e-01 -2.000000180000e-01
v -1.360000070000e-01 9.744583960000e-01 -1.930000190000e-01
v -1.820000110000e-01 9.744583960000e-01 -1.410000030000e-01
v -2.047500010000e-01 9.744583960000e-01 -2.085000130000e-01
v -2.171299010000e-01 9.744946960000e-01 -2.118612970000e-01
v -1.715000120000e-01 9.744583960000e-01 -1.712500150000e-01
v -2.158691880000e-01 9.745365380000e-01 -1.973655970000e-01
v -2.035000030000e-01 9.744583960000e-01 -1.650000070000e-01
v -2.000000030000e-01 9.744583960000e-01 -1.800000070000e-01
v -2.069922090000e-01 9.744583960000e-01 -2.224961070000e-01
v -1.960000100000e-01 9.744583960000e-01 -1.560000030000e-01
v -1.960000100000e-01 9.744583960000e-01 -2.115000190000e-01
v -2.000000030000e-01 9.744583960000e-01 -1.930000190000e-01
v -1.840000150000e-01 9.744583960000e-01 -1.800000070000e-01
v -1.840000150000e-01 9.744583960000e-01 -1.680000130000e-01
v -1.840000150000e-01 9.744583960000e-01 -1.560000030000e-01
v -1.720000210000e-01 9.744583960000e-01 -1.532500090000e-01
v 8.436518720000e-03 9.610108730000e-01 -3.261866570000e-01
v 1.798106360000e-02 9.680390950000e-01 -3.544332090000e-01
v 1.793281730000e-02 9.629192350000e-01 -3.520839510000e-01
v 3.083984550000e-02 9.628178480000e-01 -3.517420590000e-01
v 3.798098490000e-02 9.680389760000e-01 -3.544331790000e-01
v 1.725280100000e-02 9.626541730000e-01 -3.392556010000e-01
v 1.870180480000e-02 9.626418350000e-01 -3.307521940000e-01
v -1.431497930000e-02 9.627411370000e-01 -3.333406450000e-01
v 5.398103220000e-02 9.680391550000e-01 -3.544332090000e-01
v 4.792187740000e-02 9.628540280000e-01 -3.519190550000e-01
v -6.947483400000e-03 9.680967330000e-01 -3.544371130000e-01
v -1.999990550000e-03 9.626470800000e-01 -3.400000330000e-01
v 3.921895750000e-03 9.628540280000e-01 -3.519190550000e-01
v -1.207811570000e-02 9.628540280000e-01 -3.519190550000e-01
v 3.525279830000e-02 9.626520280000e-01 -3.395056130000e-01
v 3.280965610000e-03 9.626747970000e-01 -3.311712440000e-01
v -3.052291650000e-02 9.625868200000e-01 -3.423525690000e-01
v -3.994654860000e-02 9.626594190000e-01 -3.310218450000e-01
v -4.399719830000e-02 9.626521470000e-01 -3.390056190000e-01
v -5.849161370000e-02 9.626577500000e-01 -3.375167250000e-01
v -3.007513470000e-02 9.628728630000e-01 -3.519796130000e-01
v -4.276873170000e-02 9.678870440000e-01 -3.544143740000e-01
v -5.328751730000e-02 9.619650240000e-01 -3.272213040000e-01
v -4.871143400000e-02 9.627959730000e-01 -3.517610430000e-01
v -6.158250940000e-02 9.628246430000e-01 -3.517836930000e-01
v -6.540688870000e-02 9.620050790000e-01 -3.278241460000e-01
v -7.199721040000e-02 9.626560210000e-01 -3.395055830000e-01
v -6.000604850000e-02 9.680390950000e-01 -3.544332090000e-01
v -8.000602570000e-02 9.680390360000e-01 -3.544332090000e-01
v -7.607255880000e-02 9.628897310000e-01 -3.520233930000e-01
v -3.817458080000e-02 9.608038660000e-01 -3.259035350000e-01
v -5.665720630000e-02 9.572646020000e-01 -3.234535160000e-01
v -3.999714550000e-02 9.360057120000e-01 -3.230089550000e-01
v -3.602600840000e-02 9.557469490000e-01 -3.231544790000e-01
v -4.000107940000e-02 9.449979070000e-01 -3.230089550000e-01
v -2.309358490000e-02 9.591308830000e-01 -3.239254060000e-01
v -2.325241830000e-02 9.474952220000e-01 -3.230089550000e-01
v -5.474910890000e-02 9.407517910000e-01 -3.230089550000e-01
v -7.199714330000e-02 9.360057120000e-01 -3.230089550000e-01
v -6.550976630000e-02 9.491407870000e-01 -3.229350450000e-01
v -2.549785560000e-02 9.375042920000e-01 -3.230089550000e-01
v -2.479027210000e-02 9.627038840000e-01 -3.316160140000e-01
v -9.209723210000e-03 9.608598950000e-01 -3.259715440000e-01
v -5.876687540000e-02 9.277989860000e-01 -3.228115740000e-01
v -8.025990800000e-03 9.557468300000e-01 -3.231544790000e-01
v -1.190457790000e-01 9.234387280000e-01 -3.201615510000e-01
v -1.628953810000e-01 9.247897270000e-01 -3.249650000000e-01
v -1.587891580000e-01 9.244861600000e-01 -3.088407810000e-01
v -1.604426060000e-01 9.226912260000e-01 -3.199848830000e-01
v -1.578241880000e-01 9.321548340000e-01 -3.071946200000e-01
v -1.430900690000e-01 9.287270310000e-01 -3.071911630000e-01
v -1.456317750000e-01 9.232789280000e-01 -3.086628320000e-01
v -1.270022090000e-01 9.275889990000e-01 -3.227583770000e-01
v -1.352901610000e-01 9.234621520000e-01 -3.202187720000e-01
v -1.359985770000e-01 9.400029180000e-01 -3.230089550000e-01
v -1.454992890000e-01 9.417514800000e-01 -3.230089550000e-01
v -1.319086550000e-01 9.234830740000e-01 -3.084288540000e-01
v -1.414915620000e-01 9.278920890000e-01 -3.228090110000e-01
v -1.514961420000e-01 9.233182670000e-01 -3.195756380000e-01
v -1.554299000000e-01 9.279615280000e-01 -3.228438500000e-01
v -1.138798890000e-01 9.277036190000e-01 -3.227895500000e-01
v -1.210013550000e-01 9.457473750000e-01 -3.230089550000e-01
v -8.697327970000e-02 9.234589930000e-01 -3.202124240000e-01
v -7.697273790000e-02 9.276139740000e-01 -3.227656480000e-01
v -9.412291650000e-02 9.571529630000e-01 -3.234140570000e-01
v -9.275569770000e-02 9.476098420000e-01 -3.229666950000e-01
v -1.073891070000e-01 9.536874890000e-01 -3.229348960000e-01
v -1.007475030000e-01 9.367550610000e-01 -3.230089550000e-01
v -7.817459850000e-02 9.608038070000e-01 -3.259034750000e-01
v -1.214971470000e-01 9.360057710000e-01 -3.230089550000e-01
v -7.910093670000e-02 9.558725360000e-01 -3.231785890000e-01
v -8.648603410000e-02 9.335460660000e-01 -3.230747580000e-01
v -9.877069290000e-02 9.276139740000e-01 -3.227656480000e-01
v -1.032901560000e-01 9.234621520000e-01 -3.202187420000e-01
v -7.825161520000e-02 9.459968810000e-01 -3.230089550000e-01
v -9.947327520000e-02 9.627453090000e-01 -3.338537810000e-01
v -8.394656330000e-02 9.626594190000e-01 -3.310218160000e-01
v -8.955141160000e-02 9.625625010000e-01 -3.454030160000e-01
v -1.326573040000e-01 9.566018580000e-01 -3.231699170000e-01
v -1.261745840000e-01 9.608038070000e-01 -3.259035050000e-01
v -1.240781250000e-01 9.628540280000e-01 -3.519190250000e-01
v -1.265604650000e-01 9.627430440000e-01 -3.327247500000e-01
v -1.191009510000e-01 9.558725950000e-01 -3.231785890000e-01
v -1.101745590000e-01 9.608038070000e-01 -3.259034750000e-01
v -9.602542970000e-02 9.609656930000e-01 -3.261171580000e-01
v -1.180060360000e-01 9.680390950000e-01 -3.544332090000e-01
v -1.112148240000e-01 9.628897310000e-01 -3.520234230000e-01
v -1.000060070000e-01 9.680392150000e-01 -3.544332390000e-01
v -1.000659840000e-01 9.629192350000e-01 -3.520839210000e-01
v -1.120000030000e-01 9.626470800000e-01 -3.400000330000e-01
v -1.119465600000e-01 9.626594190000e-01 -3.310218160000e-01
v -1.480023120000e-01 9.626263380000e-01 -3.482453230000e-01
v -1.642330290000e-01 9.349175100000e-01 -3.271678690000e-01
v -1.443710180000e-01 9.565363530000e-01 -3.230995830000e-01
v -1.376058460000e-01 9.628142710000e-01 -3.518911600000e-01
v -1.680821330000e-01 9.624714850000e-01 -3.418670300000e-01
v -1.663970500000e-01 9.522778990000e-01 -3.335048850000e-01
v -1.578273920000e-01 9.629235860000e-01 -3.520878260000e-01
v -1.572382900000e-01 9.627062680000e-01 -3.395319880000e-01
v -1.394944040000e-01 9.626563790000e-01 -3.380112050000e-01
v -1.446592810000e-01 9.625118970000e-01 -3.290682140000e-01
v -1.728931670000e-01 9.591330290000e-01 -3.368077870000e-01
v -1.565145400000e-01 9.623761770000e-01 -3.283561170000e-01
v -1.632005570000e-01 9.586997630000e-01 -3.273496030000e-01
v -1.648983810000e-01 9.597677590000e-01 -3.364829720000e-01
v -1.597808300000e-01 9.417536260000e-01 -3.231277760000e-01
v -1.597643490000e-01 9.561959510000e-01 -3.235026000000e-01
v 4.500000740000e-03 9.744583960000e-01 -2.702500220000e-01
v 1.164153220000e-10 9.744583960000e-01 -2.840000090000e-01
v -1.950000230000e-02 9.744583960000e-01 -3.057500120000e-01
v -7.500001230000e-04 9.744583960000e-01 -3.020000160000e-01
v -9.000001480000e-03 9.744583960000e-01 -2.840000090000e-01
v -1.050000080000e-02 9.744583960000e-01 -2.975000140000e-01
v 9.000001480000e-03 9.744583960000e-01 -2.840000090000e-01
v 1.600000260000e-02 9.744583960000e-01 -2.990000250000e-01
v -3.300000350000e-02 9.744583960000e-01 -3.199999930000e-01
v -1.350000130000e-02 9.744583960000e-01 -3.180000190000e-01
v -2.400000210000e-02 9.744583960000e-01 -3.199999930000e-01
v -2.524999900000e-02 9.744583960000e-01 -3.355000020000e-01
v -2.100000160000e-02 9.744583960000e-01 -2.919999960000e-01
v -3.300000350000e-02 9.744583960000e-01 -3.050000370000e-01
v 2.400001880000e-02 9.744583960000e-01 -3.400000040000e-01
v 1.200000100000e-02 9.744583960000e-01 -3.199999930000e-01
v 2.208784970000e-02 9.744760390000e-01 -3.488704860000e-01
v 9.000008930000e-03 9.744583960000e-01 -3.360000250000e-01
v 1.002987010000e-02 9.729058740000e-01 -3.532540800000e-01
v 7.301646980000e-04 9.745476250000e-01 -3.470546600000e-01
v 2.000000330000e-02 9.744583960000e-01 -3.120000360000e-01
v 9.000001480000e-03 9.744583960000e-01 -3.065000180000e-01
v 4.208783430000e-02 9.744760390000e-01 -3.488704860000e-01
v 3.602992370000e-02 9.729058740000e-01 -3.532540800000e-01
v 1.164153220000e-10 9.744583960000e-01 -3.280000090000e-01
v 3.000000490000e-03 9.744583960000e-01 -3.180000190000e-01
v -9.000001480000e-03 9.744583960000e-01 -3.280000090000e-01
v 2.400000390000e-02 9.744583960000e-01 -3.280000090000e-01
v 3.600001340000e-02 9.744583960000e-01 -3.360000250000e-01
v -7.188418510000e-02 9.744760390000e-01 -3.488703670000e-01
v -4.057597370000e-02 9.738499520000e-01 -3.524249200000e-01
v -2.912798710000e-02 9.681225420000e-01 -3.544382750000e-01
v -5.716230350000e-02 9.744614360000e-01 -3.490684630000e-01
v -4.849428310000e-02 9.744660850000e-01 -3.412386180000e-01
v -4.800000410000e-02 9.744583960000e-01 -3.280000090000e-01
v -3.599999850000e-02 9.744583960000e-01 -3.360000250000e-01
v -2.788416300000e-02 9.744760390000e-01 -3.488704860000e-01
v -1.549998480000e-02 9.744583960000e-01 -3.400000040000e-01
v -1.797014660000e-02 9.729058150000e-01 -3.532541100000e-01
v -1.188418640000e-02 9.744760390000e-01 -3.488704560000e-01
v -8.197011800000e-02 9.729059340000e-01 -3.532540500000e-01
v -5.997009200000e-02 9.729059340000e-01 -3.532540500000e-01
v -6.274998930000e-02 9.744583960000e-01 -3.395000100000e-01
v 5.600000550000e-02 9.744583960000e-01 -3.280000090000e-01
v 4.000000660000e-02 9.744583960000e-01 -3.180000190000e-01
v 6.202992420000e-02 9.729058740000e-01 -3.532540800000e-01
v 4.400000720000e-02 9.744583960000e-01 -3.280000090000e-01
v 7.200000440000e-02 9.744583960000e-01 -3.120000360000e-01
v 5.600000550000e-02 9.744583960000e-01 -2.960000040000e-01
v 7.325091960000e-02 9.744718070000e-01 -3.489437400000e-01
v 5.600000550000e-02 9.744583960000e-01 -3.050000370000e-01
v 8.000000570000e-02 9.744583960000e-01 -3.280000090000e-01
v 7.650001350000e-02 9.744583960000e-01 -3.395000100000e-01
v 6.800000370000e-02 9.744583960000e-01 -3.280000090000e-01
v 4.800002280000e-02 9.744583960000e-01 -3.400000040000e-01
v 4.000000660000e-02 9.744583960000e-01 -3.050000370000e-01
v 2.800000460000e-02 9.744583960000e-01 -3.105000260000e-01
v 5.600000550000e-02 9.744583960000e-01 -3.160000150000e-01
v 5.937137450000e-02 9.745548370000e-01 -3.474579450000e-01
v 7.200000440000e-02 9.744583960000e-01 -2.840000090000e-01
v 1.165000050000e-01 9.744583960000e-01 -2.532500030000e-01
v 7.000000770000e-02 9.744583960000e-01 -2.990000250000e-01
v 9.800000490000e-02 9.744583960000e-01 -2.695000170000e-01
v 8.800000700000e-02 9.744583960000e-01 -2.675000130000e-01
v 8.000000570000e-02 9.744583960000e-01 -2.960000040000e-01
v 8.400000630000e-02 9.744583960000e-01 -3.105000260000e-01
v 1.155000110000e-01 9.744583960000e-01 -2.717500330000e-01
v 1.040000100000e-01 9.744583960000e-01 -2.599999900000e-01
v 1.040000100000e-01 9.744583960000e-01 -2.840000090000e-01
v 9.400001170000e-02 9.744583960000e-01 -2.990000250000e-01
v 9.200000760000e-02 9.744583960000e-01 -3.120000360000e-01
v 8.800000700000e-02 9.744583960000e-01 -2.840000090000e-01
v 1.265000100000e-01 9.744583960000e-01 -2.585000400000e-01
v 1.040000100000e-01 9.744583960000e-01 -2.450000050000e-01
v 3.200000520000e-02 9.744583960000e-01 -2.250000240000e-01
v 3.200000520000e-02 9.744583960000e-01 -2.450000050000e-01
v 2.000000330000e-02 9.744583960000e-01 -2.320000080000e-01
v 1.250000200000e-02 9.744583960000e-01 -2.397500130000e-01
v 1.250000200000e-02 9.744583960000e-01 -2.242500190000e-01
v 4.400000720000e-02 9.744583960000e-01 -2.510000170000e-01
v 3.200000520000e-02 9.744583960000e-01 -2.360000010000e-01
v 9.750001130000e-03 9.744583960000e-01 -2.540000080000e-01
v 1.800000300000e-02 9.744583960000e-01 -2.695000170000e-01
v 2.000000330000e-02 9.744583960000e-01 -2.520000040000e-01
v 5.600000550000e-02 9.744583960000e-01 -2.390000080000e-01
v 3.200000520000e-02 9.744583960000e-01 -2.560000120000e-01
v 4.400000720000e-02 9.744583960000e-01 -2.305000130000e-01
v 3.000000490000e-02 9.744583960000e-01 -2.665000260000e-01
v 5.600000550000e-02 9.744583960000e-01 -2.710000280000e-01
v 5.600000550000e-02 9.744583960000e-01 -2.600000200000e-01
v 2.400000390000e-02 9.744583960000e-01 -2.840000090000e-01
v 4.000000660000e-02 9.744583960000e-01 -2.710000280000e-01
v 7.000000770000e-02 9.744583960000e-01 -2.390000080000e-01
v 8.900000150000e-02 9.744583960000e-01 -2.465000150000e-01
v 3.400000560000e-02 9.744583960000e-01 -2.960000040000e-01
v 4.000000660000e-02 9.744583960000e-01 -2.840000090000e-01
v 5.600000550000e-02 9.744583960000e-01 -2.510000170000e-01
v 8.000000570000e-02 9.744583960000e-01 -2.600000200000e-01
v 6.900000570000e-02 9.744583960000e-01 -2.555000190000e-01
v 7.200000440000e-02 9.744583960000e-01 -2.710000280000e-01
v 8.000000570000e-02 9.744583960000e-01 -2.360000010000e-01
v 8.000000570000e-02 9.744583960000e-01 -2.480000110000e-01
v 5.600000550000e-02 9.744583960000e-01 -2.840000090000e-01
v -2.063640510000e-01 8.800132870000e-01 -3.039499520000e-01
v -2.063350830000e-01 8.900004030000e-01 -3.100005390000e-01
v -2.063350830000e-01 9.055001140000e-01 -3.130002020000e-01
v -2.064100950000e-01 8.301044700000e-01 -3.015190960000e-01
v -2.064460070000e-01 8.565891980000e-01 -3.270177250000e-01
v -2.064119280000e-01 8.664663430000e-01 -3.272143010000e-01
v -2.063350830000e-01 8.465002780000e-01 -3.115004300000e-01
v -2.062634530000e-01 8.490706090000e-01 -2.995772060000e-01
v -2.063350830000e-01 8.587504030000e-01 -3.105006520000e-01
v -2.062577750000e-01 8.672304150000e-01 -2.995274960000e-01
v -2.064229250000e-01 8.816680310000e-01 -3.275688290000e-01
v -2.063350830000e-01 8.960000870000e-01 -3.200000230000e-01
v -2.063857910000e-01 8.999137280000e-01 -3.288428780000e-01
v -2.063350830000e-01 8.727501630000e-01 -3.132502440000e-01
v -1.672888550000e-01 8.420547250000e-01 -2.948220670000e-01
v -1.825000200000e-01 8.520000580000e-01 -2.943593860000e-01
v -1.929936410000e-01 8.604968790000e-01 -2.943511010000e-01
v -1.959872690000e-01 8.489936590000e-01 -2.943537830000e-01
v -2.044632880000e-01 8.687376980000e-01 -2.950013880000e-01
v -1.929936410000e-01 8.284968730000e-01 -2.943511010000e-01
v -1.724773500000e-01 8.293229940000e-01 -2.942775190000e-01
v -1.840000150000e-01 8.280000690000e-01 -2.943593860000e-01
v -2.047567370000e-01 8.362229470000e-01 -2.952047590000e-01
v -1.988887490000e-01 8.405669930000e-01 -2.942558830000e-01
v -1.717819720000e-01 8.599596620000e-01 -2.942876820000e-01
v -1.667560940000e-01 8.600497250000e-01 -2.953791020000e-01
v -1.800054460000e-01 8.400027750000e-01 -2.943593860000e-01
v -1.656575500000e-01 8.239414690000e-01 -2.962897120000e-01
v -2.046280060000e-01 8.550487160000e-01 -2.950966060000e-01
v -1.986190380000e-01 8.780896070000e-01 -2.942792770000e-01
v -2.045524420000e-01 9.018808010000e-01 -2.950480580000e-01
v -1.792003510000e-01 9.135294560000e-01 -2.943920790000e-01
v -2.051103560000e-01 8.850628140000e-01 -2.953233120000e-01
v -1.855000110000e-01 9.015000460000e-01 -2.943593860000e-01
v -2.062612770000e-01 8.950521350000e-01 -2.995577160000e-01
v -1.840000150000e-01 8.680000900000e-01 -2.943593860000e-01
v -1.715649070000e-01 8.996140960000e-01 -2.942944470000e-01
v -1.670188010000e-01 8.808975220000e-01 -2.950834630000e-01
v -1.724773500000e-01 8.773229720000e-01 -2.942775190000e-01
v -1.822527350000e-01 8.905014400000e-01 -2.943593860000e-01
v -1.932953600000e-01 9.150089620000e-01 -2.943645420000e-01
v -2.056782990000e-01 9.121828680000e-01 -2.956144810000e-01
v -1.879999940000e-01 8.810001020000e-01 -2.943593860000e-01
v -1.959872540000e-01 8.959935900000e-01 -2.943537830000e-01
v -1.712766740000e-01 8.173217180000e-01 -3.357564810000e-01
v -1.715405730000e-01 8.419255610000e-01 -3.357612790000e-01
v -2.063350830000e-01 8.334991340000e-01 -3.187481160000e-01
v -1.899554130000e-01 8.468836550000e-01 -3.357172310000e-01
v -2.014073430000e-01 8.421950940000e-01 -3.355964120000e-01
v -2.006056010000e-01 8.240817790000e-01 -3.357291820000e-01
v -2.060964850000e-01 8.259964590000e-01 -3.323732020000e-01
v -1.855000110000e-01 8.215000030000e-01 -3.356981580000e-01
v -1.713868680000e-01 8.566916580000e-01 -3.357590730000e-01
v -1.897062960000e-01 8.342558150000e-01 -3.357130890000e-01
v -1.666644660000e-01 8.280355330000e-01 -3.339051900000e-01
v -1.713463370000e-01 8.291090730000e-01 -3.357582390000e-01
v -2.060865610000e-01 8.390854600000e-01 -3.322556020000e-01
v -1.666644660000e-01 8.540356160000e-01 -3.339051600000e-01
v -2.006056010000e-01 8.840817810000e-01 -3.357291820000e-01
v -1.869999770000e-01 8.780000810000e-01 -3.356981580000e-01
v -2.053062920000e-01 8.879327180000e-01 -3.332864340000e-01
v -1.929799170000e-01 8.680058720000e-01 -3.357060250000e-01
v -2.006056010000e-01 8.940817710000e-01 -3.357291820000e-01
v -2.011338920000e-01 8.709809780000e-01 -3.356674610000e-01
v -2.006055710000e-01 8.560817840000e-01 -3.357291820000e-01
v -1.800194980000e-01 8.679903150000e-01 -3.357033430000e-01
v -1.855000110000e-01 8.585000630000e-01 -3.356981580000e-01
v -1.712766590000e-01 8.933216930000e-01 -3.357564810000e-01
v -1.713463370000e-01 8.771089910000e-01 -3.357582390000e-01
v -2.053062920000e-01 8.699327110000e-01 -3.332864340000e-01
v -1.827597470000e-01 8.882452250000e-01 -3.357024790000e-01
v -2.061178540000e-01 8.496204020000e-01 -3.323581220000e-01
v -1.860000040000e-01 9.040000440000e-01 -3.356981580000e-01
v -1.649963260000e-01 8.239997630000e-01 -3.130005300000e-01
v -1.649963260000e-01 8.480117320000e-01 -3.239767550000e-01
v -1.649241450000e-01 8.402094840000e-01 -3.288958670000e-01
v -1.650985630000e-01 8.358843920000e-01 -2.994830910000e-01
v -1.649963260000e-01 8.347495790000e-01 -3.105010390000e-01
v -1.649199430000e-01 8.289657830000e-01 -3.287249800000e-01
v -1.666644660000e-01 8.740355970000e-01 -3.339051900000e-01
v -1.649199280000e-01 8.729658130000e-01 -3.287249510000e-01
v -1.651163850000e-01 8.687525390000e-01 -2.993643280000e-01
v -1.649963110000e-01 8.679996730000e-01 -3.120007220000e-01
v -1.649559590000e-01 8.584899900000e-01 -3.062913420000e-01
v -1.649363490000e-01 8.485563990000e-01 -3.009160760000e-01
v -1.649963260000e-01 8.502500650000e-01 -3.165000080000e-01
v -1.649187360000e-01 8.612461690000e-01 -3.286453490000e-01
v -1.650985480000e-01 8.838844300000e-01 -2.994830610000e-01
v -1.661515380000e-01 9.258590940000e-01 -3.333019610000e-01
v -1.648973380000e-01 9.171368480000e-01 -3.221321400000e-01
v -1.643401980000e-01 9.183937910000e-01 -3.089177610000e-01
v -1.659788340000e-01 9.088415500000e-01 -3.332178590000e-01
v -1.652333890000e-01 9.142382740000e-01 -2.990947070000e-01
v -1.649171260000e-01 8.986771110000e-01 -3.284251390000e-01
v -1.657185700000e-01 8.971276280000e-01 -2.961711290000e-01
v -1.649963110000e-01 8.959993720000e-01 -3.080013990000e-01
v -1.649963110000e-01 8.952500220000e-01 -3.165000380000e-01
v -1.677126880000e-01 9.132013320000e-01 -2.950249910000e-01
v -1.649963110000e-01 8.812496660000e-01 -3.120007220000e-01
v -1.666644510000e-01 8.920355440000e-01 -3.339051900000e-01
v -1.649214180000e-01 8.840435740000e-01 -3.277319070000e-01
v -1.712921260000e-01 9.078742270000e-01 -3.357562120000e-01
v -1.650303160000e-01 9.092612270000e-01 -3.120346670000e-01
v -1.655033380000e-01 7.925831680000e-01 -2.968496380000e-01
v -1.649963110000e-01 7.880058880000e-01 -3.209883870000e-01
v -1.649963110000e-01 7.754994630000e-01 -3.115010560000e-01
v -1.658391060000e-01 7.901626830000e-01 -3.330323700000e-01
v -1.667560940000e-01 7.700497510000e-01 -2.953791020000e-01
v -1.649171260000e-01 7.760646340000e-01 -3.284250200000e-01
v -1.651157290000e-01 7.790008780000e-01 -2.993610800000e-01
v -1.649614420000e-01 7.878515720000e-01 -3.094280360000e-01
v -1.649963110000e-01 7.654997110000e-01 -3.105007110000e-01
v -1.650985480000e-01 8.098843690000e-01 -2.994830910000e-01
v -1.649963110000e-01 8.090011480000e-01 -3.129977880000e-01
v -1.650825140000e-01 7.647306320000e-01 -2.996160390000e-01
v -1.649963110000e-01 7.625029680000e-01 -3.187442120000e-01
v -1.649963110000e-01 7.999997140000e-01 -3.120006920000e-01
v -1.649171260000e-01 8.000645640000e-01 -3.284249900000e-01
v -1.715405580000e-01 7.739255430000e-01 -3.357612790000e-01
v -2.011668380000e-01 8.093767760000e-01 -3.356626030000e-01
v -1.775292460000e-01 8.104854230000e-01 -3.357027170000e-01
v -1.929599940000e-01 7.960116270000e-01 -3.357141020000e-01
v -1.649181990000e-01 8.152748940000e-01 -3.285991850000e-01
v -1.909998660000e-01 7.840001580000e-01 -3.356981580000e-01
v -1.676125530000e-01 8.026693460000e-01 -3.348929290000e-01
v -1.719196440000e-01 7.845965620000e-01 -3.357890550000e-01
v -2.012116760000e-01 7.948855160000e-01 -3.356546160000e-01
v -1.795194890000e-01 7.919902800000e-01 -3.357036110000e-01
v -2.010879960000e-01 7.801235910000e-01 -3.356730640000e-01
v -1.914799510000e-01 8.115058540000e-01 -3.357084100000e-01
v -1.887499390000e-01 7.702500820000e-01 -3.356981580000e-01
v -1.835097520000e-01 8.022452000000e-01 -3.357031940000e-01
v -1.957973390000e-01 7.323567870000e-01 -3.357210460000e-01
v -1.713463370000e-01 7.507199650000e-01 -3.357582390000e-01
v -1.649199280000e-01 7.627386450000e-01 -3.287249800000e-01
v -1.726239470000e-01 7.635852100000e-01 -3.357813660000e-01
v -1.649164410000e-01 7.400642630000e-01 -3.284251390000e-01
v -1.666641380000e-01 7.360324860000e-01 -3.339132070000e-01
v -1.649199280000e-01 7.529657480000e-01 -3.287249510000e-01
v -1.666644660000e-01 7.540355320000e-01 -3.339051900000e-01
v -1.713406890000e-01 7.371026870000e-01 -3.357613380000e-01
v -1.877499520000e-01 7.565000650000e-01 -3.356981580000e-01
v -1.887300310000e-01 7.467558380000e-01 -3.357177380000e-01
v -2.010880110000e-01 7.601235510000e-01 -3.356730640000e-01
v -1.666644510000e-01 7.740355130000e-01 -3.339051600000e-01
v -1.855000110000e-01 7.375000120000e-01 -3.356987830000e-01
v -1.771069470000e-01 7.281023860000e-01 -2.943614720000e-01
v -1.713259820000e-01 7.400933500000e-01 -2.943091690000e-01
v -1.669717430000e-01 7.309405210000e-01 -2.950838510000e-01
v -1.649775650000e-01 7.312491540000e-01 -3.107508720000e-01
v -1.651304810000e-01 7.258908150000e-01 -2.995085420000e-01
v -1.854999960000e-01 7.452500460000e-01 -2.943593860000e-01
v -1.904968320000e-01 7.364984150000e-01 -2.943532760000e-01
v -1.865000130000e-01 7.575000520000e-01 -2.943593860000e-01
v -1.712193790000e-01 7.692126630000e-01 -2.943121790000e-01
v -1.650976090000e-01 7.398840190000e-01 -2.994834480000e-01
v -1.993073370000e-01 7.624876500000e-01 -2.942895290000e-01
v -1.658235940000e-01 7.525896430000e-01 -2.960735260000e-01
v -1.649963110000e-01 7.484995720000e-01 -3.110008840000e-01
v -1.724773350000e-01 7.539567350000e-01 -2.942775190000e-01
v -1.840000150000e-01 7.665001150000e-01 -2.943593860000e-01
v -1.880000230000e-01 7.264996170000e-01 -2.943824830000e-01
v -1.738371250000e-01 7.800467610000e-01 -2.942764160000e-01
v -1.988887040000e-01 7.943616510000e-01 -2.942558830000e-01
v -2.001686840000e-01 7.778387070000e-01 -2.942975160000e-01
v -2.056818750000e-01 8.020771150000e-01 -2.960051890000e-01
v -1.689714790000e-01 7.958717940000e-01 -2.944829460000e-01
v -2.049978820000e-01 7.839774490000e-01 -2.955098150000e-01
v -1.840000150000e-01 7.960000630000e-01 -2.943593860000e-01
v -1.929936410000e-01 8.039968610000e-01 -2.943525310000e-01
v -2.001686840000e-01 8.099613790000e-01 -2.942975160000e-01
v -2.041333320000e-01 8.204680680000e-01 -2.946818170000e-01
v -2.062577750000e-01 8.112304210000e-01 -2.995275260000e-01
v -1.760108770000e-01 8.040055040000e-01 -2.943593860000e-01
v -1.944904480000e-01 7.854953410000e-01 -2.943521140000e-01
v -1.850000170000e-01 7.802500720000e-01 -2.943593860000e-01
v -1.674184650000e-01 8.136240840000e-01 -2.947484550000e-01
v -1.840000150000e-01 8.120000360000e-01 -2.943593860000e-01
v -2.061178540000e-01 7.535069580000e-01 -3.323580920000e-01
v -2.064291690000e-01 7.445441480000e-01 -3.269441720000e-01
v -2.011453960000e-01 7.317812440000e-01 -2.943461540000e-01
v -2.055351440000e-01 7.378408910000e-01 -2.964055840000e-01
v -2.063357080000e-01 7.387499810000e-01 -3.145000040000e-01
v -2.063665690000e-01 7.361105080000e-01 -3.040875200000e-01
v -2.058430910000e-01 7.278687950000e-01 -2.963554260000e-01
v -2.061757300000e-01 7.200001480000e-01 -3.085011240000e-01
v -2.040024400000e-01 7.373873000000e-01 -3.347322940000e-01
v -2.063063830000e-01 7.259995340000e-01 -3.162500260000e-01
v -2.064036130000e-01 7.288774850000e-01 -3.286470470000e-01
v -2.060594110000e-01 7.159965040000e-01 -3.209931250000e-01
v -2.006147350000e-01 7.458777430000e-01 -2.943351570000e-01
v -2.052463140000e-01 7.581401470000e-01 -2.956633870000e-01
v -2.063802330000e-01 7.517566680000e-01 -3.081199820000e-01
v -2.063350830000e-01 7.975000140000e-01 -3.160000150000e-01
v -2.062727360000e-01 7.881135940000e-01 -2.996677760000e-01
v -2.063594460000e-01 8.152534370000e-01 -3.086731140000e-01
v -2.063350830000e-01 7.802504300000e-01 -3.100006580000e-01
v -2.063350830000e-01 7.665000560000e-01 -3.162500260000e-01
v -2.053063060000e-01 7.699327470000e-01 -3.332864050000e-01
v -2.063350830000e-01 8.190000060000e-01 -3.200000230000e-01
v -2.063350830000e-01 8.039942980000e-01 -3.229885700000e-01
v -2.058055700000e-01 8.038895730000e-01 -3.327316940000e-01
v -2.053062920000e-01 7.879327540000e-01 -3.332864050000e-01
v -2.064068470000e-01 7.877943520000e-01 -3.284034430000e-01
v -2.063350830000e-01 7.799962760000e-01 -3.219923970000e-01
v -2.060917170000e-01 8.146210310000e-01 -3.323333560000e-01
v -2.063350830000e-01 7.960004810000e-01 -3.080008630000e-01
v -2.063629630000e-01 7.684655790000e-01 -3.005268570000e-01
v -2.063971460000e-01 7.654397490000e-01 -3.287633060000e-01
v -1.675217300000e-01 7.152596710000e-01 -2.949888710000e-01
v -2.004068340000e-01 7.075536850000e-01 -2.948564890000e-01
v -1.680194140000e-01 6.932626370000e-01 -2.954676150000e-01
v -1.744398330000e-01 7.055138350000e-01 -2.948103550000e-01
v -1.899999080000e-01 7.039999960000e-01 -2.949524520000e-01
v -1.921130870000e-01 6.843877430000e-01 -2.954454420000e-01
v -2.039040920000e-01 6.959360240000e-01 -2.955011430000e-01
v -2.055558860000e-01 7.002137300000e-01 -3.002199530000e-01
v -2.043085690000e-01 7.177286150000e-01 -2.950272560000e-01
v -2.055370210000e-01 6.962504980000e-01 -3.137508330000e-01
v -2.059560720000e-01 7.154673340000e-01 -2.997205260000e-01
v -2.058477700000e-01 7.080005410000e-01 -3.120008410000e-01
v -1.817500440000e-01 6.872500780000e-01 -2.953954340000e-01
v -1.864999830000e-01 7.164999250000e-01 -2.946190540000e-01
v -1.727470900000e-01 6.196911930000e-01 -2.973113660000e-01
v -1.879897560000e-01 6.139947770000e-01 -2.973328530000e-01
v -1.676278560000e-01 6.276129480000e-01 -3.001253310000e-01
v -1.673946080000e-01 6.348530650000e-01 -3.168537320000e-01
v -1.672231260000e-01 6.450282340000e-01 -2.999674680000e-01
v -1.668961200000e-01 6.667842860000e-01 -2.994439600000e-01
v -1.800071000000e-01 6.440038680000e-01 -2.965392170000e-01
v -1.683120730000e-01 6.786336300000e-01 -2.958391310000e-01
v -1.717074660000e-01 6.404935120000e-01 -2.968902290000e-01
v -1.803683640000e-01 6.685426830000e-01 -2.958639260000e-01
v -1.902691130000e-01 6.561583280000e-01 -2.962177100000e-01
v -1.845003810000e-01 6.262503270000e-01 -2.970087230000e-01
v -1.897686420000e-01 6.392700670000e-01 -2.966571150000e-01
v -1.722990720000e-01 6.562392710000e-01 -2.962056100000e-01
v -1.691111770000e-01 6.673012970000e-01 -2.964617010000e-01
v -2.038426400000e-01 6.299593450000e-01 -3.034366070000e-01
v -2.041786910000e-01 6.448900700000e-01 -3.138059680000e-01
v -2.033280130000e-01 6.124268770000e-01 -3.030226830000e-01
v -2.047793870000e-01 6.690524220000e-01 -3.004843290000e-01
v -2.006169860000e-01 6.360731120000e-01 -2.974848450000e-01
v -2.054014350000e-01 6.871300940000e-01 -3.037387730000e-01
v -2.050884220000e-01 6.780926590000e-01 -3.090575340000e-01
v -2.041440310000e-01 6.447253820000e-01 -3.001372520000e-01
v -2.009763420000e-01 6.194148660000e-01 -2.979784010000e-01
v -2.036384050000e-01 6.244611740000e-01 -3.145000040000e-01
v -2.051006260000e-01 6.797500250000e-01 -3.190000060000e-01
v -1.954592760000e-01 6.688351630000e-01 -2.958258090000e-01
v -2.034815850000e-01 6.799321170000e-01 -2.961955960000e-01
v -1.998987350000e-01 6.520048380000e-01 -2.966117860000e-01
v -2.043563430000e-01 6.580249070000e-01 -2.988476460000e-01
v -2.046774770000e-01 6.637499930000e-01 -3.158749940000e-01
v -2.004011570000e-01 6.173612480000e-01 -3.326719700000e-01
v -1.675334570000e-01 6.407265070000e-01 -3.318389650000e-01
v -1.680937560000e-01 6.243844030000e-01 -3.304814990000e-01
v -1.721786110000e-01 6.330724950000e-01 -3.331188560000e-01
v -1.800021980000e-01 6.384990220000e-01 -3.333727120000e-01
v -1.724532400000e-01 6.179712410000e-01 -3.328233660000e-01
v -1.840014610000e-01 6.259992120000e-01 -3.330445590000e-01
v -1.865000130000e-01 6.135000590000e-01 -3.327115770000e-01
v -1.919950540000e-01 6.600026490000e-01 -3.339413700000e-01
v -1.998635680000e-01 6.525120140000e-01 -3.335716430000e-01
v -1.825007500000e-01 6.539996270000e-01 -3.337826430000e-01
v -1.825003470000e-01 6.679998640000e-01 -3.341529070000e-01
v -1.727667600000e-01 6.539828780000e-01 -3.337767120000e-01
v -1.718105230000e-01 6.049716470000e-01 -3.324466350000e-01
v -1.904928980000e-01 6.437509060000e-01 -3.335139450000e-01
v -2.005528060000e-01 6.349160670000e-01 -3.330622610000e-01
v -2.038830670000e-01 6.350477930000e-01 -3.280905780000e-01
v -1.919968430000e-01 6.760017280000e-01 -3.343645330000e-01
v -2.051718090000e-01 6.876495480000e-01 -3.319769500000e-01
v -2.001424130000e-01 6.684413550000e-01 -3.340118530000e-01
v -2.055532780000e-01 7.184484600000e-01 -3.327819110000e-01
v -2.047659010000e-01 6.716786620000e-01 -3.317759040000e-01
v -2.010729760000e-01 7.188993690000e-01 -3.354496660000e-01
v -2.043984980000e-01 6.521568300000e-01 -3.254008000000e-01
v -2.041620610000e-01 6.514813300000e-01 -3.317221110000e-01
v -1.904985310000e-01 6.905008550000e-01 -3.347479700000e-01
v -2.007564900000e-01 7.004233600000e-01 -3.348990980000e-01
v -2.004916220000e-01 6.844329830000e-01 -3.344500660000e-01
v -2.057418080000e-01 7.039939760000e-01 -3.239883180000e-01
v -2.053350210000e-01 7.035170200000e-01 -3.324369490000e-01
v -1.655747890000e-01 7.045537230000e-01 -3.204415740000e-01
v -1.660671230000e-01 6.832998990000e-01 -3.277326520000e-01
v -1.661805360000e-01 6.782389880000e-01 -3.029384320000e-01
v -1.667137740000e-01 6.597507600000e-01 -3.056042790000e-01
v -1.663299350000e-01 6.760000590000e-01 -3.175000250000e-01
v -1.664606030000e-01 6.700129510000e-01 -3.286905880000e-01
v -1.667134170000e-01 6.615000960000e-01 -3.179999890000e-01
v -1.672181040000e-01 6.545386910000e-01 -3.319869940000e-01
v -1.670175490000e-01 6.500000360000e-01 -3.159999250000e-01
v -1.682329330000e-01 6.718744040000e-01 -3.337444070000e-01
v -1.652290820000e-01 7.174999120000e-01 -3.145000340000e-01
v -1.653857530000e-01 7.127999070000e-01 -3.003197910000e-01
v -1.655233350000e-01 7.064991590000e-01 -3.095020350000e-01
v -1.659269480000e-01 6.959174870000e-01 -3.002330060000e-01
v -1.659068170000e-01 6.919991370000e-01 -3.120020330000e-01
v -1.657787860000e-01 6.942003970000e-01 -3.284427820000e-01
v -1.669266370000e-01 7.080837490000e-01 -3.336161380000e-01
v -1.804531370000e-01 6.852250700000e-01 -3.346282240000e-01
v -1.652480070000e-01 7.140876050000e-01 -3.287020920000e-01
v -1.674781590000e-01 6.885709760000e-01 -3.336336310000e-01
v -1.658887860000e-01 7.239859100000e-01 -3.330240850000e-01
v -1.835097070000e-01 7.279949190000e-01 -3.356941640000e-01
v -1.795186250000e-01 7.174901960000e-01 -3.354738060000e-01
v -1.708295350000e-01 7.174596790000e-01 -3.354853090000e-01
v -1.712173220000e-01 6.959106920000e-01 -3.348771930000e-01
v -1.650188120000e-01 7.265079020000e-01 -3.224832120000e-01
v -1.800088580000e-01 7.032452820000e-01 -3.350940050000e-01
v -1.904996780000e-01 7.175000910000e-01 -3.354656100000e-01
v -1.909988670000e-01 7.040006520000e-01 -3.351050320000e-01
v -2.032030080000e-01 6.079980730000e-01 -3.159957230000e-01
v -1.973340960000e-01 5.973652010000e-01 -2.977419200000e-01
v -2.028886970000e-01 5.964341760000e-01 -3.032079640000e-01
v -1.762494000000e-01 5.920808320000e-01 -2.978281680000e-01
v -1.765519380000e-01 5.761175160000e-01 -2.982525230000e-01
v -2.020922010000e-01 5.659968260000e-01 -3.159937260000e-01
v -2.014315720000e-01 5.963225360000e-01 -2.991105020000e-01
v -2.020046410000e-01 5.644490720000e-01 -3.037675620000e-01
v -2.006390090000e-01 5.754868390000e-01 -2.989566620000e-01
v -2.024492770000e-01 5.804404020000e-01 -3.034403320000e-01
v -1.889937670000e-01 5.759967570000e-01 -2.983375490000e-01
v -2.025762500000e-01 5.842481850000e-01 -3.149962720000e-01
v -1.852512210000e-01 6.032505630000e-01 -2.976170180000e-01
v -2.028862240000e-01 5.959970950000e-01 -3.159937860000e-01
v -1.894928510000e-01 5.872463580000e-01 -2.980402710000e-01
v -1.705221380000e-01 5.841244460000e-01 -2.991932330000e-01
v -1.690502320000e-01 5.719747540000e-01 -3.079241220000e-01
v -1.685910080000e-01 5.892256500000e-01 -3.038021620000e-01
v -1.681133210000e-01 6.079329850000e-01 -3.031722900000e-01
v -1.677306740000e-01 6.230355500000e-01 -3.179998990000e-01
v -1.690205040000e-01 5.709794160000e-01 -3.243788780000e-01
v -1.692750300000e-01 5.614187720000e-01 -3.059353830000e-01
v -1.701977700000e-01 5.717822910000e-01 -2.998274270000e-01
v -1.679501680000e-01 6.146450640000e-01 -3.115625980000e-01
v -1.687882100000e-01 5.828293560000e-01 -3.176336880000e-01
v -1.695466340000e-01 5.876230000000e-01 -3.291397390000e-01
v -1.683856250000e-01 5.979967120000e-01 -3.135066930000e-01
v -1.682705280000e-01 6.091941000000e-01 -3.280232850000e-01
v -1.681621370000e-01 6.035532950000e-01 -3.242939110000e-01
v -1.707431080000e-01 6.055787210000e-01 -2.983314100000e-01
v -1.879318210000e-01 5.827645060000e-01 -3.319056330000e-01
v -1.728639750000e-01 5.877003670000e-01 -3.319992720000e-01
v -1.855001000000e-01 5.949707630000e-01 -3.322215080000e-01
v -1.902820020000e-01 6.040378810000e-01 -3.325328230000e-01
v -2.017081380000e-01 5.694998500000e-01 -3.286667470000e-01
v -2.011436670000e-01 5.843641160000e-01 -3.297855260000e-01
v -1.988259110000e-01 5.915068390000e-01 -3.320767280000e-01
v -2.027369440000e-01 5.978044270000e-01 -3.274689910000e-01
v -1.715061660000e-01 5.721684100000e-01 -3.307503460000e-01
v -1.815774890000e-01 5.709370970000e-01 -3.315915760000e-01
v -1.835091860000e-01 5.599952340000e-01 -3.313018380000e-01
v -2.033424680000e-01 6.166240570000e-01 -3.275693660000e-01
v -2.006207110000e-01 6.041719320000e-01 -3.320573270000e-01
v -1.967651700000e-01 5.721594100000e-01 -3.316413460000e-01
v -1.966654810000e-01 5.587699410000e-01 -3.312563300000e-01
v -2.024973630000e-01 5.793420670000e-01 -3.246886730000e-01
v -1.761524680000e-01 5.159077640000e-01 -3.301553130000e-01
v -2.012789400000e-01 5.495551820000e-01 -3.284463580000e-01
v -1.696621480000e-01 5.500037670000e-01 -3.159923260000e-01
v -1.951933950000e-01 5.243790750000e-01 -3.303928080000e-01
v -1.967296600000e-01 5.424372550000e-01 -3.307254610000e-01
v -1.748266520000e-01 5.529378060000e-01 -3.310797510000e-01
v -1.705842610000e-01 5.419864650000e-01 -3.288215100000e-01
v -1.700721230000e-01 5.345026850000e-01 -3.159947100000e-01
v -1.709321440000e-01 5.260258910000e-01 -3.286858800000e-01
v -1.704542040000e-01 5.200509430000e-01 -3.159475330000e-01
v -1.879983400000e-01 5.360009670000e-01 -3.306619230000e-01
v -1.763511900000e-01 5.291936400000e-01 -3.305294220000e-01
v -1.710379720000e-01 5.111016040000e-01 -3.282395300000e-01
v -1.702283920000e-01 5.579512720000e-01 -3.289352950000e-01
v -1.840367020000e-01 5.464919210000e-01 -3.309606020000e-01
v -1.879963130000e-01 5.080019830000e-01 -3.299214240000e-01
v -1.752240360000e-01 4.908829030000e-01 -3.287193780000e-01
v -1.776312440000e-01 5.041421060000e-01 -3.298653660000e-01
v -1.774457100000e-01 4.901739360000e-01 -3.145761790000e-01
v -1.714028870000e-01 4.916746320000e-01 -3.219913840000e-01
v -1.712909040000e-01 4.975381790000e-01 -3.282420340000e-01
v -2.008731370000e-01 5.228499170000e-01 -3.278237880000e-01
v -2.005304400000e-01 5.048906800000e-01 -3.194714780000e-01
v -1.999277320000e-01 4.914512930000e-01 -3.164752720000e-01
v -1.996244940000e-01 4.937595130000e-01 -3.281472330000e-01
v -2.005658750000e-01 5.117641690000e-01 -3.278475110000e-01
v -1.954563410000e-01 4.908495550000e-01 -3.289918900000e-01
v -1.961542810000e-01 5.103808050000e-01 -3.298431040000e-01
v -1.847621800000e-01 4.919959310000e-01 -3.293084800000e-01
v -1.866125760000e-01 4.901428520000e-01 -3.233424720000e-01
v -1.707454030000e-01 5.056388970000e-01 -3.096846640000e-01
v -1.713278000000e-01 4.924061000000e-01 -3.060388860000e-01
v -1.725820300000e-01 5.063691740000e-01 -3.010704520000e-01
v -1.755896360000e-01 4.951436820000e-01 -3.005863130000e-01
v -1.888572420000e-01 5.172096490000e-01 -2.998091580000e-01
v -1.774917840000e-01 4.904613200000e-01 -3.034884630000e-01
v -1.832542120000e-01 5.101817250000e-01 -3.000646830000e-01
v -1.958412380000e-01 5.079044100000e-01 -3.002767860000e-01
v -1.952717450000e-01 4.950576130000e-01 -3.005630080000e-01
v -1.926833240000e-01 4.902431960000e-01 -3.042733970000e-01
v -2.005629240000e-01 5.109321480000e-01 -3.037835360000e-01
v -1.887656900000e-01 5.258489850000e-01 -2.996440530000e-01
v -1.708391160000e-01 5.185031890000e-01 -3.031378980000e-01
v -2.002149080000e-01 4.931188230000e-01 -3.048456910000e-01
v -1.731177870000e-01 5.199328060000e-01 -2.999001440000e-01
v -1.996589300000e-01 5.261261460000e-01 -2.999021710000e-01
v -1.923197810000e-01 5.406356450000e-01 -2.991894190000e-01
v -1.702018680000e-01 5.337811710000e-01 -3.043610750000e-01
v -2.016161080000e-01 5.479946730000e-01 -3.199896510000e-01
v -1.703526080000e-01 5.504857300000e-01 -3.004390600000e-01
v -2.012516860000e-01 5.317684410000e-01 -3.225015400000e-01
v -2.017740310000e-01 5.507622360000e-01 -3.066980240000e-01
v -1.854999960000e-01 5.535000560000e-01 -2.989327610000e-01
v -2.014046910000e-01 5.400009750000e-01 -3.120017650000e-01
v -1.879951510000e-01 5.639973280000e-01 -2.986503240000e-01
v -2.001299860000e-01 5.567691330000e-01 -2.992170160000e-01
v -2.011115250000e-01 5.254199500000e-01 -3.076694310000e-01
v -1.775211100000e-01 5.402983430000e-01 -2.992163000000e-01
v -2.007362840000e-01 5.384891630000e-01 -3.002360760000e-01
v -1.716568470000e-01 5.333367590000e-01 -2.998838720000e-01
v -1.755621580000e-01 5.601048470000e-01 -2.987096610000e-01
v -1.925286500000e-01 9.404982330000e-01 -7.749909160000e-02
v -1.925286350000e-01 9.432471990000e-01 -8.724856380000e-02
v -1.924472600000e-01 9.522286650000e-01 -6.997636710000e-02
v -1.944338680000e-01 9.601712230000e-01 -7.835247370000e-02
v -2.000970990000e-01 9.626426700000e-01 -1.084967780000e-01
v -1.924172040000e-01 9.245920780000e-01 -1.088221590000e-01
v -1.924038380000e-01 9.245634080000e-01 -8.863028880000e-02
v -2.080029550000e-01 9.626470800000e-01 -1.199985300000e-01
v -1.925877930000e-01 9.343482850000e-01 -9.855389600000e-02
v -1.924457100000e-01 9.518827200000e-01 -9.897570310000e-02
v -1.995918750000e-01 9.624804260000e-01 -9.505413470000e-02
v -2.080029550000e-01 9.626470800000e-01 -9.599852560000e-02
v -2.203352150000e-01 9.628899690000e-01 -1.057488770000e-01
v -1.925286350000e-01 9.439962510000e-01 -1.074980940000e-01
v -1.943788230000e-01 9.600150590000e-01 -1.041813720000e-01
v -1.927957530000e-01 9.562302830000e-01 -8.902134750000e-02
v -2.204199580000e-01 9.629178050000e-01 -8.892910180000e-02
v -2.166178520000e-01 9.625998140000e-01 -4.300498220000e-02
v -2.090001700000e-01 9.626470800000e-01 -5.599992350000e-02
v -2.228287910000e-01 9.682080750000e-01 -5.492438000000e-02
v -1.937722560000e-01 9.595381020000e-01 -6.105479600000e-02
v -2.210779040000e-01 9.634995460000e-01 -2.899998430000e-02
v -2.164973470000e-01 9.625977280000e-01 -2.609594910000e-02
v -2.001071720000e-01 9.625756140000e-01 -5.495420470000e-02
v -2.080029550000e-01 9.626470800000e-01 -3.999852390000e-02
v -2.205228210000e-01 9.629817610000e-01 -5.630795660000e-02
v -1.996753810000e-01 9.625136260000e-01 -7.328426840000e-02
v -2.080029550000e-01 9.626470800000e-01 -7.999852300000e-02
v -2.151944490000e-01 9.625667930000e-01 -7.104863230000e-02
v -2.210778590000e-01 9.634994860000e-01 -6.900003550000e-02
v -1.997812240000e-01 9.625163670000e-01 -4.078780860000e-02
v -1.994223000000e-01 9.624546170000e-01 -2.393236010000e-02
v -2.228337080000e-01 9.682950970000e-01 2.994732930000e-02
v -2.080029550000e-01 9.626470800000e-01 3.200148050000e-02
v -1.950589870000e-01 9.606622460000e-01 -3.700003770000e-02
v -2.203743460000e-01 9.628850220000e-01 -8.991296400000e-03
v -2.164973910000e-01 9.625977280000e-01 2.290406080000e-02
v -2.210778890000e-01 9.634994860000e-01 1.900005530000e-02
v -2.203352300000e-01 9.628899690000e-01 4.092713070000e-02
v -2.228299830000e-01 9.682241080000e-01 1.105806790000e-02
v -2.059075240000e-01 9.627038240000e-01 -1.049187410000e-02
v -2.166178520000e-01 9.625998140000e-01 4.995008460000e-03
v -2.090001700000e-01 9.626470800000e-01 1.600008090000e-02
v -2.080029550000e-01 9.626470800000e-01 -2.399852310000e-02
v -2.010820660000e-01 9.626914260000e-01 -1.707238700000e-04
v -1.880235670000e-01 9.233074190000e-01 -8.414413030000e-02
v -1.925287250000e-01 9.390001300000e-01 -6.700003890000e-02
v -1.797048750000e-01 9.234458800000e-01 -3.839930150000e-02
v -1.922113450000e-01 9.237827060000e-01 -4.327153790000e-02
v -1.925287250000e-01 9.375002380000e-01 -3.950006510000e-02
v -1.925286650000e-01 9.479923840000e-01 -5.599616840000e-02
v -1.923519220000e-01 9.244362710000e-01 -7.319817690000e-02
v -1.922023740000e-01 9.238122700000e-01 -3.309502450000e-02
v -1.925287250000e-01 9.375001790000e-01 -5.325006320000e-02
v -1.770103570000e-01 9.276728030000e-01 -7.187979670000e-02
v -1.922661810000e-01 9.238741990000e-01 -5.564985420000e-02
v -1.796852800000e-01 9.234529730000e-01 -5.941395090000e-02
v -1.796852950000e-01 9.234529730000e-01 -7.741395380000e-02
v -1.880236120000e-01 9.233074190000e-01 -6.814412770000e-02
v -1.765565720000e-01 9.570514560000e-01 -3.940935060000e-02
v -1.767804920000e-01 9.457482700000e-01 -6.500092150000e-02
v -1.767804920000e-01 9.407523870000e-01 -4.874887690000e-02
v -1.767804920000e-01 9.360060690000e-01 -6.399702280000e-02
v -1.768377420000e-01 9.480479360000e-01 -1.775856870000e-02
v -1.768447610000e-01 9.490617510000e-01 -2.650856970000e-02
v -1.771204770000e-01 9.273373480000e-01 -3.158612180000e-02
v -1.760878120000e-01 9.578976630000e-01 -2.000630460000e-02
v -1.766669010000e-01 9.566865560000e-01 -4.011847080000e-03
v -1.767804920000e-01 9.395030740000e-01 -8.748509920000e-03
v -1.770103570000e-01 9.276728630000e-01 -5.187978220000e-02
v -1.767138390000e-01 9.335141180000e-01 -2.648453230000e-02
v -1.766596730000e-01 9.557998780000e-01 -5.647809430000e-02
v -1.767804920000e-01 9.402526620000e-01 -3.699870040000e-02
v -1.768926380000e-01 9.281061290000e-01 -1.214780380000e-02
v -1.925286350000e-01 9.439962510000e-01 3.200191630000e-02
v -1.925287250000e-01 9.400000570000e-01 2.000000330000e-02
v -1.921705900000e-01 9.237784150000e-01 3.208059820000e-02
v -1.925286500000e-01 9.449962380000e-01 4.400192200000e-02
v -1.928387580000e-01 9.563816190000e-01 2.070052550000e-03
v -1.945210700000e-01 9.602571730000e-01 -1.046777330000e-02
v -1.950589570000e-01 9.606622460000e-01 1.300001240000e-02
v -1.925797460000e-01 9.332839850000e-01 4.194610190000e-02
v -1.964045610000e-01 9.618302580000e-01 2.692498640000e-02
v -1.999219660000e-01 9.625539180000e-01 1.501900890000e-02
v -1.924624000000e-01 9.504249690000e-01 1.601372850000e-02
v -1.925646510000e-01 9.308603410000e-01 2.342812340000e-02
v -1.927424070000e-01 9.560060500000e-01 4.140364750000e-02
v -1.927652960000e-01 9.561085100000e-01 2.211058140000e-02
v -1.925286650000e-01 9.439962510000e-01 2.001916760000e-03
v -1.924040470000e-01 9.246479270000e-01 -2.153989670000e-02
v -1.922604740000e-01 9.238959550000e-01 -3.210943890000e-03
v -1.917453860000e-01 9.237251880000e-01 1.487389110000e-02
v -1.925286500000e-01 9.464943410000e-01 -3.999712690000e-02
v -1.927653100000e-01 9.561085700000e-01 -4.793541880000e-02
v -1.880235970000e-01 9.233074190000e-01 -1.614413220000e-02
v -1.925290670000e-01 9.539132120000e-01 -1.195657350000e-02
v -1.925287250000e-01 9.370002150000e-01 -8.000079540000e-03
v -1.925646510000e-01 9.308603410000e-01 9.428116490000e-03
v -1.925286350000e-01 9.439962510000e-01 -1.599808600000e-02
v -1.796643290000e-01 9.234617350000e-01 -1.449541380000e-02
v -1.797142620000e-01 9.234428410000e-01 5.620428830000e-03
v -1.925287250000e-01 9.385001660000e-01 -2.650004250000e-02
v -1.925721020000e-01 9.553177950000e-01 -2.935600650000e-02
v -2.214044180000e-01 9.730382560000e-01 -1.949999930000e-01
v -2.214044030000e-01 9.730382560000e-01 -1.750000570000e-01
v -2.214044030000e-01 9.730383160000e-01 -1.529999820000e-01
v -2.228336780000e-01 9.682949190000e-01 -1.839890030000e-01
v -2.162543980000e-01 9.745277760000e-01 -1.596703980000e-01
v -2.228337080000e-01 9.682950380000e-01 -1.460527180000e-01
v -2.203919590000e-01 9.740841390000e-01 -1.336153450000e-01
v -2.171298860000e-01 9.744946960000e-01 -1.465586130000e-01
v -2.067474130000e-01 9.744583960000e-01 -1.459987160000e-01
v -1.880000080000e-01 9.744583960000e-01 -1.360000070000e-01
v -2.055000070000e-01 9.744583960000e-01 -1.335000100000e-01
v -1.960000100000e-01 9.744583960000e-01 -1.375000180000e-01
v -2.160825130000e-01 9.745373130000e-01 -1.779281050000e-01
v -2.228337080000e-01 9.682949190000e-01 -2.019890400000e-01
v -2.228287760000e-01 9.682080150000e-01 -1.669244020000e-01
v -1.800000070000e-01 9.744583960000e-01 -1.035000090000e-01
v -1.880000080000e-01 9.744583960000e-01 -1.045000110000e-01
v -1.720000210000e-01 9.744583960000e-01 -8.900000150000e-02
v -1.840000150000e-01 9.744583960000e-01 -1.200000050000e-01
v -1.840000150000e-01 9.744583960000e-01 -7.299999890000e-02
v -1.840000150000e-01 9.744583960000e-01 -6.100000440000e-02
v -1.720000210000e-01 9.744583960000e-01 -6.700000170000e-02
v -2.158032950000e-01 9.745360610000e-01 -1.019892990000e-01
v -2.169997100000e-01 9.745016690000e-01 -1.170087680000e-01
v -2.000000030000e-01 9.744583960000e-01 -8.800000700000e-02
v -1.960000100000e-01 9.744583960000e-01 -1.200000050000e-01
v -2.000000030000e-01 9.744583960000e-01 -1.040000100000e-01
v -2.070000020000e-01 9.744583960000e-01 -1.200000050000e-01
v -1.840000150000e-01 9.744583960000e-01 -8.800000700000e-02
v -2.228307430000e-01 9.682351950000e-01 -1.010445730000e-01
v -2.228266000000e-01 9.681825040000e-01 -1.266735940000e-01
v -2.219862640000e-01 9.725328680000e-01 -1.185605750000e-01
v -2.214044180000e-01 9.730381970000e-01 -1.029999930000e-01
v -2.014999990000e-01 9.744583960000e-01 -7.450000200000e-02
v -2.203352150000e-01 9.628899690000e-01 -1.217487900000e-01
v -2.210778890000e-01 9.634995460000e-01 -1.410000180000e-01
v -2.064948080000e-01 9.744583960000e-01 -5.199740080000e-02
v -1.960000100000e-01 9.744583960000e-01 -5.650000270000e-02
v -2.067474130000e-01 9.744583960000e-01 -6.399869920000e-02
v -2.169223130000e-01 9.745042920000e-01 -7.589024310000e-02
v -2.159120440000e-01 9.745466110000e-01 -8.859236540000e-02
v -2.205675990000e-01 9.739338160000e-01 -6.379217650000e-02
v -2.214044180000e-01 9.730381970000e-01 -8.500000830000e-02
v -2.228336930000e-01 9.682949190000e-01 -7.598900050000e-02
v -2.164651160000e-01 9.745269420000e-01 -4.552393030000e-02
v -1.470000150000e-01 9.744583960000e-01 -6.700000170000e-02
v -1.720000210000e-01 9.744583960000e-01 -2.400000390000e-02
v -1.680000130000e-01 9.744583960000e-01 -4.800000410000e-02
v -1.600000110000e-01 9.744583960000e-01 -7.299999890000e-02
v -1.960000100000e-01 9.744583960000e-01 -2.400000390000e-02
v -1.680000130000e-01 9.744583960000e-01 1.250000110000e-02
v -2.072422060000e-01 9.744583960000e-01 -3.199610110000e-02
v -1.840000150000e-01 9.744583960000e-01 -4.800000410000e-02
v -1.780000180000e-01 9.744583960000e-01 -3.600000590000e-02
v -1.600000110000e-01 9.744583960000e-01 -6.100000440000e-02
v -1.820000110000e-01 9.744583960000e-01 -9.000000540000e-03
v -1.720000210000e-01 9.744583960000e-01 -5.500000440000e-03
v -1.840000150000e-01 9.744583960000e-01 -2.400000390000e-02
v -1.980000140000e-01 9.744583960000e-01 -4.000000660000e-02
v -2.214044180000e-01 9.730382560000e-01 -2.699999880000e-02
v -1.880000080000e-01 9.744583960000e-01 -4.000000660000e-03
v -2.214044330000e-01 9.730381970000e-01 -4.899999130000e-02
v -2.228254380000e-01 9.685589670000e-01 -3.994488720000e-02
v -1.820000110000e-01 9.744583960000e-01 1.050000080000e-02
v -2.228287910000e-01 9.682080750000e-01 -2.508351020000e-02
v -2.035000030000e-01 9.744583960000e-01 9.000001480000e-03
v -2.214044180000e-01 9.730382560000e-01 1.099998040000e-02
v -2.000000030000e-01 9.744583960000e-01 -4.000000660000e-03
v -2.035000030000e-01 9.744583960000e-01 -1.700000090000e-02
v -2.162113490000e-01 9.745301600000e-01 5.704008510000e-03
v -2.160826180000e-01 9.745373130000e-01 -8.594986050000e-03
v -2.214044180000e-01 9.730381370000e-01 -7.000014190000e-03
v -2.228336930000e-01 9.682949780000e-01 -7.989019160000e-03
v -2.172391560000e-01 9.744853970000e-01 -2.454442530000e-02
v -1.530000120000e-01 9.744583960000e-01 -4.000000660000e-03
v -1.600000110000e-01 9.744583960000e-01 -2.400000390000e-02
v -1.620000000000e-01 9.744583960000e-01 -9.000000540000e-03
v -1.262499990000e-01 9.744583960000e-01 -1.550000160000e-02
v -1.455000040000e-01 9.744583960000e-01 2.250000090000e-02
v -1.137500110000e-01 9.744583960000e-01 7.500000760000e-03
v -1.300000100000e-01 9.744583960000e-01 9.750001130000e-03
v -1.300000100000e-01 9.744583960000e-01 2.225000230000e-02
v -1.565000120000e-01 9.744583960000e-01 9.750001130000e-03
v -1.415000110000e-01 9.744583960000e-01 -2.000000330000e-02
v -1.270000040000e-01 9.744583960000e-01 -2.000000330000e-03
v -1.407500060000e-01 9.744583960000e-01 -1.100000090000e-02
v -1.145000160000e-01 9.744583960000e-01 2.150000260000e-02
v -1.400000150000e-01 9.744583960000e-01 1.164153220000e-10
v -1.455000040000e-01 9.744583960000e-01 9.000001480000e-03
v -9.600000830000e-02 9.744583960000e-01 -4.000000660000e-03
v -1.000000090000e-01 9.744583960000e-01 -1.700000090000e-02
v -1.070000080000e-01 9.744583960000e-01 -4.000000660000e-03
v -8.800000700000e-02 9.744583960000e-01 -5.500000440000e-03
v -1.137500110000e-01 9.744583960000e-01 -1.550000160000e-02
v -1.600000110000e-01 9.744583960000e-01 -3.600000590000e-02
v -1.200000050000e-01 9.744583960000e-01 -2.800000270000e-02
v -1.070000080000e-01 9.744583960000e-01 -3.200000520000e-02
v -1.407500060000e-01 9.744583960000e-01 -5.800000580000e-02
v -1.530000120000e-01 9.744583960000e-01 -4.800000410000e-02
v -1.470000150000e-01 9.744583960000e-01 -3.600000590000e-02
v -1.360000070000e-01 9.744583960000e-01 -4.800000410000e-02
v -1.330000160000e-01 9.744583960000e-01 -3.400000560000e-02
v -1.270000040000e-01 9.744583960000e-01 -5.000000450000e-02
v -1.400000150000e-01 9.744583960000e-01 -2.800000270000e-02
v -1.200000050000e-01 9.744583960000e-01 -4.000000660000e-02
v -1.880236570000e-01 9.233074190000e-01 -2.361441400000e-01
v -1.925770040000e-01 9.353140000000e-01 -2.350359410000e-01
v -1.923519220000e-01 9.244363310000e-01 -2.437094750000e-01
v -1.925770190000e-01 9.353140000000e-01 -2.640359400000e-01
v -1.925826970000e-01 9.363211390000e-01 -2.772221270000e-01
v -1.921771620000e-01 9.237539170000e-01 -2.671121360000e-01
v -1.919286250000e-01 9.238364100000e-01 -2.800174060000e-01
v -1.925888960000e-01 9.553402660000e-01 -2.410578280000e-01
v -1.925286650000e-01 9.479924440000e-01 -2.319961790000e-01
v -1.926710460000e-01 9.314546590000e-01 -2.867006360000e-01
v -1.925286650000e-01 9.412482380000e-01 -2.497490940000e-01
v -1.805076000000e-01 9.231343270000e-01 -2.874828880000e-01
v -1.917037520000e-01 9.219202400000e-01 -2.913438080000e-01
v -1.796276870000e-01 9.234606030000e-01 -2.699994440000e-01
v -1.922023740000e-01 9.238122700000e-01 -2.539846600000e-01
v -1.796852950000e-01 9.234529730000e-01 -2.514729800000e-01
v -1.956529770000e-01 9.336729050000e-01 -2.926692370000e-01
v -1.928339450000e-01 9.565643070000e-01 -2.699248190000e-01
v -1.927652960000e-01 9.561086300000e-01 -2.539354260000e-01
v -1.942917700000e-01 9.601538780000e-01 -2.800633910000e-01
v -1.994296160000e-01 9.625914690000e-01 -2.838007210000e-01
v -1.925230470000e-01 9.507737760000e-01 -2.870908080000e-01
v -1.925286650000e-01 9.479924440000e-01 -2.599961760000e-01
v -2.062851040000e-01 9.571034910000e-01 -2.959302960000e-01
v -2.089408490000e-01 9.624046680000e-01 -2.896308300000e-01
v -1.925284420000e-01 9.478909970000e-01 -2.758915720000e-01
v -2.048263400000e-01 9.384056330000e-01 -2.952973250000e-01
v -2.046028080000e-01 9.246049520000e-01 -2.952814700000e-01
v -1.957958490000e-01 9.587945940000e-01 -2.907925550000e-01
v -1.960339700000e-01 9.512354730000e-01 -2.930624190000e-01
v -2.228266150000e-01 9.681825040000e-01 -2.488966730000e-01
v -2.054217900000e-01 9.627038840000e-01 -2.574914990000e-01
v -2.210778740000e-01 9.634994860000e-01 -2.730000320000e-01
v -2.203932700000e-01 9.629111290000e-01 -2.559767070000e-01
v -2.228347210000e-01 9.683805700000e-01 -2.651166620000e-01
v -2.207367120000e-01 9.631399510000e-01 -2.921486200000e-01
v -2.228336930000e-01 9.682949780000e-01 -2.820526960000e-01
v -2.137108890000e-01 9.625628590000e-01 -2.784791890000e-01
v -1.950066830000e-01 9.606792330000e-01 -2.609709200000e-01
v -1.989257480000e-01 9.623868470000e-01 -2.660958170000e-01
v -2.228336780000e-01 9.682949190000e-01 -2.340526580000e-01
v -2.143676280000e-01 9.625378250000e-01 -2.686499360000e-01
v -2.204259930000e-01 9.629431370000e-01 -2.364411060000e-01
v -2.013848270000e-01 9.627086520000e-01 -2.489234950000e-01
v -2.156132010000e-01 9.625818730000e-01 -2.440500710000e-01
v -2.120132300000e-01 9.620975260000e-01 -3.327677850000e-01
v -2.063415200000e-01 9.414122100000e-01 -3.003421720000e-01
v -2.063664350000e-01 9.167569280000e-01 -3.067986670000e-01
v -2.113433030000e-01 9.619235400000e-01 -3.230194150000e-01
v -2.151730060000e-01 9.625643490000e-01 -3.063755330000e-01
v -2.063350680000e-01 9.269943240000e-01 -3.224885760000e-01
v -2.063350830000e-01 9.419964550000e-01 -3.119984570000e-01
v -2.064276930000e-01 9.134178160000e-01 -3.269561230000e-01
v -2.068835050000e-01 9.569928650000e-01 -3.131127950000e-01
v -2.063401640000e-01 9.281106000000e-01 -3.001280130000e-01
v -2.064094840000e-01 9.400656820000e-01 -3.284178380000e-01
v -2.100630550000e-01 9.608913060000e-01 -3.053194580000e-01
v -2.059313650000e-01 9.556900260000e-01 -3.332011100000e-01
v -2.062478960000e-01 9.511240720000e-01 -3.205751180000e-01
v -2.063350830000e-01 9.240000840000e-01 -3.145000040000e-01
v -1.835097520000e-01 9.359951620000e-01 -3.357047440000e-01
v -1.880001720000e-01 9.449998140000e-01 -3.356981580000e-01
v -1.790442620000e-01 9.492360350000e-01 -3.356095250000e-01
v -1.705579160000e-01 9.414756300000e-01 -3.356733320000e-01
v -2.006055710000e-01 9.260818360000e-01 -3.357291820000e-01
v -1.914799510000e-01 9.145058390000e-01 -3.357084100000e-01
v -1.827597470000e-01 9.234951140000e-01 -3.357021810000e-01
v -2.006055560000e-01 9.400815370000e-01 -3.357291820000e-01
v -1.712006330000e-01 9.266076680000e-01 -3.357443510000e-01
v -2.053062470000e-01 9.399311540000e-01 -3.332865830000e-01
v -2.010408940000e-01 9.529889820000e-01 -3.356705900000e-01
v -1.912051440000e-01 9.571843150000e-01 -3.362165690000e-01
v -2.009088700000e-01 9.089990850000e-01 -3.357038500000e-01
v -2.057581540000e-01 9.246982340000e-01 -3.328121010000e-01
v -2.053063060000e-01 9.059326650000e-01 -3.332864050000e-01
v -1.766668860000e-01 9.566865560000e-01 -2.262299060000e-01
v -1.715400820000e-01 9.623225330000e-01 -2.732601460000e-01
v -1.766528040000e-01 9.566712380000e-01 -2.475948930000e-01
v -1.796852950000e-01 9.234529730000e-01 -2.374729660000e-01
v -1.767804920000e-01 9.400030370000e-01 -2.519985140000e-01
v -1.767804920000e-01 9.400030370000e-01 -2.279985250000e-01
v -1.767804920000e-01 9.400030370000e-01 -2.639985080000e-01
v -1.768389490000e-01 9.477099780000e-01 -2.385085670000e-01
v -1.770348250000e-01 9.275838730000e-01 -2.489747700000e-01
v -1.765942720000e-01 9.569915530000e-01 -2.594239410000e-01
v -1.770103420000e-01 9.276728630000e-01 -2.318797860000e-01
v -1.769816130000e-01 9.277961250000e-01 -2.647381130000e-01
v -1.767804920000e-01 9.360060100000e-01 -2.399970140000e-01
v -1.728411760000e-01 9.617242220000e-01 -2.332730000000e-01
v -1.732142870000e-01 9.613103870000e-01 -2.530000210000e-01
v -1.771418150000e-01 9.276279210000e-01 -2.838801150000e-01
v -1.647037860000e-01 9.542469980000e-01 -3.006837070000e-01
v -1.634494070000e-01 9.255366920000e-01 -3.039986190000e-01
v -1.767811180000e-01 9.392549400000e-01 -2.764969770000e-01
v -1.667625310000e-01 9.557669760000e-01 -2.952173950000e-01
v -1.766669300000e-01 9.567003850000e-01 -2.729551200000e-01
v -1.632900830000e-01 9.379762410000e-01 -3.045920130000e-01
v -1.668009910000e-01 9.274424310000e-01 -2.952475850000e-01
v -1.766647850000e-01 9.413160090000e-01 -2.883168460000e-01
v -1.761516930000e-01 9.225233790000e-01 -2.919346990000e-01
v -1.767029610000e-01 9.541413780000e-01 -2.873997390000e-01
v -1.726223080000e-01 9.353280660000e-01 -2.933207150000e-01
v -1.733046770000e-01 9.519208670000e-01 -2.930102940000e-01
v -1.728367060000e-01 9.616566900000e-01 -2.883749010000e-01
v -1.662982400000e-01 9.430853130000e-01 -2.960053380000e-01
v -1.765771360000e-01 9.569791560000e-01 -2.120101600000e-01
v -1.796852950000e-01 9.234529730000e-01 -1.974730040000e-01
v -1.768444780000e-01 9.488404990000e-01 -2.035085710000e-01
v -1.796316650000e-01 9.234783650000e-01 -2.213081870000e-01
v -1.767804920000e-01 9.400030370000e-01 -2.189985220000e-01
v -1.751931160000e-01 9.598852990000e-01 -1.963778880000e-01
v -1.767804920000e-01 9.360060100000e-01 -1.949970280000e-01
v -1.770422310000e-01 9.275591970000e-01 -2.167357060000e-01
v -1.768111440000e-01 9.461555480000e-01 -1.900046470000e-01
v -1.766596730000e-01 9.557999370000e-01 -1.804781110000e-01
v -1.767493190000e-01 9.293308260000e-01 -2.049951700000e-01
v -1.770689040000e-01 9.274765250000e-01 -1.898627730000e-01
v -1.796643440000e-01 9.234617350000e-01 -1.744953840000e-01
v -1.767434630000e-01 9.292970900000e-01 -1.798781450000e-01
v -1.922162920000e-01 9.238176350000e-01 -1.178552060000e-01
v -1.767804920000e-01 9.400030970000e-01 -8.199851210000e-02
v -1.765116600000e-01 9.571337700000e-01 -8.800923820000e-02
v -1.868405640000e-01 9.231706260000e-01 -1.295575500000e-01
v -1.796532120000e-01 9.234669800000e-01 -1.361816820000e-01
v -1.880235670000e-01 9.233074190000e-01 -1.001441480000e-01
v -1.796532120000e-01 9.234669800000e-01 -1.185249760000e-01
v -1.796852800000e-01 9.234529730000e-01 -9.941393140000e-02
v -1.770689040000e-01 9.274765850000e-01 -1.178627610000e-01
v -1.770561040000e-01 9.275150900000e-01 -8.505786960000e-02
v -1.922655110000e-01 9.239225980000e-01 -1.383986470000e-01
v -1.767138390000e-01 9.335141180000e-01 -1.064845400000e-01
v -1.768425700000e-01 9.482805130000e-01 -1.080085780000e-01
v -1.768447610000e-01 9.490617510000e-01 -9.650857000000e-02
v -1.760877970000e-01 9.578976630000e-01 -1.080063130000e-01
v -1.767821010000e-01 9.286881690000e-01 -9.612045440000e-02
v -1.767804920000e-01 9.435001020000e-01 -1.750000120000e-01
v -1.767804920000e-01 9.360060100000e-01 -1.599970310000e-01
v -1.768023820000e-01 9.463543890000e-01 -1.593777090000e-01
v -1.764928700000e-01 9.570481180000e-01 -1.619746830000e-01
v -1.767804920000e-01 9.360060100000e-01 -1.469970350000e-01
v -1.767804920000e-01 9.360060100000e-01 -1.319970340000e-01
v -1.768447610000e-01 9.490617510000e-01 -1.445085700000e-01
v -1.768425700000e-01 9.482805130000e-01 -1.330085840000e-01
v -1.760877970000e-01 9.578976630000e-01 -1.440063270000e-01
v -1.766037340000e-01 9.569063780000e-01 -1.242952200000e-01
v -1.767804920000e-01 9.400030970000e-01 -1.194985210000e-01
v -1.796852950000e-01 9.234529730000e-01 -1.534139360000e-01
v -1.769816130000e-01 9.277960660000e-01 -1.327381280000e-01
v -1.770348100000e-01 9.275839920000e-01 -1.489748210000e-01
v -1.769815980000e-01 9.277961250000e-01 -1.647381480000e-01
v -1.925286350000e-01 9.449962970000e-01 -1.999980810000e-01
v -1.925286350000e-01 9.449962380000e-01 -2.159980980000e-01
v -1.925287100000e-01 9.360002280000e-01 -2.085000870000e-01
v -1.925286350000e-01 9.449962970000e-01 -1.859980970000e-01
v -1.925758420000e-01 9.342752700000e-01 -1.757859740000e-01
v -1.925876590000e-01 9.339669350000e-01 -1.890359370000e-01
v -1.870486440000e-01 9.231895800000e-01 -2.089030590000e-01
v -1.880236570000e-01 9.233074190000e-01 -1.931441580000e-01
v -1.922108080000e-01 9.238372450000e-01 -1.632060110000e-01
v -1.880235970000e-01 9.233074190000e-01 -1.801441310000e-01
v -1.925812210000e-01 9.324282410000e-01 -1.970718500000e-01
v -1.923134620000e-01 9.243395330000e-01 -1.829898950000e-01
v -1.923494790000e-01 9.244266150000e-01 -2.056923210000e-01
v -1.922604740000e-01 9.238960150000e-01 -2.214988920000e-01
v -1.925287100000e-01 9.375001790000e-01 -2.235000730000e-01
v -1.962102650000e-01 9.617751840000e-01 -2.034730760000e-01
v -2.002807410000e-01 9.625971910000e-01 -2.140073930000e-01
v -2.080029550000e-01 9.626470800000e-01 -2.039985210000e-01
v -2.151945080000e-01 9.625667930000e-01 -1.950486300000e-01
v -2.152864630000e-01 9.625549320000e-01 -2.140628250000e-01
v -2.210778740000e-01 9.634994860000e-01 -2.050000430000e-01
v -1.950589720000e-01 9.606622460000e-01 -2.290000320000e-01
v -1.967168450000e-01 9.619045850000e-01 -2.217137660000e-01
v -1.967488830000e-01 9.620052580000e-01 -2.416482570000e-01
v -2.070019250000e-01 9.626919030000e-01 -2.302464100000e-01
v -2.228343490000e-01 9.684051870000e-01 -2.191439120000e-01
v -2.204817680000e-01 9.629426600000e-01 -2.253300400000e-01
v -1.927299950000e-01 9.559454920000e-01 -2.111038120000e-01
v -1.928387430000e-01 9.563815590000e-01 -2.259299460000e-01
v -1.927375350000e-01 9.559826850000e-01 -1.948040430000e-01
v -1.942339990000e-01 9.599168900000e-01 -1.838210230000e-01
v -2.163066420000e-01 9.625872370000e-01 -1.393454520000e-01
v -2.063202410000e-01 9.627197980000e-01 -1.684928980000e-01
v -2.204199430000e-01 9.629178050000e-01 -1.612026540000e-01
v -2.000041600000e-01 9.625688200000e-01 -1.933440420000e-01
v -2.059075830000e-01 9.627038240000e-01 -1.334918890000e-01
v -1.927652960000e-01 9.561085100000e-01 -1.639354380000e-01
v -2.080029550000e-01 9.626470800000e-01 -1.799985170000e-01
v -2.202968300000e-01 9.628933670000e-01 -1.796134410000e-01
v -2.080029550000e-01 9.626470800000e-01 -1.554985340000e-01
v -1.950589570000e-01 9.606622460000e-01 -1.530000120000e-01
v -1.995106040000e-01 9.624723200000e-01 -1.788374930000e-01
v -1.995105590000e-01 9.624723200000e-01 -1.570331600000e-01
v -1.950589870000e-01 9.606623050000e-01 -1.729999780000e-01
v -1.998260020000e-01 9.625443220000e-01 -1.409625410000e-01
v -1.925829050000e-01 9.335572120000e-01 -1.290359500000e-01
v -1.996243600000e-01 9.624926450000e-01 -1.219122110000e-01
v -1.950589720000e-01 9.606622460000e-01 -1.349999760000e-01
v -1.925287100000e-01 9.380002020000e-01 -1.622500720000e-01
v -1.924431320000e-01 9.500166180000e-01 -1.754872200000e-01
v -1.925286500000e-01 9.464944010000e-01 -1.254971330000e-01
v -1.927957390000e-01 9.562302230000e-01 -1.468446700000e-01
v -1.925286650000e-01 9.479924440000e-01 -1.599961670000e-01
v -1.924432960000e-01 9.519726040000e-01 -1.149223670000e-01
v -1.926674540000e-01 9.555628300000e-01 -1.304974410000e-01
v -1.925287250000e-01 9.380001430000e-01 -1.185000460000e-01
v -1.925287100000e-01 9.375001790000e-01 -1.477500650000e-01
v -1.925286500000e-01 9.452453260000e-01 -1.407476220000e-01
v -1.942782850000e-01 9.600229260000e-01 -1.188020180000e-01
v -1.922556460000e-01 9.238030910000e-01 -1.499808280000e-01
v 2.077301740000e-01 9.169852140000e-01 -3.289610450000e-01
v 2.119219600000e-01 9.619455340000e-01 -3.080956340000e-01
v 2.077101470000e-01 9.347431060000e-01 -3.093832140000e-01
v 2.077321560000e-01 9.352657790000e-01 -3.288632630000e-01
v 2.075426130000e-01 9.438615440000e-01 -2.992847860000e-01
v 2.076618370000e-01 9.444994930000e-01 -3.120008710000e-01
v 2.075379490000e-01 9.098785520000e-01 -2.992827000000e-01
v 2.114582360000e-01 9.617747660000e-01 -3.196964560000e-01
v 2.078819570000e-01 9.562947750000e-01 -3.107754290000e-01
v 2.080165890000e-01 9.586700800000e-01 -2.986586690000e-01
v 2.076618370000e-01 9.255082010000e-01 -3.199837210000e-01
v 2.076618370000e-01 9.129996300000e-01 -3.120007510000e-01
v 2.077036950000e-01 9.214861990000e-01 -3.062736090000e-01
v 2.065574530000e-01 9.259079100000e-01 -2.960112090000e-01
v 2.077270450000e-01 9.551295640000e-01 -3.287155630000e-01
v 2.055852710000e-01 9.140018220000e-01 -3.339662850000e-01
v 1.989506040000e-01 9.534394150000e-01 -2.935299870000e-01
v 2.228621540000e-01 9.681372640000e-01 -2.891345620000e-01
v 2.054818570000e-01 9.563299420000e-01 -2.950706480000e-01
v 1.958983990000e-01 9.440599680000e-01 -2.925490440000e-01
v 2.228575350000e-01 9.680520890000e-01 -2.720070480000e-01
v 2.135596720000e-01 9.622707960000e-01 -2.972787020000e-01
v 2.205829170000e-01 9.631802440000e-01 -3.112773900000e-01
v 1.999010440000e-01 9.619922040000e-01 -2.867958840000e-01
v 2.086756380000e-01 9.622976780000e-01 -2.885936200000e-01
v 2.054568680000e-01 9.401510360000e-01 -2.951869960000e-01
v 1.947187630000e-01 9.592401980000e-01 -2.812097670000e-01
v 2.228523790000e-01 9.679861070000e-01 -3.109197910000e-01
v 2.202178240000e-01 9.628701810000e-01 -2.820652720000e-01
v 1.945868580000e-01 9.576721190000e-01 -2.892087700000e-01
v 1.926386210000e-01 9.507712130000e-01 -2.824617330000e-01
v 2.198897300000e-01 9.627679590000e-01 -2.466274800000e-01
v 2.003205570000e-01 9.624256490000e-01 -2.729220690000e-01
v 2.085438970000e-01 9.626614450000e-01 -2.758587900000e-01
v 2.080123420000e-01 9.626480340000e-01 -2.610061760000e-01
v 2.200779170000e-01 9.628039000000e-01 -2.636032100000e-01
v 2.228506950000e-01 9.679813390000e-01 -2.529040870000e-01
v 1.961030360000e-01 9.605455400000e-01 -2.428327800000e-01
v 2.017862650000e-01 9.626877900000e-01 -2.425597760000e-01
v 2.004764380000e-01 9.624435900000e-01 -2.280313070000e-01
v 2.082613110000e-01 9.626480340000e-01 -2.290056650000e-01
v 2.201897200000e-01 9.628398420000e-01 -2.280519310000e-01
v 1.927385180000e-01 9.526196120000e-01 -2.688674930000e-01
v 1.929288800000e-01 9.548308850000e-01 -2.511166330000e-01
v 1.949710100000e-01 9.594599600000e-01 -2.604887190000e-01
v 2.015188040000e-01 9.626643060000e-01 -2.549662290000e-01
v 2.055016010000e-01 9.528055190000e-01 -3.338768480000e-01
v 1.835097970000e-01 9.581349490000e-01 -3.366478680000e-01
v 1.867238880000e-01 9.499438410000e-01 -3.356182870000e-01
v 2.008131150000e-01 9.350454810000e-01 -3.357689380000e-01
v 1.919832970000e-01 9.159916640000e-01 -3.356983960000e-01
v 2.055852410000e-01 9.340018030000e-01 -3.339662850000e-01
v 1.850003300000e-01 9.380002020000e-01 -3.356981580000e-01
v 1.716583670000e-01 9.224675300000e-01 -3.356997670000e-01
v 1.712382880000e-01 9.424536820000e-01 -3.356227580000e-01
v 1.783043740000e-01 9.305139780000e-01 -3.357382420000e-01
v 1.722009180000e-01 9.557725790000e-01 -3.358596270000e-01
v 2.002393310000e-01 9.565261010000e-01 -3.360258340000e-01
v 2.008131300000e-01 9.230454560000e-01 -3.357689380000e-01
v 2.002478540000e-01 9.457854030000e-01 -3.357712030000e-01
v 1.899916530000e-01 9.269958730000e-01 -3.356983070000e-01
v 1.643444150000e-01 9.536095860000e-01 -3.257914780000e-01
v 1.658774610000e-01 9.589610100000e-01 -3.336302640000e-01
v 1.686028690000e-01 9.618985650000e-01 -3.397574420000e-01
v 1.579261570000e-01 9.628607630000e-01 -3.519221250000e-01
v 2.078241410000e-01 9.606091380000e-01 -3.367009460000e-01
v 2.202594130000e-01 9.629580970000e-01 -3.372138140000e-01
v 2.192533910000e-01 9.628289340000e-01 -3.505865040000e-01
v 1.670687350000e-01 9.442079660000e-01 -3.328944150000e-01
v 2.150285540000e-01 9.624971150000e-01 -3.292331400000e-01
v 2.051362990000e-01 9.625383020000e-01 -3.443514110000e-01
v 1.758657250000e-01 9.629130360000e-01 -3.519772290000e-01
v 1.579778940000e-01 9.626546500000e-01 -3.391034900000e-01
v 1.937043820000e-01 9.629481430000e-01 -3.520723880000e-01
v 1.601863650000e-01 9.608150720000e-01 -3.268737200000e-01
v 1.902782770000e-01 9.619514350000e-01 -3.397466840000e-01
v 2.228456140000e-01 9.679363370000e-01 -3.311286870000e-01
v 1.861260090000e-01 9.744718070000e-01 -3.489438000000e-01
v 1.939810510000e-01 9.680390950000e-01 -3.544332090000e-01
v 2.201335280000e-01 9.736941460000e-01 -3.520949480000e-01
v 2.060690220000e-01 9.744777080000e-01 -3.488673870000e-01
v 2.173273410000e-01 9.675126670000e-01 -3.544072810000e-01
v 1.681168820000e-01 9.735731480000e-01 -3.526468580000e-01
v 1.860298660000e-01 9.729059340000e-01 -3.532540500000e-01
v 2.040028720000e-01 9.744620320000e-01 -3.409942980000e-01
v 2.040232720000e-01 9.729070660000e-01 -3.532536030000e-01
v 1.759628650000e-01 9.681914450000e-01 -3.544397060000e-01
v 1.571287660000e-01 9.679557090000e-01 -3.544244170000e-01
v 2.206385730000e-01 9.739220740000e-01 -3.354626300000e-01
v 2.229041760000e-01 9.681861400000e-01 -3.487512770000e-01
v 1.877514420000e-01 9.744614360000e-01 -3.397471900000e-01
v 2.057473960000e-01 9.744583960000e-01 -3.202513160000e-01
v 2.168629910000e-01 9.745149610000e-01 -3.225796220000e-01
v 2.214042690000e-01 9.730385540000e-01 -3.129999940000e-01
v 1.960000100000e-01 9.744583960000e-01 -3.005000350000e-01
v 2.059948000000e-01 9.744583960000e-01 -3.050026300000e-01
v 2.079896030000e-01 9.744583960000e-01 -2.920052110000e-01
v 2.164113970000e-01 9.745355250000e-01 -3.072325890000e-01
v 1.885000170000e-01 9.744583960000e-01 -3.160000150000e-01
v 1.750000120000e-01 9.744583960000e-01 -3.280000090000e-01
v 1.930000190000e-01 9.744583960000e-01 -3.280000090000e-01
v 2.207798360000e-01 9.736842510000e-01 -2.926055190000e-01
v 1.840000150000e-01 9.744583960000e-01 -3.280000090000e-01
v 2.079896030000e-01 9.744583960000e-01 -3.320052030000e-01
v 2.069948020000e-01 9.744583960000e-01 -2.375026050000e-01
v 2.214042840000e-01 9.730385540000e-01 -2.090000360000e-01
v 2.169995010000e-01 9.745016690000e-01 -2.292476740000e-01
v 1.937500240000e-01 9.744583960000e-01 -2.100000080000e-01
v 1.885000170000e-01 9.744583960000e-01 -1.960000100000e-01
v 2.166060060000e-01 9.745250940000e-01 -1.712324620000e-01
v 2.170753630000e-01 9.745063780000e-01 -1.936495900000e-01
v 2.160822000000e-01 9.745373130000e-01 -2.094049900000e-01
v 2.079896030000e-01 9.744583960000e-01 -1.905052210000e-01
v 2.039999960000e-01 9.744583960000e-01 -2.080000040000e-01
v 1.945000140000e-01 9.744583960000e-01 -1.870000060000e-01
v 2.057474110000e-01 9.744583960000e-01 -2.240013180000e-01
v 2.074947950000e-01 9.744583960000e-01 -1.655026080000e-01
v 2.039999960000e-01 9.744583960000e-01 -1.785000120000e-01
v 1.960000100000e-01 9.744583960000e-01 -1.720000210000e-01
v 2.057500030000e-01 9.744583960000e-01 -2.545000310000e-01
v 1.672500070000e-01 9.744583960000e-01 -2.785000210000e-01
v 1.930000190000e-01 9.744583960000e-01 -2.840000090000e-01
v 1.810000090000e-01 9.744583960000e-01 -2.840000090000e-01
v 2.166059760000e-01 9.745250940000e-01 -2.639392910000e-01
v 1.680000130000e-01 9.744583960000e-01 -2.879999880000e-01
v 2.205681060000e-01 9.739338160000e-01 -2.771865730000e-01
v 2.074947950000e-01 9.744583960000e-01 -2.795026300000e-01
v 1.945000140000e-01 9.744583960000e-01 -2.647500040000e-01
v 2.214042690000e-01 9.730385540000e-01 -2.549999950000e-01
v 2.214042990000e-01 9.730385540000e-01 -2.310000360000e-01
v 2.228615130000e-01 9.682519440000e-01 -2.340405290000e-01
v 2.019999920000e-01 9.744583960000e-01 -2.710000280000e-01
v 2.228161100000e-01 9.677796360000e-01 -2.199624180000e-01
v 2.168048470000e-01 9.745067360000e-01 -2.472230940000e-01
v 1.667500140000e-01 9.744583960000e-01 -2.472500060000e-01
v 1.560000180000e-01 9.744583960000e-01 -2.390000080000e-01
v 1.720000060000e-01 9.744583960000e-01 -2.585000400000e-01
v 1.795000140000e-01 9.744583960000e-01 -2.702500220000e-01
v 1.840000150000e-01 9.744583960000e-01 -2.305000130000e-01
v 1.640000050000e-01 9.744583960000e-01 -2.320000080000e-01
v 1.540000140000e-01 9.744583960000e-01 -2.510000170000e-01
v 1.560000030000e-01 9.744583960000e-01 -2.600000200000e-01
v 1.930000190000e-01 9.744583960000e-01 -2.305000130000e-01
v 1.802500040000e-01 9.744583960000e-01 -2.480000110000e-01
v 1.750000120000e-01 9.744583960000e-01 -2.312500180000e-01
v 1.600000110000e-01 9.744583960000e-01 -2.695000170000e-01
v 1.855000110000e-01 9.744583960000e-01 -2.585000400000e-01
v 1.937500090000e-01 9.744583960000e-01 -2.487500160000e-01
v 1.420000200000e-01 9.744583960000e-01 -2.545000310000e-01
v 1.280000210000e-01 9.744583960000e-01 -2.840000090000e-01
v 1.320000140000e-01 9.744583960000e-01 -2.960000040000e-01
v 1.320000140000e-01 9.744583960000e-01 -3.050000370000e-01
v 1.190000100000e-01 9.744583960000e-01 -2.840000090000e-01
v 1.190000100000e-01 9.744583960000e-01 -3.065000180000e-01
v 1.155000110000e-01 9.744583960000e-01 -2.990000250000e-01
v 1.120000110000e-01 9.744583960000e-01 -3.160000150000e-01
v 1.040000100000e-01 9.744583960000e-01 -2.960000040000e-01
v 1.020000130000e-01 9.744583960000e-01 -3.120000360000e-01
v 1.190000100000e-01 9.744583960000e-01 -3.240000010000e-01
v 1.455000190000e-01 9.744583960000e-01 -2.695000170000e-01
v 1.520000250000e-01 9.744583960000e-01 -2.840000090000e-01
v 1.480000170000e-01 9.744583960000e-01 -2.960000040000e-01
v 1.389999990000e-01 9.744583960000e-01 -2.840000090000e-01
v 1.330000160000e-01 9.744583960000e-01 -2.680000070000e-01
v 1.690000000000e-01 9.744583960000e-01 -2.960000040000e-01
v 1.455000190000e-01 9.744583960000e-01 -3.065000180000e-01
v 1.560000180000e-01 9.744583960000e-01 -3.050000370000e-01
v 1.470014600000e-01 9.744635820000e-01 -3.362471760000e-01
v 1.375000030000e-01 9.744583960000e-01 -3.335000280000e-01
v 1.440000240000e-01 9.744583960000e-01 -3.199999930000e-01
v 1.670057180000e-01 9.744679930000e-01 -3.394886260000e-01
v 1.705000100000e-01 9.744583960000e-01 -3.180000190000e-01
v 1.560000180000e-01 9.744583960000e-01 -3.359999950000e-01
v 1.862500010000e-01 9.744583960000e-01 -3.020000160000e-01
v 1.320000140000e-01 9.744583960000e-01 -3.199999930000e-01
v 1.250000150000e-01 9.744583960000e-01 -3.360000250000e-01
v 1.545786860000e-01 9.739187960000e-01 -3.522928660000e-01
v 1.560000030000e-01 9.744583960000e-01 -3.199999930000e-01
v 1.400135760000e-01 9.745120410000e-01 -3.479050400000e-01
v 1.707500070000e-01 9.744583960000e-01 -3.057500120000e-01
v 1.219607220000e-01 9.632912870000e-01 -3.524413700000e-01
v 1.118971780000e-01 9.626231790000e-01 -3.481397930000e-01
v 1.149618480000e-01 9.626542930000e-01 -3.309228720000e-01
v 1.419304010000e-01 9.629192350000e-01 -3.520839510000e-01
v 1.200028140000e-01 9.626521470000e-01 -3.390055890000e-01
v 1.311857400000e-01 9.625863430000e-01 -3.468147220000e-01
v 1.032527980000e-01 9.626520280000e-01 -3.395056130000e-01
v 1.320473400000e-01 9.626967910000e-01 -3.313912450000e-01
v 1.440028100000e-01 9.626521470000e-01 -3.390055890000e-01
v 1.480438860000e-01 9.626679420000e-01 -3.310408890000e-01
v 8.392187210000e-02 9.628540280000e-01 -3.519190850000e-01
v 9.974835070000e-02 9.629001620000e-01 -3.520466690000e-01
v 8.725558220000e-02 9.626581070000e-01 -3.387611510000e-01
v 1.408669650000e-01 9.679315090000e-01 -3.544211390000e-01
v 1.211190750000e-01 9.744346140000e-01 -3.493210080000e-01
v 7.492262870000e-02 9.679815170000e-01 -3.544275460000e-01
v 1.400298770000e-01 9.729058740000e-01 -3.532540800000e-01
v 1.120000260000e-01 9.744583960000e-01 -3.400000040000e-01
v 1.287582520000e-01 9.740996960000e-01 -3.518060740000e-01
v 1.230745090000e-01 9.684801100000e-01 -3.545171320000e-01
v 8.802989870000e-02 9.729058740000e-01 -3.532541100000e-01
v 1.072318110000e-01 9.744805690000e-01 -3.487601280000e-01
v 8.861810710000e-02 9.745349880000e-01 -3.479972180000e-01
v 9.510825570000e-02 9.681468610000e-01 -3.544390500000e-01
v 9.750573340000e-02 9.744650130000e-01 -3.414886300000e-01
v 1.090248300000e-01 9.680403470000e-01 -3.544154170000e-01
v 1.127818230000e-01 9.729290600000e-01 -3.533495660000e-01
v 1.040000100000e-01 9.744583960000e-01 -3.280000090000e-01
v 9.200000760000e-02 9.744583960000e-01 -3.280000090000e-01
v 1.927420940000e-01 9.528584480000e-01 -1.260566120000e-01
v 1.930592360000e-01 9.554145340000e-01 -7.203251870000e-02
v 1.929126080000e-01 9.312093260000e-01 -1.214272310000e-01
v 1.928092990000e-01 9.279315470000e-01 -7.585458460000e-02
v 1.927374010000e-01 9.524475930000e-01 -1.072676110000e-01
v 1.928185670000e-01 9.464866520000e-01 -9.200674300000e-02
v 1.928185670000e-01 9.449911120000e-01 -1.200044970000e-01
v 1.928186120000e-01 9.370002150000e-01 -9.174989160000e-02
v 1.928186120000e-01 9.380002020000e-01 -1.057499130000e-01
v 1.928092990000e-01 9.279316070000e-01 -9.185459460000e-02
v 1.928092990000e-01 9.279315470000e-01 -1.078545900000e-01
v 1.930163350000e-01 9.552572970000e-01 -8.722869310000e-02
v 1.928185820000e-01 9.479821320000e-01 -6.250898540000e-02
v 1.928185520000e-01 9.439911250000e-01 -7.850449530000e-02
v 1.928186120000e-01 9.382501840000e-01 -6.787491590000e-02
v 2.017862200000e-01 9.626877900000e-01 -4.122490440000e-02
v 1.954006700000e-01 9.600523710000e-01 -3.747012840000e-02
v 1.938941480000e-01 9.578865170000e-01 -5.447486040000e-02
v 1.927872900000e-01 9.543154840000e-01 -3.202026710000e-02
v 1.927374010000e-01 9.524475930000e-01 -4.477842520000e-02
v 2.228454050000e-01 9.679402110000e-01 -3.913072870000e-02
v 2.075154040000e-01 9.626478550000e-01 -7.200770830000e-02
v 2.201170030000e-01 9.628170730000e-01 -6.556256860000e-02
v 2.008405480000e-01 9.625194670000e-01 -5.418370290000e-02
v 2.080123280000e-01 9.626480340000e-01 -5.600616710000e-02
v 1.961303800000e-01 9.605710510000e-01 -6.701849400000e-02
v 2.003569160000e-01 9.624118800000e-01 -7.708455620000e-02
v 2.228619750000e-01 9.681388740000e-01 -5.491072310000e-02
v 2.199797030000e-01 9.627825620000e-01 -3.510878240000e-02
v 2.202147990000e-01 9.628503920000e-01 -4.949288440000e-02
v 2.202550770000e-01 9.628697040000e-01 -1.064569580000e-01
v 2.087587120000e-01 9.626482130000e-01 -9.550436590000e-02
v 2.116302850000e-01 9.625862240000e-01 -1.154780610000e-01
v 2.007458810000e-01 9.625025390000e-01 -1.020323110000e-01
v 2.003568860000e-01 9.624118800000e-01 -1.210845560000e-01
v 1.955350790000e-01 9.602344630000e-01 -9.354121980000e-02
v 1.952621040000e-01 9.599591490000e-01 -1.070009540000e-01
v 1.949710250000e-01 9.594600800000e-01 -1.204887480000e-01
v 1.949710250000e-01 9.594601390000e-01 -1.364887510000e-01
v 2.040966750000e-01 9.627276060000e-01 -8.602067080000e-02
v 2.214042690000e-01 9.730385540000e-01 -8.300003410000e-02
v 2.228575500000e-01 9.680520300000e-01 -9.600704910000e-02
v 2.162483040000e-01 9.626006480000e-01 -7.790406050000e-02
v 2.201599480000e-01 9.628286360000e-01 -9.029430900000e-02
v 2.228575350000e-01 9.680521490000e-01 -7.600707560000e-02
v 1.770703940000e-01 9.435001020000e-01 -8.875000480000e-02
v 1.767705230000e-01 9.566854830000e-01 -6.702554970000e-02
v 1.754543480000e-01 9.596102830000e-01 -8.596757800000e-02
v 1.769085080000e-01 9.557824730000e-01 -1.035185230000e-01
v 1.768819240000e-01 9.559161070000e-01 -1.185170190000e-01
v 1.770703940000e-01 9.459970590000e-01 -1.049984840000e-01
v 1.770703940000e-01 9.469951990000e-01 -1.159975750000e-01
v 1.727709620000e-01 9.620832200000e-01 -1.051386150000e-01
v 1.770703940000e-01 9.360055920000e-01 -8.050279320000e-02
v 1.770703940000e-01 9.360055920000e-01 -6.400278210000e-02
v 1.771334410000e-01 9.480912090000e-01 -7.448944450000e-02
v 1.770703940000e-01 9.447482820000e-01 -5.949909240000e-02
v 1.771159020000e-01 9.522693160000e-01 -8.797949550000e-02
v 1.770703940000e-01 9.360055920000e-01 -1.000027950000e-01
v 1.772213880000e-01 9.281730060000e-01 -9.529047460000e-02
v 1.772489400000e-01 9.280242320000e-01 -8.011803030000e-02
v 1.916667370000e-01 9.234840270000e-01 -1.107453410000e-01
v 1.923297490000e-01 9.239925740000e-01 -1.295150220000e-01
v 1.857266580000e-01 9.231638910000e-01 -9.343402830000e-02
v 1.770350040000e-01 9.293159250000e-01 -1.119489300000e-01
v 1.802302900000e-01 9.232481120000e-01 -1.387351300000e-01
v 1.770703940000e-01 9.400028590000e-01 -1.240013990000e-01
v 1.793383210000e-01 9.236335160000e-01 -8.472089470000e-02
v 1.917272510000e-01 9.235091810000e-01 -8.747585860000e-02
v 1.799993520000e-01 9.232176540000e-01 -1.269532290000e-01
v 1.797274050000e-01 9.233449700000e-01 -1.000941320000e-01
v 1.772489550000e-01 9.280241730000e-01 -1.401180180000e-01
v 1.772801130000e-01 9.278828500000e-01 -1.250268820000e-01
v 1.771159020000e-01 9.522693160000e-01 -1.319795100000e-01
v 1.794319900000e-01 9.235799310000e-01 -1.125811710000e-01
v 1.770703940000e-01 9.390035270000e-01 -1.365017440000e-01
v 1.794319750000e-01 9.235799310000e-01 -7.057865710000e-02
v 1.772489400000e-01 9.280242320000e-01 -6.011803450000e-02
v 1.916291560000e-01 9.234735370000e-01 -7.292629030000e-02
v 1.801885370000e-01 9.232245090000e-01 -5.859811230000e-02
v 1.793884340000e-01 9.236016870000e-01 -4.549695180000e-02
v 1.762032360000e-01 9.580378530000e-01 -4.202103990000e-02
v 1.772728120000e-01 9.279139640000e-01 -1.505648440000e-02
v 1.770703940000e-01 9.360055920000e-01 -4.800278690000e-02
v 1.770703940000e-01 9.402522440000e-01 -3.300109130000e-02
v 1.771480290000e-01 9.500099420000e-01 -4.198975490000e-02
v 1.770514100000e-01 9.548940660000e-01 -5.359096830000e-02
v 1.767134070000e-01 9.571043250000e-01 -2.379406240000e-02
v 1.770190300000e-01 9.342295530000e-01 -8.513399400000e-03
v 1.770703940000e-01 9.434990290000e-01 -2.099948380000e-02
v 1.772489400000e-01 9.280242320000e-01 -3.611803050000e-02
v 1.857266870000e-01 9.231638910000e-01 -1.743402520000e-02
v 1.912449450000e-01 9.232818480000e-01 -3.950259830000e-02
v 1.917492450000e-01 9.235225320000e-01 -5.474841970000e-02
v 1.793152690000e-01 9.236510990000e-01 -1.019039750000e-02
v 1.928186120000e-01 9.390001300000e-01 -3.199997170000e-02
v 1.923328490000e-01 9.236618880000e-01 -9.982521650000e-03
v 1.928650890000e-01 9.288901090000e-01 -6.039088590000e-02
v 1.917272210000e-01 9.235091810000e-01 -2.742641610000e-02
v 1.928504710000e-01 9.285605550000e-01 -2.739087680000e-02
v 1.928186120000e-01 9.380002020000e-01 -1.924990300000e-02
v 1.793884490000e-01 9.236016870000e-01 -2.778519690000e-02
v 1.928185820000e-01 9.479821320000e-01 -2.000898120000e-02
v 1.928186120000e-01 9.400000570000e-01 -4.800000410000e-02
v 1.928702290000e-01 9.290366170000e-01 -4.565901310000e-02
v 1.928185520000e-01 9.409956930000e-01 -8.752181190000e-03
v 2.214042840000e-01 9.730385540000e-01 -1.330000160000e-01
v 2.160822000000e-01 9.745373130000e-01 -1.220719290000e-01
v 2.228575350000e-01 9.680521490000e-01 -1.120070520000e-01
v 2.045382560000e-01 9.627197980000e-01 -1.310967800000e-01
v 2.214042690000e-01 9.730386140000e-01 -1.069999930000e-01
v 2.006496190000e-01 9.625105860000e-01 -1.426677260000e-01
v 2.228575350000e-01 9.680521490000e-01 -1.560070660000e-01
v 2.169221340000e-01 9.745042920000e-01 -1.380751130000e-01
v 2.208600490000e-01 9.736325740000e-01 -1.537800430000e-01
v 2.072422060000e-01 9.744583960000e-01 -1.520039140000e-01
v 2.057474110000e-01 9.744583960000e-01 -1.360013190000e-01
v 2.200217550000e-01 9.627715950000e-01 -1.416005640000e-01
v 2.201961430000e-01 9.628663060000e-01 -1.275215600000e-01
v 2.228575500000e-01 9.680521490000e-01 -1.400070640000e-01
v 2.228575350000e-01 9.680521490000e-01 -1.260070500000e-01
v 1.928185520000e-01 9.419934750000e-01 -1.840033230000e-01
v 1.928186120000e-01 9.390002490000e-01 -1.564999520000e-01
v 1.927794670000e-01 9.538212420000e-01 -1.688761260000e-01
v 1.927968860000e-01 9.542443750000e-01 -1.398159120000e-01
v 2.004764680000e-01 9.624435900000e-01 -1.600313040000e-01
v 1.927371470000e-01 9.512442950000e-01 -1.510943030000e-01
v 1.928186120000e-01 9.382503030000e-01 -1.374999280000e-01
v 2.004764230000e-01 9.624435900000e-01 -1.760313060000e-01
v 1.949710100000e-01 9.594600800000e-01 -1.714481560000e-01
v 1.928185670000e-01 9.464866520000e-01 -1.735067520000e-01
v 1.928186120000e-01 9.360003470000e-01 -1.679998790000e-01
v 1.954253020000e-01 9.600492720000e-01 -1.546283810000e-01
v 1.950407330000e-01 9.595470430000e-01 -1.876620800000e-01
v 1.927762930000e-01 9.538159970000e-01 -1.948505040000e-01
v 1.928186120000e-01 9.375002980000e-01 -1.944999100000e-01
v 2.017862650000e-01 9.626877900000e-01 -2.033525410000e-01
v 2.023745920000e-01 9.627249240000e-01 -2.143107350000e-01
v 2.129643260000e-01 9.625630970000e-01 -1.529551300000e-01
v 2.203045790000e-01 9.629241230000e-01 -2.118816670000e-01
v 2.200779320000e-01 9.628039000000e-01 -1.982603670000e-01
v 2.228615280000e-01 9.682520630000e-01 -2.060405310000e-01
v 2.228575500000e-01 9.680520890000e-01 -1.900068820000e-01
v 2.214042840000e-01 9.730385540000e-01 -1.809999940000e-01
v 2.137078050000e-01 9.625620250000e-01 -1.854551140000e-01
v 2.129643860000e-01 9.625630970000e-01 -1.619551030000e-01
v 2.201599630000e-01 9.628286960000e-01 -1.759578880000e-01
v 2.228487730000e-01 9.679654240000e-01 -1.731031980000e-01
v 2.206475590000e-01 9.632471800000e-01 -1.610000130000e-01
v 1.954007300000e-01 9.600524310000e-01 -2.042408880000e-01
v 2.080123420000e-01 9.626480340000e-01 -1.720061750000e-01
v 2.015435840000e-01 9.626813530000e-01 -1.925331650000e-01
v 1.792753640000e-01 9.236860280000e-01 -1.972317990000e-01
v 1.917764990000e-01 9.235439300000e-01 -1.897297650000e-01
v 1.916291710000e-01 9.234735970000e-01 -1.715708820000e-01
v 1.793152690000e-01 9.236510990000e-01 -1.541904060000e-01
v 1.855432390000e-01 9.231571560000e-01 -1.987219150000e-01
v 1.928092990000e-01 9.279316070000e-01 -1.933546070000e-01
v 1.916928590000e-01 9.234932660000e-01 -2.123574610000e-01
v 1.876181220000e-01 9.232814910000e-01 -1.478582920000e-01
v 1.794319900000e-01 9.235799910000e-01 -1.805811970000e-01
v 1.802302750000e-01 9.232481120000e-01 -1.635729670000e-01
v 1.924789550000e-01 9.243812560000e-01 -1.576725990000e-01
v 1.928092990000e-01 9.279316070000e-01 -1.758545940000e-01
v 1.923870590000e-01 9.240890150000e-01 -1.422975660000e-01
v 1.793975830000e-01 9.235967400000e-01 -2.155154350000e-01
v 1.770703940000e-01 9.400028590000e-01 -2.120014130000e-01
v 1.770350040000e-01 9.293159250000e-01 -2.009845970000e-01
v 1.767001750000e-01 9.569869640000e-01 -1.539286520000e-01
v 1.770037110000e-01 9.298768040000e-01 -1.552527990000e-01
v 1.771414280000e-01 9.514751430000e-01 -1.919807200000e-01
v 1.770703940000e-01 9.459964040000e-01 -2.017481920000e-01
v 1.769631060000e-01 9.562307600000e-01 -1.720978770000e-01
v 1.772489400000e-01 9.280242320000e-01 -1.681180150000e-01
v 1.770703940000e-01 9.454976320000e-01 -1.614987850000e-01
v 1.770703940000e-01 9.400028590000e-01 -1.705014110000e-01
v 1.770703940000e-01 9.407516120000e-01 -1.812507960000e-01
v 1.770703940000e-01 9.375042320000e-01 -1.905021070000e-01
v 1.771376580000e-01 9.482719300000e-01 -1.477397530000e-01
v 1.762032360000e-01 9.580378530000e-01 -1.879789680000e-01
v 1.768275800000e-01 9.568627480000e-01 -2.069823440000e-01
v 1.772489550000e-01 9.280241730000e-01 -1.841180180000e-01
v 1.850130560000e-01 9.232352380000e-01 -2.842362820000e-01
v 1.767554580000e-01 9.277067780000e-01 -2.883259950000e-01
v 1.781113150000e-01 9.222502710000e-01 -2.915447060000e-01
v 1.927397850000e-01 9.366395470000e-01 -2.834721510000e-01
v 1.928186120000e-01 9.360003470000e-01 -2.639998790000e-01
v 1.928185670000e-01 9.449911120000e-01 -2.570044990000e-01
v 1.928186120000e-01 9.360003470000e-01 -2.479998620000e-01
v 1.916569470000e-01 9.215598110000e-01 -2.914989290000e-01
v 1.793820560000e-01 9.236488340000e-01 -2.707360090000e-01
v 1.928092990000e-01 9.279316070000e-01 -2.558546070000e-01
v 1.957917060000e-01 9.295139910000e-01 -2.923813460000e-01
v 1.922377500000e-01 9.240553380000e-01 -2.823264600000e-01
v 1.914575250000e-01 9.234464170000e-01 -2.556873560000e-01
v 1.922736760000e-01 9.236226680000e-01 -2.670948510000e-01
v 1.793884630000e-01 9.236016870000e-01 -2.534969450000e-01
v 1.927407680000e-01 9.517329340000e-01 -2.255289550000e-01
v 1.927714500000e-01 9.541224840000e-01 -2.383396920000e-01
v 1.928185520000e-01 9.404957290000e-01 -2.160021960000e-01
v 1.928186120000e-01 9.380003210000e-01 -2.262499180000e-01
v 1.928186120000e-01 9.390002490000e-01 -2.379999460000e-01
v 1.853163390000e-01 9.231507180000e-01 -2.280098050000e-01
v 1.917492450000e-01 9.235225920000e-01 -2.249950620000e-01
v 1.928185520000e-01 9.419934750000e-01 -2.062533200000e-01
v 1.782565270000e-01 9.243214130000e-01 -2.355020490000e-01
v 1.853163990000e-01 9.231507180000e-01 -2.412219050000e-01
v 1.949710400000e-01 9.594601390000e-01 -2.225698530000e-01
v 1.923711750000e-01 9.240581990000e-01 -2.443296910000e-01
v 1.928092990000e-01 9.279316660000e-01 -2.318546030000e-01
v 1.928092990000e-01 9.279316070000e-01 -2.133546020000e-01
v 1.930163500000e-01 9.552572970000e-01 -2.112287130000e-01
v 1.703214940000e-01 6.312516330000e-01 -2.986700830000e-01
v 1.691887680000e-01 6.164357660000e-01 -3.031079170000e-01
v 1.764316260000e-01 6.320643420000e-01 -3.332726360000e-01
v 1.758523580000e-01 6.160891650000e-01 -3.328249450000e-01
v 1.684612780000e-01 6.460808520000e-01 -3.281755450000e-01
v 1.702402090000e-01 6.188908220000e-01 -3.316461440000e-01
v 1.692435290000e-01 6.159988640000e-01 -3.159975110000e-01
v 1.688807160000e-01 6.279616950000e-01 -3.244059090000e-01
v 1.689261500000e-01 6.280000210000e-01 -3.130000230000e-01
v 1.687662900000e-01 6.324316260000e-01 -3.029495180000e-01
v 1.685030010000e-01 6.440000530000e-01 -3.129999940000e-01
v 1.702091990000e-01 6.339883210000e-01 -3.320746120000e-01
v 1.683395650000e-01 6.484975220000e-01 -3.027560110000e-01
v 1.702474500000e-01 6.579817530000e-01 -2.981364430000e-01
v 1.669963150000e-01 7.050602440000e-01 -3.320194180000e-01
v 1.671323930000e-01 6.937522890000e-01 -3.240614830000e-01
v 1.675018370000e-01 6.808860900000e-01 -3.230220080000e-01
v 1.667839440000e-01 7.090001110000e-01 -3.172500130000e-01
v 1.678816970000e-01 6.674926280000e-01 -3.180535730000e-01
v 1.671837720000e-01 6.928529140000e-01 -3.085850480000e-01
v 1.679258640000e-01 6.651964780000e-01 -3.287571970000e-01
v 1.676937340000e-01 6.775829790000e-01 -3.319513800000e-01
v 1.676302550000e-01 6.770000460000e-01 -3.120000060000e-01
v 1.681218590000e-01 6.573057170000e-01 -3.169699610000e-01
v 1.678590330000e-01 6.665350790000e-01 -3.037088810000e-01
v 1.667043270000e-01 7.120003100000e-01 -3.080005350000e-01
v 1.665034740000e-01 7.194998260000e-01 -3.179999890000e-01
v 1.677786260000e-01 6.776344780000e-01 -2.990220190000e-01
v 1.840027720000e-01 6.975014810000e-01 -3.349331320000e-01
v 1.716404560000e-01 6.984316110000e-01 -3.347492810000e-01
v 1.840041130000e-01 6.820021870000e-01 -3.345232010000e-01
v 1.708306220000e-01 6.506667730000e-01 -3.331751230000e-01
v 2.003196180000e-01 6.892922520000e-01 -3.347879650000e-01
v 2.011325060000e-01 7.134882210000e-01 -3.354140220000e-01
v 1.713979540000e-01 6.656430360000e-01 -3.336703180000e-01
v 1.840041880000e-01 6.480020280000e-01 -3.336240350000e-01
v 1.799894270000e-01 6.640167830000e-01 -3.340490160000e-01
v 1.919905250000e-01 6.624947190000e-01 -3.340199890000e-01
v 1.910000000000e-01 6.740000250000e-01 -3.343115750000e-01
v 1.840019080000e-01 7.080011370000e-01 -3.352108300000e-01
v 1.720089470000e-01 6.823978420000e-01 -3.343263270000e-01
v 1.959709670000e-01 7.039852140000e-01 -3.351050910000e-01
v 2.010223120000e-01 6.770444510000e-01 -3.344126340000e-01
v 1.673582350000e-01 7.003347280000e-01 -2.964525520000e-01
v 1.688733990000e-01 6.869103910000e-01 -2.956804340000e-01
v 2.051929980000e-01 7.077991960000e-01 -2.951917650000e-01
v 2.062765360000e-01 6.799169780000e-01 -3.005169030000e-01
v 2.043122050000e-01 6.972136500000e-01 -2.953327890000e-01
v 2.041844580000e-01 6.855762000000e-01 -2.956216930000e-01
v 2.039886120000e-01 6.735092400000e-01 -2.958475650000e-01
v 1.830002810000e-01 7.039999370000e-01 -2.949524520000e-01
v 1.880000080000e-01 6.735244990000e-01 -2.957584560000e-01
v 1.727833600000e-01 6.726621390000e-01 -2.958045900000e-01
v 1.920000170000e-01 7.040000560000e-01 -2.949524520000e-01
v 1.907500180000e-01 6.882500650000e-01 -2.953689690000e-01
v 1.820003990000e-01 6.879999040000e-01 -2.953756150000e-01
v 1.718137120000e-01 7.035597560000e-01 -2.950026990000e-01
v 2.059899120000e-01 7.319195270000e-01 -3.334798810000e-01
v 2.074206920000e-01 7.145584820000e-01 -3.289712070000e-01
v 2.074998770000e-01 7.200073000000e-01 -3.209845420000e-01
v 2.060582190000e-01 6.634107830000e-01 -3.275932370000e-01
v 2.077306510000e-01 7.284299140000e-01 -3.285948930000e-01
v 2.071348280000e-01 7.065000530000e-01 -3.145000340000e-01
v 2.073280360000e-01 7.134938840000e-01 -3.009040650000e-01
v 2.061765640000e-01 6.699991820000e-01 -3.135072890000e-01
v 2.068640740000e-01 6.962500210000e-01 -3.199900690000e-01
v 2.069186270000e-01 6.968296170000e-01 -3.013592360000e-01
v 2.065397500000e-01 6.839984060000e-01 -3.120035530000e-01
v 2.057015450000e-01 7.090312240000e-01 -3.333849910000e-01
v 2.065025870000e-01 6.825000050000e-01 -3.239830430000e-01
v 2.056595830000e-01 6.819372770000e-01 -3.327030840000e-01
v 2.075071480000e-01 7.199990750000e-01 -3.105008300000e-01
v 2.069890950000e-01 6.987209320000e-01 -3.286893670000e-01
v 2.045483290000e-01 6.100946660000e-01 -3.003490270000e-01
v 1.850047260000e-01 6.630570290000e-01 -2.960333230000e-01
v 1.845102760000e-01 6.109948160000e-01 -2.974119190000e-01
v 1.751496940000e-01 6.534003020000e-01 -2.962194680000e-01
v 1.747036430000e-01 6.208806630000e-01 -2.971229850000e-01
v 1.999278960000e-01 6.044418810000e-01 -2.977827490000e-01
v 2.005275640000e-01 6.619400380000e-01 -2.960842250000e-01
v 1.904993500000e-01 6.535003780000e-01 -2.962880130000e-01
v 2.003953010000e-01 6.244815590000e-01 -2.972514330000e-01
v 2.008111480000e-01 6.444265250000e-01 -2.966693040000e-01
v 2.048543840000e-01 6.236736770000e-01 -3.000591400000e-01
v 2.051518410000e-01 6.387649180000e-01 -2.997549180000e-01
v 1.754055620000e-01 6.373369690000e-01 -2.966419460000e-01
v 1.884973940000e-01 6.227514150000e-01 -2.971012590000e-01
v 2.055973560000e-01 6.582745310000e-01 -2.995947600000e-01
v 1.907478570000e-01 6.392512320000e-01 -2.966648940000e-01
v 2.051513200000e-01 6.315000650000e-01 -3.120000360000e-01
v 2.051385050000e-01 6.279931660000e-01 -3.243936000000e-01
v 2.054158000000e-01 6.415001150000e-01 -3.174998760000e-01
v 2.055875660000e-01 6.479954720000e-01 -3.080087900000e-01
v 2.047516850000e-01 6.153736710000e-01 -3.168039920000e-01
v 1.995673030000e-01 6.476933960000e-01 -3.336706760000e-01
v 2.043660130000e-01 6.634806390000e-01 -3.333534900000e-01
v 2.003351150000e-01 6.315530540000e-01 -3.331617410000e-01
v 2.039647550000e-01 6.168443560000e-01 -3.323204520000e-01
v 2.049371150000e-01 6.366603970000e-01 -3.318971690000e-01
v 1.994289610000e-01 6.050446030000e-01 -3.324815330000e-01
v 1.894997810000e-01 6.319999690000e-01 -3.332008120000e-01
v 1.879996960000e-01 6.159998770000e-01 -3.327791390000e-01
v 2.053637360000e-01 6.493667960000e-01 -3.318031130000e-01
v 2.058124990000e-01 6.564999820000e-01 -3.160000150000e-01
v 1.961519270000e-01 5.252729650000e-01 -3.304531870000e-01
v 1.919828650000e-01 5.079910160000e-01 -3.299244050000e-01
v 1.840115340000e-01 5.160031320000e-01 -3.301346900000e-01
v 1.798497890000e-01 5.055447820000e-01 -3.299335540000e-01
v 2.019059960000e-01 5.052843690000e-01 -3.112500610000e-01
v 1.970825340000e-01 4.915360210000e-01 -3.292542400000e-01
v 2.022170720000e-01 5.183160900000e-01 -3.243317600000e-01
v 2.021282320000e-01 5.169959660000e-01 -3.132580520000e-01
v 2.013441470000e-01 4.965525570000e-01 -3.281540570000e-01
v 2.025728370000e-01 5.340041520000e-01 -3.159917290000e-01
v 1.760793180000e-01 5.263876320000e-01 -3.302049640000e-01
v 2.003233430000e-01 5.156425240000e-01 -3.294955190000e-01
v 2.010774170000e-01 4.910475310000e-01 -3.191774790000e-01
v 2.019958050000e-01 5.358690620000e-01 -3.285315930000e-01
v 1.728085130000e-01 5.140504240000e-01 -3.027996120000e-01
v 1.724300980000e-01 5.121332410000e-01 -3.281459210000e-01
v 1.721988320000e-01 5.019772050000e-01 -3.241603970000e-01
v 1.767518370000e-01 4.922859370000e-01 -3.292691710000e-01
v 1.719546770000e-01 5.119160410000e-01 -3.070883150000e-01
v 1.717170630000e-01 5.217258930000e-01 -3.205139940000e-01
v 1.715804790000e-01 5.298640730000e-01 -3.278397320000e-01
v 1.724572330000e-01 4.953971800000e-01 -3.070126470000e-01
v 1.714846340000e-01 5.307974220000e-01 -3.132510190000e-01
v 1.729289740000e-01 5.243640540000e-01 -3.002491590000e-01
v 1.759243010000e-01 5.070573090000e-01 -3.007038830000e-01
v 1.842935090000e-01 4.900133910000e-01 -3.230627180000e-01
v 1.721146850000e-01 5.064926740000e-01 -3.156424460000e-01
v 1.737045500000e-01 4.916305840000e-01 -3.258322480000e-01
v 1.746733640000e-01 4.920667110000e-01 -3.021955490000e-01
v 1.753184500000e-01 4.904336930000e-01 -3.110518750000e-01
v 1.851179600000e-01 4.951032700000e-01 -3.004852530000e-01
v 1.964960990000e-01 4.907052810000e-01 -3.032888470000e-01
v 2.022027220000e-01 5.257853870000e-01 -3.045280580000e-01
v 1.987557860000e-01 5.151830320000e-01 -2.999866010000e-01
v 2.012500020000e-01 5.101143720000e-01 -3.028479520000e-01
v 2.011762860000e-01 4.921171670000e-01 -3.066237870000e-01
v 1.852504010000e-01 5.260236860000e-01 -2.996588950000e-01
v 1.970467570000e-01 4.969181420000e-01 -3.004182580000e-01
v 1.932848840000e-01 4.900861380000e-01 -3.111498360000e-01
v 1.841485500000e-01 5.119704600000e-01 -3.000315130000e-01
v 1.870002000000e-01 5.404999850000e-01 -2.992765610000e-01
v 1.840425280000e-01 4.907464980000e-01 -3.030394020000e-01
v 2.000634370000e-01 5.320268870000e-01 -2.996333240000e-01
v 1.696748580000e-01 6.057975890000e-01 -3.276411290000e-01
v 1.706947830000e-01 5.579923990000e-01 -3.072571160000e-01
v 1.707720010000e-01 5.557662250000e-01 -3.225079770000e-01
v 1.710855070000e-01 5.439848900000e-01 -3.067542310000e-01
v 1.719237270000e-01 5.330032710000e-01 -2.998534440000e-01
v 1.712293180000e-01 5.417359470000e-01 -3.274995680000e-01
v 1.699936090000e-01 5.874959230000e-01 -3.192419410000e-01
v 1.705583330000e-01 5.850762720000e-01 -3.288869560000e-01
v 1.704047770000e-01 5.719978210000e-01 -3.159959020000e-01
v 1.708092540000e-01 5.695423480000e-01 -3.285695910000e-01
v 1.695840510000e-01 6.031234260000e-01 -3.162465990000e-01
v 1.713902650000e-01 5.521579380000e-01 -3.285427090000e-01
v 1.699508130000e-01 5.860716700000e-01 -3.050130310000e-01
v 1.722000240000e-01 5.466812850000e-01 -2.995006440000e-01
v 1.753150520000e-01 5.584530230000e-01 -3.310864270000e-01
v 1.720116730000e-01 6.014214750000e-01 -3.322694300000e-01
v 1.717610510000e-01 5.919011240000e-01 -3.316518070000e-01
v 1.837328370000e-01 5.892180800000e-01 -3.320779800000e-01
v 1.859936860000e-01 5.639969110000e-01 -3.314028080000e-01
v 1.751804050000e-01 5.744140740000e-01 -3.315949740000e-01
v 1.968076830000e-01 5.697297450000e-01 -3.316215570000e-01
v 1.884840130000e-01 5.786548850000e-01 -3.317900900000e-01
v 1.879997100000e-01 6.024999020000e-01 -3.324206470000e-01
v 1.756831110000e-01 5.424231290000e-01 -3.306278290000e-01
v 1.840070040000e-01 5.320037600000e-01 -3.305561840000e-01
v 1.840043510000e-01 5.480024220000e-01 -3.309793170000e-01
v 1.980907920000e-01 5.898753400000e-01 -3.320967260000e-01
v 1.919740740000e-01 5.399867890000e-01 -3.307679300000e-01
v 1.970166860000e-01 5.495049950000e-01 -3.310767110000e-01
v 1.919929090000e-01 5.680034160000e-01 -2.985492050000e-01
v 1.715508100000e-01 6.035642030000e-01 -2.981602850000e-01
v 2.008752380000e-01 5.805889370000e-01 -2.984602150000e-01
v 1.830071960000e-01 5.759959220000e-01 -2.983289060000e-01
v 1.718533780000e-01 5.601382850000e-01 -2.992464600000e-01
v 1.696192320000e-01 6.004437800000e-01 -3.033398390000e-01
v 1.717095670000e-01 5.899738670000e-01 -2.985930740000e-01
v 1.709112970000e-01 5.731661320000e-01 -2.993658780000e-01
v 1.879959110000e-01 6.000022290000e-01 -2.977029380000e-01
v 2.009652110000e-01 5.660731790000e-01 -2.990555470000e-01
v 1.842576410000e-01 5.889958140000e-01 -2.979874310000e-01
v 2.010966990000e-01 5.916079280000e-01 -2.982361320000e-01
v 1.909824760000e-01 5.547878150000e-01 -2.988056840000e-01
v 2.003761530000e-01 5.467951300000e-01 -2.993118170000e-01
v 1.820061800000e-01 5.649963620000e-01 -2.986191810000e-01
v 2.040581110000e-01 5.899379250000e-01 -3.124764860000e-01
v 2.041542530000e-01 5.961753130000e-01 -3.007635180000e-01
v 2.031547430000e-01 5.560063720000e-01 -3.159873490000e-01
v 2.017724810000e-01 5.703437330000e-01 -3.296210470000e-01
v 2.034510970000e-01 5.643551350000e-01 -3.244751690000e-01
v 2.038090380000e-01 5.781682730000e-01 -3.247450590000e-01
v 2.030500170000e-01 5.578716400000e-01 -3.035818640000e-01
v 2.034917620000e-01 5.687496070000e-01 -3.125010430000e-01
v 2.036623510000e-01 5.758842230000e-01 -3.035969440000e-01
v 2.022469940000e-01 5.883514290000e-01 -3.297450840000e-01
v 2.041658310000e-01 6.069812180000e-01 -3.310765030000e-01
v 2.042405010000e-01 5.957317950000e-01 -3.259562850000e-01
v 2.044240240000e-01 6.040001510000e-01 -3.154999320000e-01
v 2.028705030000e-01 5.436968800000e-01 -3.053506910000e-01
v 2.016152140000e-01 5.510631800000e-01 -3.292820160000e-01
v 2.030805950000e-01 5.505173210000e-01 -3.248199520000e-01
v 2.076673950000e-01 7.354996800000e-01 -3.121257420000e-01
v 2.076618370000e-01 7.880041600000e-01 -3.182418640000e-01
v 2.076618370000e-01 8.045102360000e-01 -3.217296300000e-01
v 2.076618370000e-01 7.480081920000e-01 -3.199837210000e-01
v 2.077301740000e-01 7.551832800000e-01 -3.289610740000e-01
v 2.077325140000e-01 7.391187550000e-01 -3.287088270000e-01
v 2.076618370000e-01 8.119996190000e-01 -3.120007510000e-01
v 2.076618370000e-01 7.799993160000e-01 -3.080015180000e-01
v 2.077337350000e-01 7.766560910000e-01 -3.287255170000e-01
v 2.077337350000e-01 7.666560410000e-01 -3.287255470000e-01
v 2.076618370000e-01 7.684996720000e-01 -3.120007510000e-01
v 2.076618370000e-01 7.519992590000e-01 -3.080015180000e-01
v 2.076618370000e-01 7.590041160000e-01 -3.179918530000e-01
v 2.077021000000e-01 7.907298800000e-01 -3.294021790000e-01
v 2.076618370000e-01 7.982493640000e-01 -3.092513080000e-01
v 2.055852710000e-01 7.580018040000e-01 -3.339662550000e-01
v 1.837505100000e-01 7.360002990000e-01 -3.357039390000e-01
v 1.709014180000e-01 7.173248530000e-01 -3.352250460000e-01
v 1.929834490000e-01 7.219911220000e-01 -3.355887530000e-01
v 2.008735240000e-01 7.329712510000e-01 -3.357727530000e-01
v 1.665070350000e-01 7.489531040000e-01 -3.321002130000e-01
v 1.663087610000e-01 7.319975500000e-01 -3.219954370000e-01
v 1.665945950000e-01 7.210006120000e-01 -3.321894410000e-01
v 2.008131300000e-01 7.607893350000e-01 -3.357689380000e-01
v 1.715350000000e-01 7.378552560000e-01 -3.356464210000e-01
v 1.795477720000e-01 7.202375530000e-01 -3.356102410000e-01
v 2.043090310000e-01 7.464405300000e-01 -3.350723390000e-01
v 1.718141880000e-01 7.537248730000e-01 -3.357020020000e-01
v 1.865000130000e-01 7.585000400000e-01 -3.356981580000e-01
v 1.922332940000e-01 7.459916470000e-01 -3.356983960000e-01
v 1.669098140000e-01 7.362657190000e-01 -3.329848050000e-01
v 1.665737930000e-01 8.103910680000e-01 -3.324576020000e-01
v 1.664953380000e-01 7.782319780000e-01 -3.322223130000e-01
v 2.055852560000e-01 7.800018190000e-01 -3.339662850000e-01
v 1.665708120000e-01 7.942945360000e-01 -3.324215710000e-01
v 1.713164000000e-01 7.940905090000e-01 -3.356380760000e-01
v 1.758860200000e-01 7.840275170000e-01 -3.357327880000e-01
v 1.914832890000e-01 7.859916690000e-01 -3.356983660000e-01
v 1.862500010000e-01 7.985000610000e-01 -3.356981580000e-01
v 1.778300550000e-01 7.640140650000e-01 -3.357336520000e-01
v 1.710519050000e-01 7.726281880000e-01 -3.355418440000e-01
v 1.887418180000e-01 7.719959020000e-01 -3.356983660000e-01
v 2.008741350000e-01 7.779133920000e-01 -3.357675970000e-01
v 2.006969150000e-01 7.991405730000e-01 -3.357707560000e-01
v 1.884916570000e-01 8.119958040000e-01 -3.356984560000e-01
v 1.716294140000e-01 8.080814480000e-01 -3.356767890000e-01
v 1.663230660000e-01 8.167488570000e-01 -3.204976920000e-01
v 1.820001300000e-01 7.810000180000e-01 -2.943593860000e-01
v 1.714079980000e-01 7.947759030000e-01 -2.943823040000e-01
v 1.663230660000e-01 7.810000780000e-01 -3.165000080000e-01
v 1.663230660000e-01 7.964965700000e-01 -3.227430880000e-01
v 1.672428700000e-01 7.623782160000e-01 -2.951120140000e-01
v 1.662459220000e-01 7.756283880000e-01 -3.014900090000e-01
v 1.667007510000e-01 7.857377530000e-01 -2.961228790000e-01
v 1.825001390000e-01 7.639999990000e-01 -2.943593860000e-01
v 1.666765210000e-01 8.007267710000e-01 -2.961842420000e-01
v 1.663230660000e-01 8.020001050000e-01 -3.120001550000e-01
v 1.663230660000e-01 7.880002260000e-01 -3.080002960000e-01
v 1.715019200000e-01 7.758830790000e-01 -2.943753000000e-01
v 1.662675140000e-01 8.135616780000e-01 -3.016800280000e-01
v 1.663039770000e-01 8.195019360000e-01 -3.100320100000e-01
v 1.670350280000e-01 8.156850930000e-01 -2.957873640000e-01
v 1.830161210000e-01 7.904981370000e-01 -2.943457070000e-01
v 1.840001340000e-01 7.999999520000e-01 -2.943593860000e-01
v 1.924954950000e-01 7.800022960000e-01 -2.943593860000e-01
v 2.051032190000e-01 8.132415410000e-01 -2.949054240000e-01
v 2.075380530000e-01 8.058794740000e-01 -2.992852030000e-01
v 1.983272580000e-01 8.291943070000e-01 -2.942493860000e-01
v 1.919955020000e-01 8.175022600000e-01 -2.943593860000e-01
v 1.919955020000e-01 8.080022340000e-01 -2.943593860000e-01
v 1.827501650000e-01 8.287499550000e-01 -2.943593860000e-01
v 1.800002600000e-01 8.119998570000e-01 -2.943593860000e-01
v 1.715019350000e-01 8.118830320000e-01 -2.943753000000e-01
v 2.075507640000e-01 7.867720130000e-01 -2.993686200000e-01
v 2.050438820000e-01 7.961166500000e-01 -2.948739530000e-01
v 2.049562040000e-01 7.809959050000e-01 -2.948353290000e-01
v 1.959909800000e-01 7.960045930000e-01 -2.943593860000e-01
v 1.714079980000e-01 8.289669750000e-01 -2.943823040000e-01
v 1.678549500000e-01 7.336424590000e-01 -2.949172850000e-01
v 1.663365220000e-01 7.330911760000e-01 -2.996924520000e-01
v 1.663230660000e-01 7.527500390000e-01 -3.127499820000e-01
v 1.663230660000e-01 7.664977910000e-01 -3.214954140000e-01
v 1.715215890000e-01 7.195547820000e-01 -2.945541440000e-01
v 1.663453430000e-01 7.264997960000e-01 -3.095002470000e-01
v 1.663051100000e-01 7.400038840000e-01 -3.060453240000e-01
v 1.663055120000e-01 7.560077310000e-01 -3.040557800000e-01
v 1.662976150000e-01 7.680039410000e-01 -3.080640440000e-01
v 1.663224700000e-01 7.390000220000e-01 -3.160000150000e-01
v 1.669301090000e-01 7.163478140000e-01 -2.962656320000e-01
v 1.674209830000e-01 7.472622390000e-01 -2.950610520000e-01
v 1.666152330000e-01 7.628571990000e-01 -3.326685430000e-01
v 1.663230660000e-01 7.509977220000e-01 -3.219954070000e-01
v 1.924983110000e-01 7.200003270000e-01 -2.945190370000e-01
v 2.055139390000e-01 7.460834980000e-01 -2.952724700000e-01
v 1.818239690000e-01 7.512472870000e-01 -2.943369450000e-01
v 1.924977600000e-01 7.640011910000e-01 -2.943593860000e-01
v 2.075390370000e-01 7.398789530000e-01 -2.992854420000e-01
v 2.074870910000e-01 7.266778350000e-01 -2.991653980000e-01
v 1.988695410000e-01 7.385413650000e-01 -2.942821090000e-01
v 2.003557980000e-01 7.276101710000e-01 -2.943003480000e-01
v 2.075202760000e-01 7.710087300000e-01 -2.991892100000e-01
v 2.075380530000e-01 7.558794620000e-01 -2.992852330000e-01
v 2.048545480000e-01 7.674318550000e-01 -2.947075370000e-01
v 1.997127380000e-01 7.515773180000e-01 -2.942747470000e-01
v 1.817502530000e-01 7.207490800000e-01 -2.944865520000e-01
v 2.051499040000e-01 7.204471830000e-01 -2.951047420000e-01
v 1.837506000000e-01 7.359989880000e-01 -2.943432330000e-01
v 2.076618370000e-01 8.989997510000e-01 -3.127505780000e-01
v 2.077083290000e-01 8.569710250000e-01 -3.003924490000e-01
v 2.055852560000e-01 8.780018090000e-01 -3.339662850000e-01
v 2.077337350000e-01 8.766561150000e-01 -3.287255170000e-01
v 2.075126170000e-01 8.970621230000e-01 -2.991532090000e-01
v 2.077337350000e-01 9.040695430000e-01 -3.287255170000e-01
v 2.076618370000e-01 8.480041030000e-01 -3.179918530000e-01
v 2.077315150000e-01 8.892368670000e-01 -3.288993240000e-01
v 2.055852710000e-01 8.980017900000e-01 -3.339662550000e-01
v 2.075542360000e-01 8.687424060000e-01 -2.993943690000e-01
v 2.076618370000e-01 8.601675030000e-01 -3.296238180000e-01
v 2.063309100000e-01 8.818749190000e-01 -2.958570720000e-01
v 2.076618370000e-01 8.620082140000e-01 -3.199837210000e-01
v 2.076979280000e-01 8.839727640000e-01 -3.038620950000e-01
v 2.076618370000e-01 8.855001330000e-01 -3.145000340000e-01
v 2.076618370000e-01 8.719997410000e-01 -3.127505780000e-01
v 1.851123120000e-01 9.164477590000e-01 -2.939702870000e-01
v 1.839991660000e-01 9.079914090000e-01 -2.943609060000e-01
v 1.723288300000e-01 9.214603900000e-01 -2.938519720000e-01
v 1.717240960000e-01 9.043607710000e-01 -2.943486870000e-01
v 1.670689140000e-01 9.228557940000e-01 -2.959372400000e-01
v 2.055132540000e-01 9.019027350000e-01 -2.952729760000e-01
v 1.988293530000e-01 9.198421240000e-01 -2.941325310000e-01
v 2.001457510000e-01 9.077358250000e-01 -2.942743300000e-01
v 2.007861440000e-01 8.909709450000e-01 -2.943097050000e-01
v 1.656901840000e-01 9.187892080000e-01 -3.080436590000e-01
v 1.668809210000e-01 9.081074000000e-01 -2.959320250000e-01
v 1.887477490000e-01 9.002512100000e-01 -2.943593860000e-01
v 1.870000060000e-01 8.900001050000e-01 -2.943593860000e-01
v 1.725142900000e-01 8.906633850000e-01 -2.943067550000e-01
v 1.668642310000e-01 8.860586290000e-01 -2.959011200000e-01
v 1.715019200000e-01 8.458516000000e-01 -2.943753000000e-01
v 2.075243890000e-01 8.249791260000e-01 -2.992097140000e-01
v 1.972827910000e-01 8.777711390000e-01 -2.942849990000e-01
v 1.815268550000e-01 8.799982070000e-01 -2.943429950000e-01
v 1.715019490000e-01 8.718830350000e-01 -2.943753000000e-01
v 1.666484330000e-01 8.726338740000e-01 -2.962777610000e-01
v 1.985423420000e-01 8.620409970000e-01 -2.942732870000e-01
v 1.845000980000e-01 8.685000540000e-01 -2.943593860000e-01
v 1.875000750000e-01 8.440001010000e-01 -2.943593860000e-01
v 1.850134880000e-01 8.554991480000e-01 -2.943474650000e-01
v 1.668962240000e-01 8.595677610000e-01 -2.951824960000e-01
v 2.046895030000e-01 8.365472560000e-01 -2.946051960000e-01
v 2.051469830000e-01 8.668931720000e-01 -2.949318590000e-01
v 2.077005800000e-01 8.437334300000e-01 -3.007800880000e-01
v 2.049277280000e-01 8.504783510000e-01 -2.947429120000e-01
v 2.010718440000e-01 8.467721340000e-01 -3.357606530000e-01
v 2.077115920000e-01 8.140032290000e-01 -3.293151260000e-01
v 2.047756460000e-01 8.291073440000e-01 -3.348232810000e-01
v 2.055852710000e-01 8.000018000000e-01 -3.339662550000e-01
v 2.076618370000e-01 8.224994540000e-01 -3.100011350000e-01
v 1.944749360000e-01 8.334875110000e-01 -3.356983660000e-01
v 1.929832850000e-01 8.209916350000e-01 -3.356984260000e-01
v 1.817510130000e-01 8.252505060000e-01 -3.356981580000e-01
v 2.046766280000e-01 8.139222860000e-01 -3.348889950000e-01
v 2.077301740000e-01 8.249851470000e-01 -3.289610740000e-01
v 2.076618370000e-01 8.270040750000e-01 -3.179918530000e-01
v 2.076618370000e-01 8.359997270000e-01 -3.120007510000e-01
v 2.055852560000e-01 8.520018460000e-01 -3.339662850000e-01
v 2.077321560000e-01 8.408892150000e-01 -3.288632630000e-01
v 1.850003450000e-01 8.767502310000e-01 -3.356981580000e-01
v 1.665737930000e-01 8.242408040000e-01 -3.324575720000e-01
v 1.711076650000e-01 8.241232040000e-01 -3.355684580000e-01
v 1.709871590000e-01 8.435908560000e-01 -3.355392220000e-01
v 1.714842620000e-01 8.575761320000e-01 -3.356544670000e-01
v 1.798391490000e-01 8.405072690000e-01 -3.357290330000e-01
v 1.842503550000e-01 8.630002740000e-01 -3.356981580000e-01
v 1.904916470000e-01 8.434959050000e-01 -3.356983070000e-01
v 1.919832830000e-01 8.549916740000e-01 -3.356983960000e-01
v 1.714038100000e-01 8.712711930000e-01 -3.356397150000e-01
v 1.711786840000e-01 8.889056440000e-01 -3.356088100000e-01
v 1.817634250000e-01 8.907570840000e-01 -3.357425630000e-01
v 2.000729290000e-01 8.873614070000e-01 -3.357880410000e-01
v 1.959665720000e-01 8.719833490000e-01 -3.356983070000e-01
v 2.013468590000e-01 8.664024470000e-01 -3.357400300000e-01
v 1.663230660000e-01 8.375000950000e-01 -3.185000420000e-01
v 1.665768030000e-01 8.489906790000e-01 -3.324944970000e-01
v 1.663230660000e-01 8.520000580000e-01 -3.200000230000e-01
v 1.662728790000e-01 8.579207660000e-01 -3.285259310000e-01
v 1.670531480000e-01 8.699143530000e-01 -3.330393140000e-01
v 1.663230660000e-01 8.659989830000e-01 -3.189977110000e-01
v 1.664933260000e-01 8.909280900000e-01 -3.323124050000e-01
v 1.663230660000e-01 8.790001270000e-01 -3.200000230000e-01
v 1.662747260000e-01 8.776531820000e-01 -3.286671940000e-01
v 1.663230660000e-01 8.640002010000e-01 -3.095002470000e-01
v 1.664979160000e-01 8.385788800000e-01 -3.322822750000e-01
v 1.663230660000e-01 8.467501400000e-01 -3.102501630000e-01
v 1.667007510000e-01 8.448460100000e-01 -2.961228790000e-01
v 1.668124940000e-01 8.307015900000e-01 -2.960177360000e-01
v 1.663105490000e-01 8.330020310000e-01 -3.080321850000e-01
v 1.662334350000e-01 8.294603820000e-01 -3.261970580000e-01
v 1.711898600000e-01 9.112303850000e-01 -3.355830910000e-01
v 1.797357350000e-01 9.000137450000e-01 -3.357516230000e-01
v 1.840006710000e-01 9.095003600000e-01 -3.356981580000e-01
v 1.647767420000e-01 9.386045930000e-01 -3.265471460000e-01
v 1.642135380000e-01 9.216852190000e-01 -3.240311440000e-01
v 1.665657310000e-01 9.034124020000e-01 -3.324589430000e-01
v 1.662772890000e-01 9.103809600000e-01 -3.253066240000e-01
v 1.929832990000e-01 8.999916910000e-01 -3.356984260000e-01
v 1.667338460000e-01 9.212756160000e-01 -3.325597350000e-01
v 1.663477570000e-01 9.124630690000e-01 -3.109525740000e-01
v 1.663230660000e-01 8.982501030000e-01 -3.100002410000e-01
v 2.010718440000e-01 9.067721370000e-01 -3.357606530000e-01
v 1.663230660000e-01 8.960000280000e-01 -3.195000290000e-01
v 1.663156300000e-01 8.823761340000e-01 -3.087612090000e-01
v 1.663370880000e-01 8.941192030000e-01 -2.998531460000e-01
v -1.455000190000e-01 9.626470800000e-01 -1.615000070000e-01
v -1.535000210000e-01 9.626470800000e-01 -1.517500280000e-01
v -1.715402010000e-01 9.623225330000e-01 -1.499259320000e-01
v -1.599887160000e-01 9.626646040000e-01 -1.615056690000e-01
v -1.280000060000e-01 9.626470800000e-01 -1.795000140000e-01
v -1.200000050000e-01 9.626470800000e-01 -1.680000130000e-01
v -1.400000150000e-01 9.626470800000e-01 -1.750000120000e-01
v -1.400000150000e-01 9.626470800000e-01 -1.500000210000e-01
v -1.527500150000e-01 9.626470800000e-01 -1.720000060000e-01
v -1.609943060000e-01 9.626533990000e-01 -1.480028780000e-01
v -1.739881930000e-01 9.608473780000e-01 -1.749999970000e-01
v -1.677554100000e-01 9.627078770000e-01 -1.814791260000e-01
v -1.685855390000e-01 9.626908300000e-01 -1.660930370000e-01
v -1.319999990000e-01 9.626470800000e-01 -1.640000050000e-01
v -1.260000020000e-01 9.626470800000e-01 -1.389999990000e-01
v -1.280000060000e-01 9.626470800000e-01 -1.200000050000e-01
v -1.160000120000e-01 9.626470800000e-01 -8.800000700000e-02
v -1.280000060000e-01 9.626470800000e-01 -1.040000100000e-01
v -1.160000120000e-01 9.626470800000e-01 -1.330000160000e-01
v -1.000000090000e-01 9.626470800000e-01 -1.000000090000e-01
v -1.160000120000e-01 9.626470800000e-01 -1.040000100000e-01
v -1.280000060000e-01 9.626470800000e-01 -8.800000700000e-02
v -1.160000120000e-01 9.626470800000e-01 -1.200000050000e-01
v -9.925000370000e-02 9.626470800000e-01 -1.270000040000e-01
v -1.000000090000e-01 9.626470800000e-01 -1.120000110000e-01
v -1.340000030000e-01 9.626470800000e-01 -1.344999970000e-01
v -1.240000050000e-01 9.626470800000e-01 -1.520000250000e-01
v -1.080000100000e-01 9.626470800000e-01 -1.415000110000e-01
v -1.599999370000e-01 9.626470800000e-01 -1.320000590000e-01
v -1.400000150000e-01 9.626470800000e-01 -8.800000700000e-02
v -1.713749920000e-01 9.624235030000e-01 -1.358158590000e-01
v -1.545000080000e-01 9.626470800000e-01 -8.000001310000e-02
v -1.490000190000e-01 9.626470800000e-01 -1.360000070000e-01
v -1.535000210000e-01 9.626470800000e-01 -9.600000830000e-02
v -1.569943580000e-01 9.626623990000e-01 -1.075028630000e-01
v -1.525000180000e-01 9.626470800000e-01 -1.200000050000e-01
v -1.721607150000e-01 9.620089530000e-01 -9.261645380000e-02
v -1.624830370000e-01 9.626604910000e-01 -9.350852670000e-02
v -1.710355880000e-01 9.624225500000e-01 -1.103116870000e-01
v -1.710670590000e-01 9.625405070000e-01 -1.216929700000e-01
v -1.400000150000e-01 9.626470800000e-01 -1.040000100000e-01
v -1.400000150000e-01 9.626470800000e-01 -1.200000050000e-01
v -1.681793930000e-01 9.626925590000e-01 -8.031205830000e-02
v -7.850000260000e-02 9.626470800000e-01 -1.920000170000e-01
v -5.350000780000e-02 9.626470800000e-01 -1.597500150000e-01
v -4.600000750000e-02 9.626470800000e-01 -1.810000090000e-01
v -4.800000790000e-02 9.626470800000e-01 -1.720000060000e-01
v -3.925000500000e-02 9.626470800000e-01 -1.635000110000e-01
v -3.375000510000e-02 9.626470800000e-01 -1.780000030000e-01
v -5.825000260000e-02 9.626470800000e-01 -1.795000140000e-01
v -6.750000270000e-02 9.626470800000e-01 -1.680000130000e-01
v -7.450000200000e-02 9.626470800000e-01 -1.750000120000e-01
v -8.000000570000e-02 9.626470800000e-01 -1.840000150000e-01
v -6.450000410000e-02 9.626470800000e-01 -1.880000230000e-01
v -2.400000210000e-02 9.626470800000e-01 -1.960000100000e-01
v -4.400000720000e-02 9.626470800000e-01 -1.520000250000e-01
v -4.800000790000e-02 9.626470800000e-01 -1.920000170000e-01
v -3.300000350000e-02 9.626470800000e-01 -1.940000060000e-01
v -7.800000910000e-02 9.626470800000e-01 -1.450000110000e-01
v -9.450000520000e-02 9.626470800000e-01 -1.407500210000e-01
v -1.000000090000e-01 9.626470800000e-01 -1.685000060000e-01
v -1.140000080000e-01 9.626470800000e-01 -1.735000010000e-01
v -7.750000060000e-02 9.626470800000e-01 -1.590000090000e-01
v -9.750001130000e-02 9.626470800000e-01 -1.825000050000e-01
v -1.160000120000e-01 9.626470800000e-01 -1.840000150000e-01
v -6.400000300000e-02 9.626470800000e-01 -1.520000250000e-01
v -6.400000300000e-02 9.626470800000e-01 -1.360000070000e-01
v -1.120000180000e-01 9.626470800000e-01 -1.560000030000e-01
v -8.000000570000e-02 9.626470800000e-01 -1.330000160000e-01
v -8.600001040000e-02 9.626470800000e-01 -1.635000110000e-01
v -8.700001240000e-02 9.626470800000e-01 -1.750000120000e-01
v -1.000000090000e-01 9.626470800000e-01 -1.540000140000e-01
v -8.750001340000e-02 9.626470800000e-01 -1.517500280000e-01
v -2.000000330000e-02 9.626470800000e-01 -1.640000050000e-01
v 5.820766090000e-11 9.626470800000e-01 -1.880000230000e-01
v -3.450000290000e-02 9.626470800000e-01 -1.487500220000e-01
v -2.700000260000e-02 9.626470800000e-01 -1.389999990000e-01
v 6.000000980000e-03 9.626470800000e-01 -1.960000100000e-01
v -6.500001070000e-03 9.626470800000e-01 -1.527500150000e-01
v -2.000000330000e-02 9.626470800000e-01 -1.520000250000e-01
v 4.000000660000e-03 9.626470800000e-01 -1.750000120000e-01
v -8.000001310000e-03 9.626470800000e-01 -1.620000000000e-01
v -1.200000200000e-02 9.626470800000e-01 -1.960000100000e-01
v 4.500000740000e-03 9.626470800000e-01 -1.635000110000e-01
v -1.200000200000e-02 9.626470800000e-01 -1.389999990000e-01
v -2.400000210000e-02 9.626470800000e-01 -1.795000140000e-01
v -1.200000200000e-02 9.626470800000e-01 -1.840000150000e-01
v -1.200000200000e-02 9.626470800000e-01 -1.750000120000e-01
v -4.000000660000e-02 9.626470800000e-01 -1.360000070000e-01
v -8.700001240000e-02 9.626470800000e-01 -1.220000090000e-01
v -3.850000350000e-02 9.626470800000e-01 -1.000000090000e-01
v -6.275000420000e-02 9.626470800000e-01 -1.125000120000e-01
v -7.250000540000e-02 9.626470800000e-01 -1.080000100000e-01
v -4.800000790000e-02 9.626470800000e-01 -1.080000100000e-01
v -4.800000790000e-02 9.626470800000e-01 -1.200000050000e-01
v -2.400000210000e-02 9.626470800000e-01 -1.120000110000e-01
v -2.850000190000e-02 9.626470800000e-01 -1.262499990000e-01
v -5.350000780000e-02 9.626470800000e-01 -1.455000190000e-01
v -8.700001240000e-02 9.626470800000e-01 -1.060000060000e-01
v -5.000000820000e-02 9.626470800000e-01 -1.330000160000e-01
v -6.700000170000e-02 9.626470800000e-01 -1.247500030000e-01
v -8.000000570000e-02 9.626470800000e-01 -1.160000120000e-01
v -3.300000350000e-02 9.626470800000e-01 -1.120000110000e-01
v -1.240000050000e-01 9.626470800000e-01 -6.100000440000e-02
v -1.280000060000e-01 9.626470800000e-01 -4.800000410000e-02
v -1.280000060000e-01 9.626470800000e-01 -3.200000520000e-02
v -1.040000100000e-01 9.626470800000e-01 -2.400000390000e-02
v -1.260000020000e-01 9.626470800000e-01 -7.299999890000e-02
v -9.300000970000e-02 9.626470800000e-01 -4.800000410000e-02
v -1.000000090000e-01 9.626470800000e-01 -3.400000560000e-02
v -1.160000120000e-01 9.626470800000e-01 -3.200000520000e-02
v -1.160000120000e-01 9.626470800000e-01 -4.800000410000e-02
v -1.020000130000e-01 9.626470800000e-01 -6.250000000000e-02
v -1.120000180000e-01 9.626470800000e-01 -6.400000300000e-02
v -1.160000120000e-01 9.626470800000e-01 -7.600000500000e-02
v -9.850001340000e-02 9.626470800000e-01 -7.600000500000e-02
v -1.040000100000e-01 9.626470800000e-01 -8.800000700000e-02
v -1.040000100000e-01 9.626470800000e-01 -4.800000410000e-02
v -1.435000000000e-01 9.626470800000e-01 -8.000001310000e-03
v -1.689553560000e-01 9.626505370000e-01 -1.807965150000e-02
v -1.360000070000e-01 9.626470800000e-01 -4.500000740000e-03
v -1.280000060000e-01 9.626470800000e-01 -1.600000260000e-02
v -1.274999980000e-01 9.626470800000e-01 -7.500001230000e-04
v -1.025000070000e-01 9.626470800000e-01 -4.500000740000e-03
v -1.150000100000e-01 9.626470800000e-01 0.000000000000e+00
v -1.160000120000e-01 9.626470800000e-01 1.600000260000e-02
v -1.160000120000e-01 9.626470800000e-01 -1.600000260000e-02
v -1.505000140000e-01 9.626470800000e-01 -1.250000200000e-03
v -1.559999730000e-01 9.626470800000e-01 -1.600002310000e-02
v -1.400000150000e-01 9.626470800000e-01 -2.400000390000e-02
v -1.319999990000e-01 9.626470800000e-01 1.050000080000e-02
v -1.711624560000e-01 9.625186920000e-01 -5.561822560000e-03
v -1.525000180000e-01 9.626470800000e-01 -3.000000490000e-02
v -1.740325840000e-01 9.608095290000e-01 -5.790819230000e-02
v -1.400000150000e-01 9.626470800000e-01 -7.450000200000e-02
v -1.440000240000e-01 9.626470800000e-01 -6.400000300000e-02
v -1.766916810000e-01 9.563755390000e-01 -7.407428320000e-02
v -1.684204490000e-01 9.626879690000e-01 -4.964670540000e-02
v -1.682325010000e-01 9.627242090000e-01 -2.998153870000e-02
v -1.579915430000e-01 9.626623390000e-01 -4.000426460000e-02
v -1.360000070000e-01 9.626470800000e-01 -5.650000270000e-02
v -1.732142720000e-01 9.613103870000e-01 -3.299997370000e-02
v -1.577443480000e-01 9.626563790000e-01 -6.850285830000e-02
v -1.475000080000e-01 9.626470800000e-01 -5.200000110000e-02
v -1.400000150000e-01 9.626470800000e-01 -4.000000660000e-02
v -1.715402310000e-01 9.623225330000e-01 -6.743296240000e-02
v -1.569999750000e-01 9.626470800000e-01 -5.600002410000e-02
v -2.000000330000e-02 9.626470800000e-01 -8.400000630000e-02
v -2.200000360000e-02 9.626470800000e-01 -9.600000830000e-02
v -3.300000350000e-02 9.626470800000e-01 -4.800000410000e-02
v -4.400000720000e-02 9.626470800000e-01 -4.800000410000e-02
v -5.000000820000e-02 9.626470800000e-01 -5.500000340000e-02
v -3.375000510000e-02 9.626470800000e-01 -6.325000520000e-02
v -2.850000190000e-02 9.626470800000e-01 -7.450000200000e-02
v -3.500000390000e-02 9.626470800000e-01 -9.000000360000e-02
v -4.800000790000e-02 9.626470800000e-01 -6.400000300000e-02
v -4.000000660000e-02 9.626470800000e-01 -8.400000630000e-02
v -4.600000750000e-02 9.626470800000e-01 -7.299999890000e-02
v -2.400000210000e-02 9.626470800000e-01 -4.800000410000e-02
v -4.500000740000e-03 9.626470800000e-01 -8.800000700000e-02
v -1.200000200000e-02 9.626470800000e-01 -6.100000440000e-02
v -1.200000200000e-02 9.626470800000e-01 -7.299999890000e-02
v -2.400000210000e-02 9.626470800000e-01 -6.100000440000e-02
v -8.000000570000e-02 9.626470800000e-01 -4.800000410000e-02
v -6.500000510000e-02 9.626470800000e-01 -5.350000410000e-02
v -7.600000500000e-02 9.626470800000e-01 -6.300000100000e-02
v -8.000000570000e-02 9.626470800000e-01 -1.000000090000e-01
v -5.600000550000e-02 9.626470800000e-01 -9.600000830000e-02
v -5.200000850000e-02 9.626470800000e-01 -8.000000570000e-02
v -6.800000370000e-02 9.626470800000e-01 -9.600000830000e-02
v -8.400000630000e-02 9.626470800000e-01 -8.800000700000e-02
v -8.000000570000e-02 9.626470800000e-01 -7.600000500000e-02
v -7.299999890000e-02 9.626470800000e-01 -8.400000630000e-02
v -9.050001200000e-02 9.626470800000e-01 -6.587500130000e-02
v -9.300000970000e-02 9.626470800000e-01 -8.800000700000e-02
v -6.100000440000e-02 9.626470800000e-01 -8.000000570000e-02
v -6.075000020000e-02 9.626470800000e-01 -6.400000300000e-02
v -1.200000200000e-02 9.626470800000e-01 -3.200000520000e-02
v -3.600000590000e-02 9.626470800000e-01 -2.400000390000e-02
v -3.300000350000e-02 9.626470800000e-01 -3.400000560000e-02
v -1.200000200000e-02 9.626470800000e-01 -1.600000260000e-02
v -2.400000210000e-02 9.626470800000e-01 -3.200000520000e-02
v -3.450000290000e-02 9.626470800000e-01 2.300000190000e-02
v -3.450000290000e-02 9.626470800000e-01 9.000001480000e-03
v -4.800000790000e-02 9.626470800000e-01 1.600000260000e-02
v -3.525000440000e-02 9.626470800000e-01 -4.500000740000e-03
v -2.550000320000e-02 9.626470800000e-01 1.350000220000e-02
v -1.200000200000e-02 9.626470800000e-01 -3.000000490000e-03
v -4.600000750000e-02 9.626470800000e-01 -9.000001480000e-03
v -4.800000790000e-02 9.626470800000e-01 3.000000490000e-03
v -2.700000260000e-02 9.626470800000e-01 -1.600000260000e-02
v -2.550000320000e-02 9.626470800000e-01 -1.500000250000e-03
v -6.750000270000e-02 9.626470800000e-01 -4.000000660000e-02
v -8.000000570000e-02 9.626470800000e-01 -3.600000590000e-02
v -9.300000970000e-02 9.626470800000e-01 -1.600000260000e-02
v -4.800000790000e-02 9.626470800000e-01 -3.200000520000e-02
v -5.600000550000e-02 9.626470800000e-01 -1.200000100000e-02
v -4.800000790000e-02 9.626470800000e-01 -2.000000330000e-02
v -9.025000780000e-02 9.626470800000e-01 0.000000000000e+00
v -8.400000630000e-02 9.626470800000e-01 -1.600000260000e-02
v -7.600000500000e-02 9.626470800000e-01 -2.400000390000e-02
v -7.200000440000e-02 9.626470800000e-01 -1.050000080000e-02
v -7.250000540000e-02 9.626470800000e-01 -1.500000250000e-03
v -6.550000610000e-02 9.626470800000e-01 -2.200000360000e-02
v -6.100000440000e-02 9.626470800000e-01 -3.000000490000e-02
v -5.600000550000e-02 9.626470800000e-01 -4.400000720000e-02
v -6.075000020000e-02 9.626470800000e-01 0.000000000000e+00
v -8.700001240000e-02 9.626470800000e-01 -3.000000490000e-02
v 1.030000150000e-01 9.626470800000e-01 -1.120000110000e-01
v 1.160000120000e-01 9.626470800000e-01 -1.200000050000e-01
v 9.200000760000e-02 9.626470800000e-01 -1.520000250000e-01
v 1.125000120000e-01 9.626470800000e-01 -1.337500070000e-01
v 8.000000570000e-02 9.626470800000e-01 -1.200000050000e-01
v 9.600000830000e-02 9.626470800000e-01 -1.395000070000e-01
v 6.800000370000e-02 9.626470800000e-01 -1.040000100000e-01
v 9.200000760000e-02 9.626470800000e-01 -1.120000110000e-01
v 9.750001130000e-02 9.626470800000e-01 -1.262499990000e-01
v 8.000000570000e-02 9.626470800000e-01 -1.500000210000e-01
v 7.900000360000e-02 9.626470800000e-01 -1.360000070000e-01
v 9.800000490000e-02 9.626470800000e-01 -1.000000090000e-01
v 1.160000120000e-01 9.626470800000e-01 -1.080000100000e-01
v 8.000000570000e-02 9.626470800000e-01 -1.040000100000e-01
v 1.480000170000e-01 9.626470800000e-01 -1.550000160000e-01
v 1.629832980000e-01 9.626554850000e-01 -1.679916380000e-01
v 1.577444370000e-01 9.626538750000e-01 -1.794972120000e-01
v 1.320000140000e-01 9.626470800000e-01 -1.520000250000e-01
v 1.525000180000e-01 9.626470800000e-01 -1.680000130000e-01
v 1.395000220000e-01 9.626470800000e-01 -1.635000110000e-01
v 1.400000150000e-01 9.626470800000e-01 -1.750000120000e-01
v 1.400000150000e-01 9.626470800000e-01 -1.840000150000e-01
v 1.180000080000e-01 9.626470800000e-01 -1.389999990000e-01
v 1.160000120000e-01 9.626470800000e-01 -1.560000180000e-01
v 1.145000090000e-01 9.626470800000e-01 -1.480000320000e-01
v 1.200000050000e-01 9.626470800000e-01 -1.680000130000e-01
v 1.087500150000e-01 9.626470800000e-01 -1.687500030000e-01
v 1.280000210000e-01 9.626470800000e-01 -1.695000080000e-01
v 9.950001540000e-02 9.626470800000e-01 -1.597500150000e-01
v 1.599999670000e-01 9.626470800000e-01 -1.529999970000e-01
v 1.738947930000e-01 9.609816070000e-01 -1.784092490000e-01
v 1.542500110000e-01 9.626470800000e-01 -1.340000030000e-01
v 1.300000250000e-01 9.626470800000e-01 -1.375000180000e-01
v 1.738487480000e-01 9.610113500000e-01 -1.575286690000e-01
v 1.753044720000e-01 9.599046710000e-01 -1.356181200000e-01
v 1.741017850000e-01 9.608274100000e-01 -1.199120950000e-01
v 1.693717690000e-01 9.626343250000e-01 -1.809502090000e-01
v 1.686300340000e-01 9.626913070000e-01 -1.200880930000e-01
v 1.400000150000e-01 9.626470800000e-01 -1.330000160000e-01
v 1.559999880000e-01 9.626470800000e-01 -1.239999980000e-01
v 1.677957770000e-01 9.627123480000e-01 -1.385229830000e-01
v 1.487500220000e-01 9.626470800000e-01 -1.450000110000e-01
v 1.280000210000e-01 9.626470800000e-01 -1.200000050000e-01
v 1.690930580000e-01 9.626574520000e-01 -1.570429060000e-01
v 1.400000150000e-01 9.626470800000e-01 -1.200000050000e-01
v 2.000000330000e-03 9.626470800000e-01 -1.344999970000e-01
v 3.350000080000e-02 9.626470800000e-01 -1.517500130000e-01
v 2.200000360000e-02 9.626470800000e-01 -1.344999970000e-01
v 2.000000330000e-02 9.626470800000e-01 -1.640000050000e-01
v 5.820766090000e-11 9.626470800000e-01 -1.040000100000e-01
v -4.000000660000e-03 9.626470800000e-01 -1.200000050000e-01
v -1.200000200000e-02 9.626470800000e-01 -1.040000100000e-01
v 4.500000740000e-03 9.626470800000e-01 -1.507500110000e-01
v -1.400000230000e-02 9.626470800000e-01 -1.250000000000e-01
v 1.200000200000e-02 9.626470800000e-01 -1.080000100000e-01
v 3.400000180000e-02 9.626470800000e-01 -1.624999940000e-01
v 2.000000330000e-02 9.626470800000e-01 -1.520000250000e-01
v 8.000001310000e-03 9.626470800000e-01 -1.200000050000e-01
v 4.400000720000e-02 9.626470800000e-01 -1.520000250000e-01
v 1.200000200000e-02 9.626470800000e-01 -1.389999990000e-01
v 3.950000550000e-02 9.626470800000e-01 -1.410000030000e-01
v 5.600000550000e-02 9.626470800000e-01 -1.040000100000e-01
v 5.600000550000e-02 9.626470800000e-01 -1.200000050000e-01
v 3.500000390000e-02 9.626470800000e-01 -1.330000160000e-01
v 2.000000330000e-02 9.626470800000e-01 -1.200000050000e-01
v 4.100000490000e-02 9.626470800000e-01 -1.235000040000e-01
v 5.200000850000e-02 9.626470800000e-01 -1.492500160000e-01
v 5.600000170000e-02 9.626470800000e-01 -1.330000160000e-01
v 4.100000490000e-02 9.626470800000e-01 -1.020000130000e-01
v 6.599999960000e-02 9.626470800000e-01 -1.375000180000e-01
v 4.400000720000e-02 9.626470800000e-01 -1.120000110000e-01
v 2.800000090000e-02 9.626470800000e-01 -1.040000100000e-01
v 3.200000150000e-02 9.626470800000e-01 -1.200000050000e-01
v 6.800000370000e-02 9.626470800000e-01 -1.200000050000e-01
v 2.000000330000e-02 9.626470800000e-01 -1.960000100000e-01
v 3.500000390000e-02 9.626470800000e-01 -2.060000000000e-01
v 3.200000150000e-02 9.626470800000e-01 -1.960000100000e-01
v 1.200000200000e-02 9.626470800000e-01 -1.840000150000e-01
v 2.000000330000e-02 9.626470800000e-01 -1.750000120000e-01
v 2.800000090000e-02 9.626470800000e-01 -1.840000150000e-01
v 3.950000550000e-02 9.626470800000e-01 -1.750000120000e-01
v 4.400000720000e-02 9.626470800000e-01 -1.960000100000e-01
v 5.600000550000e-02 9.626470800000e-01 -1.750000120000e-01
v 4.800000790000e-02 9.626470800000e-01 -1.637500080000e-01
v 5.600000550000e-02 9.626470800000e-01 -1.960000100000e-01
v 5.600000550000e-02 9.626470800000e-01 -2.080000040000e-01
v 4.100000490000e-02 9.626470800000e-01 -1.860000190000e-01
v 5.600000550000e-02 9.626470800000e-01 -1.840000150000e-01
v 8.000000570000e-02 9.626470800000e-01 -1.840000150000e-01
v 6.599999960000e-02 9.626470800000e-01 -1.695000080000e-01
v 9.600000830000e-02 9.626470800000e-01 -1.750000120000e-01
v 9.200000760000e-02 9.626470800000e-01 -2.040000110000e-01
v 8.075000350000e-02 9.626470800000e-01 -1.632499990000e-01
v 8.150000870000e-02 9.626470800000e-01 -1.920000170000e-01
v 1.125000120000e-01 9.626470800000e-01 -1.810000090000e-01
v 6.400000300000e-02 9.626470800000e-01 -1.520000250000e-01
v 1.030000150000e-01 9.626470800000e-01 -2.040000110000e-01
v 8.000000570000e-02 9.626470800000e-01 -2.040000110000e-01
v 9.675000610000e-02 9.626470800000e-01 -1.875000150000e-01
v 1.085000110000e-01 9.626470800000e-01 -1.920000170000e-01
v 8.000000570000e-02 9.626470800000e-01 -1.750000120000e-01
v 6.800000370000e-02 9.626470800000e-01 -1.880000230000e-01
v 6.800000370000e-02 9.626470800000e-01 -2.040000110000e-01
v 1.164153220000e-10 9.626470800000e-01 -4.800000410000e-02
v -1.200000200000e-02 9.626470800000e-01 -4.800000410000e-02
v 2.000000330000e-03 9.626470800000e-01 -6.550000610000e-02
v 4.000000660000e-03 9.626470800000e-01 -7.600000500000e-02
v 1.600000260000e-02 9.626470800000e-01 -8.000000570000e-02
v 2.200000360000e-02 9.626470800000e-01 -7.299999890000e-02
v 2.000000330000e-02 9.626470800000e-01 -6.400000300000e-02
v 2.800000090000e-02 9.626470800000e-01 -8.800000700000e-02
v 5.820766090000e-11 9.626470800000e-01 -3.200000520000e-02
v 3.500000390000e-02 9.626470800000e-01 -7.299999890000e-02
v 3.150000420000e-02 9.626470800000e-01 -6.025000290000e-02
v 1.200000200000e-02 9.626470800000e-01 -4.800000410000e-02
v 1.250000200000e-02 9.626470800000e-01 -9.600000830000e-02
v 6.000000980000e-03 9.626470800000e-01 -8.800000700000e-02
v 1.000000160000e-02 9.626470800000e-01 -6.100000440000e-02
v 7.600000500000e-02 9.626470800000e-01 -7.850000260000e-02
v 7.200000440000e-02 9.626470800000e-01 -6.250000000000e-02
v 6.800000370000e-02 9.626470800000e-01 -8.000000570000e-02
v 7.200000440000e-02 9.626470800000e-01 -9.200000760000e-02
v 5.600000550000e-02 9.626470800000e-01 -8.800000700000e-02
v 6.800000370000e-02 9.626470800000e-01 -4.800000410000e-02
v 4.400000720000e-02 9.626470800000e-01 -6.700000170000e-02
v 4.100000490000e-02 9.626470800000e-01 -8.800000700000e-02
v 4.400000720000e-02 9.626470800000e-01 -4.800000410000e-02
v 5.600000550000e-02 9.626470800000e-01 -4.800000410000e-02
v 1.030000150000e-01 9.626470800000e-01 -8.800000700000e-02
v 8.800000700000e-02 9.626470800000e-01 -8.800000700000e-02
v 8.800000700000e-02 9.626470800000e-01 -7.600000500000e-02
v 5.600000550000e-02 9.626470800000e-01 -6.100000440000e-02
v 5.600000550000e-02 9.626470800000e-01 -7.299999890000e-02
v 2.200000360000e-02 9.626470800000e-01 -9.000001480000e-03
v 1.200000200000e-02 9.626470800000e-01 -1.600000260000e-02
v 3.500000390000e-02 9.626470800000e-01 -4.800000410000e-02
v 2.800000090000e-02 9.626470800000e-01 -2.400000390000e-02
v 3.425000240000e-02 9.626470800000e-01 -4.500000740000e-03
v 2.400000210000e-02 9.626470800000e-01 -4.800000410000e-02
v 2.800000090000e-02 9.626470800000e-01 -3.600000590000e-02
v 4.100000490000e-02 9.626470800000e-01 -1.600000260000e-02
v 1.164153220000e-10 9.626470800000e-01 -1.600000260000e-02
v 1.200000200000e-02 9.626470800000e-01 -3.200000520000e-02
v 4.100000490000e-02 9.626470800000e-01 -3.200000520000e-02
v 5.600000550000e-02 9.626470800000e-01 -3.200000520000e-02
v 5.600000550000e-02 9.626470800000e-01 -1.600000260000e-02
v 1.600000260000e-02 9.626470800000e-01 3.000000490000e-03
v 4.000000660000e-03 9.626470800000e-01 -3.000000490000e-03
v 4.800000790000e-02 9.626470800000e-01 -3.000000490000e-03
v 1.280000210000e-01 9.626470800000e-01 -8.800000700000e-02
v 1.240000130000e-01 9.626470800000e-01 -7.600000500000e-02
v 1.530000120000e-01 9.626470800000e-01 -9.400001170000e-02
v 1.400000150000e-01 9.626470800000e-01 -9.600000830000e-02
v 1.555000100000e-01 9.626470800000e-01 -1.120000030000e-01
v 1.607388850000e-01 9.626557230000e-01 -1.004944290000e-01
v 1.475000230000e-01 9.626470800000e-01 -1.080000100000e-01
v 1.125000120000e-01 9.626470800000e-01 -8.000000570000e-02
v 1.300000250000e-01 9.626470800000e-01 -1.040000100000e-01
v 1.160000120000e-01 9.626470800000e-01 -9.600000830000e-02
v 1.360000070000e-01 9.626470800000e-01 -8.000000570000e-02
v 1.457500160000e-01 9.626470800000e-01 -8.000000570000e-02
v 1.686300640000e-01 9.626913070000e-01 -8.960277590000e-02
v 1.559999880000e-01 9.626470800000e-01 -8.399999140000e-02
v 1.320000140000e-01 9.626470800000e-01 -6.700000170000e-02
v 1.559999880000e-01 9.626470800000e-01 -2.799998970000e-02
v 1.455000190000e-01 9.626470800000e-01 -6.650000810000e-02
v 1.579999920000e-01 9.626470800000e-01 -7.224998620000e-02
v 1.437500120000e-01 9.626470800000e-01 -5.500000340000e-02
v 1.716013400000e-01 9.623534080000e-01 -7.550048080000e-02
v 1.692613070000e-01 9.626454110000e-01 -6.529209760000e-02
v 1.716014000000e-01 9.623534080000e-01 -4.665760700000e-02
v 1.689953060000e-01 9.626623390000e-01 -3.792287040000e-02
v 1.715213060000e-01 9.623613950000e-01 -2.590983730000e-02
v 1.599999670000e-01 9.626470800000e-01 -3.999998420000e-02
v 1.320000140000e-01 9.626470800000e-01 -4.800000410000e-02
v 1.599944230000e-01 9.626526240000e-01 -1.799720530000e-02
v 1.480000170000e-01 9.626470800000e-01 -4.000000660000e-02
v 1.587416680000e-01 9.626571540000e-01 -5.724582080000e-02
v 1.741678570000e-01 9.607691170000e-01 -5.899998550000e-02
v 8.350000530000e-02 9.626470800000e-01 -1.250000200000e-03
v 8.800000700000e-02 9.626470800000e-01 -1.600000260000e-02
v 1.360000070000e-01 9.626470800000e-01 -1.600000260000e-02
v 9.850001340000e-02 9.626470800000e-01 -4.500000740000e-03
v 1.457500160000e-01 9.626470800000e-01 -2.400000390000e-02
v 6.400000300000e-02 9.626470800000e-01 -2.000000330000e-03
v 1.440000240000e-01 9.626470800000e-01 -9.000001480000e-03
v 9.600000830000e-02 9.626470800000e-01 -2.800000270000e-02
v 1.280000210000e-01 9.626470800000e-01 -1.450000240000e-02
v 1.160000120000e-01 9.626470800000e-01 -1.600000260000e-02
v 1.030000150000e-01 9.626470800000e-01 -1.600000260000e-02
v 1.320000140000e-01 9.626470800000e-01 -3.200000520000e-02
v 7.600000500000e-02 9.626470800000e-01 -1.450000240000e-02
v 1.145000090000e-01 9.626470800000e-01 -2.800000270000e-02
v 9.800000490000e-02 9.626470800000e-01 -3.600000590000e-02
v 9.200000760000e-02 9.626470800000e-01 -4.800000410000e-02
v 8.000000570000e-02 9.626470800000e-01 -3.200000520000e-02
v 8.000000570000e-02 9.626470800000e-01 -4.800000410000e-02
v 6.800000370000e-02 9.626470800000e-01 -3.200000520000e-02
v 1.220000090000e-01 9.626470800000e-01 -5.500000340000e-02
v 1.160000120000e-01 9.626470800000e-01 -4.000000660000e-02
v 1.030000150000e-01 9.626470800000e-01 -4.800000410000e-02
v 9.925001110000e-02 9.626470800000e-01 -7.225000860000e-02
v 8.600000290000e-02 9.626470800000e-01 -6.300000100000e-02
v 1.180000080000e-01 9.626470800000e-01 -6.700000170000e-02
v 1.097500100000e-01 9.626470800000e-01 -5.950000140000e-02
v 6.800000370000e-02 9.626470800000e-01 -1.600000260000e-02
v 9.700001030000e-02 9.626470800000e-01 -6.000000240000e-02
v 1.169078800000e-01 9.523884060000e-01 -3.073450030000e-01
v 1.322307140000e-01 9.233436580000e-01 -3.087133170000e-01
v 1.276027260000e-01 9.514799120000e-01 -3.073393110000e-01
v 1.327499450000e-01 9.382501840000e-01 -3.072607820000e-01
v 8.474995940000e-02 9.385001060000e-01 -3.072607820000e-01
v 9.496007860000e-02 9.235721830000e-01 -3.078620430000e-01
v 1.270593260000e-01 9.234621520000e-01 -3.202187420000e-01
v 1.134999470000e-01 9.382502440000e-01 -3.072607820000e-01
v 1.040048820000e-01 9.464903470000e-01 -3.072607820000e-01
v 8.802533890000e-02 9.518954750000e-01 -3.073438700000e-01
v 9.649991240000e-02 9.365002510000e-01 -3.072608110000e-01
v 1.021324100000e-01 9.556672570000e-01 -3.070192040000e-01
v 1.318538340000e-01 9.279075860000e-01 -3.072636720000e-01
v 1.107401920000e-01 9.234589930000e-01 -3.202123940000e-01
v 1.065951590000e-01 9.236363770000e-01 -3.076836470000e-01
v 1.185574980000e-01 9.236730340000e-01 -3.077268000000e-01
v 1.564652170000e-01 9.561808710000e-01 -3.230688270000e-01
v 1.458401680000e-01 9.234423640000e-01 -3.201837840000e-01
v 1.533596070000e-01 9.273515940000e-01 -3.225935700000e-01
v 1.595194790000e-01 9.233810900000e-01 -3.204576670000e-01
v 1.321201180000e-01 9.277037380000e-01 -3.227895500000e-01
v 1.329996440000e-01 9.434993270000e-01 -3.230089550000e-01
v 1.593086570000e-01 9.395422940000e-01 -3.230582770000e-01
v 1.479975730000e-01 9.434988500000e-01 -3.230089550000e-01
v 1.455139960000e-01 9.335454700000e-01 -3.230747580000e-01
v 1.438357680000e-01 9.565023180000e-01 -3.231233360000e-01
v 1.381839960000e-01 9.610445500000e-01 -3.262429830000e-01
v 1.617995200000e-01 9.316475390000e-01 -3.240247960000e-01
v 1.279740040000e-01 9.557468300000e-01 -3.231544790000e-01
v 1.211793120000e-01 9.609656930000e-01 -3.261171880000e-01
v 9.399025140000e-02 9.485818740000e-01 -3.229367730000e-01
v 9.600286930000e-02 9.360057710000e-01 -3.230089550000e-01
v 8.400143680000e-02 9.400029180000e-01 -3.230089550000e-01
v 8.388753240000e-02 9.568209050000e-01 -3.231942060000e-01
v 9.682589020000e-02 9.579293130000e-01 -3.238056900000e-01
v 1.026313900000e-01 9.287078980000e-01 -3.229986130000e-01
v 8.412013200000e-02 9.277036190000e-01 -3.227895500000e-01
v 1.150273010000e-01 9.276139740000e-01 -3.227656190000e-01
v 1.119774950000e-01 9.580354690000e-01 -3.238552510000e-01
v 8.908987790000e-02 9.621134400000e-01 -3.280534150000e-01
v 1.054902450000e-01 9.480037090000e-01 -3.229405280000e-01
v 1.205028740000e-01 9.360057710000e-01 -3.230089550000e-01
v 1.174899790000e-01 9.479488730000e-01 -3.229504820000e-01
v 1.036450120000e-01 9.624024030000e-01 -3.285763860000e-01
v 8.892108500000e-02 9.234417080000e-01 -3.201703130000e-01
v 2.718085800000e-02 9.556109310000e-01 -3.231329020000e-01
v 2.399839090000e-02 9.464968440000e-01 -3.230089550000e-01
v 1.200286390000e-02 9.360057710000e-01 -3.230089550000e-01
v 1.164220650000e-02 9.568350320000e-01 -3.232328300000e-01
v 3.212011610000e-02 9.277036190000e-01 -3.227895500000e-01
v 1.612012090000e-02 9.277036190000e-01 -3.227895500000e-01
v -9.501075370000e-03 9.454979900000e-01 -3.230089550000e-01
v -1.730488610000e-02 9.283773300000e-01 -3.229603470000e-01
v -3.997138240000e-03 9.360057710000e-01 -3.230089550000e-01
v 4.499195140000e-03 9.447484610000e-01 -3.230089550000e-01
v 1.201157430000e-04 9.277036190000e-01 -3.227895500000e-01
v 3.999947010000e-02 9.444990160000e-01 -3.230089550000e-01
v 2.650214920000e-02 9.375042920000e-01 -3.230089550000e-01
v 4.000286760000e-02 9.360057120000e-01 -3.230089550000e-01
v 4.922931640000e-02 9.276139740000e-01 -3.227656190000e-01
v 3.278947620000e-02 9.610732790000e-01 -3.262895940000e-01
v 5.390263350000e-02 9.623540040000e-01 -3.284298780000e-01
v 6.592188780000e-02 9.628540280000e-01 -3.519190550000e-01
v 3.896185760000e-02 9.626542930000e-01 -3.309229020000e-01
v 6.606499110000e-02 9.571819310000e-01 -3.233993650000e-01
v 5.668120460000e-02 9.568724040000e-01 -3.232121770000e-01
v 5.600143600000e-02 9.400029180000e-01 -3.230089550000e-01
v 4.798047990000e-02 9.521922470000e-01 -3.229655330000e-01
v 3.972350810000e-02 9.576594830000e-01 -3.236185910000e-01
v 6.699079280000e-02 9.277989860000e-01 -3.228115740000e-01
v 6.925000250000e-02 9.626470800000e-01 -3.404999970000e-01
v 7.200286540000e-02 9.360057710000e-01 -3.230089550000e-01
v 6.405343860000e-02 9.626594190000e-01 -3.310218750000e-01
v 7.199458030000e-02 9.475610850000e-01 -3.229601680000e-01
v 7.376659660000e-02 9.621472360000e-01 -3.274940850000e-01
v 5.200000850000e-02 9.626470800000e-01 -3.400000330000e-01
v 4.000651840000e-02 9.479871390000e-01 -3.072607820000e-01
v 7.311390340000e-02 9.557943940000e-01 -3.069833520000e-01
v 7.200651620000e-02 9.479871390000e-01 -3.072607820000e-01
v 7.324994360000e-02 9.382501840000e-01 -3.072607820000e-01
v 4.099993410000e-02 9.372501970000e-01 -3.072607820000e-01
v 6.595668940000e-02 9.624447820000e-01 -2.998466490000e-01
v 4.995799440000e-02 9.624712470000e-01 -2.997185290000e-01
v 3.289261460000e-02 9.597778320000e-01 -3.052087720000e-01
v 3.791754320000e-02 9.550374150000e-01 -3.071449100000e-01
v 2.800325680000e-02 9.449936150000e-01 -3.072607820000e-01
v 1.622100550000e-02 9.576264020000e-01 -3.065018060000e-01
v 5.604566260000e-02 9.556672570000e-01 -3.070192040000e-01
v 5.600488930000e-02 9.464904070000e-01 -3.072607820000e-01
v 5.649993200000e-02 9.375001790000e-01 -3.072607820000e-01
v 5.346436050000e-02 9.605720640000e-01 -3.043428060000e-01
v 5.709898840000e-02 9.235721830000e-01 -3.078620730000e-01
v 4.535382240000e-02 9.279075260000e-01 -3.072636720000e-01
v 4.321055860000e-02 9.235025050000e-01 -3.083660600000e-01
v 6.787949060000e-02 9.234485630000e-01 -3.201887010000e-01
v 5.387949940000e-02 9.234485630000e-01 -3.201886710000e-01
v 8.071707930000e-02 9.235972760000e-01 -3.077902200000e-01
v 1.999990270000e-02 9.360002280000e-01 -3.072607820000e-01
v 7.853816260000e-03 9.279075860000e-01 -3.072636720000e-01
v 1.286360530000e-02 9.234933850000e-01 -3.083918090000e-01
v 3.010561130000e-02 9.234626290000e-01 -3.085440990000e-01
v 3.787950050000e-02 9.234485630000e-01 -3.201886710000e-01
v 2.535382100000e-02 9.279075860000e-01 -3.072636720000e-01
v 1.787951030000e-02 9.234485630000e-01 -3.201886420000e-01
v -1.205027580000e-04 9.234485630000e-01 -3.201886710000e-01
v 6.901577860000e-02 9.236606360000e-01 -3.076955970000e-01
v 1.772489400000e-01 9.280242320000e-01 -2.481180280000e-01
v 1.772489400000e-01 9.280242320000e-01 -2.641180460000e-01
v 1.770037860000e-01 9.298748970000e-01 -2.767620980000e-01
v 1.770703940000e-01 9.454970360000e-01 -2.522484960000e-01
v 1.769268660000e-01 9.559938910000e-01 -2.846507430000e-01
v 1.677710260000e-01 9.625310900000e-01 -2.864146530000e-01
v 1.712222990000e-01 9.625023010000e-01 -2.619031970000e-01
v 1.675860140000e-01 9.627121090000e-01 -2.704555690000e-01
v 1.770703940000e-01 9.360055920000e-01 -2.465028020000e-01
v 1.739371570000e-01 9.609918000000e-01 -2.832164760000e-01
v 1.770703940000e-01 9.444971080000e-01 -2.767456170000e-01
v 1.770703940000e-01 9.400028590000e-01 -2.625014190000e-01
v 1.766668560000e-01 9.571752550000e-01 -2.579524520000e-01
v 1.769200860000e-01 9.566681980000e-01 -2.711100880000e-01
v 1.767851560000e-01 9.425957800000e-01 -2.886627910000e-01
v 1.735917330000e-01 9.565537570000e-01 -2.927038970000e-01
v 1.400000150000e-01 9.626470800000e-01 -2.480000110000e-01
v 1.572499870000e-01 9.626470800000e-01 -2.432499830000e-01
v 1.712267250000e-01 9.624594450000e-01 -2.530208830000e-01
v 1.715212320000e-01 9.623613950000e-01 -2.425720240000e-01
v 1.688499900000e-01 9.626675840000e-01 -2.327969070000e-01
v 1.740016490000e-01 9.609067440000e-01 -2.192473110000e-01
v 1.475000080000e-01 9.626470800000e-01 -2.560000120000e-01
v 1.767354760000e-01 9.570930600000e-01 -2.468565400000e-01
v 1.769200860000e-01 9.566681390000e-01 -2.359797060000e-01
v 1.555000100000e-01 9.626470800000e-01 -2.599999900000e-01
v 1.770703940000e-01 9.425002340000e-01 -2.347500920000e-01
v 1.770703940000e-01 9.412510400000e-01 -2.212504890000e-01
v 1.769085080000e-01 9.557824130000e-01 -2.235185060000e-01
v 1.380000110000e-01 9.626470800000e-01 -2.390000080000e-01
v 1.475000230000e-01 9.626470800000e-01 -2.365000100000e-01
v 1.772489550000e-01 9.280241730000e-01 -2.201180160000e-01
v 1.629832980000e-01 9.626554850000e-01 -1.929916440000e-01
v 1.280000210000e-01 9.626470800000e-01 -1.960000100000e-01
v 1.400000150000e-01 9.626470800000e-01 -2.190000120000e-01
v 1.400000150000e-01 9.626470800000e-01 -1.960000100000e-01
v 1.180000080000e-01 9.626470800000e-01 -1.960000100000e-01
v 1.475000230000e-01 9.626470800000e-01 -2.080000040000e-01
v 1.160000120000e-01 9.626470800000e-01 -2.080000040000e-01
v 1.718611420000e-01 9.621594550000e-01 -1.975823040000e-01
v 1.690930430000e-01 9.626574520000e-01 -2.170429080000e-01
v 1.559999880000e-01 9.626470800000e-01 -2.189999970000e-01
v 1.240000130000e-01 9.626470800000e-01 -1.840000150000e-01
v 1.559999880000e-01 9.626470800000e-01 -2.280000000000e-01
v 1.400000150000e-01 9.626470800000e-01 -2.280000150000e-01
v 1.300000250000e-01 9.626470800000e-01 -2.135000080000e-01
v 1.532500240000e-01 9.626470800000e-01 -1.932500150000e-01
v 1.609888820000e-01 9.626563790000e-01 -2.059944420000e-01
v 1.591263710000e-01 9.299640660000e-01 -3.071250620000e-01
v 1.480103280000e-01 9.308074710000e-01 -3.071703910000e-01
v 1.588741090000e-01 9.617820980000e-01 -3.021345730000e-01
v 1.617686150000e-01 9.228791590000e-01 -3.077189920000e-01
v 1.475873290000e-01 9.235139490000e-01 -3.083237710000e-01
v 1.340341570000e-01 9.597796200000e-01 -3.052049880000e-01
v 1.733048560000e-01 9.382838010000e-01 -2.929815650000e-01
v 1.676088420000e-01 9.575617910000e-01 -2.944947180000e-01
v 1.672669500000e-01 9.366776350000e-01 -2.956033350000e-01
v 1.647587270000e-01 9.553092720000e-01 -3.025710580000e-01
v 1.646676810000e-01 9.401330350000e-01 -3.038440640000e-01
v 1.425143330000e-01 9.502317910000e-01 -3.073508140000e-01
v 1.649452890000e-01 9.307727220000e-01 -3.031883840000e-01
v 1.497353170000e-01 9.546839590000e-01 -3.072656690000e-01
v 1.582851410000e-01 9.435357450000e-01 -3.072626590000e-01
v 1.617673490000e-01 9.561079140000e-01 -3.062072100000e-01
v 1.159970540000e-01 9.626500610000e-01 -2.902441020000e-01
v 1.242416430000e-01 9.622193570000e-01 -3.010878860000e-01
v 1.440000240000e-01 9.626470800000e-01 -2.680000070000e-01
v 1.320000140000e-01 9.626470800000e-01 -2.599999900000e-01
v 1.320000140000e-01 9.626470800000e-01 -2.760000230000e-01
v 1.151395140000e-01 9.595998530000e-01 -3.052915040000e-01
v 1.399566830000e-01 9.624447820000e-01 -2.998465600000e-01
v 1.200000050000e-01 9.626470800000e-01 -2.760000230000e-01
v 1.160000120000e-01 9.626470800000e-01 -2.639999990000e-01
v 9.224324670000e-02 9.599363800000e-01 -3.050565720000e-01
v 1.571444570000e-01 9.626529220000e-01 -2.776467800000e-01
v 1.319980320000e-01 9.626470800000e-01 -2.889960710000e-01
v 1.557740120000e-01 9.627575870000e-01 -2.945438620000e-01
v 1.462490260000e-01 9.626470800000e-01 -2.847480480000e-01
v 1.088106860000e-01 9.624829290000e-01 -2.996987400000e-01
v 1.095000060000e-01 9.626470800000e-01 -2.815000410000e-01
v 9.600000830000e-02 9.626470800000e-01 -2.760000230000e-01
v 9.550000730000e-02 9.626470800000e-01 -2.597500090000e-01
v 6.800000370000e-02 9.626470800000e-01 -2.450000050000e-01
v 6.800000370000e-02 9.626470800000e-01 -2.599999900000e-01
v 6.800000370000e-02 9.626470800000e-01 -2.760000230000e-01
v 7.999803870000e-02 9.626470800000e-01 -2.889960710000e-01
v 7.870490100000e-02 9.618138070000e-01 -3.027407230000e-01
v 9.724754840000e-02 9.626470800000e-01 -2.897450920000e-01
v 1.090000120000e-01 9.626470800000e-01 -2.700000110000e-01
v 8.000000570000e-02 9.626470800000e-01 -2.480000110000e-01
v 9.395667910000e-02 9.624447820000e-01 -2.998465900000e-01
v 6.399803610000e-02 9.626470800000e-01 -2.889960710000e-01
v 8.000000570000e-02 9.626470800000e-01 -2.760000230000e-01
v 8.000000570000e-02 9.626470800000e-01 -2.599999900000e-01
v 1.240000130000e-01 9.626470800000e-01 -2.485000040000e-01
v 1.087500150000e-01 9.626470800000e-01 -2.512500290000e-01
v 1.135000140000e-01 9.626470800000e-01 -2.182500060000e-01
v 9.850001340000e-02 9.626470800000e-01 -2.190000120000e-01
v 8.775000270000e-02 9.626470800000e-01 -2.165000140000e-01
v 7.200000440000e-02 9.626470800000e-01 -2.190000120000e-01
v 1.160000120000e-01 9.626470800000e-01 -2.390000080000e-01
v 8.900000150000e-02 9.626470800000e-01 -2.285000090000e-01
v 9.600000830000e-02 9.626470800000e-01 -2.450000050000e-01
v 8.200000230000e-02 9.626470800000e-01 -2.390000080000e-01
v 1.280000210000e-01 9.626470800000e-01 -2.320000080000e-01
v 7.200000440000e-02 9.626470800000e-01 -2.320000080000e-01
v 1.160000120000e-01 9.626470800000e-01 -2.280000150000e-01
v 1.030000150000e-01 9.626470800000e-01 -2.320000080000e-01
v -6.425000730000e-02 9.626470800000e-01 -2.465000150000e-01
v -1.000000090000e-01 9.626470800000e-01 -2.639999990000e-01
v -9.350001810000e-02 9.626470800000e-01 -2.815000410000e-01
v -5.600000550000e-02 9.626470800000e-01 -2.800000310000e-01
v -5.675000700000e-02 9.626470800000e-01 -2.585000100000e-01
v -9.300000970000e-02 9.626470800000e-01 -2.700000110000e-01
v -6.900000570000e-02 9.626470800000e-01 -2.740000190000e-01
v -8.000197260000e-02 9.626470800000e-01 -2.889960710000e-01
v -7.250000540000e-02 9.626470800000e-01 -2.560000120000e-01
v -8.000000570000e-02 9.626470800000e-01 -2.680000070000e-01
v -8.000000570000e-02 9.626470800000e-01 -2.800000310000e-01
v -8.750000600000e-02 9.626470800000e-01 -2.560000120000e-01
v -6.100000440000e-02 9.626470800000e-01 -2.680000070000e-01
v -6.275246290000e-02 9.626470800000e-01 -2.897450920000e-01
v -4.800000790000e-02 9.626470800000e-01 -2.720000150000e-01
v -4.400000720000e-02 9.626470800000e-01 -2.120000120000e-01
v -4.800000790000e-02 9.626470800000e-01 -2.450000050000e-01
v -5.400000510000e-02 9.626470800000e-01 -2.040000110000e-01
v -3.650000690000e-02 9.626470800000e-01 -2.040000110000e-01
v -3.300000350000e-02 9.626470800000e-01 -2.339999970000e-01
v -6.250000000000e-02 9.626470800000e-01 -2.305000130000e-01
v -5.600000550000e-02 9.626470800000e-01 -2.160000210000e-01
v -4.800000790000e-02 9.626470800000e-01 -2.360000010000e-01
v -7.050000130000e-02 9.626470800000e-01 -2.120000120000e-01
v -4.000000660000e-02 9.626470800000e-01 -2.280000150000e-01
v -5.150000750000e-02 9.626470800000e-01 -2.242500040000e-01
v -8.000000570000e-02 9.626470800000e-01 -2.000000180000e-01
v -3.300000350000e-02 9.626470800000e-01 -2.190000120000e-01
v -6.450000410000e-02 9.626470800000e-01 -2.040000110000e-01
v -9.300000970000e-02 9.626470800000e-01 -1.940000060000e-01
v -9.600000830000e-02 9.626470800000e-01 -2.040000110000e-01
v -9.300000970000e-02 9.626470800000e-01 -2.320000080000e-01
v -9.450000520000e-02 9.626470800000e-01 -2.190000120000e-01
v -8.700001240000e-02 9.626470800000e-01 -2.100000080000e-01
v -1.085000190000e-01 9.626470800000e-01 -2.560000120000e-01
v -1.040000100000e-01 9.626470800000e-01 -2.320000080000e-01
v -1.020000130000e-01 9.626470800000e-01 -2.450000050000e-01
v -7.299999890000e-02 9.626470800000e-01 -2.320000080000e-01
v -8.400000630000e-02 9.626470800000e-01 -2.320000080000e-01
v -9.550000730000e-02 9.626470800000e-01 -2.512500290000e-01
v -1.040000100000e-01 9.626470800000e-01 -1.960000100000e-01
v -1.040000100000e-01 9.626470800000e-01 -2.135000080000e-01
v -8.000000570000e-02 9.626470800000e-01 -2.450000050000e-01
v -1.160000120000e-01 9.626470800000e-01 -1.960000100000e-01
v -8.000000570000e-02 9.626470800000e-01 -2.190000120000e-01
v -1.559999730000e-01 9.626470800000e-01 -2.120000420000e-01
v -1.160000120000e-01 9.626470800000e-01 -2.320000080000e-01
v -1.400000150000e-01 9.626470800000e-01 -2.190000120000e-01
v -1.537500170000e-01 9.626470800000e-01 -2.240000070000e-01
v -1.400000150000e-01 9.626470800000e-01 -2.080000040000e-01
v -1.280000060000e-01 9.626470800000e-01 -1.960000100000e-01
v -1.552499980000e-01 9.626470800000e-01 -1.885000320000e-01
v -1.380000110000e-01 9.626470800000e-01 -1.960000100000e-01
v -1.559999730000e-01 9.626470800000e-01 -2.032500210000e-01
v -1.690537630000e-01 9.626447560000e-01 -1.989604830000e-01
v -1.716121140000e-01 9.623153810000e-01 -2.131460310000e-01
v -1.280000060000e-01 9.626470800000e-01 -2.135000080000e-01
v -1.160000120000e-01 9.626470800000e-01 -2.080000040000e-01
v -1.160000120000e-01 9.626470800000e-01 -2.190000120000e-01
v -1.470000150000e-01 9.626470800000e-01 -1.925000250000e-01
v -1.400000150000e-01 9.626470800000e-01 -1.840000150000e-01
v -1.180000080000e-01 9.626470800000e-01 -2.599999900000e-01
v -1.619886610000e-01 9.626572730000e-01 -2.490057200000e-01
v -1.550000010000e-01 9.626470800000e-01 -2.375000120000e-01
v -1.280000060000e-01 9.626470800000e-01 -2.450000050000e-01
v -1.400000150000e-01 9.626470800000e-01 -2.450000050000e-01
v -1.505000290000e-01 9.626470800000e-01 -2.520000040000e-01
v -1.380000110000e-01 9.626470800000e-01 -2.599999900000e-01
v -1.160000120000e-01 9.626470800000e-01 -2.450000050000e-01
v -1.532500240000e-01 9.626470800000e-01 -2.674999830000e-01
v -1.678841560000e-01 9.627000090000e-01 -2.280348540000e-01
v -1.280000060000e-01 9.626470800000e-01 -2.600000200000e-01
v -1.629830150000e-01 9.626585840000e-01 -2.680085600000e-01
v -1.688928900000e-01 9.626644250000e-01 -2.545231880000e-01
v -1.280000060000e-01 9.626470800000e-01 -2.320000080000e-01
v -1.400000150000e-01 9.626470800000e-01 -2.320000080000e-01
v -1.191097130000e-01 9.284419420000e-01 -3.072296980000e-01
v -1.437151280000e-01 9.623535870000e-01 -3.005627100000e-01
v -1.295699480000e-01 9.608925580000e-01 -3.040362890000e-01
v -1.510422080000e-01 9.523552060000e-01 -3.073456290000e-01
v -1.602751170000e-01 9.569225910000e-01 -3.064683680000e-01
v -1.390893160000e-01 9.539408680000e-01 -3.073202970000e-01
v -1.484993100000e-01 9.593241810000e-01 -3.054014740000e-01
v -1.079216750000e-01 9.570526480000e-01 -3.067088130000e-01
v -1.320000590000e-01 9.385001660000e-01 -3.072607820000e-01
v -1.087467820000e-01 9.432436230000e-01 -3.072608110000e-01
v -1.219967530000e-01 9.439935680000e-01 -3.072608110000e-01
v -1.563457250000e-01 9.622234110000e-01 -3.011292220000e-01
v -1.239543480000e-01 9.556673170000e-01 -3.070192040000e-01
v -1.479868890000e-01 9.399935010000e-01 -3.072625400000e-01
v -1.280000060000e-01 9.626470800000e-01 -2.760000230000e-01
v -1.310099210000e-01 9.627187250000e-01 -2.933781450000e-01
v -1.554999200000e-01 9.626472590000e-01 -2.807499170000e-01
v -1.470453440000e-01 9.626595380000e-01 -2.895197570000e-01
v -1.626289780000e-01 9.620763060000e-01 -2.917169330000e-01
v -1.040000100000e-01 9.626470800000e-01 -2.760000230000e-01
v -1.400000150000e-01 9.626470800000e-01 -2.760000230000e-01
v -7.811198380000e-02 9.624447820000e-01 -2.998465600000e-01
v -1.160000120000e-01 9.626470800000e-01 -2.760000230000e-01
v -9.600295870000e-02 9.626470800000e-01 -2.904940840000e-01
v -9.365645800000e-02 9.618609550000e-01 -3.024619820000e-01
v -1.084679070000e-01 9.620807770000e-01 -3.017687800000e-01
v -1.130019800000e-01 9.626495840000e-01 -2.892460820000e-01
v -1.192176490000e-01 9.626232390000e-01 -2.988743190000e-01
v -7.750007510000e-02 9.375001790000e-01 -3.072607820000e-01
v -6.324759130000e-02 9.427452680000e-01 -3.072607820000e-01
v -7.436744870000e-02 9.543395040000e-01 -3.072838490000e-01
v -8.655008670000e-02 9.518948790000e-01 -3.073438700000e-01
v -8.414619420000e-02 9.279075260000e-01 -3.072636720000e-01
v -9.824842960000e-02 9.409969450000e-01 -3.072608110000e-01
v -8.875008670000e-02 9.380002020000e-01 -3.072607820000e-01
v -7.935378700000e-02 9.233583210000e-01 -3.086118400000e-01
v -9.590864180000e-02 9.234830740000e-01 -3.084288840000e-01
v -1.001461890000e-01 9.279075860000e-01 -3.072636720000e-01
v -1.139086560000e-01 9.234830740000e-01 -3.084288840000e-01
v -7.007315750000e-02 9.306845070000e-01 -3.071674700000e-01
v -6.390865150000e-02 9.234830740000e-01 -3.084288840000e-01
v -6.014618650000e-02 9.279075260000e-01 -3.072636720000e-01
v -9.001235660000e-02 9.579833150000e-01 -3.063028450000e-01
v -1.872550140000e-02 9.513821010000e-01 -3.073649110000e-01
v -5.286136270000e-02 9.597777720000e-01 -3.052087720000e-01
v -3.921151530000e-02 9.617106910000e-01 -3.029956820000e-01
v -5.472549420000e-02 9.513820410000e-01 -3.073649110000e-01
v -2.398034000000e-02 9.596928950000e-01 -3.052767520000e-01
v -6.844939290000e-02 9.598379730000e-01 -3.051551280000e-01
v -3.199349340000e-02 9.479871390000e-01 -3.072607820000e-01
v -6.527367980000e-02 9.624907970000e-01 -2.996121640000e-01
v -4.657314720000e-02 9.311965110000e-01 -3.071671130000e-01
v -4.800197480000e-02 9.626470800000e-01 -2.889960710000e-01
v -4.199675100000e-02 9.449936150000e-01 -3.072607820000e-01
v -5.204332620000e-02 9.624447820000e-01 -2.998465600000e-01
v -3.880077970000e-02 9.555396440000e-01 -3.070512410000e-01
v -3.087509050000e-02 9.370002150000e-01 -3.072607820000e-01
v -3.603147720000e-02 9.233756070000e-01 -3.078406750000e-01
v -3.970459570000e-03 9.235721830000e-01 -3.078620730000e-01
v -6.324051320000e-02 9.234570860000e-01 -3.202082810000e-01
v -4.494070260000e-02 9.234621520000e-01 -3.202187420000e-01
v 1.750488580000e-02 9.464903470000e-01 -3.072607820000e-01
v 5.005697250000e-03 9.467387200000e-01 -3.072607820000e-01
v 4.249902910000e-03 9.365002510000e-01 -3.072607820000e-01
v -3.895398600000e-02 9.276300070000e-01 -3.227701490000e-01
v -4.793875390000e-03 9.553744200000e-01 -3.070872430000e-01
v -4.790865260000e-02 9.234830740000e-01 -3.084288840000e-01
v -6.496745630000e-03 9.454936390000e-01 -3.072607820000e-01
v -2.122708410000e-02 9.234557150000e-01 -3.202053900000e-01
v -1.200009880000e-02 9.360002280000e-01 -3.072607820000e-01
v -2.661205270000e-02 9.236729740000e-01 -3.077268300000e-01
v -1.592262650000e-02 9.236078860000e-01 -3.077156540000e-01
v -1.400000230000e-02 9.626470800000e-01 -2.760000230000e-01
v -4.228354900000e-03 9.599363210000e-01 -3.050565720000e-01
v -5.186892580000e-03 9.624712470000e-01 -2.997184990000e-01
v -6.502952890000e-03 9.626470800000e-01 -2.904940840000e-01
v -2.850000190000e-02 9.626470800000e-01 -2.450000050000e-01
v -2.750000360000e-02 9.626470800000e-01 -2.599999900000e-01
v -4.000000660000e-02 9.626470800000e-01 -2.800000310000e-01
v -3.150246290000e-02 9.626470800000e-01 -2.897450920000e-01
v -2.498764170000e-02 9.624210000000e-01 -2.999497060000e-01
v -2.400000210000e-02 9.626470800000e-01 -2.760000230000e-01
v -3.300000350000e-02 9.626470800000e-01 -2.740000190000e-01
v -4.000000660000e-02 9.626470800000e-01 -2.599999900000e-01
v -1.750000190000e-02 9.626470800000e-01 -2.599999900000e-01
v -1.800196990000e-02 9.626470800000e-01 -2.889960710000e-01
v 4.924754430000e-02 9.626470800000e-01 -2.897450920000e-01
v 3.255043550000e-02 9.626305700000e-01 -2.990461290000e-01
v -8.000001310000e-03 9.626470800000e-01 -2.680000070000e-01
v -4.500000740000e-03 9.626470800000e-01 -2.560000120000e-01
v 1.164153220000e-10 9.626470800000e-01 -2.775000330000e-01
v 5.250000860000e-03 9.626470800000e-01 -2.594999970000e-01
v 3.950000550000e-02 9.626470800000e-01 -2.807500360000e-01
v 2.800000090000e-02 9.626470800000e-01 -2.720000150000e-01
v 1.600000260000e-02 9.626470800000e-01 -2.680000070000e-01
v 2.000000330000e-02 9.626470800000e-01 -2.800000310000e-01
v 8.000001310000e-03 9.626470800000e-01 -2.760000230000e-01
v 2.799803390000e-02 9.626470800000e-01 -2.889960710000e-01
v 1.599803380000e-02 9.626470800000e-01 -2.889960710000e-01
v 1.322290770000e-02 9.618643520000e-01 -3.022365870000e-01
v 7.529021710000e-03 9.627236130000e-01 -2.950339320000e-01
v 5.600000550000e-02 9.626470800000e-01 -2.320000080000e-01
v 1.950000230000e-02 9.626470800000e-01 -2.560000120000e-01
v 4.400000720000e-02 9.626470800000e-01 -2.135000080000e-01
v 2.900000100000e-02 9.626470800000e-01 -2.599999900000e-01
v 1.200000200000e-02 9.626470800000e-01 -2.480000110000e-01
v 4.400000720000e-02 9.626470800000e-01 -2.320000080000e-01
v 5.600000550000e-02 9.626470800000e-01 -2.190000120000e-01
v 2.200000360000e-02 9.626470800000e-01 -2.450000050000e-01
v 5.600000550000e-02 9.626470800000e-01 -2.599999900000e-01
v 4.225000740000e-02 9.626470800000e-01 -2.505000230000e-01
v 5.600000550000e-02 9.626470800000e-01 -2.450000050000e-01
v 3.500000390000e-02 9.626470800000e-01 -2.450000050000e-01
v 3.500000390000e-02 9.626470800000e-01 -2.320000080000e-01
v 5.600000550000e-02 9.626470800000e-01 -2.760000230000e-01
v 4.100000490000e-02 9.626470800000e-01 -2.680000070000e-01
v 1.200000200000e-02 9.626470800000e-01 -2.360000010000e-01
v 2.200000360000e-02 9.626470800000e-01 -2.320000080000e-01
v 2.000000330000e-03 9.626470800000e-01 -2.320000080000e-01
v 1.200000200000e-02 9.626470800000e-01 -2.190000120000e-01
v 1.200000200000e-02 9.626470800000e-01 -2.080000040000e-01
v 3.150000420000e-02 9.626470800000e-01 -2.197500170000e-01
v 2.400000210000e-02 9.626470800000e-01 -2.120000120000e-01
v 2.000000330000e-03 9.626470800000e-01 -2.450000050000e-01
v -1.200000200000e-02 9.626470800000e-01 -2.320000080000e-01
v -1.200000200000e-02 9.626470800000e-01 -2.450000050000e-01
v -2.400000210000e-02 9.626470800000e-01 -2.320000080000e-01
v 1.164153220000e-10 9.626470800000e-01 -2.135000080000e-01
v -1.200000200000e-02 9.626470800000e-01 -2.080000040000e-01
v -1.200000200000e-02 9.626470800000e-01 -2.190000120000e-01
v -2.400000210000e-02 9.626470800000e-01 -2.135000080000e-01
v 1.951410470000e-01 9.596567750000e-01 4.545518380000e-02
v 2.201427670000e-01 9.628227950000e-01 1.089506150000e-01
v 2.014052720000e-01 9.626643660000e-01 4.023133960000e-02
v 2.017540480000e-01 9.626987580000e-01 9.558252990000e-02
v 2.005947530000e-01 9.624716040000e-01 5.713602160000e-02
v 2.080123420000e-01 9.626480340000e-01 5.599383260000e-02
v 2.201599630000e-01 9.628286960000e-01 4.726263880000e-02
v 2.208214250000e-01 9.629004000000e-01 5.983909590000e-02
v 2.020016610000e-01 9.626768830000e-01 7.944498210000e-02
v 2.020927670000e-01 9.626988170000e-01 1.097077730000e-01
v 2.080123280000e-01 9.626480340000e-01 7.199383530000e-02
v 2.154880320000e-01 9.625898000000e-01 8.707299080000e-02
v 2.201427520000e-01 9.628227950000e-01 7.321779430000e-02
v 2.201897350000e-01 9.628398420000e-01 9.508569540000e-02
v 2.228575500000e-01 9.680521490000e-01 -2.200703320000e-02
v 2.204376010000e-01 9.739983080000e-01 -2.694525570000e-02
v 2.228575350000e-01 9.680521490000e-01 -4.007023290000e-03
v 2.203045930000e-01 9.629240630000e-01 2.405101430000e-02
v 2.214042840000e-01 9.730385540000e-01 -1.299997330000e-02
v 2.201897350000e-01 9.628398420000e-01 3.562111780000e-02
v 2.214042690000e-01 9.730385540000e-01 1.099997390000e-02
v 2.208600490000e-01 9.736325740000e-01 5.996007100000e-02
v 2.228575500000e-01 9.680521490000e-01 1.199294070000e-02
v 2.228614840000e-01 9.681229590000e-01 3.107174860000e-02
v 2.228575350000e-01 9.680520890000e-01 5.199311300000e-02
v 2.228610520000e-01 9.681119920000e-01 7.890562710000e-02
v 2.214042990000e-01 9.730385540000e-01 7.500001040000e-02
v 2.214042690000e-01 9.730385540000e-01 3.699998560000e-02
v 1.950081880000e-01 9.595076440000e-01 -1.549006250000e-02
v 1.951556800000e-01 9.598144890000e-01 5.965969530000e-03
v 2.008138600000e-01 9.625356200000e-01 -2.320973950000e-02
v 2.004763930000e-01 9.624435900000e-01 -5.915817340000e-03
v 2.122582940000e-01 9.625880120000e-01 -1.897755080000e-02
v 2.080123420000e-01 9.626480340000e-01 -4.006167410000e-03
v 2.203045930000e-01 9.629240630000e-01 -1.594897550000e-02
v 2.200779170000e-01 9.628039000000e-01 -4.946053490000e-03
v 2.201599330000e-01 9.628286960000e-01 5.652381110000e-03
v 2.014132140000e-01 9.626588230000e-01 1.083107940000e-02
v 1.949709800000e-01 9.594600200000e-01 2.351127380000e-02
v 2.026183610000e-01 9.627296920000e-01 2.692271020000e-02
v 2.137663220000e-01 9.625772240000e-01 1.704746300000e-02
v 2.080123420000e-01 9.626480340000e-01 -3.300616890000e-02
v 1.928188950000e-01 9.539076690000e-01 -1.404621730000e-02
v 1.927545070000e-01 9.541213510000e-01 9.321373700000e-02
v 1.928092990000e-01 9.279315470000e-01 7.614541800000e-02
v 1.928185520000e-01 9.449911120000e-01 1.039955170000e-01
v 1.930163500000e-01 9.552573560000e-01 1.071595620000e-01
v 1.929118780000e-01 9.307013150000e-01 9.407277410000e-02
v 1.927167030000e-01 9.517833590000e-01 4.966642710000e-02
v 1.963140220000e-01 9.607234000000e-01 8.254549650000e-02
v 1.959394070000e-01 9.603796600000e-01 1.061787680000e-01
v 1.928185520000e-01 9.449911120000e-01 6.799551840000e-02
v 1.928000300000e-01 9.542175530000e-01 6.403883550000e-02
v 1.929126080000e-01 9.312093260000e-01 5.857277660000e-02
v 1.955535710000e-01 9.602210520000e-01 6.450586020000e-02
v 1.928186120000e-01 9.360002880000e-01 7.200013100000e-02
v 1.928185520000e-01 9.404956700000e-01 8.299782870000e-02
v 1.930592510000e-01 9.554145340000e-01 8.207299560000e-02
v 1.923071890000e-01 9.236036540000e-01 1.225023810000e-02
v 1.928185670000e-01 9.404956700000e-01 1.599782150000e-02
v 1.923639330000e-01 9.236492510000e-01 2.323492800000e-02
v 1.928185670000e-01 9.412457350000e-01 1.497804070000e-03
v 1.921252460000e-01 9.233528380000e-01 2.727882820000e-04
v 1.915271430000e-01 9.233655930000e-01 3.555272520000e-02
v 1.794319750000e-01 9.235799310000e-01 4.741882910000e-02
v 1.922690270000e-01 9.235863090000e-01 4.990963270000e-02
v 1.857266720000e-01 9.231638910000e-01 6.156597290000e-02
v 1.928185670000e-01 9.404956700000e-01 3.199782220000e-02
v 1.927420940000e-01 9.528583880000e-01 7.972695860000e-03
v 1.927420940000e-01 9.528584480000e-01 2.397270310000e-02
v 1.794319900000e-01 9.235799310000e-01 2.942136860000e-02
v 1.928186120000e-01 9.390001300000e-01 4.400007050000e-02
v 1.928092990000e-01 9.279316070000e-01 3.614541520000e-02
v 1.928111760000e-01 9.545886520000e-01 3.846061600000e-02
v 1.770703940000e-01 9.367549420000e-01 1.232475710000e-01
v 1.793152540000e-01 9.236510990000e-01 6.580960010000e-02
v 1.794319750000e-01 9.235799310000e-01 8.342137930000e-02
v 1.772857460000e-01 9.278595450000e-01 8.586926010000e-02
v 1.860073360000e-01 9.231763480000e-01 9.206597510000e-02
v 1.917122010000e-01 9.235016110000e-01 7.559913400000e-02
v 1.793884490000e-01 9.236016270000e-01 1.042148250000e-01
v 1.793884490000e-01 9.236016870000e-01 1.185030120000e-01
v 1.772489400000e-01 9.280242320000e-01 1.057991530000e-01
v 1.772272440000e-01 9.281389710000e-01 1.227385250000e-01
v 1.794319900000e-01 9.235799310000e-01 1.334213760000e-01
v 1.917272210000e-01 9.235091810000e-01 1.005241570000e-01
v 1.916928590000e-01 9.234932660000e-01 1.165118290000e-01
v 1.772489400000e-01 9.280242320000e-01 1.398820130000e-01
v 1.770703940000e-01 9.360055920000e-01 1.034972370000e-01
v 1.928185520000e-01 9.434912200000e-01 1.484955550000e-01
v 1.863715650000e-01 9.231958390000e-01 1.380659790000e-01
v 1.857267020000e-01 9.231638910000e-01 1.655659680000e-01
v 1.793594510000e-01 9.236191510000e-01 1.533140240000e-01
v 1.917063440000e-01 9.234989290000e-01 1.545342950000e-01
v 1.928092990000e-01 9.279316070000e-01 1.106454130000e-01
v 1.928186120000e-01 9.360002280000e-01 1.120001380000e-01
v 1.928186120000e-01 9.380003210000e-01 1.262501180000e-01
v 1.928092990000e-01 9.279316070000e-01 1.251454200000e-01
v 1.928185670000e-01 9.464866520000e-01 1.174932720000e-01
v 1.928185670000e-01 9.464866520000e-01 1.319932640000e-01
v 1.923297350000e-01 9.239925740000e-01 1.365546440000e-01
v 1.928186120000e-01 9.360003470000e-01 1.395001260000e-01
v 1.928092990000e-01 9.279316660000e-01 1.506454200000e-01
v 1.923297200000e-01 9.239925150000e-01 1.746242790000e-01
v 1.929065880000e-01 9.310066100000e-01 1.663227980000e-01
v 2.019921690000e-01 9.627197380000e-01 1.223201450000e-01
v 2.013851400000e-01 9.626626370000e-01 1.752425130000e-01
v 2.201068850000e-01 9.628323910000e-01 1.407340910000e-01
v 1.930592510000e-01 9.554144740000e-01 1.240729760000e-01
v 1.961458030000e-01 9.605851170000e-01 1.526945380000e-01
v 1.928185670000e-01 9.442411070000e-01 1.617455180000e-01
v 1.929671470000e-01 9.550402160000e-01 1.439628010000e-01
v 1.930592510000e-01 9.554145340000e-01 1.580729930000e-01
v 1.952420770000e-01 9.597541690000e-01 1.323230560000e-01
v 2.023503040000e-01 9.627138970000e-01 1.616119440000e-01
v 1.927224400000e-01 9.515610930000e-01 1.754017920000e-01
v 1.950150580000e-01 9.595161680000e-01 1.745170350000e-01
v 2.023745920000e-01 9.627249240000e-01 1.478658020000e-01
v 2.017560600000e-01 9.626975660000e-01 1.350010340000e-01
v 2.201172860000e-01 9.628422860000e-01 1.246766080000e-01
v 1.930000190000e-01 9.744583960000e-01 1.090000120000e-01
v 1.930000190000e-01 9.744583960000e-01 1.300000250000e-01
v 2.228575500000e-01 9.680521490000e-01 1.039930060000e-01
v 2.000000030000e-01 9.744583960000e-01 1.200000120000e-01
v 2.067474130000e-01 9.744583960000e-01 1.079987140000e-01
v 2.032500060000e-01 9.744583960000e-01 1.320000140000e-01
v 2.166060060000e-01 9.745250940000e-01 1.240607500000e-01
v 2.228575350000e-01 9.680520890000e-01 1.239929570000e-01
v 2.214042840000e-01 9.730385540000e-01 1.170000210000e-01
v 2.154561280000e-01 9.745445850000e-01 1.379262950000e-01
v 2.214042840000e-01 9.730385540000e-01 1.350000050000e-01
v 2.064948080000e-01 9.744583960000e-01 9.249740840000e-02
v 1.930000190000e-01 9.744583960000e-01 9.200000760000e-02
v 2.211002710000e-01 9.734254480000e-01 9.325212990000e-02
v 2.170549330000e-01 9.744991660000e-01 1.046562490000e-01
v 1.937500240000e-01 9.744583960000e-01 1.505000140000e-01
v 1.840000150000e-01 9.744583960000e-01 1.697500050000e-01
v 1.992500130000e-01 9.744583960000e-01 1.750000120000e-01
v 2.228619750000e-01 9.681388140000e-01 1.788668930000e-01
v 2.207798060000e-01 9.736842510000e-01 1.694327000000e-01
v 2.214042840000e-01 9.730385540000e-01 1.529999820000e-01
v 2.000000030000e-01 9.744583960000e-01 1.640000050000e-01
v 2.056250130000e-01 9.744583960000e-01 1.490000190000e-01
v 2.202998550000e-01 9.628952740000e-01 1.714824440000e-01
v 2.119791950000e-01 9.744583960000e-01 1.679896120000e-01
v 2.160822300000e-01 9.745373130000e-01 1.819280830000e-01
v 2.169221490000e-01 9.745042920000e-01 1.518902480000e-01
v 2.228610520000e-01 9.681119920000e-01 1.450596450000e-01
v 2.228161100000e-01 9.677796960000e-01 1.640375850000e-01
v 2.214042840000e-01 9.730385540000e-01 1.950000080000e-01
v 2.200779470000e-01 9.628039000000e-01 1.577111180000e-01
v 2.201599180000e-01 9.628286960000e-01 2.736523750000e-01
v 2.205304060000e-01 9.631047250000e-01 2.913194600000e-01
v 2.228575500000e-01 9.680521490000e-01 2.679929730000e-01
v 2.114021780000e-01 9.621362090000e-01 2.949971850000e-01
v 2.102876600000e-01 9.605494140000e-01 3.021024760000e-01
v 2.014898360000e-01 9.626688360000e-01 2.508311870000e-01
v 2.149012540000e-01 9.624699950000e-01 3.075320720000e-01
v 2.102541180000e-01 9.626491070000e-01 2.799971100000e-01
v 1.950956880000e-01 9.596090910000e-01 2.493873980000e-01
v 2.158831210000e-01 9.625860450000e-01 2.485949250000e-01
v 2.200779020000e-01 9.628039000000e-01 2.610539790000e-01
v 2.228575500000e-01 9.680520300000e-01 2.479929630000e-01
v 2.005947530000e-01 9.624716040000e-01 2.651360630000e-01
v 2.010567190000e-01 9.625663760000e-01 2.884724740000e-01
v 2.080123420000e-01 9.626480340000e-01 2.639938590000e-01
v 2.080128490000e-01 9.626480340000e-01 2.344935830000e-01
v 2.113024440000e-01 9.625873570000e-01 1.940199140000e-01
v 2.228619750000e-01 9.681388140000e-01 2.308668790000e-01
v 2.228487580000e-01 9.679654240000e-01 2.131188510000e-01
v 2.202147990000e-01 9.628503920000e-01 2.232308690000e-01
v 2.015435840000e-01 9.626813530000e-01 2.094278040000e-01
v 2.004764230000e-01 9.624435900000e-01 2.239687290000e-01
v 2.005947980000e-01 9.624716040000e-01 1.931360360000e-01
v 2.129644300000e-01 9.625630970000e-01 2.200449110000e-01
v 2.006907760000e-01 9.624918700000e-01 2.387131150000e-01
v 2.201599480000e-01 9.628286360000e-01 2.056523710000e-01
v 2.137663360000e-01 9.625772240000e-01 1.810474540000e-01
v 2.204623220000e-01 9.630482790000e-01 1.887381520000e-01
v 2.202998850000e-01 9.628952740000e-01 2.408716980000e-01
v 2.228575500000e-01 9.680522080000e-01 1.959929620000e-01
v 1.965197920000e-01 9.608870740000e-01 2.798814480000e-01
v 1.928185820000e-01 9.479821320000e-01 2.559910420000e-01
v 1.928186120000e-01 9.380003210000e-01 2.457500990000e-01
v 1.928186120000e-01 9.382502440000e-01 2.625001070000e-01
v 1.928185670000e-01 9.464866520000e-01 2.399932740000e-01
v 1.929288800000e-01 9.548309450000e-01 2.568833830000e-01
v 1.928185670000e-01 9.464866520000e-01 2.719932790000e-01
v 1.929284480000e-01 9.447301630000e-01 2.908276020000e-01
v 1.928178070000e-01 9.545480010000e-01 2.800616620000e-01
v 1.950696710000e-01 9.595803020000e-01 2.662516530000e-01
v 1.942902510000e-01 9.571297760000e-01 2.929320930000e-01
v 1.928968430000e-01 9.296661020000e-01 2.380727980000e-01
v 1.928092390000e-01 9.279332760000e-01 2.721451520000e-01
v 1.928092990000e-01 9.279315470000e-01 2.561454180000e-01
v 1.928178970000e-01 9.359937910000e-01 2.799867690000e-01
v 1.928586660000e-01 9.547735450000e-01 2.321598530000e-01
v 1.953565180000e-01 9.599623080000e-01 2.238213570000e-01
v 1.927393080000e-01 9.518802760000e-01 2.165150490000e-01
v 1.927374010000e-01 9.524476530000e-01 2.007324100000e-01
v 1.928186120000e-01 9.385001660000e-01 2.265000790000e-01
v 1.928186120000e-01 9.385001660000e-01 2.135000820000e-01
v 1.928186120000e-01 9.390002490000e-01 2.020000670000e-01
v 1.927373260000e-01 9.522149560000e-01 1.879788790000e-01
v 1.928186120000e-01 9.365003110000e-01 1.925001440000e-01
v 1.928186120000e-01 9.385001660000e-01 1.815000770000e-01
v 1.928092990000e-01 9.279315470000e-01 1.906454120000e-01
v 1.928092990000e-01 9.279316070000e-01 2.081454250000e-01
v 1.915694480000e-01 9.234614970000e-01 1.878209560000e-01
v 1.917122010000e-01 9.235016110000e-01 2.054904700000e-01
v 1.928567590000e-01 9.286906120000e-01 2.241091430000e-01
v 1.949340850000e-01 9.594097730000e-01 1.984317600000e-01
v 1.992500130000e-01 9.744583960000e-01 2.765000160000e-01
v 1.810000090000e-01 9.744583960000e-01 2.880000170000e-01
v 1.840000150000e-01 9.744583960000e-01 2.695000170000e-01
v 1.685000060000e-01 9.744583960000e-01 2.872500120000e-01
v 1.720000060000e-01 9.744583960000e-01 2.722499970000e-01
v 1.560000030000e-01 9.744583960000e-01 2.805000250000e-01
v 1.560000030000e-01 9.744583960000e-01 3.040000200000e-01
v 2.050000130000e-01 9.744583960000e-01 2.880000170000e-01
v 1.644999980000e-01 9.744583960000e-01 3.100000020000e-01
v 1.520000250000e-01 9.744583960000e-01 2.919999960000e-01
v 1.944999990000e-01 9.744583960000e-01 3.020000160000e-01
v 1.840000150000e-01 9.744583960000e-01 3.040000200000e-01
v 1.620000000000e-01 9.744583960000e-01 2.639999990000e-01
v 1.750000120000e-01 9.744583960000e-01 3.040000200000e-01
v 1.930000190000e-01 9.744583960000e-01 2.880000170000e-01
v 2.194786070000e-01 9.679871800000e-01 3.539621530000e-01
v 2.205681200000e-01 9.739338160000e-01 3.228134210000e-01
v 2.206351310000e-01 9.632443190000e-01 3.129999940000e-01
v 2.228581460000e-01 9.680451750000e-01 3.139931260000e-01
v 2.062843290000e-01 9.624704720000e-01 3.461143370000e-01
v 2.141543780000e-01 9.623561500000e-01 3.376287520000e-01
v 2.165847870000e-01 9.745291470000e-01 3.351924120000e-01
v 2.196030910000e-01 9.627839330000e-01 3.486726580000e-01
v 2.205019150000e-01 9.630986450000e-01 3.352797630000e-01
v 2.205098870000e-01 9.734373090000e-01 3.522867560000e-01
v 2.228579070000e-01 9.680470820000e-01 3.319914640000e-01
v 2.227628830000e-01 9.672609570000e-01 3.483322260000e-01
v 2.214599700000e-01 9.729519490000e-01 3.399998550000e-01
v 2.077209060000e-01 9.632178540000e-01 3.525233570000e-01
v 2.085212620000e-01 9.683845640000e-01 3.544543680000e-01
v 1.885000170000e-01 9.744583960000e-01 3.160000150000e-01
v 2.214042690000e-01 9.730385540000e-01 2.910000090000e-01
v 1.930000190000e-01 9.744583960000e-01 3.280000090000e-01
v 2.000000030000e-01 9.744583960000e-01 3.080000280000e-01
v 2.154558300000e-01 9.745448230000e-01 2.960209550000e-01
v 2.166060210000e-01 9.745250940000e-01 2.760607600000e-01
v 1.810000090000e-01 9.744583960000e-01 3.280000090000e-01
v 2.228578480000e-01 9.680494070000e-01 2.919953170000e-01
v 2.214042840000e-01 9.730385540000e-01 2.710000570000e-01
v 2.207798060000e-01 9.736843110000e-01 3.073945050000e-01
v 2.045000050000e-01 9.744583960000e-01 3.200000230000e-01
v 2.059999850000e-01 9.744583960000e-01 3.359999950000e-01
v 2.119791950000e-01 9.744583960000e-01 3.119896050000e-01
v 1.715000120000e-01 9.744583960000e-01 3.200000230000e-01
v 1.750000120000e-01 9.744583960000e-01 1.945000140000e-01
v 1.832500100000e-01 9.744583960000e-01 1.847500060000e-01
v 1.672500070000e-01 9.744583960000e-01 1.855000110000e-01
v 1.945000140000e-01 9.744583960000e-01 2.070000020000e-01
v 1.870000060000e-01 9.744583960000e-01 1.980000140000e-01
v 1.810000090000e-01 9.744583960000e-01 2.200000140000e-01
v 1.810000090000e-01 9.744583960000e-01 2.070000020000e-01
v 1.705000100000e-01 9.744583960000e-01 1.750000120000e-01
v 1.672500070000e-01 9.744583960000e-01 2.145000100000e-01
v 1.455000190000e-01 9.744583960000e-01 1.825000050000e-01
v 1.665000020000e-01 9.744583960000e-01 2.000000030000e-01
v 1.560000180000e-01 9.744583960000e-01 1.810000090000e-01
v 1.560000180000e-01 9.744583960000e-01 1.930000190000e-01
v 2.000000030000e-01 9.744583960000e-01 1.840000150000e-01
v 1.992500130000e-01 9.744583960000e-01 1.930000190000e-01
v 1.870000060000e-01 9.744583960000e-01 2.560000120000e-01
v 2.160822300000e-01 9.745373130000e-01 2.619281110000e-01
v 1.930000190000e-01 9.744583960000e-01 2.200000140000e-01
v 2.165090290000e-01 9.745284910000e-01 2.339383660000e-01
v 2.214042690000e-01 9.730385540000e-01 2.209999860000e-01
v 2.151884590000e-01 9.745646120000e-01 2.506923970000e-01
v 2.214042840000e-01 9.730385540000e-01 2.450000200000e-01
v 2.087396090000e-01 9.744583960000e-01 2.144948100000e-01
v 2.000000030000e-01 9.744583960000e-01 2.459999920000e-01
v 2.163233760000e-01 9.745364790000e-01 1.947155740000e-01
v 2.055000070000e-01 9.744583960000e-01 2.267500160000e-01
v 2.000000030000e-01 9.744583960000e-01 2.639999990000e-01
v 2.171297970000e-01 9.744946960000e-01 2.118612830000e-01
v 2.079896030000e-01 9.744583960000e-01 2.039947960000e-01
v 1.922500130000e-01 9.744583960000e-01 2.364999950000e-01
v 1.400000150000e-01 9.744583960000e-01 2.364999950000e-01
v 1.320000140000e-01 9.744583960000e-01 2.070000020000e-01
v 1.250000150000e-01 9.744583960000e-01 2.200000140000e-01
v 1.560000180000e-01 9.744583960000e-01 2.084999980000e-01
v 1.580000070000e-01 9.744583960000e-01 2.285000090000e-01
v 1.520000100000e-01 9.744583960000e-01 2.360000160000e-01
v 1.607500020000e-01 9.744583960000e-01 2.485000040000e-01
v 1.705000100000e-01 9.744583960000e-01 2.362500130000e-01
v 1.680000130000e-01 9.744583960000e-01 2.240000070000e-01
v 1.727500110000e-01 9.744583960000e-01 2.545000310000e-01
v 1.825000050000e-01 9.744583960000e-01 2.335000040000e-01
v 1.447500290000e-01 9.744583960000e-01 1.992500130000e-01
v 1.360000070000e-01 9.744583960000e-01 2.200000140000e-01
v 1.455000190000e-01 9.744583960000e-01 2.145000100000e-01
v 1.810000090000e-01 9.744583960000e-01 2.439999880000e-01
v 1.455000190000e-01 9.744583960000e-01 2.255000170000e-01
v 1.312500090000e-01 9.744583960000e-01 2.492500100000e-01
v 1.155000110000e-01 9.744583960000e-01 2.720000150000e-01
v 1.482500140000e-01 9.744583960000e-01 2.500000000000e-01
v 1.265000100000e-01 9.744583960000e-01 2.362500130000e-01
v 1.175000070000e-01 9.744583960000e-01 2.479999960000e-01
v 1.395000070000e-01 9.744583960000e-01 2.637500170000e-01
v 1.250000150000e-01 9.744583960000e-01 2.639999990000e-01
v 1.445000170000e-01 9.744583960000e-01 2.792500260000e-01
v 1.520000100000e-01 9.744583960000e-01 2.645000220000e-01
v 1.355000140000e-01 9.744583960000e-01 2.880000170000e-01
v 1.120000110000e-01 9.744583960000e-01 2.345000210000e-01
v 1.120000110000e-01 9.744583960000e-01 2.600000200000e-01
v 1.040000100000e-01 9.744583960000e-01 2.479999960000e-01
v 1.020000130000e-01 9.744583960000e-01 2.585000100000e-01
v 1.320000140000e-01 9.744583960000e-01 2.760000230000e-01
v 8.800000700000e-02 9.744583960000e-01 2.740000190000e-01
v 7.600000500000e-02 9.744583960000e-01 2.880000170000e-01
v 7.600000500000e-02 9.744583960000e-01 2.720000150000e-01
v 8.800000700000e-02 9.744583960000e-01 2.520000040000e-01
v 8.000000570000e-02 9.744583960000e-01 2.600000200000e-01
v 7.200000440000e-02 9.744583960000e-01 2.482499930000e-01
v 6.800000370000e-02 9.744583960000e-01 2.865000070000e-01
v 8.400000630000e-02 9.744583960000e-01 2.865000070000e-01
v 8.800000700000e-02 9.744583960000e-01 3.040000200000e-01
v 9.200000760000e-02 9.744583960000e-01 2.880000170000e-01
v 1.000000090000e-01 9.744583960000e-01 2.865000070000e-01
v 1.040000100000e-01 9.744583960000e-01 2.740000190000e-01
v 6.800000370000e-02 9.744583960000e-01 2.675000130000e-01
v 1.040000100000e-01 9.744583960000e-01 3.040000200000e-01
v 9.200000760000e-02 9.744583960000e-01 2.639999990000e-01
v 1.120000110000e-01 9.744583960000e-01 2.880000170000e-01
v 1.328249130000e-01 9.745481010000e-01 3.474240600000e-01
v 1.219693050000e-01 9.729028940000e-01 3.532513980000e-01
v 1.194971280000e-01 9.744621520000e-01 3.407442870000e-01
v 1.250000150000e-01 9.744583960000e-01 3.280000090000e-01
v 1.480000170000e-01 9.744583960000e-01 3.160000150000e-01
v 1.320000140000e-01 9.744583960000e-01 3.160000150000e-01
v 1.137984020000e-01 9.744485020000e-01 3.491474990000e-01
v 1.250000150000e-01 9.744583960000e-01 2.900000210000e-01
v 1.375000030000e-01 9.744583960000e-01 3.280000090000e-01
v 1.190000100000e-01 9.744583960000e-01 3.040000200000e-01
v 1.440000240000e-01 9.744583960000e-01 3.040000200000e-01
v 1.155000110000e-01 9.744583960000e-01 3.200000230000e-01
v 1.320000140000e-01 9.744583960000e-01 3.040000200000e-01
v 1.099971460000e-01 9.744671580000e-01 3.364943270000e-01
v 7.999997590000e-02 9.744583960000e-01 3.399999740000e-01
v 9.188456830000e-02 9.744734760000e-01 3.488654790000e-01
v 7.588457320000e-02 9.744734760000e-01 3.488654490000e-01
v 6.399998070000e-02 9.744583960000e-01 3.399999740000e-01
v 5.600000550000e-02 9.744583960000e-01 3.280000090000e-01
v 5.600000550000e-02 9.744583960000e-01 3.160000150000e-01
v 1.040000100000e-01 9.744583960000e-01 3.160000150000e-01
v 5.600000550000e-02 9.744583960000e-01 3.040000200000e-01
v 7.200000440000e-02 9.744583960000e-01 3.280000090000e-01
v 8.800000700000e-02 9.744583960000e-01 3.160000150000e-01
v 7.200000440000e-02 9.744583960000e-01 3.160000150000e-01
v 7.200000440000e-02 9.744583960000e-01 3.040000200000e-01
v 8.400000630000e-02 9.744583960000e-01 3.280000090000e-01
v 9.674713020000e-02 9.744623300000e-01 3.404942750000e-01
v 9.600000830000e-02 9.744583960000e-01 3.280000090000e-01
v 1.440000090000e-01 9.744583960000e-01 3.359999950000e-01
v 1.939693090000e-01 9.729030130000e-01 3.532513380000e-01
v 1.869474800000e-01 9.680975080000e-01 3.544344900000e-01
v 1.699693050000e-01 9.729028940000e-01 3.532513980000e-01
v 1.905451860000e-01 9.744583370000e-01 3.490650950000e-01
v 1.827499870000e-01 9.744583960000e-01 3.394999800000e-01
v 1.750683930000e-01 9.745056630000e-01 3.484276530000e-01
v 1.705000100000e-01 9.744583960000e-01 3.335000280000e-01
v 2.077516910000e-01 9.744765760000e-01 3.488486110000e-01
v 1.974942680000e-01 9.744657280000e-01 3.414885700000e-01
v 1.540000140000e-01 9.744583960000e-01 3.280000090000e-01
v 1.660189930000e-01 9.680399890000e-01 3.544305560000e-01
v 1.459692420000e-01 9.729029540000e-01 3.532513680000e-01
v 1.579120010000e-01 9.744734760000e-01 3.488655090000e-01
v 1.589971330000e-01 9.744614360000e-01 3.407442870000e-01
v 1.450794940000e-01 9.744650720000e-01 3.489925270000e-01
v 1.931478980000e-01 9.619840380000e-01 3.434472680000e-01
v 1.669129730000e-01 9.630851150000e-01 3.522404130000e-01
v 1.493438630000e-01 9.628869300000e-01 3.519569340000e-01
v 1.522403360000e-01 9.626433850000e-01 3.422615530000e-01
v 1.589451280000e-01 9.618933800000e-01 3.315274120000e-01
v 1.309475000000e-01 9.680980440000e-01 3.544344310000e-01
v 1.359881610000e-01 9.626470800000e-01 3.400237260000e-01
v 1.840405020000e-01 9.632963540000e-01 3.524368410000e-01
v 1.246270910000e-01 9.628371600000e-01 3.518222870000e-01
v 1.369298100000e-01 9.628944400000e-01 3.520190420000e-01
v 1.232558270000e-01 9.627248640000e-01 3.358661530000e-01
v 1.796836700000e-01 9.620773200000e-01 3.434734940000e-01
v 1.435123980000e-01 9.621937870000e-01 3.319856520000e-01
v 1.663905530000e-01 9.620869760000e-01 3.431628640000e-01
v 1.511331800000e-01 9.679327610000e-01 3.544184270000e-01
v 5.491857600000e-02 9.681239720000e-01 3.544356230000e-01
v 1.019692570000e-01 9.729029540000e-01 3.532513680000e-01
v 8.691857760000e-02 9.681238530000e-01 3.544356230000e-01
v 7.598815110000e-02 9.626470800000e-01 3.400236960000e-01
v 7.596934590000e-02 9.729029540000e-01 3.532513680000e-01
v 7.113313670000e-02 9.679328800000e-01 3.544184570000e-01
v 9.038219600000e-02 9.626947640000e-01 3.347498480000e-01
v 6.462706630000e-02 9.628371600000e-01 3.518222870000e-01
v 9.327405690000e-02 9.628833530000e-01 3.519913550000e-01
v 1.094917130000e-01 9.627219440000e-01 3.363108040000e-01
v 1.088444220000e-01 9.628775120000e-01 3.519752620000e-01
v 9.598815440000e-02 9.626470800000e-01 3.400236960000e-01
v 7.953597610000e-02 9.628371600000e-01 3.518222870000e-01
v 1.070892890000e-01 9.679723980000e-01 3.544236120000e-01
v 8.803835510000e-02 9.611724620000e-01 3.305035230000e-01
v 7.720615710000e-02 9.574232700000e-01 3.267630040000e-01
v 9.850898390000e-02 9.464821820000e-01 3.253391390000e-01
v 8.774985370000e-02 9.390003680000e-01 3.253391680000e-01
v 1.069982420000e-01 9.363527300000e-01 3.253620560000e-01
v 8.526153120000e-02 9.524086120000e-01 3.252620100000e-01
v 9.470710160000e-02 9.557737710000e-01 3.257711530000e-01
v 1.385803520000e-01 9.560359120000e-01 3.257789610000e-01
v 1.360059980000e-01 9.439881440000e-01 3.253391090000e-01
v 1.261073200000e-01 9.550043940000e-01 3.254316450000e-01
v 1.234997060000e-01 9.372507330000e-01 3.253391680000e-01
v 1.185089800000e-01 9.464821820000e-01 3.253391390000e-01
v 1.193716380000e-01 9.618073700000e-01 3.312655390000e-01
v 1.099919230000e-01 9.527202840000e-01 3.252663020000e-01
v 1.044702080000e-01 9.594646690000e-01 3.281551000000e-01
v -1.020000130000e-01 9.744583960000e-01 1.100000090000e-02
v -9.200000760000e-02 9.744583960000e-01 1.900000130000e-02
v -9.800000490000e-02 9.744583960000e-01 3.350000080000e-02
v -1.122500150000e-01 9.744583960000e-01 4.450000820000e-02
v -1.000000090000e-01 9.744583960000e-01 4.400000720000e-02
v -1.000000090000e-01 9.744583960000e-01 5.600000170000e-02
v -8.400000630000e-02 9.744583960000e-01 4.400000720000e-02
v -1.092500090000e-01 9.744583960000e-01 3.050000220000e-02
v -8.400000630000e-02 9.744583960000e-01 5.400000510000e-02
v -8.800000700000e-02 9.744583960000e-01 6.400000300000e-02
v -8.300000430000e-02 9.744583960000e-01 1.200000100000e-02
v -8.600001040000e-02 9.744583960000e-01 3.500000390000e-02
v -7.600000500000e-02 9.744583960000e-01 2.850000190000e-02
v -7.200000440000e-02 9.744583960000e-01 4.650000480000e-02
v -1.000000090000e-01 9.744583960000e-01 7.100000980000e-02
v -4.800000410000e-02 9.744583960000e-01 7.100000980000e-02
v -9.600000830000e-02 9.744583960000e-01 9.200000760000e-02
v -6.100000440000e-02 9.744583960000e-01 5.600000170000e-02
v -3.450000290000e-02 9.744583960000e-01 7.275000210000e-02
v -8.400000630000e-02 9.744583960000e-01 7.450000940000e-02
v -1.000000090000e-01 9.744583960000e-01 8.000001310000e-02
v -1.070000080000e-01 9.744583960000e-01 8.800001440000e-02
v -7.600000500000e-02 9.744583960000e-01 7.900001110000e-02
v -4.800000410000e-02 9.744583960000e-01 8.000001310000e-02
v -8.000000570000e-02 9.744583960000e-01 9.200000760000e-02
v -7.200000440000e-02 9.744583960000e-01 6.400000300000e-02
v -1.122500150000e-01 9.744583960000e-01 6.750001010000e-02
v -8.800000700000e-02 9.744583960000e-01 9.350001070000e-02
v -1.000000090000e-01 9.744583960000e-01 1.040000100000e-01
v -6.100000440000e-02 9.744583960000e-01 7.550001140000e-02
v -8.000000570000e-02 9.744583960000e-01 1.240000130000e-01
v -7.200000440000e-02 9.744583960000e-01 1.400000150000e-01
v -3.300000350000e-02 9.744583960000e-01 1.400000150000e-01
v -6.400000300000e-02 9.744583960000e-01 1.320000140000e-01
v -4.800000410000e-02 9.744583960000e-01 1.400000150000e-01
v -4.800000410000e-02 9.744583960000e-01 1.240000130000e-01
v -6.100000440000e-02 9.744583960000e-01 1.440000240000e-01
v -6.100000440000e-02 9.744583960000e-01 1.200000120000e-01
v -7.200000440000e-02 9.744583960000e-01 1.225000170000e-01
v -6.800000370000e-02 9.744583960000e-01 1.060000060000e-01
v -8.400000630000e-02 9.744583960000e-01 1.080000100000e-01
v -6.100000440000e-02 9.744583960000e-01 9.200000760000e-02
v -7.200000440000e-02 9.744583960000e-01 9.350001070000e-02
v -4.800000410000e-02 9.744583960000e-01 9.200000760000e-02
v -5.425000190000e-02 9.744583960000e-01 1.067500110000e-01
v -7.200000440000e-02 9.744583960000e-01 -4.000000660000e-03
v -2.400000210000e-02 9.744583960000e-01 -8.000001310000e-03
v -6.025000290000e-02 9.744583960000e-01 -7.500000760000e-03
v -4.800000410000e-02 9.744583960000e-01 2.000000140000e-02
v -7.200000440000e-02 9.744583960000e-01 1.450000140000e-02
v -4.800000410000e-02 9.744583960000e-01 9.000001480000e-03
v -6.175000220000e-02 9.744583960000e-01 1.800000110000e-02
v -3.450000290000e-02 9.744583960000e-01 -1.100000090000e-02
v -2.550000320000e-02 9.744583960000e-01 -1.850000210000e-02
v -3.000000310000e-02 9.744583960000e-01 2.250000370000e-03
v -4.800000410000e-02 9.744583960000e-01 -1.100000090000e-02
v -7.800000910000e-02 9.744583960000e-01 -9.000000540000e-03
v -6.250000000000e-02 9.744583960000e-01 3.000000490000e-03
v -4.800000410000e-02 9.744583960000e-01 1.164153220000e-10
v -1.200000100000e-02 9.744583960000e-01 6.000000520000e-03
v -2.400000210000e-02 9.744583960000e-01 1.200000100000e-02
v -2.400000210000e-02 9.744583960000e-01 3.200000520000e-02
v -1.600000080000e-02 9.744583960000e-01 2.000000140000e-02
v -1.500000250000e-03 9.744583960000e-01 2.150000260000e-02
v 2.250000370000e-03 9.744583960000e-01 3.800000250000e-02
v -1.675000040000e-02 9.744583960000e-01 4.450000820000e-02
v -8.250000890000e-03 9.744583960000e-01 3.200000520000e-02
v -6.100000440000e-02 9.744583960000e-01 3.950000550000e-02
v -3.200000520000e-02 9.744583960000e-01 5.600000170000e-02
v -4.800000410000e-02 9.744583960000e-01 5.600000170000e-02
v -4.800000410000e-02 9.744583960000e-01 4.100000490000e-02
v -3.325000410000e-02 9.744583960000e-01 3.950000550000e-02
v -3.400000560000e-02 9.744583960000e-01 1.850000020000e-02
v -4.800000410000e-02 9.744583960000e-01 2.900000290000e-02
v 3.200000520000e-02 9.744583960000e-01 1.080000100000e-01
v 3.000000490000e-03 9.744583960000e-01 5.600000170000e-02
v -9.000001480000e-03 9.744583960000e-01 5.000000450000e-02
v 1.600000260000e-02 9.744583960000e-01 1.040000100000e-01
v 9.750001130000e-03 9.744583960000e-01 7.275000210000e-02
v 2.000000330000e-02 9.744583960000e-01 9.200000760000e-02
v -2.387500180000e-02 9.744583960000e-01 7.625000920000e-02
v 1.164153220000e-10 9.744583960000e-01 9.200000760000e-02
v -5.250000390000e-03 9.744583960000e-01 7.875001430000e-02
v 9.000001480000e-03 9.744583960000e-01 9.200000760000e-02
v -9.000001480000e-03 9.744583960000e-01 8.650001140000e-02
v -4.500000740000e-03 9.744583960000e-01 1.007500140000e-01
v 1.450000240000e-02 9.744583960000e-01 1.110000160000e-01
v -3.000000490000e-03 9.744583960000e-01 6.750001010000e-02
v -1.550000070000e-02 9.744583960000e-01 6.400000300000e-02
v -3.450000290000e-02 9.744583960000e-01 1.215000150000e-01
v 4.500000740000e-03 9.744583960000e-01 1.280000210000e-01
v -1.350000130000e-02 9.744583960000e-01 1.260000170000e-01
v -1.200000100000e-02 9.744583960000e-01 1.070000080000e-01
v -2.400000210000e-02 9.744583960000e-01 1.240000130000e-01
v -3.600000590000e-02 9.744583960000e-01 9.050001200000e-02
v -1.500000060000e-02 9.744583960000e-01 1.380000110000e-01
v -2.400000210000e-02 9.744583960000e-01 1.080000100000e-01
v 9.000001480000e-03 9.744583960000e-01 1.185000090000e-01
v -2.400000210000e-02 9.744583960000e-01 9.200000760000e-02
v -4.500000740000e-03 9.744583960000e-01 1.172500100000e-01
v 2.000000330000e-02 9.744583960000e-01 1.240000130000e-01
v -2.400000210000e-02 9.744583960000e-01 1.400000150000e-01
v -3.925000500000e-02 9.744583960000e-01 1.067500110000e-01
v 2.400000390000e-02 9.744583960000e-01 1.380000110000e-01
v 4.400000720000e-02 9.744583960000e-01 1.320000140000e-01
v 3.600000590000e-02 9.744583960000e-01 1.400000150000e-01
v 2.600000430000e-02 9.744583960000e-01 1.610000130000e-01
v 5.600000550000e-02 9.744583960000e-01 1.400000150000e-01
v 9.000001480000e-03 9.744583960000e-01 1.687500030000e-01
v 4.400000720000e-02 9.744583960000e-01 1.480000170000e-01
v 3.200000520000e-02 9.744583960000e-01 1.240000130000e-01
v 3.200000520000e-02 9.744583960000e-01 1.715000120000e-01
v 2.000000330000e-02 9.744583960000e-01 1.680000130000e-01
v 3.200000520000e-02 9.744583960000e-01 1.520000100000e-01
v 1.600000260000e-02 9.744583960000e-01 1.810000090000e-01
v 4.600000750000e-02 9.744583960000e-01 1.560000180000e-01
v 9.000001480000e-03 9.744583960000e-01 1.400000150000e-01
v 1.600000260000e-02 9.744583960000e-01 1.510000230000e-01
v -2.775000410000e-02 9.744583960000e-01 1.590000090000e-01
v -2.800000460000e-02 9.744583960000e-01 1.750000120000e-01
v -3.325000410000e-02 9.744583960000e-01 1.885000170000e-01
v -3.600000590000e-02 9.744583960000e-01 1.680000130000e-01
v -4.800000410000e-02 9.744583960000e-01 1.930000190000e-01
v -4.800000410000e-02 9.744583960000e-01 1.840000150000e-01
v -4.725000260000e-02 9.744583960000e-01 1.750000120000e-01
v -4.800000410000e-02 9.744583960000e-01 1.640000050000e-01
v -3.250000630000e-02 9.744583960000e-01 2.070000020000e-01
v -4.075000440000e-02 9.744583960000e-01 1.542500110000e-01
v -5.450000240000e-02 9.744583960000e-01 1.530000120000e-01
v -2.500000220000e-02 9.744583960000e-01 1.945000140000e-01
v -6.175000220000e-02 9.744583960000e-01 1.680000130000e-01
v -2.150000260000e-02 9.744583960000e-01 2.055000070000e-01
v -1.600000080000e-02 9.744583960000e-01 2.145000100000e-01
v -8.500001390000e-03 9.744583960000e-01 1.600000110000e-01
v -1.500000250000e-03 9.744583960000e-01 1.915000080000e-01
v -1.050000080000e-02 9.744583960000e-01 1.992500130000e-01
v -9.000001480000e-03 9.744583960000e-01 1.735000010000e-01
v -1.550000160000e-02 9.744583960000e-01 1.840000150000e-01
v 1.164153220000e-10 9.744583960000e-01 1.400000150000e-01
v -2.250000370000e-03 9.744583960000e-01 2.100000080000e-01
v -1.800000110000e-02 9.744583960000e-01 1.545000080000e-01
v -9.000001480000e-03 9.744583960000e-01 1.435000150000e-01
v 1.500000250000e-03 9.744583960000e-01 1.825000050000e-01
v 1.250000200000e-02 9.744583960000e-01 1.922500130000e-01
v 1.164153220000e-10 9.744583960000e-01 1.680000130000e-01
v -2.000000140000e-02 9.744583960000e-01 1.680000130000e-01
v 1.500000250000e-03 9.744583960000e-01 1.540000140000e-01
v 7.000000770000e-02 9.744583960000e-01 1.810000090000e-01
v 6.800000370000e-02 9.744583960000e-01 1.680000130000e-01
v 4.400000720000e-02 9.744583960000e-01 1.680000130000e-01
v 4.200000690000e-02 9.744583960000e-01 1.810000090000e-01
v 6.400000300000e-02 9.744583960000e-01 1.540000140000e-01
v 3.200000520000e-02 9.744583960000e-01 1.840000150000e-01
v 5.600000550000e-02 9.744583960000e-01 1.930000190000e-01
v 4.000000660000e-02 9.744583960000e-01 1.930000190000e-01
v 5.600000550000e-02 9.744583960000e-01 1.810000090000e-01
v 5.600000550000e-02 9.744583960000e-01 1.680000130000e-01
v 8.000000570000e-02 9.744583960000e-01 1.930000190000e-01
v 8.000000570000e-02 9.744583960000e-01 1.840000150000e-01
v 8.000000570000e-02 9.744583960000e-01 1.715000120000e-01
v 6.800000370000e-02 9.744583960000e-01 1.930000190000e-01
v 1.040000100000e-01 9.744583960000e-01 1.960000100000e-01
v 1.080000100000e-01 9.744583960000e-01 2.115000190000e-01
v 1.120000110000e-01 9.744583960000e-01 2.240000070000e-01
v 8.400000630000e-02 9.744583960000e-01 2.270000130000e-01
v 7.600000500000e-02 9.744583960000e-01 2.360000160000e-01
v 7.000000770000e-02 9.744583960000e-01 2.070000020000e-01
v 8.000000570000e-02 9.744583960000e-01 2.039999960000e-01
v 8.800000700000e-02 9.744583960000e-01 2.165000140000e-01
v 1.000000090000e-01 9.744583960000e-01 2.200000140000e-01
v 6.800000370000e-02 9.744583960000e-01 2.275000210000e-01
v 7.200000440000e-02 9.744583960000e-01 2.160000210000e-01
v 1.000000090000e-01 9.744583960000e-01 2.360000160000e-01
v 1.182500120000e-01 9.744583960000e-01 2.084999980000e-01
v 8.800000700000e-02 9.744583960000e-01 2.399999950000e-01
v 9.475000950000e-02 9.744583960000e-01 2.062500120000e-01
v 5.600000550000e-02 9.744583960000e-01 2.750000360000e-01
v 5.600000550000e-02 9.744583960000e-01 2.880000170000e-01
v 3.200000520000e-02 9.744583960000e-01 2.520000040000e-01
v 2.000000330000e-02 9.744583960000e-01 2.440000030000e-01
v 2.400000390000e-02 9.744583960000e-01 2.605000140000e-01
v 3.200000520000e-02 9.744583960000e-01 2.425000070000e-01
v 3.200000520000e-02 9.744583960000e-01 2.760000230000e-01
v 4.400000720000e-02 9.744583960000e-01 2.479999960000e-01
v 5.200000850000e-02 9.744583960000e-01 2.399999950000e-01
v 5.600000550000e-02 9.744583960000e-01 2.520000040000e-01
v 6.400000300000e-02 9.744583960000e-01 2.389999930000e-01
v 4.000000660000e-02 9.744583960000e-01 2.600000200000e-01
v 4.200000690000e-02 9.744583960000e-01 2.720000150000e-01
v 4.400000720000e-02 9.744583960000e-01 2.880000170000e-01
v 5.600000550000e-02 9.744583960000e-01 2.630000110000e-01
v 4.400000720000e-02 9.744583960000e-01 2.185000180000e-01
v 5.600000550000e-02 9.744583960000e-01 2.070000020000e-01
v 5.600000550000e-02 9.744583960000e-01 2.160000210000e-01
v 5.600000550000e-02 9.744583960000e-01 2.270000130000e-01
v 3.875000770000e-02 9.744583960000e-01 2.332500070000e-01
v 1.050000080000e-02 9.744583960000e-01 2.350000140000e-01
v 1.600000260000e-02 9.744583960000e-01 2.130000140000e-01
v 3.200000520000e-02 9.744583960000e-01 2.240000070000e-01
v 3.000000490000e-03 9.744583960000e-01 2.220000030000e-01
v 3.200000520000e-02 9.744583960000e-01 2.130000140000e-01
v 3.800000620000e-02 9.744583960000e-01 2.039999960000e-01
v 1.950000230000e-02 9.744583960000e-01 2.280000150000e-01
v 9.000001480000e-03 9.744583960000e-01 2.055000070000e-01
v 2.400000390000e-02 9.744583960000e-01 1.965000030000e-01
v 1.540000140000e-01 9.744583960000e-01 1.160000120000e-01
v 1.680000130000e-01 9.744583960000e-01 1.360000070000e-01
v 1.705000100000e-01 9.744583960000e-01 1.660000090000e-01
v 1.430000070000e-01 9.744583960000e-01 1.260000170000e-01
v 1.810000090000e-01 9.744583960000e-01 1.400000150000e-01
v 1.795000140000e-01 9.744583960000e-01 1.552500130000e-01
v 1.690000000000e-01 9.744583960000e-01 1.475000230000e-01
v 1.520000250000e-01 9.744583960000e-01 1.320000140000e-01
v 1.440000240000e-01 9.744583960000e-01 1.680000130000e-01
v 1.562500000000e-01 9.744583960000e-01 1.535000210000e-01
v 1.695000080000e-01 9.744583960000e-01 1.280000210000e-01
v 1.560000030000e-01 9.744583960000e-01 1.440000240000e-01
v 1.560000030000e-01 9.744583960000e-01 1.680000130000e-01
v 1.389999990000e-01 9.744583960000e-01 1.115000170000e-01
v 1.440000240000e-01 9.744583960000e-01 1.490000190000e-01
v 1.930000190000e-01 9.744583960000e-01 5.600000170000e-02
v 1.832500100000e-01 9.744583960000e-01 7.550001140000e-02
v 2.162541150000e-01 9.745277760000e-01 7.925362140000e-02
v 2.069948020000e-01 9.744583960000e-01 6.949740650000e-02
v 2.079896030000e-01 9.744583960000e-01 5.999480190000e-02
v 2.055000070000e-01 9.744583960000e-01 4.800000790000e-02
v 1.727500110000e-01 9.744583960000e-01 3.650000320000e-02
v 1.720000060000e-01 9.744583960000e-01 5.600000170000e-02
v 1.802500040000e-01 9.744583960000e-01 4.450000820000e-02
v 1.750000120000e-01 9.744583960000e-01 6.599999960000e-02
v 1.840000150000e-01 9.744583960000e-01 5.600000170000e-02
v 1.930000190000e-01 9.744583960000e-01 4.100000490000e-02
v 1.990000010000e-01 9.744583960000e-01 7.875001430000e-02
v 1.930000190000e-01 9.744583960000e-01 6.950000670000e-02
v 1.520000250000e-01 9.744583960000e-01 1.000000090000e-01
v 1.320000140000e-01 9.744583960000e-01 8.800001440000e-02
v 1.840000150000e-01 9.744583960000e-01 9.200000760000e-02
v 1.517500130000e-01 9.744583960000e-01 7.750000800000e-02
v 1.355000140000e-01 9.744583960000e-01 1.007500140000e-01
v 1.669999960000e-01 9.744583960000e-01 1.152500140000e-01
v 1.840000150000e-01 9.744583960000e-01 1.080000100000e-01
v 1.455000190000e-01 9.744583960000e-01 8.650001140000e-02
v 1.735000010000e-01 9.744583960000e-01 1.070000080000e-01
v 1.825000050000e-01 9.744583960000e-01 1.232500150000e-01
v 1.617500190000e-01 9.744583960000e-01 8.400001380000e-02
v 1.375000030000e-01 9.744583960000e-01 7.750000800000e-02
v 1.750000120000e-01 9.744583960000e-01 9.275001290000e-02
v 1.735000010000e-01 9.744583960000e-01 7.850001010000e-02
v 1.640000050000e-01 9.744583960000e-01 9.950000790000e-02
v 1.480000170000e-01 9.744583960000e-01 6.800000370000e-02
v 1.320000140000e-01 9.744583960000e-01 4.400000720000e-02
v 1.320000140000e-01 9.744583960000e-01 6.800000370000e-02
v 1.265000100000e-01 9.744583960000e-01 7.750000800000e-02
v 1.280000210000e-01 9.744583960000e-01 5.600000170000e-02
v 1.637500080000e-01 9.744583960000e-01 6.750001010000e-02
v 1.190000100000e-01 9.744583960000e-01 6.599999960000e-02
v 1.197500080000e-01 9.744583960000e-01 4.450000820000e-02
v 1.485000250000e-01 9.744583960000e-01 3.700000050000e-02
v 1.389999990000e-01 9.744583960000e-01 5.200000480000e-02
v 1.635000110000e-01 9.744583960000e-01 4.950000350000e-02
v 1.467500180000e-01 9.744583960000e-01 5.650000270000e-02
v 1.530000270000e-01 9.744583960000e-01 4.600000380000e-02
v 1.560000030000e-01 9.744583960000e-01 6.000000240000e-02
v 1.300000250000e-01 9.744583960000e-01 3.500000390000e-02
v 1.020000130000e-01 9.744583960000e-01 1.050000080000e-02
v 9.600000830000e-02 9.744583960000e-01 -3.200000520000e-02
v 9.200000760000e-02 9.744583960000e-01 -5.500000440000e-03
v 1.265000100000e-01 9.744583960000e-01 2.150000260000e-02
v 1.182500120000e-01 9.744583960000e-01 2.750000170000e-02
v 1.040000100000e-01 9.744583960000e-01 -4.000000660000e-03
v 1.120000110000e-01 9.744583960000e-01 -2.800000270000e-02
v 1.040000100000e-01 9.744583960000e-01 -1.700000090000e-02
v 1.182500120000e-01 9.744583960000e-01 -1.550000160000e-02
v 1.182500120000e-01 9.744583960000e-01 7.500000760000e-03
v 1.060000060000e-01 9.744583960000e-01 3.350000080000e-02
v 1.250000150000e-01 9.744583960000e-01 -4.000000660000e-03
v 9.600000830000e-02 9.744583960000e-01 2.850000190000e-02
v 1.080000100000e-01 9.744583960000e-01 1.600000080000e-02
v 8.800000700000e-02 9.744583960000e-01 -2.200000360000e-02
v 1.679999980000e-01 9.744583960000e-01 2.250000370000e-03
v 1.327500050000e-01 9.744583960000e-01 9.000001480000e-03
v 1.690000000000e-01 9.744583960000e-01 -1.100000090000e-02
v 1.560000030000e-01 9.744583960000e-01 -8.000001310000e-03
v 1.720000060000e-01 9.744583960000e-01 2.150000260000e-02
v 1.817500000000e-01 9.744583960000e-01 -6.500000600000e-03
v 1.382499930000e-01 9.744583960000e-01 2.750000170000e-02
v 1.520000100000e-01 9.744583960000e-01 9.000001480000e-03
v 1.520000250000e-01 9.744583960000e-01 2.800000270000e-02
v 1.595000030000e-01 9.744583960000e-01 1.675000040000e-02
v 1.620000000000e-01 9.744583960000e-01 3.450000290000e-02
v 1.795000140000e-01 9.744583960000e-01 1.050000080000e-02
v 1.400000150000e-01 9.744583960000e-01 -6.000000980000e-03
v 1.440000240000e-01 9.744583960000e-01 1.600000080000e-02
v 1.480000170000e-01 9.744583960000e-01 1.164153220000e-10
v 2.169995460000e-01 9.745016690000e-01 2.500874180000e-02
v 2.087396090000e-01 9.744583960000e-01 3.549479690000e-02
v 2.160822300000e-01 9.745373130000e-01 9.928098880000e-03
v 2.060000000000e-01 9.744583960000e-01 2.500000220000e-02
v 2.166060060000e-01 9.745250940000e-01 -4.254434720000e-03
v 2.148383710000e-01 9.745226500000e-01 -1.820177400000e-02
v 1.825000050000e-01 9.744583960000e-01 2.300000190000e-02
v 1.907500030000e-01 9.744583960000e-01 3.050000220000e-02
v 1.990000010000e-01 9.744583960000e-01 1.050000080000e-02
v 1.930000190000e-01 9.744583960000e-01 1.800000110000e-02
v 2.055000070000e-01 9.744583960000e-01 -9.500000630000e-03
v 1.922500130000e-01 9.744583960000e-01 -7.500000760000e-03
v 2.000000030000e-01 9.744583960000e-01 1.164153220000e-10
v 2.166060060000e-01 9.745250940000e-01 4.623141510000e-02
v 1.040000100000e-01 9.744583960000e-01 1.680000130000e-01
v 1.320000140000e-01 9.744583960000e-01 1.810000090000e-01
v 9.400001170000e-02 9.744583960000e-01 1.930000190000e-01
v 8.200000230000e-02 9.744583960000e-01 1.610000130000e-01
v 1.320000140000e-01 9.744583960000e-01 1.540000140000e-01
v 1.320000140000e-01 9.744583960000e-01 1.930000190000e-01
v 1.040000100000e-01 9.744583960000e-01 1.840000150000e-01
v 1.155000110000e-01 9.744583960000e-01 1.810000090000e-01
v 9.600000830000e-02 9.744583960000e-01 1.540000140000e-01
v 8.000000570000e-02 9.744583960000e-01 1.520000100000e-01
v 1.155000110000e-01 9.744583960000e-01 1.922500130000e-01
v 9.400001170000e-02 9.744583960000e-01 1.810000090000e-01
v 9.200000760000e-02 9.744583960000e-01 1.680000130000e-01
v 1.320000140000e-01 9.744583960000e-01 1.680000130000e-01
v 1.190000100000e-01 9.744583960000e-01 1.687500030000e-01
v 1.145000160000e-01 9.744583960000e-01 1.542500260000e-01
v 7.200000440000e-02 9.744583960000e-01 9.200000760000e-02
v 5.600000550000e-02 9.744583960000e-01 1.280000210000e-01
v 6.000000240000e-02 9.744583960000e-01 1.125000120000e-01
v 8.800000700000e-02 9.744583960000e-01 9.200000760000e-02
v 7.200000440000e-02 9.744583960000e-01 8.000001310000e-02
v 6.800000370000e-02 9.744583960000e-01 1.080000100000e-01
v 6.800000370000e-02 9.744583960000e-01 1.240000130000e-01
v 8.000000570000e-02 9.744583960000e-01 1.080000100000e-01
v 8.000000570000e-02 9.744583960000e-01 1.240000130000e-01
v 6.000000240000e-02 9.744583960000e-01 9.200000760000e-02
v 8.550000940000e-02 9.744583960000e-01 1.400000150000e-01
v 9.600000830000e-02 9.744583960000e-01 1.440000240000e-01
v 7.200000440000e-02 9.744583960000e-01 1.400000150000e-01
v 4.800000790000e-02 9.744583960000e-01 1.040000100000e-01
v 4.800000790000e-02 9.744583960000e-01 1.160000120000e-01
v 9.550000730000e-02 9.744583960000e-01 1.320000140000e-01
v 1.360000070000e-01 9.744583960000e-01 1.400000150000e-01
v 9.200000760000e-02 9.744583960000e-01 1.160000120000e-01
v 1.190000100000e-01 9.744583960000e-01 1.232500150000e-01
v 1.040000100000e-01 9.744583960000e-01 8.250001070000e-02
v 1.080000100000e-01 9.744583960000e-01 9.200000760000e-02
v 1.040000100000e-01 9.744583960000e-01 1.165000130000e-01
v 1.040000100000e-01 9.744583960000e-01 1.280000210000e-01
v 1.120000110000e-01 9.744583960000e-01 1.040000100000e-01
v 1.235000190000e-01 9.744583960000e-01 1.110000160000e-01
v 1.182500120000e-01 9.744583960000e-01 8.350001280000e-02
v 1.235000190000e-01 9.744583960000e-01 9.675000610000e-02
v 1.320000140000e-01 9.744583960000e-01 1.240000130000e-01
v 1.120000110000e-01 9.744583960000e-01 1.400000150000e-01
v 9.800000490000e-02 9.744583960000e-01 1.025000070000e-01
v 1.250000150000e-01 9.744583960000e-01 1.400000150000e-01
v 6.800000370000e-02 9.744583960000e-01 5.600000170000e-02
v 7.200000440000e-02 9.744583960000e-01 4.100000490000e-02
v 8.000000570000e-02 9.744583960000e-01 2.900000290000e-02
v 6.800000370000e-02 9.744583960000e-01 2.800000090000e-02
v 5.600000550000e-02 9.744583960000e-01 2.900000290000e-02
v 1.040000100000e-01 9.744583960000e-01 4.400000720000e-02
v 1.120000110000e-01 9.744583960000e-01 5.600000170000e-02
v 1.040000100000e-01 9.744583960000e-01 7.150000330000e-02
v 9.000000360000e-02 9.744583960000e-01 7.550001140000e-02
v 5.600000550000e-02 9.744583960000e-01 4.100000490000e-02
v 8.000000570000e-02 9.744583960000e-01 7.100000980000e-02
v 9.600000830000e-02 9.744583960000e-01 5.600000170000e-02
v 8.400000630000e-02 9.744583960000e-01 4.800000790000e-02
v 9.000000360000e-02 9.744583960000e-01 4.100000490000e-02
v 7.800000910000e-02 9.744583960000e-01 5.600000170000e-02
v 4.000000660000e-02 9.744583960000e-01 -7.500000760000e-03
v 5.600000550000e-02 9.744583960000e-01 9.000001480000e-03
v 6.800000370000e-02 9.744583960000e-01 -4.000000190000e-03
v 5.600000550000e-02 9.744583960000e-01 1.164153220000e-10
v 5.600000550000e-02 9.744583960000e-01 -1.100000090000e-02
v 5.600000550000e-02 9.744583960000e-01 2.000000140000e-02
v 7.200000440000e-02 9.744583960000e-01 -2.000000330000e-02
v 8.000000570000e-02 9.744583960000e-01 -1.100000090000e-02
v 4.200000690000e-02 9.744583960000e-01 3.000000490000e-03
v 8.000000570000e-02 9.744583960000e-01 1.164153220000e-10
v 6.800000370000e-02 9.744583960000e-01 1.500000060000e-02
v 4.000000660000e-02 9.744583960000e-01 1.550000070000e-02
v 8.000000570000e-02 9.744583960000e-01 9.000001480000e-03
v 9.200000760000e-02 9.744583960000e-01 1.450000140000e-02
v 5.600000550000e-02 9.744583960000e-01 -2.400000390000e-02
v 8.000000570000e-02 9.744583960000e-01 2.000000140000e-02
v -1.500000250000e-03 9.744583960000e-01 1.500000250000e-03
v 1.250000200000e-02 9.744583960000e-01 3.000000490000e-03
v 9.000001480000e-03 9.744583960000e-01 -9.500000630000e-03
v 1.250000200000e-02 9.744583960000e-01 -1.700000090000e-02
v 4.000000660000e-02 9.744583960000e-01 2.850000190000e-02
v 2.000000330000e-02 9.744583960000e-01 1.600000080000e-02
v 2.800000460000e-02 9.744583960000e-01 1.450000140000e-02
v 4.500000740000e-03 9.744583960000e-01 1.125000040000e-02
v 3.600000590000e-02 9.744583960000e-01 -1.700000090000e-02
v -1.350000130000e-02 9.744583960000e-01 -1.100000090000e-02
v 9.750001130000e-03 9.744583960000e-01 2.450000120000e-02
v 2.500000410000e-02 9.744583960000e-01 3.200000520000e-02
v 2.400000390000e-02 9.744583960000e-01 -4.000000660000e-03
v -3.000000490000e-03 9.744583960000e-01 -1.100000090000e-02
v 2.400000390000e-02 9.744583960000e-01 -2.000000330000e-02
v 4.800000790000e-02 9.744583960000e-01 8.000001310000e-02
v 4.600000750000e-02 9.744583960000e-01 7.100000980000e-02
v 5.600000550000e-02 9.744583960000e-01 5.600000170000e-02
v 5.600000550000e-02 9.744583960000e-01 6.800000370000e-02
v 3.200000520000e-02 9.744583960000e-01 5.600000170000e-02
v 3.200000520000e-02 9.744583960000e-01 4.400000720000e-02
v 4.800000790000e-02 9.744583960000e-01 9.200000760000e-02
v 3.200000520000e-02 9.744583960000e-01 8.000001310000e-02
v 3.200000520000e-02 9.744583960000e-01 7.100000980000e-02
v 3.200000520000e-02 9.744583960000e-01 9.200000760000e-02
v 1.600000260000e-02 9.744583960000e-01 4.100000490000e-02
v 4.200000690000e-02 9.744583960000e-01 4.100000490000e-02
v 4.400000720000e-02 9.744583960000e-01 5.600000170000e-02
v 1.600000260000e-02 9.744583960000e-01 5.600000170000e-02
v 2.000000330000e-02 9.744583960000e-01 7.550001140000e-02
v 6.400000300000e-02 9.744583960000e-01 7.350000740000e-02
v 1.827258170000e-01 8.937568070000e-01 2.963719070000e-01
v 1.793779880000e-01 8.800069090000e-01 2.963545920000e-01
v 1.710751650000e-01 8.901295660000e-01 2.965399030000e-01
v 1.924839910000e-01 8.639920350000e-01 2.963956000000e-01
v 1.865000130000e-01 8.425000910000e-01 2.963956000000e-01
v 1.716764570000e-01 8.684524300000e-01 2.964000400000e-01
v 1.840007010000e-01 8.525003790000e-01 2.963956000000e-01
v 2.046854350000e-01 8.637889620000e-01 2.971856890000e-01
v 2.007821650000e-01 8.527874950000e-01 2.963234190000e-01
v 1.839990760000e-01 9.090382460000e-01 2.964394090000e-01
v 2.013352510000e-01 9.023822550000e-01 2.963559630000e-01
v 1.959679720000e-01 8.999840020000e-01 2.963956000000e-01
v 2.007062730000e-01 8.787344690000e-01 2.963222270000e-01
v 1.716754290000e-01 9.040807490000e-01 2.964164020000e-01
v 1.924839910000e-01 8.864921330000e-01 2.963956000000e-01
v 1.860000190000e-01 8.720000980000e-01 2.963956000000e-01
v 2.076618080000e-01 8.155000210000e-01 3.167499900000e-01
v 2.075096670000e-01 8.346668480000e-01 3.331199590000e-01
v 2.077323200000e-01 8.440704940000e-01 3.032784460000e-01
v 2.004951830000e-01 8.399326210000e-01 2.963205580000e-01
v 2.076621800000e-01 8.317562940000e-01 3.132624920000e-01
v 2.055677920000e-01 8.299972410000e-01 2.980751100000e-01
v 2.076618080000e-01 8.399994970000e-01 3.239988680000e-01
v 2.075525220000e-01 8.498791460000e-01 3.327570860000e-01
v 2.055677920000e-01 8.479972480000e-01 2.980751100000e-01
v 2.077201310000e-01 8.235655430000e-01 3.028343320000e-01
v 2.076618080000e-01 8.500000240000e-01 3.160000150000e-01
v 2.076946050000e-01 8.239864110000e-01 3.261193930000e-01
v 2.077323200000e-01 8.580705520000e-01 3.032784460000e-01
v 2.076618080000e-01 8.562494520000e-01 3.234988450000e-01
v 2.077323200000e-01 9.106592540000e-01 3.032784460000e-01
v 2.076593040000e-01 8.999210600000e-01 3.320811390000e-01
v 2.076227810000e-01 8.845571880000e-01 3.324269650000e-01
v 2.077300100000e-01 8.886063690000e-01 3.031071130000e-01
v 2.076618080000e-01 8.887499570000e-01 3.197497130000e-01
v 2.076622250000e-01 8.992562290000e-01 3.135124740000e-01
v 2.055678070000e-01 8.959972860000e-01 2.980751100000e-01
v 2.075400950000e-01 8.649806980000e-01 3.328301910000e-01
v 2.077163900000e-01 8.759933710000e-01 3.222544190000e-01
v 2.055678070000e-01 8.759972450000e-01 2.980751100000e-01
v 2.077306510000e-01 8.728891020000e-01 3.031426370000e-01
v 2.055668380000e-01 9.160346390000e-01 2.980706990000e-01
v 2.076618080000e-01 9.139998560000e-01 3.192495700000e-01
v 2.076618080000e-01 8.664998410000e-01 3.199994560000e-01
v 2.046567950000e-01 8.814566140000e-01 3.374713660000e-01
v 1.865000130000e-01 8.985000850000e-01 3.377343710000e-01
v 1.959901750000e-01 8.920049670000e-01 3.377343710000e-01
v 2.048679890000e-01 9.083914760000e-01 3.373692930000e-01
v 1.882488130000e-01 9.100006220000e-01 3.377343710000e-01
v 1.845001580000e-01 9.229999780000e-01 3.377343710000e-01
v 1.927450900000e-01 9.325025080000e-01 3.377343710000e-01
v 2.075539530000e-01 9.200749400000e-01 3.327374460000e-01
v 1.728640940000e-01 9.064144490000e-01 3.377882540000e-01
v 2.050513630000e-01 9.294698830000e-01 3.371531370000e-01
v 1.885000170000e-01 8.837500810000e-01 3.377343710000e-01
v 1.780517250000e-01 8.872449990000e-01 3.377536830000e-01
v 2.050619420000e-01 8.941541310000e-01 3.371951580000e-01
v 1.714397220000e-01 9.198939200000e-01 3.377105890000e-01
v 2.007087770000e-01 9.200813770000e-01 3.377864360000e-01
v 2.005338370000e-01 8.495897650000e-01 3.377881940000e-01
v 1.803499010000e-01 8.169979450000e-01 3.377417920000e-01
v 1.805162130000e-01 8.484979870000e-01 3.377477820000e-01
v 1.808498950000e-01 8.679980040000e-01 3.377437590000e-01
v 1.887475550000e-01 8.565012810000e-01 3.377343710000e-01
v 1.919950840000e-01 8.640025850000e-01 3.377343710000e-01
v 1.920000170000e-01 8.440001010000e-01 3.377343710000e-01
v 1.929938640000e-01 8.282531500000e-01 3.377353850000e-01
v 1.900000130000e-01 8.120000360000e-01 3.377343710000e-01
v 1.820002200000e-01 8.359999660000e-01 3.377343710000e-01
v 1.987078040000e-01 8.714436890000e-01 3.378480670000e-01
v 1.890000100000e-01 7.965000270000e-01 3.377343710000e-01
v 2.050304560000e-01 8.267335300000e-01 3.371912240000e-01
v 2.000153660000e-01 8.120798470000e-01 3.378092650000e-01
v 2.053106730000e-01 8.661552070000e-01 3.370268940000e-01
v 2.051731050000e-01 8.418055770000e-01 3.371193110000e-01
v 1.662660240000e-01 8.865609770000e-01 3.303442300000e-01
v 1.667877580000e-01 8.614870310000e-01 3.360080420000e-01
v 1.664998230000e-01 8.787028790000e-01 2.997461560000e-01
v 1.665764450000e-01 9.094128610000e-01 3.356225490000e-01
v 1.663281170000e-01 9.045082930000e-01 3.145090640000e-01
v 1.662303060000e-01 8.913255930000e-01 3.061843510000e-01
v 1.666037440000e-01 9.042434690000e-01 2.995134000000e-01
v 1.669548450000e-01 8.785579800000e-01 3.361874520000e-01
v 1.713867490000e-01 8.778712750000e-01 3.377053440000e-01
v 1.676967590000e-01 8.967285750000e-01 3.368992810000e-01
v 1.662660240000e-01 8.975608940000e-01 3.303442000000e-01
v 1.663230210000e-01 8.785001040000e-01 3.149999980000e-01
v 1.713867490000e-01 8.569690590000e-01 3.377053440000e-01
v 1.663230210000e-01 8.937500720000e-01 3.200000230000e-01
v 1.663010870000e-01 8.712538480000e-01 3.243132230000e-01
v 1.666335310000e-01 8.466601970000e-01 3.357717690000e-01
v 1.667599230000e-01 8.531378510000e-01 2.993210260000e-01
v 1.663230210000e-01 8.599988820000e-01 3.117523790000e-01
v 1.663230210000e-01 8.360002040000e-01 3.227498530000e-01
v 1.663113830000e-01 8.595020170000e-01 3.234783710000e-01
v 1.663230210000e-01 8.265000580000e-01 3.140000100000e-01
v 1.663230210000e-01 8.215000630000e-01 3.232498470000e-01
v 1.662441790000e-01 8.222956660000e-01 3.051709530000e-01
v 1.711339950000e-01 8.561218980000e-01 2.965272070000e-01
v 1.663230210000e-01 8.412470820000e-01 3.107559680000e-01
v 1.663230210000e-01 8.480001090000e-01 3.219999070000e-01
v 1.665759090000e-01 8.651303050000e-01 2.995730340000e-01
v 1.714140180000e-01 8.329382540000e-01 3.377076980000e-01
v 1.666553320000e-01 8.294267060000e-01 3.358428180000e-01
v 1.667384210000e-01 8.387318250000e-01 2.993562220000e-01
v 1.667380180000e-01 8.130462170000e-01 3.360103670000e-01
v 1.666867580000e-01 7.804972530000e-01 3.359206620000e-01
v 1.663230210000e-01 7.822501660000e-01 3.229998350000e-01
v 1.663230210000e-01 7.797488570000e-01 3.125023840000e-01
v 1.715606150000e-01 7.847877740000e-01 3.377181590000e-01
v 1.680290700000e-01 7.665622830000e-01 3.372467760000e-01
v 1.663230210000e-01 8.090000150000e-01 3.199999330000e-01
v 1.662658010000e-01 8.064582940000e-01 3.067809050000e-01
v 1.663230210000e-01 7.965000870000e-01 3.209999200000e-01
v 1.800002900000e-01 7.879998680000e-01 3.377343710000e-01
v 1.663230210000e-01 7.960000630000e-01 3.125000000000e-01
v 1.725641040000e-01 8.068388700000e-01 3.377759460000e-01
v 1.662383230000e-01 7.665590640000e-01 3.299601970000e-01
v 1.677369920000e-01 7.994746570000e-01 3.369194870000e-01
v 1.663293390000e-01 7.951179740000e-01 3.321841660000e-01
v 1.812502150000e-01 7.607499360000e-01 3.377343710000e-01
v 1.917475610000e-01 7.580012680000e-01 3.377343710000e-01
v 1.882500050000e-01 7.287495140000e-01 3.377408390000e-01
v 1.867501290000e-01 7.144999500000e-01 3.374190930000e-01
v 1.790040880000e-01 7.279886600000e-01 3.377448620000e-01
v 1.820002200000e-01 7.754999400000e-01 3.377343710000e-01
v 2.053114620000e-01 7.421538830000e-01 3.370276690000e-01
v 1.924975510000e-01 7.720012660000e-01 3.377343710000e-01
v 2.047081440000e-01 7.232629660000e-01 3.373795450000e-01
v 2.009172140000e-01 7.773038740000e-01 3.377814890000e-01
v 1.919950840000e-01 7.840025420000e-01 3.377343710000e-01
v 2.052780840000e-01 7.666574120000e-01 3.370545210000e-01
v 2.003686280000e-01 7.513872980000e-01 3.378067020000e-01
v 1.800002900000e-01 7.439998980000e-01 3.377343710000e-01
v 1.919950990000e-01 7.415025230000e-01 3.377348480000e-01
v 1.664873810000e-01 7.491758470000e-01 2.998065650000e-01
v 1.710169020000e-01 7.343623640000e-01 3.376931550000e-01
v 1.714953330000e-01 7.195527550000e-01 3.375336230000e-01
v 1.667418480000e-01 7.325514550000e-01 3.359767500000e-01
v 1.663230210000e-01 7.477501030000e-01 3.199999330000e-01
v 1.662333910000e-01 7.328173520000e-01 3.039599660000e-01
v 1.668724270000e-01 7.175958160000e-01 3.357734680000e-01
v 1.663057950000e-01 7.313492890000e-01 3.218393620000e-01
v 1.713867490000e-01 7.489690180000e-01 3.377053440000e-01
v 1.667380180000e-01 7.540359500000e-01 3.360103670000e-01
v 1.663284150000e-01 7.441173790000e-01 3.321816030000e-01
v 1.663226490000e-01 7.395000460000e-01 3.140000100000e-01
v 1.663230210000e-01 7.585000990000e-01 3.224998710000e-01
v 1.667599230000e-01 7.678926590000e-01 2.993210260000e-01
v 1.663230210000e-01 7.632470730000e-01 3.107559680000e-01
v 2.001303580000e-01 8.094360230000e-01 2.963213920000e-01
v 1.716408880000e-01 8.406057360000e-01 2.964133020000e-01
v 1.822906730000e-01 8.122566340000e-01 2.963534300000e-01
v 2.055677920000e-01 8.119971750000e-01 2.980751100000e-01
v 1.860001830000e-01 7.967501880000e-01 2.963956000000e-01
v 1.668222550000e-01 8.163002130000e-01 2.992353740000e-01
v 1.717442870000e-01 7.980888490000e-01 2.964207230000e-01
v 2.007062730000e-01 7.971103190000e-01 2.963222270000e-01
v 1.715256870000e-01 7.866076830000e-01 2.964390810000e-01
v 1.718106420000e-01 8.280734420000e-01 2.964234350000e-01
v 2.006621810000e-01 8.231436010000e-01 2.963216900000e-01
v 1.664972450000e-01 7.955130930000e-01 2.998057600000e-01
v 1.665428580000e-01 7.814422250000e-01 2.996152940000e-01
v 1.712084110000e-01 8.145331140000e-01 2.964858710000e-01
v 1.865000130000e-01 8.282500510000e-01 2.963956000000e-01
v 1.919839980000e-01 7.559920550000e-01 2.963956000000e-01
v 1.840007160000e-01 7.650004030000e-01 2.963956000000e-01
v 1.711339500000e-01 7.701219320000e-01 2.965271770000e-01
v 1.720584930000e-01 7.529506090000e-01 2.963756020000e-01
v 2.055677920000e-01 7.639971970000e-01 2.980750800000e-01
v 2.003414180000e-01 7.316311000000e-01 2.962922160000e-01
v 1.681332590000e-01 7.340767980000e-01 2.976215480000e-01
v 2.055144310000e-01 7.455477710000e-01 2.979925270000e-01
v 1.934799850000e-01 7.807400820000e-01 2.963956000000e-01
v 1.797308330000e-01 7.282607560000e-01 2.963488700000e-01
v 2.007821500000e-01 7.487874630000e-01 2.963234190000e-01
v 2.007062440000e-01 7.651103140000e-01 2.963221970000e-01
v 1.775729360000e-01 7.395576830000e-01 2.963574230000e-01
v 1.892420050000e-01 7.417459490000e-01 2.963951530000e-01
v 1.820008900000e-01 7.810004950000e-01 2.963956000000e-01
v 2.049434930000e-01 7.884308100000e-01 3.373321000000e-01
v 2.075525220000e-01 8.138754370000e-01 3.327570860000e-01
v 2.077163160000e-01 7.665938140000e-01 3.027756510000e-01
v 2.075525220000e-01 7.838754650000e-01 3.327570860000e-01
v 2.076220660000e-01 7.998937960000e-01 3.324843650000e-01
v 2.077323200000e-01 8.080704810000e-01 3.032784760000e-01
v 2.076618080000e-01 8.052497510000e-01 3.207494320000e-01
v 2.077163900000e-01 7.919934390000e-01 3.222544490000e-01
v 2.055678370000e-01 7.939972280000e-01 2.980751100000e-01
v 2.076618080000e-01 7.839998010000e-01 3.199994560000e-01
v 2.077306510000e-01 7.912680510000e-01 3.031426670000e-01
v 2.076620910000e-01 7.760167120000e-01 3.080333170000e-01
v 2.045482250000e-01 7.789861560000e-01 2.971084710000e-01
v 2.050413790000e-01 8.049706820000e-01 3.372867110000e-01
v 2.075933960000e-01 7.255866530000e-01 3.322690730000e-01
v 2.074637860000e-01 7.187498210000e-01 3.105122450000e-01
v 2.076637740000e-01 7.294998170000e-01 3.175000550000e-01
v 2.076998500000e-01 7.574865820000e-01 3.256626430000e-01
v 2.076618080000e-01 7.705000640000e-01 3.160000150000e-01
v 2.077192370000e-01 7.294311520000e-01 3.031189440000e-01
v 2.071178560000e-01 7.064993980000e-01 3.315488700000e-01
v 2.076618080000e-01 7.520000340000e-01 3.160000150000e-01
v 2.074428050000e-01 7.179992790000e-01 3.222486670000e-01
v 2.077323200000e-01 7.506592870000e-01 3.032784460000e-01
v 2.076628510000e-01 7.390124800000e-01 3.095249830000e-01
v 2.075206640000e-01 7.451309560000e-01 3.329278230000e-01
v 2.076623440000e-01 7.414996030000e-01 3.222491740000e-01
v 2.075400950000e-01 7.689808010000e-01 3.328301910000e-01
v 2.076618080000e-01 7.719994780000e-01 3.239988680000e-01
v 2.017441990000e-01 5.022512080000e-01 3.150046470000e-01
v 2.011759730000e-01 4.955782590000e-01 3.038730030000e-01
v 2.010943740000e-01 4.916268290000e-01 3.151227530000e-01
v 1.992829890000e-01 5.136390920000e-01 3.319848480000e-01
v 2.014697190000e-01 5.064830780000e-01 3.288025560000e-01
v 2.000602630000e-01 5.293241740000e-01 3.323827090000e-01
v 2.020602520000e-01 5.198909640000e-01 3.273906710000e-01
v 2.027842700000e-01 5.404361490000e-01 3.071241970000e-01
v 2.026916590000e-01 5.384984020000e-01 3.184964950000e-01
v 2.007014900000e-01 5.312761660000e-01 3.023663160000e-01
v 2.023591100000e-01 5.244443420000e-01 3.073468510000e-01
v 2.024648640000e-01 5.359129310000e-01 3.278416690000e-01
v 2.024139760000e-01 5.279985670000e-01 3.169969320000e-01
v 2.020551710000e-01 5.142480130000e-01 3.160026970000e-01
v 2.013411670000e-01 5.135394330000e-01 3.035833840000e-01
v 1.717081220000e-01 5.220603940000e-01 3.278541560000e-01
v 1.879500000000e-01 5.235767960000e-01 3.323695960000e-01
v 1.718337680000e-01 5.334460740000e-01 3.321822290000e-01
v 1.760884670000e-01 5.236739520000e-01 3.323836030000e-01
v 1.855003390000e-01 5.399998430000e-01 3.328039650000e-01
v 1.879074130000e-01 5.060925480000e-01 3.319319490000e-01
v 2.012735160000e-01 4.953660670000e-01 3.284035330000e-01
v 1.751505730000e-01 5.103818180000e-01 3.312446180000e-01
v 1.852445900000e-01 4.903258090000e-01 3.282271330000e-01
v 1.789148450000e-01 4.952744250000e-01 3.316975530000e-01
v 1.745847460000e-01 4.917843940000e-01 3.290841580000e-01
v 1.714231820000e-01 5.332520600000e-01 3.184712530000e-01
v 1.967679410000e-01 4.930992720000e-01 3.312962060000e-01
v 1.993040440000e-01 4.903921780000e-01 3.214176600000e-01
v 1.811622230000e-01 4.900999960000e-01 3.168333770000e-01
v 1.798352900000e-01 5.090873240000e-01 3.020828370000e-01
v 1.769695880000e-01 5.240489840000e-01 3.017534610000e-01
v 1.715565770000e-01 5.336300730000e-01 3.040036560000e-01
v 1.899915780000e-01 5.079956650000e-01 3.021710520000e-01
v 1.754173790000e-01 4.903512600000e-01 3.083681460000e-01
v 1.723042130000e-01 4.968903060000e-01 3.079421820000e-01
v 1.716767250000e-01 5.227710010000e-01 3.115601240000e-01
v 1.723205890000e-01 4.958224890000e-01 3.248696030000e-01
v 1.832942370000e-01 4.918622970000e-01 3.027423620000e-01
v 1.967521760000e-01 4.907747210000e-01 3.031531570000e-01
v 1.756946150000e-01 5.424184200000e-01 3.014577630000e-01
v 1.723559500000e-01 5.121710900000e-01 3.039324880000e-01
v 1.719853430000e-01 5.090953710000e-01 3.232474920000e-01
v 1.970197560000e-01 5.116907950000e-01 3.020305630000e-01
v 1.753761320000e-01 4.927655460000e-01 3.029986020000e-01
v 1.879925280000e-01 5.299962160000e-01 3.015905320000e-01
v 1.711175140000e-01 5.666066410000e-01 3.322224320000e-01
v 1.707224850000e-01 5.599982140000e-01 3.280414940000e-01
v 1.701085420000e-01 5.832468870000e-01 3.137562270000e-01
v 1.709840740000e-01 5.543464420000e-01 3.039623800000e-01
v 1.708303090000e-01 5.560001130000e-01 3.169999120000e-01
v 1.713897140000e-01 5.443498490000e-01 3.315854070000e-01
v 1.706416610000e-01 6.047254800000e-01 3.329279120000e-01
v 1.707526740000e-01 5.837225910000e-01 3.324935440000e-01
v 1.694769260000e-01 6.044552330000e-01 3.282937710000e-01
v 1.698916550000e-01 5.888689160000e-01 3.280479310000e-01
v 1.705658880000e-01 5.659979580000e-01 3.160040380000e-01
v 1.702825730000e-01 5.763747690000e-01 3.224914970000e-01
v 1.710325930000e-01 5.459099410000e-01 3.137794730000e-01
v 1.697141830000e-01 5.981229540000e-01 3.165004850000e-01
v 1.708154980000e-01 5.694797640000e-01 3.034600320000e-01
v 2.000115960000e-01 5.972343680000e-01 2.999783460000e-01
v 1.860714260000e-01 5.972029570000e-01 2.998132110000e-01
v 1.725949790000e-01 5.978395340000e-01 2.998518940000e-01
v 1.900020240000e-01 5.786135790000e-01 3.002991080000e-01
v 1.879866120000e-01 5.599933270000e-01 3.007972840000e-01
v 1.756426540000e-01 5.754881500000e-01 3.003887530000e-01
v 1.702292410000e-01 5.946762560000e-01 3.033686580000e-01
v 1.760773960000e-01 5.894809370000e-01 2.999622820000e-01
v 1.704711020000e-01 5.839860440000e-01 3.031893670000e-01
v 1.753382530000e-01 5.584483150000e-01 3.010038440000e-01
v 1.879893840000e-01 5.454946760000e-01 3.011807200000e-01
v 1.988233770000e-01 5.805873870000e-01 3.005575840000e-01
v 2.008207440000e-01 5.632610320000e-01 3.016243580000e-01
v 2.007695590000e-01 5.472679140000e-01 3.020004930000e-01
v 2.041944710000e-01 5.968531970000e-01 3.048541250000e-01
v 2.045297770000e-01 6.080001000000e-01 3.200000230000e-01
v 2.035955190000e-01 5.712916850000e-01 3.066526650000e-01
v 2.044804990000e-01 6.076803800000e-01 3.317396340000e-01
v 2.034136350000e-01 5.670555230000e-01 3.282968700000e-01
v 2.039016630000e-01 5.853720310000e-01 3.290621640000e-01
v 2.045103610000e-01 6.060233120000e-01 3.099326490000e-01
v 2.042102960000e-01 5.959103110000e-01 3.199922740000e-01
v 2.039922920000e-01 5.874632000000e-01 3.181741240000e-01
v 2.027768190000e-01 5.910642740000e-01 3.022539020000e-01
v 2.032713590000e-01 5.809201000000e-01 3.038892450000e-01
v 2.036791000000e-01 5.753607750000e-01 3.222886920000e-01
v 2.035098670000e-01 5.694255230000e-01 3.148093220000e-01
v 2.032074330000e-01 5.564317700000e-01 3.069623410000e-01
v 2.030487210000e-01 5.519993900000e-01 3.169986610000e-01
v 2.001821700000e-01 5.442885760000e-01 3.327757720000e-01
v 1.754618590000e-01 5.635431410000e-01 3.334213200000e-01
v 2.017051430000e-01 5.808194880000e-01 3.329332170000e-01
v 2.028959100000e-01 5.519122480000e-01 3.283052740000e-01
v 2.010309700000e-01 5.680732730000e-01 3.330565090000e-01
v 1.964055150000e-01 5.560862420000e-01 3.332785070000e-01
v 1.850002260000e-01 5.559999350000e-01 3.332270980000e-01
v 1.750261630000e-01 5.967836980000e-01 3.343349100000e-01
v 1.757478120000e-01 5.475579500000e-01 3.329806920000e-01
v 1.880077420000e-01 5.982587340000e-01 3.343505560000e-01
v 1.950507760000e-01 5.869493480000e-01 3.341525790000e-01
v 1.884961130000e-01 5.687519310000e-01 3.335643410000e-01
v 1.761814950000e-01 5.796874170000e-01 3.339177070000e-01
v 2.034918810000e-01 5.938782690000e-01 3.329668640000e-01
v 1.899955270000e-01 5.790022020000e-01 3.338354530000e-01
v 1.679078940000e-01 6.665004490000e-01 3.183035850000e-01
v 1.680059880000e-01 6.616477970000e-01 3.085092010000e-01
v 1.682905410000e-01 6.520317790000e-01 3.162499960000e-01
v 1.684184220000e-01 6.443574430000e-01 3.285432160000e-01
v 1.687145380000e-01 6.360000370000e-01 3.160000150000e-01
v 1.678939160000e-01 6.719602350000e-01 3.327989880000e-01
v 1.692170650000e-01 6.169986720000e-01 3.147529660000e-01
v 1.676240860000e-01 6.846786140000e-01 3.343460560000e-01
v 1.676763590000e-01 6.749609110000e-01 3.152527510000e-01
v 1.692405790000e-01 6.161098480000e-01 3.238772150000e-01
v 1.698264630000e-01 6.212499740000e-01 3.326735790000e-01
v 1.687342970000e-01 6.323675510000e-01 3.283753690000e-01
v 1.702058760000e-01 6.413410310000e-01 3.335699440000e-01
v 1.681067200000e-01 6.566435690000e-01 3.286481200000e-01
v 1.710104940000e-01 6.628074050000e-01 3.352023660000e-01
v 2.041719560000e-01 6.906746030000e-01 3.366115390000e-01
v 2.065838720000e-01 6.919153930000e-01 3.319195210000e-01
v 2.043738510000e-01 7.066710590000e-01 3.369991780000e-01
v 2.061775330000e-01 6.759163740000e-01 3.314353820000e-01
v 2.054259030000e-01 6.584674120000e-01 3.328689040000e-01
v 2.040918170000e-01 6.757506730000e-01 3.362352850000e-01
v 2.017349900000e-01 6.629929540000e-01 3.360125420000e-01
v 1.920000170000e-01 7.035000920000e-01 3.371280130000e-01
v 1.882500050000e-01 6.832500700000e-01 3.365924360000e-01
v 1.820004430000e-01 7.034998540000e-01 3.371279840000e-01
v 1.847504530000e-01 6.924998760000e-01 3.368370530000e-01
v 1.717841480000e-01 7.035573720000e-01 3.370846210000e-01
v 1.704526390000e-01 6.846325990000e-01 3.364535870000e-01
v 1.673041580000e-01 7.015924450000e-01 3.355941180000e-01
v 1.934996550000e-01 6.707853080000e-01 3.362658920000e-01
v 1.801175620000e-01 6.695025560000e-01 3.362433610000e-01
v 1.750905510000e-01 6.505911950000e-01 3.357896510000e-01
v 1.756614740000e-01 6.132966880000e-01 3.348153830000e-01
v 2.000238150000e-01 6.084451680000e-01 3.344051840000e-01
v 1.879052970000e-01 6.591378450000e-01 3.359565140000e-01
v 1.990212950000e-01 6.201528910000e-01 3.349540830000e-01
v 1.904991420000e-01 6.495005490000e-01 3.356998860000e-01
v 1.845136730000e-01 6.279931070000e-01 3.351321820000e-01
v 1.889965830000e-01 6.120018960000e-01 3.347081840000e-01
v 1.748698650000e-01 6.374836560000e-01 3.354375660000e-01
v 2.009009270000e-01 6.484450700000e-01 3.355541530000e-01
v 2.005942910000e-01 6.324388980000e-01 3.350621760000e-01
v 2.051531370000e-01 6.387706400000e-01 3.322720830000e-01
v 1.904979940000e-01 6.385011670000e-01 3.354089860000e-01
v 2.048551890000e-01 6.236749290000e-01 3.319589500000e-01
v 2.003336250000e-01 6.932980420000e-01 2.971971930000e-01
v 1.895000040000e-01 6.840000750000e-01 2.975177170000e-01
v 2.066851560000e-01 6.894987820000e-01 3.199972810000e-01
v 2.054464070000e-01 6.910672780000e-01 2.989247740000e-01
v 2.067453560000e-01 6.892372370000e-01 3.035358190000e-01
v 2.067166120000e-01 7.103503350000e-01 2.995014490000e-01
v 2.062222660000e-01 6.719961170000e-01 3.239918350000e-01
v 2.062557940000e-01 6.711214180000e-01 3.039451240000e-01
v 2.070688610000e-01 7.024449110000e-01 3.029869200000e-01
v 2.043801700000e-01 6.774328950000e-01 2.982227210000e-01
v 2.059250470000e-01 6.605010630000e-01 3.199905460000e-01
v 2.063743470000e-01 6.776249410000e-01 3.125043810000e-01
v 2.070686670000e-01 7.040000560000e-01 3.160000150000e-01
v 2.011526230000e-01 7.174965740000e-01 2.965650260000e-01
v 2.059675010000e-01 7.262927290000e-01 2.985033090000e-01
v 1.671239880000e-01 6.996709700000e-01 3.000705540000e-01
v 1.669161620000e-01 7.040002940000e-01 3.224996330000e-01
v 1.959714440000e-01 7.079855800000e-01 2.968833450000e-01
v 1.671277280000e-01 6.960000400000e-01 3.120000060000e-01
v 1.720958950000e-01 6.804496650000e-01 2.978066210000e-01
v 1.667422950000e-01 7.156545520000e-01 2.998870020000e-01
v 1.840026230000e-01 6.975014210000e-01 2.971606250000e-01
v 1.718230400000e-01 7.193129060000e-01 2.965960800000e-01
v 1.673442870000e-01 6.877502200000e-01 3.189997080000e-01
v 1.852509080000e-01 7.127504350000e-01 2.967536750000e-01
v 1.675052640000e-01 6.836841700000e-01 3.002833430000e-01
v 1.800078750000e-01 6.800041790000e-01 2.976233960000e-01
v 1.665097770000e-01 7.192499040000e-01 3.189998870000e-01
v 1.716248240000e-01 7.004818320000e-01 2.972775400000e-01
v 1.667706970000e-01 7.095000740000e-01 3.145000040000e-01
v 1.701596530000e-01 6.229059100000e-01 3.003612760000e-01
v 1.735924480000e-01 6.665170190000e-01 2.979983390000e-01
v 1.688110980000e-01 6.331781740000e-01 3.044042290000e-01
v 1.712452770000e-01 6.399915810000e-01 2.989842000000e-01
v 1.757226440000e-01 6.280829910000e-01 2.989493010000e-01
v 1.709219370000e-01 6.534444090000e-01 2.987854780000e-01
v 1.683564780000e-01 6.494642500000e-01 3.039849400000e-01
v 1.874999550000e-01 6.372500060000e-01 2.987540660000e-01
v 1.959339530000e-01 6.519938110000e-01 2.983525990000e-01
v 1.998995100000e-01 6.677730680000e-01 2.978774910000e-01
v 1.840045600000e-01 6.575022940000e-01 2.982184890000e-01
v 1.840038300000e-01 6.480018500000e-01 2.984697220000e-01
v 1.695776280000e-01 6.098021860000e-01 3.043375910000e-01
v 1.682175700000e-01 6.679223180000e-01 3.002285360000e-01
v 1.880000080000e-01 6.680000420000e-01 2.979408500000e-01
v 1.879998300000e-01 6.257499460000e-01 2.990582290000e-01
v 2.041003560000e-01 6.146347520000e-01 2.999598090000e-01
v 2.002196010000e-01 6.275593640000e-01 2.990368600000e-01
v 2.009928080000e-01 6.452758910000e-01 2.985887230000e-01
v 2.049735780000e-01 6.259980200000e-01 3.042794170000e-01
v 2.048471420000e-01 6.200001840000e-01 3.160003720000e-01
v 2.050199810000e-01 6.399388310000e-01 3.001517950000e-01
v 2.051645070000e-01 6.320002080000e-01 3.160002530000e-01
v 2.055876550000e-01 6.480001210000e-01 3.145001530000e-01
v 2.052701860000e-01 6.579669710000e-01 2.997713390000e-01
v 2.058244350000e-01 6.565015320000e-01 3.080598410000e-01
v 2.055875360000e-01 6.479956510000e-01 3.239915670000e-01
v 1.719174830000e-01 6.107500790000e-01 2.995912730000e-01
v 1.901874840000e-01 6.071160440000e-01 2.995244560000e-01
v 1.879997250000e-01 6.159999370000e-01 2.993160780000e-01
v 1.555349530000e-01 9.627323750000e-01 3.013851050000e-01
v 1.320000140000e-01 9.626470800000e-01 2.730000020000e-01
v 1.673759370000e-01 9.557601210000e-01 2.985845800000e-01
v 1.577037720000e-01 9.626965520000e-01 2.934153680000e-01
v 1.240000130000e-01 9.626470800000e-01 2.840000390000e-01
v 1.180000080000e-01 9.626470800000e-01 2.730000020000e-01
v 1.722293940000e-01 9.617211220000e-01 2.924047410000e-01
v 1.327676920000e-01 9.620751140000e-01 3.044230040000e-01
v 1.240055040000e-01 9.626537560000e-01 2.929890750000e-01
v 1.647039350000e-01 9.598992470000e-01 2.974725370000e-01
v 1.761037860000e-01 9.532266260000e-01 2.931310530000e-01
v 1.559999880000e-01 9.626476760000e-01 2.839996810000e-01
v 1.400000150000e-01 9.626470800000e-01 2.840000390000e-01
v 1.592437920000e-01 9.609709380000e-01 3.060476480000e-01
v 1.387568710000e-01 9.626527430000e-01 2.937363390000e-01
v 6.400000300000e-02 9.626470800000e-01 2.355000080000e-01
v 6.800000370000e-02 9.626470800000e-01 2.520000340000e-01
v 5.600000550000e-02 9.626470800000e-01 2.560000420000e-01
v 5.600000550000e-02 9.626470800000e-01 2.669999900000e-01
v 5.600000550000e-02 9.626470800000e-01 2.450000050000e-01
v 5.200000850000e-02 9.626470800000e-01 2.320000080000e-01
v 4.400000720000e-02 9.626470800000e-01 2.520000340000e-01
v 4.175000640000e-02 9.626470800000e-01 2.700000110000e-01
v 6.800000370000e-02 9.626470800000e-01 2.669999900000e-01
v 9.675000610000e-02 9.626470800000e-01 2.525000270000e-01
v 9.600000830000e-02 9.626470800000e-01 2.389999930000e-01
v 8.100000020000e-02 9.626470800000e-01 2.560000420000e-01
v 3.875000400000e-02 9.626470800000e-01 2.382499870000e-01
v 8.000000570000e-02 9.626470800000e-01 2.450000050000e-01
v 8.000000570000e-02 9.626470800000e-01 2.320000080000e-01
v 5.600000550000e-02 9.626470800000e-01 2.800000310000e-01
v 6.209355220000e-02 9.627090100000e-01 3.006745580000e-01
v 1.090000120000e-01 9.626470800000e-01 2.807500360000e-01
v 5.600549280000e-02 9.626520280000e-01 2.929890750000e-01
v 7.284522060000e-02 9.622002240000e-01 3.038064840000e-01
v 8.000000570000e-02 9.626470800000e-01 2.800000310000e-01
v 9.600000830000e-02 9.626470800000e-01 2.800000310000e-01
v 8.000000570000e-02 9.626470800000e-01 2.669999900000e-01
v 9.600000830000e-02 9.626470800000e-01 2.669999900000e-01
v 6.800000370000e-02 9.626470800000e-01 2.815000410000e-01
v 7.450822740000e-02 9.626523260000e-01 2.944836020000e-01
v 1.052568630000e-01 9.626531600000e-01 2.937363390000e-01
v 8.800549810000e-02 9.626537560000e-01 2.929890750000e-01
v 1.090000120000e-01 9.626470800000e-01 2.655000090000e-01
v 9.075037390000e-02 9.621706010000e-01 3.041507300000e-01
v 1.628332880000e-01 9.221796990000e-01 3.115031720000e-01
v 1.676826180000e-01 9.430296420000e-01 2.983468770000e-01
v 1.648553460000e-01 9.257728460000e-01 3.054836390000e-01
v 1.661181300000e-01 9.154708980000e-01 3.123186530000e-01
v 1.678364430000e-01 9.279209970000e-01 2.978446480000e-01
v 1.546659020000e-01 9.234925510000e-01 3.236494060000e-01
v 1.552043860000e-01 9.237238760000e-01 3.112824260000e-01
v 1.461033230000e-01 9.277846220000e-01 3.097595270000e-01
v 1.402601450000e-01 9.235224130000e-01 3.245531320000e-01
v 1.358760150000e-01 9.234520200000e-01 3.119518160000e-01
v 1.667378540000e-01 9.168878790000e-01 2.994524540000e-01
v 1.312909420000e-01 9.286073450000e-01 3.253584210000e-01
v 1.269036530000e-01 9.233976600000e-01 3.237604800000e-01
v 1.609305290000e-01 9.349874260000e-01 3.089748020000e-01
v 1.649931370000e-01 9.493508930000e-01 3.058645730000e-01
v 1.637880950000e-01 9.272873400000e-01 3.285982010000e-01
v 1.659809950000e-01 9.183362720000e-01 3.286938070000e-01
v 1.832514410000e-01 9.444943670000e-01 3.377277260000e-01
v 1.724503490000e-01 9.551883940000e-01 3.379800020000e-01
v 1.715143320000e-01 9.438361530000e-01 3.377101720000e-01
v 1.733499470000e-01 9.340504410000e-01 3.378223180000e-01
v 1.672585760000e-01 9.560609460000e-01 3.365615610000e-01
v 1.672650280000e-01 9.423610570000e-01 3.357197340000e-01
v 1.617319580000e-01 9.396892790000e-01 3.268813790000e-01
v 1.671854700000e-01 9.255033140000e-01 3.361681700000e-01
v 1.618139890000e-01 9.557859900000e-01 3.268002870000e-01
v 1.566858890000e-01 9.397461410000e-01 3.252784610000e-01
v 1.490900810000e-01 9.542648200000e-01 3.253067430000e-01
v 1.449995930000e-01 9.367508890000e-01 3.253391680000e-01
v 1.565978230000e-01 9.260712270000e-01 3.250658810000e-01
v 1.633699830000e-01 9.217015500000e-01 3.249530490000e-01
v 1.581275460000e-01 9.534305930000e-01 3.096496160000e-01
v 1.301638480000e-01 9.277912380000e-01 3.097575010000e-01
v 9.810793400000e-02 9.608731870000e-01 3.061188160000e-01
v 9.262824800000e-02 9.553548690000e-01 3.094687460000e-01
v 1.139161590000e-01 9.622454050000e-01 3.036869760000e-01
v 1.320020110000e-01 9.360040430000e-01 3.095909060000e-01
v 1.289031060000e-01 9.547399280000e-01 3.095489740000e-01
v 1.309982690000e-01 9.447466140000e-01 3.095909060000e-01
v 1.199963170000e-01 9.581069350000e-01 3.084261420000e-01
v 1.185097020000e-01 9.338152410000e-01 3.095321060000e-01
v 1.101284620000e-01 9.567519430000e-01 3.092331590000e-01
v 1.139976750000e-01 9.449954030000e-01 3.095909060000e-01
v 1.014976800000e-01 9.459954500000e-01 3.095909060000e-01
v 1.454965170000e-01 9.464930300000e-01 3.095909060000e-01
v 1.479961870000e-01 9.375003580000e-01 3.095909060000e-01
v 1.439012740000e-01 9.568550590000e-01 3.091324270000e-01
v 7.800100740000e-02 9.390020370000e-01 3.095909060000e-01
v 1.160002130000e-01 9.236481790000e-01 3.246130650000e-01
v 1.112602580000e-01 9.276716710000e-01 3.097838760000e-01
v 7.556229830000e-02 9.565055370000e-01 3.094344140000e-01
v 1.041035730000e-01 9.233604070000e-01 3.235371410000e-01
v 8.800201120000e-02 9.360040430000e-01 3.095909060000e-01
v 6.800100210000e-02 9.400020840000e-01 3.095909060000e-01
v 9.692735220000e-02 9.276937840000e-01 3.252747950000e-01
v 9.587600830000e-02 9.234520200000e-01 3.119518160000e-01
v 7.873967290000e-02 9.234621520000e-01 3.119310140000e-01
v 9.504283220000e-02 9.276977780000e-01 3.097777070000e-01
v 9.007769820000e-02 9.234088660000e-01 3.237915340000e-01
v 1.158760190000e-01 9.234520200000e-01 3.119518160000e-01
v 7.321343570000e-02 9.278590680000e-01 3.097445070000e-01
v 1.040020140000e-01 9.360040430000e-01 3.095909060000e-01
v 8.749650420000e-02 9.464930300000e-01 3.095909060000e-01
v 1.683075130000e-01 9.627078180000e-01 1.843781620000e-01
v 1.639777570000e-01 9.626545310000e-01 1.960111560000e-01
v 1.737747040000e-01 9.610568280000e-01 1.863105450000e-01
v 1.682217870000e-01 9.626989360000e-01 2.123082880000e-01
v 1.680335850000e-01 9.627113340000e-01 2.227389370000e-01
v 1.530000270000e-01 9.626470800000e-01 2.020000220000e-01
v 1.559999880000e-01 9.626470800000e-01 2.120000120000e-01
v 1.768511240000e-01 9.567183850000e-01 2.219557760000e-01
v 1.535000210000e-01 9.626470800000e-01 1.905000210000e-01
v 1.400000150000e-01 9.626470800000e-01 1.960000100000e-01
v 1.767306920000e-01 9.570221900000e-01 1.873488870000e-01
v 1.770703940000e-01 9.454976320000e-01 2.217512130000e-01
v 1.545000080000e-01 9.626470800000e-01 2.250000240000e-01
v 1.733459680000e-01 9.615253210000e-01 2.078740150000e-01
v 1.769509020000e-01 9.562686090000e-01 2.037570630000e-01
v 1.240000130000e-01 9.626470800000e-01 2.600000200000e-01
v 1.400000150000e-01 9.626470800000e-01 2.450000050000e-01
v 1.470000150000e-01 9.626470800000e-01 2.320000080000e-01
v 1.280000210000e-01 9.626470800000e-01 2.320000080000e-01
v 9.750001130000e-02 9.626470800000e-01 2.257500290000e-01
v 1.360000070000e-01 9.626470800000e-01 2.320000080000e-01
v 1.240000130000e-01 9.626470800000e-01 2.160000210000e-01
v 1.240000130000e-01 9.626470800000e-01 2.480000110000e-01
v 1.087500150000e-01 9.626470800000e-01 2.520000340000e-01
v 1.125000120000e-01 9.626470800000e-01 2.190000120000e-01
v 1.135000140000e-01 9.626470800000e-01 2.382499870000e-01
v 1.160000120000e-01 9.626470800000e-01 2.280000150000e-01
v 1.400000150000e-01 9.626470800000e-01 2.190000120000e-01
v 1.400000150000e-01 9.626470800000e-01 2.080000040000e-01
v 1.689953360000e-01 9.626623390000e-01 2.640527190000e-01
v 1.723198590000e-01 9.619449970000e-01 2.513325510000e-01
v 1.715065690000e-01 9.623552560000e-01 2.312141510000e-01
v 1.477500200000e-01 9.626470800000e-01 2.730000020000e-01
v 1.675860730000e-01 9.627121090000e-01 2.394810910000e-01
v 1.532500240000e-01 9.626470800000e-01 2.515000100000e-01
v 1.545000230000e-01 9.626470800000e-01 2.389999930000e-01
v 1.599944230000e-01 9.626526240000e-01 2.740027900000e-01
v 1.769636420000e-01 9.565094110000e-01 2.616100910000e-01
v 1.400000150000e-01 9.626470800000e-01 2.600000200000e-01
v 1.766051050000e-01 9.573263530000e-01 2.517443000000e-01
v 1.769345250000e-01 9.566829200000e-01 2.384828780000e-01
v 1.559999880000e-01 9.626470800000e-01 2.639999990000e-01
v 1.716394420000e-01 9.623211620000e-01 2.751513120000e-01
v 1.629832980000e-01 9.626554850000e-01 2.520083790000e-01
v 1.898350420000e-01 9.169130330000e-01 2.961961930000e-01
v 1.887642590000e-01 9.220132830000e-01 2.934037740000e-01
v 2.043091060000e-01 9.463776350000e-01 2.971950770000e-01
v 1.957054440000e-01 9.467919470000e-01 2.952229080000e-01
v 1.927759050000e-01 9.291583900000e-01 2.892603870000e-01
v 1.743082400000e-01 9.298982020000e-01 2.944466770000e-01
v 2.041374740000e-01 9.553330540000e-01 2.970598040000e-01
v 2.050160620000e-01 9.346382620000e-01 2.974359100000e-01
v 1.719581340000e-01 9.191179280000e-01 2.964347000000e-01
v 2.012185600000e-01 9.202849860000e-01 2.963400780000e-01
v 1.959350410000e-01 9.278269410000e-01 2.951055170000e-01
v 1.908681540000e-01 9.237964750000e-01 2.882940470000e-01
v 1.916431190000e-01 9.234728220000e-01 2.724368570000e-01
v 1.791933330000e-01 9.237154130000e-01 2.914247810000e-01
v 1.794319900000e-01 9.235799910000e-01 2.714188400000e-01
v 2.076258810000e-01 9.495273830000e-01 3.307010230000e-01
v 2.076618080000e-01 9.345000980000e-01 3.174999950000e-01
v 2.096401300000e-01 9.603113530000e-01 3.327613170000e-01
v 2.076220660000e-01 9.378535150000e-01 3.324829940000e-01
v 2.077879610000e-01 9.561235310000e-01 3.194065090000e-01
v 2.050894950000e-01 9.583250280000e-01 3.384793700000e-01
v 2.080469430000e-01 9.564887290000e-01 3.018373250000e-01
v 2.077297720000e-01 9.252442120000e-01 3.030990960000e-01
v 2.056006340000e-01 9.440993070000e-01 3.367504180000e-01
v 1.887766120000e-01 9.552054410000e-01 3.378705680000e-01
v 1.998091640000e-01 9.445616010000e-01 3.378194870000e-01
v 2.076618080000e-01 9.254997970000e-01 3.199994560000e-01
v 2.076623140000e-01 9.445083140000e-01 3.120165470000e-01
v 2.117382880000e-01 9.618853930000e-01 3.209157290000e-01
v 2.077166140000e-01 9.395650030000e-01 3.026718200000e-01
v 1.770703940000e-01 9.360055920000e-01 2.159972340000e-01
v 1.768957670000e-01 9.386740920000e-01 2.909116150000e-01
v 1.770703940000e-01 9.407521490000e-01 2.329989670000e-01
v 1.773327740000e-01 9.273720980000e-01 2.564367350000e-01
v 1.772545730000e-01 9.279563430000e-01 2.438364480000e-01
v 1.772310580000e-01 9.281176330000e-01 2.247570310000e-01
v 1.770703940000e-01 9.444988970000e-01 2.512506250000e-01
v 1.770703940000e-01 9.444988970000e-01 2.765005230000e-01
v 1.769357320000e-01 9.566791060000e-01 2.811769250000e-01
v 1.771476120000e-01 9.487441180000e-01 2.670102420000e-01
v 1.772943440000e-01 9.281136990000e-01 2.874792520000e-01
v 1.772801130000e-01 9.278828500000e-01 2.727690340000e-01
v 1.770703940000e-01 9.360055920000e-01 2.599972490000e-01
v 1.770703940000e-01 9.360055920000e-01 2.439972310000e-01
v 1.770703940000e-01 9.360057120000e-01 2.759971020000e-01
v 1.799993660000e-01 9.232176540000e-01 2.183443750000e-01
v 1.772489400000e-01 9.280241730000e-01 2.057991620000e-01
v 1.794319750000e-01 9.235799310000e-01 2.334213700000e-01
v 1.803704500000e-01 9.234738950000e-01 2.535502310000e-01
v 1.770703940000e-01 9.375042320000e-01 1.904979200000e-01
v 1.771160220000e-01 9.500392080000e-01 1.845114680000e-01
v 1.770703940000e-01 9.400028590000e-01 1.809986230000e-01
v 1.770703940000e-01 9.403772350000e-01 2.032489180000e-01
v 1.798736160000e-01 9.233018160000e-01 1.742545810000e-01
v 1.793884630000e-01 9.236016870000e-01 1.882148240000e-01
v 1.772272440000e-01 9.281389710000e-01 1.747385260000e-01
v 1.772801130000e-01 9.278828500000e-01 1.909731480000e-01
v 1.794319900000e-01 9.235799310000e-01 2.034188360000e-01
v 1.917167900000e-01 9.235103730000e-01 2.551465630000e-01
v 1.916667520000e-01 9.234840270000e-01 2.316927310000e-01
v 1.854113340000e-01 9.231566190000e-01 2.439769210000e-01
v 1.400000150000e-01 9.626470800000e-01 1.080000100000e-01
v 1.200000050000e-01 9.626470800000e-01 9.200000760000e-02
v 1.030000150000e-01 9.626470800000e-01 1.240000200000e-01
v 9.650000930000e-02 9.626470800000e-01 1.467500030000e-01
v 9.675000610000e-02 9.626470800000e-01 1.367500130000e-01
v 1.400000150000e-01 9.626470800000e-01 1.360000070000e-01
v 1.400000150000e-01 9.626470800000e-01 1.240000200000e-01
v 1.240000130000e-01 9.626470800000e-01 1.360000070000e-01
v 1.280000210000e-01 9.626470800000e-01 1.240000200000e-01
v 1.160000120000e-01 9.626470800000e-01 1.080000100000e-01
v 1.240000130000e-01 9.626470800000e-01 1.455000040000e-01
v 1.280000210000e-01 9.626470800000e-01 1.080000100000e-01
v 1.160000120000e-01 9.626470800000e-01 1.240000200000e-01
v 1.320000140000e-01 9.626470800000e-01 9.200000760000e-02
v 1.097500100000e-01 9.626470800000e-01 1.435000000000e-01
v 1.097500100000e-01 9.626470800000e-01 7.550001140000e-02
v 1.030000150000e-01 9.626470800000e-01 1.080000100000e-01
v 6.800000370000e-02 9.626470800000e-01 1.240000200000e-01
v 9.600000830000e-02 9.626470800000e-01 8.000000570000e-02
v 9.200000760000e-02 9.626470800000e-01 1.080000100000e-01
v 9.600000830000e-02 9.626470800000e-01 9.200000760000e-02
v 6.800000370000e-02 9.626470800000e-01 1.080000100000e-01
v 1.015000120000e-01 9.626470800000e-01 6.950000670000e-02
v 8.000000570000e-02 9.626470800000e-01 9.200000760000e-02
v 8.000000570000e-02 9.626470800000e-01 1.240000200000e-01
v 8.000000570000e-02 9.626470800000e-01 1.080000100000e-01
v 9.200000760000e-02 9.626470800000e-01 1.240000200000e-01
v 1.240000130000e-01 9.626470800000e-01 7.700000700000e-02
v 1.090000120000e-01 9.626470800000e-01 9.200000760000e-02
v 4.400000720000e-02 9.626470800000e-01 1.240000200000e-01
v 4.100000490000e-02 9.626470800000e-01 1.080000100000e-01
v 5.600000550000e-02 9.626470800000e-01 1.080000100000e-01
v 5.600000550000e-02 9.626470800000e-01 1.240000200000e-01
v 8.000000570000e-02 9.626470800000e-01 8.000000570000e-02
v 7.000000770000e-02 9.626470800000e-01 7.700000700000e-02
v 7.200000440000e-02 9.626470800000e-01 6.800000370000e-02
v 3.950000550000e-02 9.626470800000e-01 1.360000070000e-01
v 3.500000390000e-02 9.626470800000e-01 1.240000200000e-01
v 6.800000370000e-02 9.626470800000e-01 9.200000760000e-02
v 4.400000720000e-02 9.626470800000e-01 9.200000760000e-02
v 8.000000570000e-02 9.626470800000e-01 6.000000240000e-02
v 5.600000550000e-02 9.626470800000e-01 7.700000700000e-02
v 5.600000550000e-02 9.626470800000e-01 9.200000760000e-02
v 8.750000600000e-02 9.626470800000e-01 7.050000880000e-02
v 1.400000150000e-01 9.626470800000e-01 1.719999910000e-01
v 1.380000110000e-01 9.626470800000e-01 1.600000110000e-01
v 1.125000120000e-01 9.626470800000e-01 1.750000120000e-01
v 1.160000120000e-01 9.626470800000e-01 1.600000110000e-01
v 1.400000150000e-01 9.626470800000e-01 1.810000240000e-01
v 1.535000210000e-01 9.626470800000e-01 1.762500110000e-01
v 1.684089450000e-01 9.627056720000e-01 1.728777440000e-01
v 1.537500170000e-01 9.626470800000e-01 1.425000130000e-01
v 1.280000210000e-01 9.626470800000e-01 1.600000110000e-01
v 1.480000170000e-01 9.626470800000e-01 1.560000180000e-01
v 1.400000150000e-01 9.626470800000e-01 1.460000130000e-01
v 1.240000130000e-01 9.626470800000e-01 1.719999910000e-01
v 1.280000210000e-01 9.626470800000e-01 1.865000130000e-01
v 1.584944430000e-01 9.626550080000e-01 1.600027980000e-01
v 1.030000150000e-01 9.626470800000e-01 1.600000110000e-01
v 1.280000210000e-01 9.626470800000e-01 2.040000110000e-01
v 1.160000120000e-01 9.626470800000e-01 2.080000040000e-01
v 1.030000150000e-01 9.626470800000e-01 2.040000110000e-01
v 1.160000120000e-01 9.626470800000e-01 1.960000100000e-01
v 1.160000120000e-01 9.626470800000e-01 1.840000150000e-01
v 1.030000150000e-01 9.626470800000e-01 1.805000160000e-01
v 9.600000830000e-02 9.626470800000e-01 2.160000210000e-01
v 9.200000760000e-02 9.626470800000e-01 2.040000110000e-01
v 8.000000570000e-02 9.626470800000e-01 2.190000120000e-01
v 8.000000570000e-02 9.626470800000e-01 2.040000110000e-01
v 6.800000370000e-02 9.626470800000e-01 2.205000220000e-01
v 1.005000170000e-01 9.626470800000e-01 1.915000080000e-01
v 8.900000150000e-02 9.626470800000e-01 1.865000130000e-01
v 8.000000570000e-02 9.626470800000e-01 1.810000240000e-01
v 9.600000830000e-02 9.626470800000e-01 1.719999910000e-01
v 5.600000170000e-02 9.626470800000e-01 2.190000120000e-01
v 6.800000370000e-02 9.626470800000e-01 2.040000110000e-01
v 3.500000390000e-02 9.626470800000e-01 1.872500180000e-01
v 5.600000550000e-02 9.626470800000e-01 1.960000100000e-01
v 6.800000370000e-02 9.626470800000e-01 1.765000080000e-01
v 3.950000550000e-02 9.626470800000e-01 2.257500290000e-01
v 3.500000390000e-02 9.626470800000e-01 2.040000110000e-01
v 3.350000080000e-02 9.626470800000e-01 2.175000160000e-01
v 4.400000720000e-02 9.626470800000e-01 1.765000080000e-01
v 4.400000720000e-02 9.626470800000e-01 1.960000100000e-01
v 5.600000550000e-02 9.626470800000e-01 1.719999910000e-01
v 5.600000550000e-02 9.626470800000e-01 1.810000240000e-01
v 4.400000720000e-02 9.626470800000e-01 2.120000120000e-01
v 5.600000550000e-02 9.626470800000e-01 2.080000040000e-01
v 7.200000440000e-02 9.626470800000e-01 1.920000170000e-01
v 6.800000370000e-02 9.626470800000e-01 1.600000110000e-01
v 5.850000310000e-02 9.626470800000e-01 1.465000210000e-01
v 5.600000550000e-02 9.626470800000e-01 1.600000110000e-01
v 5.600000550000e-02 9.626470800000e-01 1.360000070000e-01
v 7.200000440000e-02 9.626470800000e-01 1.470000150000e-01
v 8.000000570000e-02 9.626470800000e-01 1.719999910000e-01
v 4.400000720000e-02 9.626470800000e-01 1.600000110000e-01
v 4.600000750000e-02 9.626470800000e-01 1.455000190000e-01
v 3.350000080000e-02 9.626470800000e-01 1.735000010000e-01
v 8.550000190000e-02 9.626470800000e-01 1.470000150000e-01
v 3.200000150000e-02 9.626470800000e-01 1.495000120000e-01
v 7.400000100000e-02 9.626470800000e-01 1.360000070000e-01
v 9.200000760000e-02 9.626470800000e-01 1.600000110000e-01
v 3.500000390000e-02 9.626470800000e-01 1.620000000000e-01
v 8.000000570000e-02 9.626470800000e-01 1.600000110000e-01
v 1.771159020000e-01 9.522693160000e-01 6.602050360000e-02
v 1.772489550000e-01 9.280242320000e-01 6.179916490000e-02
v 1.567499940000e-01 9.626470800000e-01 7.150001820000e-02
v 1.770703940000e-01 9.440001250000e-01 7.200000440000e-02
v 1.718610820000e-01 9.621594550000e-01 8.261992780000e-02
v 1.770703940000e-01 9.360055920000e-01 5.599721890000e-02
v 1.752421560000e-01 9.598256950000e-01 6.707075980000e-02
v 1.762032210000e-01 9.580379130000e-01 5.202107130000e-02
v 1.770703940000e-01 9.402522440000e-01 8.499892060000e-02
v 1.678906830000e-01 9.627033470000e-01 6.596598770000e-02
v 1.770051270000e-01 9.335687160000e-01 7.048660520000e-02
v 1.714472470000e-01 9.623692040000e-01 5.556528270000e-02
v 1.768147950000e-01 9.568531510000e-01 8.103583010000e-02
v 1.771287920000e-01 9.475286600000e-01 5.550573390000e-02
v 1.584888990000e-01 9.626610280000e-01 8.050557230000e-02
v 1.400000150000e-01 9.626470800000e-01 7.700000700000e-02
v 1.545000080000e-01 9.626470800000e-01 1.240000280000e-01
v 1.639777420000e-01 9.626545310000e-01 1.050111500000e-01
v 1.715211720000e-01 9.623613950000e-01 9.714402260000e-02
v 1.689358800000e-01 9.626750950000e-01 1.153992710000e-01
v 1.768078060000e-01 9.565592410000e-01 1.129320190000e-01
v 1.770703940000e-01 9.447488780000e-01 1.005006130000e-01
v 1.739810260000e-01 9.609218840000e-01 1.170000210000e-01
v 1.769345250000e-01 9.566829200000e-01 9.724271300000e-02
v 1.770703940000e-01 9.449976680000e-01 1.120012250000e-01
v 1.639777420000e-01 9.626545310000e-01 1.320111450000e-01
v 1.480000170000e-01 9.626470800000e-01 9.200000760000e-02
v 1.530000270000e-01 9.626470800000e-01 1.080000100000e-01
v 1.604944320000e-01 9.626521470000e-01 9.250280260000e-02
v 1.769627480000e-01 9.562714700000e-01 1.436572820000e-01
v 1.770703940000e-01 9.439995290000e-01 1.690002980000e-01
v 1.772728260000e-01 9.279139040000e-01 1.569435600000e-01
v 1.727602630000e-01 9.619810580000e-01 1.320857550000e-01
v 1.769085080000e-01 9.557824130000e-01 1.284815220000e-01
v 1.770703940000e-01 9.464964270000e-01 1.240018310000e-01
v 1.716390850000e-01 9.623213410000e-01 1.629317250000e-01
v 1.768420040000e-01 9.568742510000e-01 1.701020300000e-01
v 1.675859990000e-01 9.627121090000e-01 1.474810690000e-01
v 1.770703940000e-01 9.402522440000e-01 1.544989200000e-01
v 1.770703940000e-01 9.447488780000e-01 1.395006180000e-01
v 1.770703940000e-01 9.360055920000e-01 1.679972260000e-01
v 1.768628060000e-01 9.568527340000e-01 1.580674500000e-01
v 1.770703940000e-01 9.360055920000e-01 1.399972290000e-01
v 1.730658560000e-01 9.617082480000e-01 1.451681410000e-01
v 1.240000130000e-01 9.626470800000e-01 4.400000720000e-02
v 8.000000570000e-02 9.626470800000e-01 4.800000410000e-02
v 8.574999870000e-02 9.626470800000e-01 2.950000200000e-02
v 1.125000120000e-01 9.626470800000e-01 4.800000410000e-02
v 7.800000910000e-02 9.626470800000e-01 3.350000080000e-02
v 1.400000150000e-01 9.626470800000e-01 5.600000170000e-02
v 1.535000210000e-01 9.626470800000e-01 6.150000170000e-02
v 9.200000760000e-02 9.626470800000e-01 5.600000170000e-02
v 9.600000830000e-02 9.626470800000e-01 4.025000330000e-02
v 1.160000120000e-01 9.626470800000e-01 6.000000240000e-02
v 1.030000150000e-01 9.626470800000e-01 5.600000170000e-02
v 1.400000150000e-01 9.626470800000e-01 6.800000370000e-02
v 1.240000130000e-01 9.626470800000e-01 6.800000370000e-02
v 1.400000150000e-01 9.626470800000e-01 4.400000720000e-02
v 1.280000210000e-01 9.626470800000e-01 5.600000170000e-02
v 1.260000170000e-01 9.626470800000e-01 3.350000080000e-02
v 1.320000140000e-01 9.626470800000e-01 1.600000260000e-02
v 9.575000410000e-02 9.626470800000e-01 4.000000660000e-03
v 1.220000090000e-01 9.626470800000e-01 9.000001480000e-03
v 8.800000700000e-02 9.626470800000e-01 1.600000260000e-02
v 1.180000080000e-01 9.626470800000e-01 2.900000290000e-02
v 1.105000080000e-01 9.626470800000e-01 9.000001480000e-03
v 1.090000120000e-01 9.626470800000e-01 3.500000390000e-02
v 1.160000120000e-01 9.626470800000e-01 2.000000330000e-02
v 1.030000150000e-01 9.626470800000e-01 1.600000260000e-02
v 1.240000130000e-01 9.626470800000e-01 -1.164153220000e-10
v 1.400000150000e-01 9.626470800000e-01 3.000000490000e-03
v 9.850001340000e-02 9.626470800000e-01 2.750000360000e-02
v 1.125000120000e-01 9.626470800000e-01 -3.000000490000e-03
v 1.801710580000e-01 9.235075710000e-01 1.007135400000e-02
v 1.773644240000e-01 9.272785190000e-01 1.162350740000e-02
v 1.772801280000e-01 9.278827910000e-01 2.697314690000e-02
v 1.773066070000e-01 9.277778270000e-01 4.586285730000e-02
v 1.769200860000e-01 9.566681390000e-01 -5.754742310000e-03
v 1.770703940000e-01 9.440001250000e-01 -4.000000660000e-03
v 1.770050380000e-01 9.557472470000e-01 1.284509340000e-02
v 1.770442430000e-01 9.290925860000e-01 3.335328540000e-03
v 1.769345250000e-01 9.566829200000e-01 2.760125700000e-02
v 1.770703940000e-01 9.412509200000e-01 1.124956650000e-02
v 1.770703940000e-01 9.400028590000e-01 2.399861070000e-02
v 1.770051270000e-01 9.335687160000e-01 3.448660300000e-02
v 1.770703940000e-01 9.444988970000e-01 3.500060740000e-02
v 1.767306770000e-01 9.570222500000e-01 4.026088490000e-02
v 1.770703940000e-01 9.405016300000e-01 4.399922120000e-02
v 1.739810560000e-01 9.609218840000e-01 9.000003340000e-03
v 1.689953360000e-01 9.626623390000e-01 5.270224940000e-05
v 1.715212320000e-01 9.623613950000e-01 -1.224095090000e-02
v 1.420000200000e-01 9.626470800000e-01 2.300000190000e-02
v 1.400000150000e-01 9.626470800000e-01 3.500000390000e-02
v 1.559999880000e-01 9.626470800000e-01 4.950001090000e-02
v 1.609888820000e-01 9.626563790000e-01 3.800557930000e-02
v 1.559999880000e-01 9.626470800000e-01 -1.999989150000e-03
v 1.614888760000e-01 9.626554250000e-01 1.850557700000e-02
v 1.668688060000e-01 9.627432230000e-01 9.974543940000e-03
v 1.525000040000e-01 9.626470800000e-01 2.350000290000e-02
v 1.714472030000e-01 9.623692040000e-01 4.126173630000e-02
v 1.480000170000e-01 9.626470800000e-01 1.200000100000e-02
v 1.717015800000e-01 9.622153640000e-01 2.526200940000e-02
v 1.587388960000e-01 9.626578090000e-01 3.075557020000e-02
v 4.455349590000e-02 9.627174740000e-01 2.997532780000e-01
v 1.701391300000e-02 9.276717900000e-01 3.097838760000e-01
v 3.212376680000e-02 9.277912380000e-01 3.097575010000e-01
v 5.012377720000e-02 9.277911780000e-01 3.097575010000e-01
v 1.848461110000e-02 9.571700100000e-01 3.090234990000e-01
v 4.450901230000e-02 9.570683840000e-01 3.091264960000e-01
v 3.325324130000e-02 9.567155840000e-01 3.091540040000e-01
v 2.275125500000e-02 9.382525680000e-01 3.095909060000e-01
v 2.399533610000e-02 9.479907160000e-01 3.095909060000e-01
v 6.193755940000e-02 9.566527610000e-01 3.093114500000e-01
v 5.699983980000e-02 9.404997230000e-01 3.095909060000e-01
v 3.065255100000e-02 9.620061520000e-01 3.045287730000e-01
v 3.899984060000e-02 9.404997230000e-01 3.095909060000e-01
v 4.799533640000e-02 9.479907160000e-01 3.095909060000e-01
v 5.196576570000e-02 9.613992570000e-01 3.051863610000e-01
v -3.997997380000e-03 9.360040430000e-01 3.095909060000e-01
v 8.480750960000e-03 9.500670430000e-01 3.096918760000e-01
v -3.600369770000e-02 9.581069350000e-01 3.084261420000e-01
v -8.003691210000e-03 9.581069350000e-01 3.084261720000e-01
v -4.751167260000e-03 9.439977410000e-01 3.095909060000e-01
v -1.028265900000e-02 9.527609940000e-01 3.096395730000e-01
v -1.608382170000e-02 9.622454050000e-01 3.036870360000e-01
v -2.649958430000e-02 9.402508740000e-01 3.095909060000e-01
v -2.529759890000e-02 9.565664530000e-01 3.093475100000e-01
v -4.796774130000e-03 9.277144670000e-01 3.097738920000e-01
v -3.294388580000e-02 9.622088070000e-01 3.037848770000e-01
v 1.877909410000e-03 9.602043030000e-01 3.071872890000e-01
v -1.649899970000e-02 9.400020840000e-01 3.095909060000e-01
v -2.693877740000e-02 9.277144070000e-01 3.097738920000e-01
v 9.509698490000e-03 9.338152410000e-01 3.095321060000e-01
v -1.199451550000e-02 9.626520280000e-01 2.929890750000e-01
v 2.000000330000e-02 9.626470800000e-01 2.800000310000e-01
v -3.957308360000e-03 9.627090100000e-01 3.006744980000e-01
v 4.005487080000e-03 9.626520280000e-01 2.929890750000e-01
v 1.283652710000e-02 9.622979160000e-01 3.035279510000e-01
v -2.398902920000e-02 9.626510740000e-01 2.959780990000e-01
v 3.200000150000e-02 9.626470800000e-01 2.714999910000e-01
v 3.950000550000e-02 9.626470800000e-01 2.862500550000e-01
v -3.999451920000e-02 9.626537560000e-01 2.929890750000e-01
v -2.850000190000e-02 9.626470800000e-01 2.862500550000e-01
v -4.800000790000e-02 9.626470800000e-01 2.800000310000e-01
v 2.800548820000e-02 9.626537560000e-01 2.929890750000e-01
v 1.450823250000e-02 9.626523260000e-01 2.944836020000e-01
v 4.000000660000e-03 9.626470800000e-01 2.800000310000e-01
v -6.849999730000e-02 9.626470800000e-01 2.382499870000e-01
v -3.300000350000e-02 9.626470800000e-01 2.389999930000e-01
v -5.875000360000e-02 9.626470800000e-01 2.045000200000e-01
v -6.100000440000e-02 9.626470800000e-01 2.265000190000e-01
v -8.400000630000e-02 9.626470800000e-01 2.320000080000e-01
v -8.000000570000e-02 9.626470800000e-01 2.190000120000e-01
v -3.375000510000e-02 9.626470800000e-01 2.220000180000e-01
v -5.600000550000e-02 9.626470800000e-01 2.480000110000e-01
v -7.250000540000e-02 9.626470800000e-01 2.080000040000e-01
v -6.400000300000e-02 9.626470800000e-01 2.175000160000e-01
v -7.299999890000e-02 9.626470800000e-01 2.265000190000e-01
v -5.000000820000e-02 9.626470800000e-01 2.250000240000e-01
v -4.800000790000e-02 9.626470800000e-01 2.120000120000e-01
v -5.150000750000e-02 9.626470800000e-01 2.397499980000e-01
v -4.400000720000e-02 9.626470800000e-01 2.320000080000e-01
v -1.200000200000e-02 9.626470800000e-01 1.960000100000e-01
v 4.000000660000e-03 9.626470800000e-01 1.600000110000e-01
v -2.400000210000e-02 9.626470800000e-01 2.040000110000e-01
v 2.000000330000e-02 9.626470800000e-01 1.600000110000e-01
v -1.200000200000e-02 9.626470800000e-01 1.719999910000e-01
v -2.400000210000e-02 9.626470800000e-01 1.865000130000e-01
v -4.800000790000e-02 9.626470800000e-01 1.920000170000e-01
v -3.300000350000e-02 9.626470800000e-01 1.872500180000e-01
v 4.000000660000e-03 9.626470800000e-01 1.880000230000e-01
v 2.000000330000e-03 9.626470800000e-01 1.750000120000e-01
v 1.200000200000e-02 9.626470800000e-01 1.719999910000e-01
v 2.200000360000e-02 9.626470800000e-01 1.750000120000e-01
v -3.300000350000e-02 9.626470800000e-01 2.060000000000e-01
v -4.000000660000e-02 9.626470800000e-01 2.000000180000e-01
v -1.200000200000e-02 9.626470800000e-01 1.810000240000e-01
v 2.000000330000e-02 9.626470800000e-01 2.560000420000e-01
v 2.000000330000e-02 9.626470800000e-01 2.450000050000e-01
v -4.800000790000e-02 9.626470800000e-01 2.560000420000e-01
v -3.000000310000e-02 9.626470800000e-01 2.735000250000e-01
v -4.800000790000e-02 9.626470800000e-01 2.669999900000e-01
v -3.450000290000e-02 9.626470800000e-01 2.590000330000e-01
v -4.000000660000e-02 9.626470800000e-01 2.480000110000e-01
v 4.000000660000e-03 9.626470800000e-01 2.669999900000e-01
v -1.200000200000e-02 9.626470800000e-01 2.800000310000e-01
v -1.200000200000e-02 9.626470800000e-01 2.669999900000e-01
v -2.650000150000e-02 9.626470800000e-01 2.495000060000e-01
v -1.850000210000e-02 9.626470800000e-01 2.580000160000e-01
v 2.000000330000e-02 9.626470800000e-01 2.669999900000e-01
v 2.250000370000e-03 9.626470800000e-01 2.560000420000e-01
v 3.500000390000e-02 9.626470800000e-01 2.512500290000e-01
v 2.000000330000e-02 9.626470800000e-01 1.880000230000e-01
v -2.000000330000e-02 9.626470800000e-01 2.355000080000e-01
v -1.200000200000e-02 9.626470800000e-01 2.450000050000e-01
v -1.200000200000e-02 9.626470800000e-01 2.080000040000e-01
v -2.400000210000e-02 9.626470800000e-01 2.205000220000e-01
v -4.000000660000e-03 9.626470800000e-01 2.320000080000e-01
v 4.000000660000e-03 9.626470800000e-01 2.450000050000e-01
v 2.000000330000e-03 9.626470800000e-01 2.040000110000e-01
v -1.200000200000e-02 9.626470800000e-01 2.190000120000e-01
v 4.000000660000e-03 9.626470800000e-01 2.190000120000e-01
v 2.000000330000e-02 9.626470800000e-01 2.320000080000e-01
v 8.000001310000e-03 9.626470800000e-01 2.320000080000e-01
v 1.200000200000e-02 9.626470800000e-01 2.080000040000e-01
v 2.200000360000e-02 9.626470800000e-01 2.040000110000e-01
v 2.000000330000e-02 9.626470800000e-01 2.190000120000e-01
v -1.040000100000e-01 9.626470800000e-01 2.320000080000e-01
v -8.700001240000e-02 9.626470800000e-01 2.100000080000e-01
v -1.000000090000e-01 9.626470800000e-01 2.190000120000e-01
v -1.160000120000e-01 9.626470800000e-01 2.250000240000e-01
v -1.160000120000e-01 9.626470800000e-01 2.520000340000e-01
v -1.000000090000e-01 9.626470800000e-01 2.450000050000e-01
v -1.160000120000e-01 9.626470800000e-01 2.669999900000e-01
v -9.300000970000e-02 9.626470800000e-01 2.655000090000e-01
v -1.000000090000e-01 9.626470800000e-01 2.730000020000e-01
v -1.160000120000e-01 9.626470800000e-01 2.389999930000e-01
v -1.040000100000e-01 9.626470800000e-01 2.600000200000e-01
v -1.280000060000e-01 9.626470800000e-01 2.600000200000e-01
v -1.319999990000e-01 9.626470800000e-01 2.520000340000e-01
v -9.300000970000e-02 9.626470800000e-01 2.320000080000e-01
v -9.300000970000e-02 9.626470800000e-01 2.540000380000e-01
v -1.691677570000e-01 9.626454710000e-01 2.183810030000e-01
v -1.564943940000e-01 9.626664520000e-01 2.079971580000e-01
v -1.599887460000e-01 9.626675840000e-01 2.259943340000e-01
v -1.559999730000e-01 9.626470800000e-01 2.379999760000e-01
v -1.400000150000e-01 9.626470800000e-01 2.480000110000e-01
v -1.420000200000e-01 9.626470800000e-01 2.389999930000e-01
v -1.319999990000e-01 9.626470800000e-01 2.355000080000e-01
v -1.299999950000e-01 9.626470800000e-01 2.250000240000e-01
v -1.545000230000e-01 9.626470800000e-01 2.175000160000e-01
v -1.475000230000e-01 9.626470800000e-01 2.560000420000e-01
v -1.689553560000e-01 9.626505370000e-01 2.479437740000e-01
v -1.465000210000e-01 9.626470800000e-01 2.265000190000e-01
v -1.435000000000e-01 9.626470800000e-01 2.160000210000e-01
v -1.727166320000e-01 9.620285030000e-01 2.311603580000e-01
v -1.609886880000e-01 9.626598360000e-01 2.579943240000e-01
v -1.559999730000e-01 9.626470800000e-01 2.479999960000e-01
v -1.435000150000e-01 9.626470800000e-01 2.840000390000e-01
v -1.420000200000e-01 9.626470800000e-01 2.680000070000e-01
v -1.319945160000e-01 9.626537560000e-01 2.929890750000e-01
v -1.532500240000e-01 9.626470800000e-01 2.687500120000e-01
v -1.319999990000e-01 9.626470800000e-01 2.730000020000e-01
v -1.551500110000e-01 9.626491070000e-01 2.833991940000e-01
v -1.319999990000e-01 9.626470800000e-01 2.840000390000e-01
v -1.615157130000e-01 9.625853300000e-01 2.907715440000e-01
v -1.680813580000e-01 9.627200960000e-01 2.789572780000e-01
v -1.685855540000e-01 9.626908300000e-01 2.659929690000e-01
v -1.477401260000e-01 9.626545310000e-01 2.947363260000e-01
v -1.735073630000e-01 9.611595270000e-01 2.519379260000e-01
v -1.740808640000e-01 9.607872960000e-01 2.764724200000e-01
v -1.735139040000e-01 9.608769420000e-01 2.922372820000e-01
v -1.160000120000e-01 9.626470800000e-01 2.800000310000e-01
v -1.399172540000e-01 9.622521400000e-01 3.036600050000e-01
v -1.631720960000e-01 9.250954390000e-01 3.065571490000e-01
v -1.345023510000e-01 9.454953670000e-01 3.095909060000e-01
v -1.399980190000e-01 9.360040430000e-01 3.095909060000e-01
v -1.455034910000e-01 9.464930890000e-01 3.095909060000e-01
v -1.599795820000e-01 9.507388470000e-01 3.094334600000e-01
v -1.444739100000e-01 9.572299720000e-01 3.090625110000e-01
v -1.577410700000e-01 9.619123340000e-01 3.048394020000e-01
v -1.671632530000e-01 9.533394580000e-01 2.985808850000e-01
v -1.378762130000e-01 9.277912380000e-01 3.097575010000e-01
v -1.564488860000e-01 9.281747340000e-01 3.097457590000e-01
v -1.645743250000e-01 9.427560570000e-01 3.037202060000e-01
v -1.633196030000e-01 9.562267660000e-01 3.056438570000e-01
v -1.635425390000e-01 9.606963990000e-01 2.965574260000e-01
v -1.587893220000e-01 9.374184010000e-01 3.095430730000e-01
v -1.219237520000e-01 9.626151320000e-01 3.016916220000e-01
v -1.198762430000e-01 9.277911780000e-01 3.097575010000e-01
v -9.987623990000e-02 9.277911780000e-01 3.097575010000e-01
v -1.160279960000e-01 9.526138310000e-01 3.096413910000e-01
v -1.144990100000e-01 9.400020840000e-01 3.095909060000e-01
v -1.020256730000e-01 9.520072340000e-01 3.096692260000e-01
v -1.054985080000e-01 9.375030400000e-01 3.095909060000e-01
v -1.111233310000e-01 9.600553510000e-01 3.072596190000e-01
v -9.600017220000e-02 9.404997230000e-01 3.095909060000e-01
v -9.600371120000e-02 9.581069350000e-01 3.084261420000e-01
v -1.159945280000e-01 9.626537560000e-01 2.929890750000e-01
v -1.020838540000e-01 9.622454050000e-01 3.036869760000e-01
v -1.299007090000e-01 9.548854830000e-01 3.095491530000e-01
v -1.254990100000e-01 9.400020840000e-01 3.095909060000e-01
v -1.231441720000e-01 9.597435590000e-01 3.075522780000e-01
v -4.906948280000e-02 9.570580720000e-01 3.091053070000e-01
v -7.987622170000e-02 9.277912380000e-01 3.097575010000e-01
v -6.902235750000e-02 9.234399200000e-01 3.119833770000e-01
v -6.187622250000e-02 9.277911780000e-01 3.097575010000e-01
v -5.599799750000e-02 9.360040430000e-01 3.095909060000e-01
v -4.800233990000e-02 9.449954030000e-01 3.095909060000e-01
v -3.800017010000e-02 9.404997230000e-01 3.095909060000e-01
v -8.649849890000e-02 9.375030400000e-01 3.095909060000e-01
v -8.802567420000e-02 9.511715170000e-01 3.096675280000e-01
v -7.891994710000e-02 9.569225910000e-01 3.091417550000e-01
v -7.199849930000e-02 9.375030400000e-01 3.095909060000e-01
v -7.600467650000e-02 9.479907750000e-01 3.095909060000e-01
v -6.181930380000e-02 9.550678130000e-01 3.095215560000e-01
v -6.200116870000e-02 9.444977640000e-01 3.095909060000e-01
v -4.472702000000e-02 9.279203410000e-01 3.097339270000e-01
v -8.000000570000e-02 9.626470800000e-01 2.450000050000e-01
v -5.197602510000e-02 9.622454050000e-01 3.036870360000e-01
v -5.349177870000e-02 9.626523260000e-01 2.944836020000e-01
v -8.700001240000e-02 9.626470800000e-01 2.800000310000e-01
v -7.275000210000e-02 9.626470800000e-01 2.807500360000e-01
v -8.400000630000e-02 9.626470800000e-01 2.615000010000e-01
v -6.125000490000e-02 9.626470800000e-01 2.812500300000e-01
v -8.676348630000e-02 9.625380040000e-01 3.029633760000e-01
v -7.375000420000e-02 9.626470800000e-01 2.615000010000e-01
v -6.450000410000e-02 9.626470800000e-01 2.520000340000e-01
v -7.999451460000e-02 9.626520280000e-01 2.929890750000e-01
v -6.883400680000e-02 9.619506000000e-01 3.048596380000e-01
v -6.799177080000e-02 9.626526830000e-01 2.944836020000e-01
v -9.924452010000e-02 9.626532200000e-01 2.929890750000e-01
v -1.000000090000e-01 9.626470800000e-01 2.840000390000e-01
v -6.425000730000e-02 9.626470800000e-01 2.655000090000e-01
v -2.850000190000e-02 9.626470800000e-01 3.200000520000e-02
v -3.300000350000e-02 9.626470800000e-01 5.900000040000e-02
v -3.600000590000e-02 9.626470800000e-01 4.800000410000e-02
v -4.400000720000e-02 9.626470800000e-01 7.250000540000e-02
v -2.550000320000e-02 9.626470800000e-01 4.250000420000e-02
v -5.475000660000e-02 9.626470800000e-01 7.524999980000e-02
v -4.800000790000e-02 9.626470800000e-01 1.040000100000e-01
v -3.300000350000e-02 9.626470800000e-01 9.200000760000e-02
v -3.600000590000e-02 9.626470800000e-01 7.600000500000e-02
v -2.000000330000e-02 9.626470800000e-01 5.600000170000e-02
v -2.575000190000e-02 9.626470800000e-01 7.400000100000e-02
v -4.800000790000e-02 9.626470800000e-01 5.600000170000e-02
v -4.800000790000e-02 9.626470800000e-01 4.100000490000e-02
v -4.800000790000e-02 9.626470800000e-01 9.200000760000e-02
v -6.250000000000e-02 9.626470800000e-01 4.800000410000e-02
v -7.725000380000e-02 9.626470800000e-01 4.225000740000e-02
v -8.650001140000e-02 9.626470800000e-01 3.125000370000e-02
v -4.800000790000e-02 9.626470800000e-01 2.900000290000e-02
v -7.250000540000e-02 9.626470800000e-01 3.200000520000e-02
v -8.000000570000e-02 9.626470800000e-01 2.000000330000e-02
v -9.750001130000e-02 9.626470800000e-01 4.250000420000e-02
v -6.300000100000e-02 9.626470800000e-01 1.350000130000e-02
v -7.925000790000e-02 9.626470800000e-01 8.500001390000e-03
v -6.550000610000e-02 9.626470800000e-01 2.250000280000e-02
v -9.300000970000e-02 9.626470800000e-01 1.600000260000e-02
v -6.150000540000e-02 9.626470800000e-01 3.350000080000e-02
v -9.925000370000e-02 9.626470800000e-01 2.900000290000e-02
v -1.040000100000e-01 9.626470800000e-01 1.600000260000e-02
v -1.120000180000e-01 9.626470800000e-01 3.200000150000e-02
v -1.325000080000e-01 9.626470800000e-01 5.875000360000e-02
v -9.925000370000e-02 9.626470800000e-01 7.700000700000e-02
v -9.850001340000e-02 9.626470800000e-01 6.800000370000e-02
v -7.025000450000e-02 9.626470800000e-01 7.650000600000e-02
v -7.850000260000e-02 9.626470800000e-01 6.800000370000e-02
v -9.300000970000e-02 9.626470800000e-01 5.600000170000e-02
v -6.250000000000e-02 9.626470800000e-01 6.175000220000e-02
v -1.280000060000e-01 9.626470800000e-01 4.800000410000e-02
v -1.040000100000e-01 9.626470800000e-01 5.600000170000e-02
v -1.160000120000e-01 9.626470800000e-01 5.600000170000e-02
v -1.280000060000e-01 9.626470800000e-01 7.575000820000e-02
v -8.000000570000e-02 9.626470800000e-01 5.600000170000e-02
v -1.160000120000e-01 9.626470800000e-01 6.800000370000e-02
v -1.160000120000e-01 9.626470800000e-01 7.700000700000e-02
v -1.200000050000e-01 9.626470800000e-01 4.100000490000e-02
v -8.550000940000e-02 9.626470800000e-01 7.850000260000e-02
v -6.000000980000e-03 9.626470800000e-01 7.500001230000e-03
v 1.200000200000e-02 9.626470800000e-01 4.400000720000e-02
v 1.200000200000e-02 9.626470800000e-01 5.600000170000e-02
v 2.200000360000e-02 9.626470800000e-01 4.100000490000e-02
v 1.200000200000e-02 9.626470800000e-01 1.600000260000e-02
v 2.000000330000e-02 9.626470800000e-01 2.900000290000e-02
v 4.000000660000e-03 9.626470800000e-01 3.500000390000e-02
v 2.000000330000e-03 9.626470800000e-01 2.300000190000e-02
v 1.164153220000e-10 9.626470800000e-01 4.800000410000e-02
v 2.875000240000e-02 9.626470800000e-01 9.000001480000e-03
v -4.500000740000e-03 9.626470800000e-01 5.875000360000e-02
v -1.200000200000e-02 9.626470800000e-01 2.900000290000e-02
v 2.800000090000e-02 9.626470800000e-01 2.000000330000e-02
v -1.200000200000e-02 9.626470800000e-01 1.600000260000e-02
v -1.200000200000e-02 9.626470800000e-01 4.100000490000e-02
v 3.350000080000e-02 9.626470800000e-01 2.900000290000e-02
v 6.800000370000e-02 9.626470800000e-01 5.600000170000e-02
v 5.800000580000e-02 9.626470800000e-01 4.300000520000e-02
v 3.400000180000e-02 9.626470800000e-01 6.225000320000e-02
v 4.325000570000e-02 9.626470800000e-01 7.524999980000e-02
v 7.200000440000e-02 9.626470800000e-01 2.050000240000e-02
v 7.200000440000e-02 9.626470800000e-01 8.500001390000e-03
v 3.425000240000e-02 9.626470800000e-01 4.550000280000e-02
v 5.600000550000e-02 9.626470800000e-01 2.000000330000e-02
v 5.600000550000e-02 9.626470800000e-01 2.900000290000e-02
v 4.250000420000e-02 9.626470800000e-01 3.200000520000e-02
v 6.800000370000e-02 9.626470800000e-01 3.850000350000e-02
v 4.100000490000e-02 9.626470800000e-01 1.600000260000e-02
v 5.200000850000e-02 9.626470800000e-01 9.000001480000e-03
v 4.800000790000e-02 9.626470800000e-01 4.600000380000e-02
v 4.400000720000e-02 9.626470800000e-01 5.600000170000e-02
v 5.600000550000e-02 9.626470800000e-01 6.400000300000e-02
v -3.300000350000e-02 9.626470800000e-01 1.060000060000e-01
v -4.000000660000e-03 9.626470800000e-01 1.320000140000e-01
v 4.000000660000e-03 9.626470800000e-01 1.200000200000e-01
v 2.075000110000e-02 9.626470800000e-01 1.435000150000e-01
v -1.200000200000e-02 9.626470800000e-01 1.160000120000e-01
v -1.600000260000e-02 9.626470800000e-01 1.320000140000e-01
v 4.000000660000e-03 9.626470800000e-01 1.470000150000e-01
v 2.200000360000e-02 9.626470800000e-01 1.240000200000e-01
v -2.700000260000e-02 9.626470800000e-01 1.240000200000e-01
v 1.164153220000e-10 9.626470800000e-01 1.080000100000e-01
v -2.400000210000e-02 9.626470800000e-01 1.080000100000e-01
v 1.200000200000e-02 9.626470800000e-01 1.320000140000e-01
v -1.200000200000e-02 9.626470800000e-01 1.040000100000e-01
v -4.000000660000e-02 9.626470800000e-01 1.160000120000e-01
v -1.200000200000e-02 9.626470800000e-01 1.470000150000e-01
v 2.000000330000e-02 9.626470800000e-01 6.800000370000e-02
v 2.200000360000e-02 9.626470800000e-01 7.700000700000e-02
v 1.200000200000e-02 9.626470800000e-01 1.080000100000e-01
v -1.200000200000e-02 9.626470800000e-01 9.200000760000e-02
v 2.400000210000e-02 9.626470800000e-01 5.600000170000e-02
v -2.400000210000e-02 9.626470800000e-01 9.200000760000e-02
v 2.000000330000e-02 9.626470800000e-01 9.200000760000e-02
v 3.350000080000e-02 9.626470800000e-01 7.600000500000e-02
v 2.800000090000e-02 9.626470800000e-01 1.080000100000e-01
v 6.000000980000e-03 9.626470800000e-01 8.000000570000e-02
v 3.500000390000e-02 9.626470800000e-01 9.200000760000e-02
v 4.000000660000e-03 9.626470800000e-01 9.200000760000e-02
v -1.200000200000e-02 9.626470800000e-01 6.800000370000e-02
v 5.750000940000e-03 9.626470800000e-01 7.050000880000e-02
v -1.200000200000e-02 9.626470800000e-01 7.700000700000e-02
v -6.475000080000e-02 9.626470800000e-01 1.075000090000e-01
v -6.100000440000e-02 9.626470800000e-01 1.240000200000e-01
v -9.300000970000e-02 9.626470800000e-01 9.200000760000e-02
v -9.450000520000e-02 9.626470800000e-01 1.375000180000e-01
v -7.850000260000e-02 9.626470800000e-01 1.360000070000e-01
v -9.300000970000e-02 9.626470800000e-01 1.240000200000e-01
v -5.600000550000e-02 9.626470800000e-01 1.120000110000e-01
v -8.400000630000e-02 9.626470800000e-01 1.240000200000e-01
v -7.299999890000e-02 9.626470800000e-01 9.200000760000e-02
v -8.400000630000e-02 9.626470800000e-01 9.200000760000e-02
v -5.200000850000e-02 9.626470800000e-01 1.240000200000e-01
v -6.100000440000e-02 9.626470800000e-01 9.200000760000e-02
v -8.700001240000e-02 9.626470800000e-01 1.060000060000e-01
v -8.000000570000e-02 9.626470800000e-01 1.120000110000e-01
v -7.250000540000e-02 9.626470800000e-01 1.040000100000e-01
v -7.299999890000e-02 9.626470800000e-01 1.240000200000e-01
v -9.300000970000e-02 9.626470800000e-01 1.600000110000e-01
v -8.850000800000e-02 9.626470800000e-01 1.467500030000e-01
v -1.040000100000e-01 9.626470800000e-01 1.600000110000e-01
v -9.850001340000e-02 9.626470800000e-01 1.719999910000e-01
v -7.850000260000e-02 9.626470800000e-01 1.719999910000e-01
v -7.375000420000e-02 9.626470800000e-01 1.865000130000e-01
v -7.025000450000e-02 9.626470800000e-01 1.462500100000e-01
v -7.299999890000e-02 9.626470800000e-01 1.600000110000e-01
v -8.400000630000e-02 9.626470800000e-01 1.600000110000e-01
v -9.300000970000e-02 9.626470800000e-01 1.940000060000e-01
v -8.000000570000e-02 9.626470800000e-01 2.000000180000e-01
v -8.400000630000e-02 9.626470800000e-01 1.865000130000e-01
v -6.450000410000e-02 9.626470800000e-01 1.960000100000e-01
v -9.750001130000e-02 9.626470800000e-01 1.817500290000e-01
v -4.800000790000e-02 9.626470800000e-01 1.530000120000e-01
v -3.300000350000e-02 9.626470800000e-01 1.465000210000e-01
v -4.400000720000e-02 9.626470800000e-01 1.400000150000e-01
v -3.300000350000e-02 9.626470800000e-01 1.600000110000e-01
v -5.650000650000e-02 9.626470800000e-01 1.360000070000e-01
v -6.425000730000e-02 9.626470800000e-01 1.825000200000e-01
v -6.100000440000e-02 9.626470800000e-01 1.719999910000e-01
v -4.800000790000e-02 9.626470800000e-01 1.810000240000e-01
v -4.800000790000e-02 9.626470800000e-01 1.679999980000e-01
v -3.650000690000e-02 9.626470800000e-01 1.320000140000e-01
v -5.550000820000e-02 9.626470800000e-01 1.445000170000e-01
v -1.200000200000e-02 9.626470800000e-01 1.600000110000e-01
v -2.400000210000e-02 9.626470800000e-01 1.600000110000e-01
v -2.400000210000e-02 9.626470800000e-01 1.410000030000e-01
v -6.100000440000e-02 9.626470800000e-01 1.600000110000e-01
v -2.925000340000e-02 9.626470800000e-01 1.727499960000e-01
v -1.299999950000e-01 9.626470800000e-01 1.750000120000e-01
v -1.435000000000e-01 9.626470800000e-01 1.840000150000e-01
v -1.400000150000e-01 9.626470800000e-01 1.719999910000e-01
v -1.040000100000e-01 9.626470800000e-01 1.960000100000e-01
v -1.160000120000e-01 9.626470800000e-01 2.120000120000e-01
v -1.000000090000e-01 9.626470800000e-01 2.060000000000e-01
v -1.319999990000e-01 9.626470800000e-01 2.140000160000e-01
v -1.280000060000e-01 9.626470800000e-01 2.040000110000e-01
v -1.455000040000e-01 9.626470800000e-01 2.000000180000e-01
v -1.319999990000e-01 9.626470800000e-01 1.940000060000e-01
v -1.160000120000e-01 9.626470800000e-01 1.719999910000e-01
v -1.319999990000e-01 9.626470800000e-01 1.840000150000e-01
v -1.160000120000e-01 9.626470800000e-01 1.960000100000e-01
v -1.160000120000e-01 9.626470800000e-01 1.810000240000e-01
v -1.715655030000e-01 9.622274040000e-01 1.257423010000e-01
v -1.639773550000e-01 9.626573320000e-01 1.239886580000e-01
v -1.723941860000e-01 9.618839620000e-01 1.502325390000e-01
v -1.682626750000e-01 9.627014990000e-01 1.907373520000e-01
v -1.530000270000e-01 9.626470800000e-01 1.915000080000e-01
v -1.599887160000e-01 9.626623990000e-01 1.999943410000e-01
v -1.689553560000e-01 9.626505370000e-01 1.539203670000e-01
v -1.629830150000e-01 9.626585840000e-01 1.399914770000e-01
v -1.532500240000e-01 9.626470800000e-01 1.805000160000e-01
v -1.535000210000e-01 9.626470800000e-01 1.655000000000e-01
v -1.609943060000e-01 9.626533990000e-01 1.559971270000e-01
v -1.716121440000e-01 9.623153810000e-01 1.699129940000e-01
v -1.716052740000e-01 9.623428580000e-01 1.838175650000e-01
v -1.619886610000e-01 9.626572730000e-01 1.729943160000e-01
v -1.733426300000e-01 9.614816310000e-01 2.069905550000e-01
v -1.160000120000e-01 9.626470800000e-01 1.240000200000e-01
v -1.319999990000e-01 9.626470800000e-01 1.600000110000e-01
v -1.000000090000e-01 9.626470800000e-01 1.080000100000e-01
v -1.040000100000e-01 9.626470800000e-01 1.240000200000e-01
v -1.160000120000e-01 9.626470800000e-01 1.360000070000e-01
v -1.280000060000e-01 9.626470800000e-01 1.410000030000e-01
v -1.160000120000e-01 9.626470800000e-01 1.450000110000e-01
v -1.160000120000e-01 9.626470800000e-01 1.600000110000e-01
v -1.040000100000e-01 9.626470800000e-01 1.410000030000e-01
v -1.400000150000e-01 9.626470800000e-01 1.475000080000e-01
v -1.400000150000e-01 9.626470800000e-01 1.360000070000e-01
v -1.480000170000e-01 9.626470800000e-01 1.585000160000e-01
v -1.527500150000e-01 9.626470800000e-01 1.405000090000e-01
v -1.280000060000e-01 9.626470800000e-01 1.240000200000e-01
v -1.410000030000e-01 9.626470800000e-01 1.280000210000e-01
v -1.160000120000e-01 9.626470800000e-01 1.120000110000e-01
v -1.510000230000e-01 9.626470800000e-01 9.200000760000e-02
v -1.400000150000e-01 9.626470800000e-01 7.700000700000e-02
v -1.614886820000e-01 9.626585250000e-01 1.079943180000e-01
v -1.425000130000e-01 9.626470800000e-01 9.750001130000e-02
v -1.319999990000e-01 9.626470800000e-01 8.800001440000e-02
v -1.275000130000e-01 9.626470800000e-01 9.600000830000e-02
v -1.520000100000e-01 9.626470800000e-01 1.080000100000e-01
v -1.400000150000e-01 9.626470800000e-01 1.085000110000e-01
v -1.400000150000e-01 9.626470800000e-01 1.200000200000e-01
v -1.260000020000e-01 9.626470800000e-01 1.080000100000e-01
v -1.545000230000e-01 9.626470800000e-01 1.240000200000e-01
v -1.160000120000e-01 9.626470800000e-01 8.800001440000e-02
v -1.120000180000e-01 9.626470800000e-01 1.000000090000e-01
v -1.040000100000e-01 9.626470800000e-01 9.200000760000e-02
v -2.207794640000e-01 9.736842510000e-01 6.460547450000e-02
v -2.210778740000e-01 9.634994860000e-01 8.500000830000e-02
v -2.214044030000e-01 9.730382560000e-01 1.209999700000e-01
v -2.228337080000e-01 9.682949780000e-01 1.019473150000e-01
v -2.214044180000e-01 9.730382560000e-01 8.900009100000e-02
v -2.151890250000e-01 9.745646120000e-01 7.730759680000e-02
v -2.205676290000e-01 9.739338160000e-01 1.430157120000e-01
v -2.169222680000e-01 9.745042920000e-01 9.210976960000e-02
v -2.228337080000e-01 9.682950380000e-01 6.401098520000e-02
v -2.228299980000e-01 9.682241080000e-01 8.305802940000e-02
v -2.000000030000e-01 9.744583960000e-01 1.165000130000e-01
v -2.070000020000e-01 9.744583960000e-01 9.550000730000e-02
v -2.079896030000e-01 9.744583960000e-01 1.105052160000e-01
v -2.166908680000e-01 9.745292070000e-01 1.239564050000e-01
v -2.160825280000e-01 9.745373130000e-01 1.040719230000e-01
v -1.962102800000e-01 9.617751240000e-01 5.451172590000e-02
v -2.122862490000e-01 9.625695940000e-01 4.947646330000e-02
v -1.965714400000e-01 9.619419570000e-01 4.037081820000e-02
v -2.054218050000e-01 9.627038840000e-01 6.150849160000e-02
v -2.205503140000e-01 9.630079870000e-01 6.257581710000e-02
v -1.929050980000e-01 9.565847520000e-01 5.866436290000e-02
v -2.080029550000e-01 9.626470800000e-01 1.040014850000e-01
v -1.965714250000e-01 9.619419570000e-01 9.505093100000e-02
v -1.966669710000e-01 9.619931580000e-01 8.127917350000e-02
v -2.080029550000e-01 9.626470800000e-01 8.900148420000e-02
v -2.090001700000e-01 9.626470800000e-01 7.600007950000e-02
v -2.166178520000e-01 9.625998140000e-01 9.699501840000e-02
v -2.164973770000e-01 9.625977280000e-01 7.990404960000e-02
v -1.975052510000e-01 9.621830580000e-01 6.977061180000e-02
v -2.228337080000e-01 9.682950380000e-01 1.199473440000e-01
v -2.062206120000e-01 9.626877900000e-01 1.170085070000e-01
v -1.995105590000e-01 9.624723200000e-01 1.140646710000e-01
v -2.228266300000e-01 9.681825640000e-01 1.533263620000e-01
v -2.204199280000e-01 9.629178050000e-01 1.523225460000e-01
v -2.205681800000e-01 9.629858140000e-01 1.374697390000e-01
v -2.080029550000e-01 9.626470800000e-01 1.470014750000e-01
v -2.077983320000e-01 9.626925590000e-01 1.630030870000e-01
v -1.999219510000e-01 9.625539180000e-01 1.322894540000e-01
v -1.995308700000e-01 9.624761340000e-01 1.511415840000e-01
v -2.205761370000e-01 9.630907770000e-01 1.662891360000e-01
v -2.204207780000e-01 9.628597500000e-01 1.091556700000e-01
v -1.950589570000e-01 9.606622460000e-01 1.290000230000e-01
v -2.135003510000e-01 9.625507000000e-01 1.305382400000e-01
v -2.204260080000e-01 9.629431370000e-01 1.195553090000e-01
v -2.228337230000e-01 9.682950380000e-01 1.379473210000e-01
v -1.840000150000e-01 9.744583960000e-01 8.650001140000e-02
v -1.840000150000e-01 9.744583960000e-01 7.700000700000e-02
v -1.462500100000e-01 9.744583960000e-01 1.035000090000e-01
v -1.600000110000e-01 9.744583960000e-01 1.280000210000e-01
v -1.600000110000e-01 9.744583960000e-01 1.165000130000e-01
v -1.600000110000e-01 9.744583960000e-01 1.060000060000e-01
v -1.720000210000e-01 9.744583960000e-01 1.240000130000e-01
v -1.477500050000e-01 9.744583960000e-01 1.205000130000e-01
v -1.765000220000e-01 9.744583960000e-01 1.092500090000e-01
v -1.880000080000e-01 9.744583960000e-01 1.165000200000e-01
v -1.530000120000e-01 9.744583960000e-01 9.200000760000e-02
v -1.680000130000e-01 9.744583960000e-01 9.925000370000e-02
v -1.680000130000e-01 9.744583960000e-01 8.450001480000e-02
v -2.000000030000e-01 9.744583960000e-01 8.400001380000e-02
v -1.840000150000e-01 9.744583960000e-01 9.600000830000e-02
v -1.920000020000e-01 9.744583960000e-01 1.022500100000e-01
v -1.270000040000e-01 9.744583960000e-01 9.900000690000e-02
v -1.200000050000e-01 9.744583960000e-01 8.400001380000e-02
v -1.545000080000e-01 9.744583960000e-01 7.850001010000e-02
v -1.200000050000e-01 9.744583960000e-01 5.600000170000e-02
v -1.420000200000e-01 9.744583960000e-01 8.400001380000e-02
v -1.400000150000e-01 9.744583960000e-01 5.600000170000e-02
v -1.292500200000e-01 9.744583960000e-01 6.850000470000e-02
v -1.270000040000e-01 9.744583960000e-01 1.160000120000e-01
v -1.345000120000e-01 9.744583960000e-01 7.850001010000e-02
v -1.145000160000e-01 9.744583960000e-01 1.070000080000e-01
v -1.130000130000e-01 9.744583960000e-01 9.750001130000e-02
v -1.360000070000e-01 9.744583960000e-01 1.000000090000e-01
v -1.330000160000e-01 9.744583960000e-01 4.600000750000e-02
v -1.477500050000e-01 9.744583960000e-01 6.750001010000e-02
v -1.262499990000e-01 9.744583960000e-01 3.650000320000e-02
v -1.600000110000e-01 9.744583960000e-01 3.500000390000e-02
v -1.940000060000e-01 9.744583960000e-01 3.050000220000e-02
v -1.600000110000e-01 9.744583960000e-01 5.600000170000e-02
v -1.580000220000e-01 9.744583960000e-01 2.300000190000e-02
v -1.760000140000e-01 9.744583960000e-01 2.300000190000e-02
v -1.920000020000e-01 9.744583960000e-01 1.600000080000e-02
v -2.079896030000e-01 9.744583960000e-01 2.000520380000e-02
v -1.720000210000e-01 9.744583960000e-01 5.600000170000e-02
v -1.840000150000e-01 9.744583960000e-01 3.500000390000e-02
v -1.720000210000e-01 9.744583960000e-01 3.950000550000e-02
v -1.600000110000e-01 9.744583960000e-01 4.400000720000e-02
v -1.600000110000e-01 9.744583960000e-01 6.800000370000e-02
v -1.477500050000e-01 9.744583960000e-01 4.450000820000e-02
v -1.680000130000e-01 9.744583960000e-01 7.350000740000e-02
v -1.415000110000e-01 9.744583960000e-01 3.350000080000e-02
v -2.214044330000e-01 9.730381370000e-01 5.100002510000e-02
v -2.171299010000e-01 9.744946960000e-01 2.544140820000e-02
v -2.079896030000e-01 9.744583960000e-01 6.400521100000e-02
v -2.171298860000e-01 9.744946960000e-01 3.883606570000e-02
v -2.069948020000e-01 9.744583960000e-01 4.200260710000e-02
v -2.156780960000e-01 9.745349290000e-01 5.055635790000e-02
v -2.214044330000e-01 9.730381970000e-01 3.299999240000e-02
v -1.800000070000e-01 9.744583960000e-01 6.400000300000e-02
v -2.060000000000e-01 9.744583960000e-01 3.050000220000e-02
v -1.920000020000e-01 9.744583960000e-01 6.950000670000e-02
v -2.228347360000e-01 9.683806300000e-01 4.688336700000e-02
v -1.920000020000e-01 9.744583960000e-01 6.000000240000e-02
v -1.920000020000e-01 9.744583960000e-01 4.400000720000e-02
v -2.000000030000e-01 9.744583960000e-01 5.200000480000e-02
v -1.840000150000e-01 9.744583960000e-01 5.000000450000e-02
v -1.200000050000e-01 9.744583960000e-01 1.440000240000e-01
v -1.000000090000e-01 9.744583960000e-01 1.320000140000e-01
v -1.070000080000e-01 9.744583960000e-01 1.440000240000e-01
v -9.400001170000e-02 9.744583960000e-01 1.560000180000e-01
v -1.000000090000e-01 9.744583960000e-01 1.160000120000e-01
v -1.330000160000e-01 9.744583960000e-01 1.400000150000e-01
v -8.400000630000e-02 9.744583960000e-01 1.400000150000e-01
v -1.130000130000e-01 9.744583960000e-01 1.232500150000e-01
v -1.470000150000e-01 9.744583960000e-01 1.400000150000e-01
v -1.235000040000e-01 9.744583960000e-01 1.320000140000e-01
v -1.360000070000e-01 9.744583960000e-01 1.160000120000e-01
v -1.400000150000e-01 9.744583960000e-01 1.280000210000e-01
v -8.800000700000e-02 9.744583960000e-01 1.225000170000e-01
v -9.600000830000e-02 9.744583960000e-01 1.480000170000e-01
v -1.137500110000e-01 9.744583960000e-01 1.580000070000e-01
v -6.650000810000e-02 9.744583960000e-01 2.019999920000e-01
v -9.200000760000e-02 9.744583960000e-01 2.000000030000e-01
v -1.000000090000e-01 9.744583960000e-01 1.855000110000e-01
v -8.400000630000e-02 9.744583960000e-01 1.680000130000e-01
v -8.500000830000e-02 9.744583960000e-01 1.855000110000e-01
v -6.450000410000e-02 9.744583960000e-01 1.922500130000e-01
v -1.020000130000e-01 9.744583960000e-01 2.050000130000e-01
v -6.450000410000e-02 9.744583960000e-01 1.810000090000e-01
v -8.400000630000e-02 9.744583960000e-01 2.200000140000e-01
v -7.600000500000e-02 9.744583960000e-01 1.840000150000e-01
v -1.000000090000e-01 9.744583960000e-01 1.680000130000e-01
v -7.200000440000e-02 9.744583960000e-01 1.680000130000e-01
v -8.200000230000e-02 9.744583960000e-01 2.050000130000e-01
v -7.600000500000e-02 9.744583960000e-01 1.545000080000e-01
v -1.165000050000e-01 9.744583960000e-01 1.810000090000e-01
v -1.270000040000e-01 9.744583960000e-01 1.992500130000e-01
v -1.220000090000e-01 9.744583960000e-01 1.870000060000e-01
v -1.130000130000e-01 9.744583960000e-01 1.735000010000e-01
v -1.270000040000e-01 9.744583960000e-01 1.735000010000e-01
v -1.435000150000e-01 9.744583960000e-01 1.870000060000e-01
v -1.407500060000e-01 9.744583960000e-01 1.735000010000e-01
v -1.470000150000e-01 9.744583960000e-01 1.660000090000e-01
v -1.200000120000e-01 9.744583960000e-01 2.130000140000e-01
v -1.130000130000e-01 9.744583960000e-01 1.992500130000e-01
v -1.337500210000e-01 9.744583960000e-01 1.580000070000e-01
v -1.345000120000e-01 9.744583960000e-01 1.825000050000e-01
v -1.240000050000e-01 9.744583960000e-01 1.585000160000e-01
v -1.360000070000e-01 9.744583960000e-01 2.000000030000e-01
v -1.470000150000e-01 9.744583960000e-01 1.540000140000e-01
v -2.203420100000e-01 9.628778100000e-01 1.779083460000e-01
v -2.203033720000e-01 9.628831150000e-01 1.918697660000e-01
v -2.227879320000e-01 9.679212570000e-01 1.733550880000e-01
v -2.228347360000e-01 9.683805700000e-01 1.885984840000e-01
v -2.169397320000e-01 9.745170470000e-01 1.568005830000e-01
v -2.214044180000e-01 9.730381970000e-01 1.770000760000e-01
v -2.143540530000e-01 9.625646470000e-01 2.049514060000e-01
v -2.214044180000e-01 9.730382560000e-01 1.970000270000e-01
v -2.164116500000e-01 9.745355250000e-01 1.760896000000e-01
v -2.203352150000e-01 9.628899690000e-01 2.142853290000e-01
v -2.080029550000e-01 9.626470800000e-01 1.960014850000e-01
v -1.998260320000e-01 9.625443220000e-01 1.730773750000e-01
v -2.220511590000e-01 9.724379780000e-01 1.604297610000e-01
v -2.228254530000e-01 9.685589080000e-01 2.040551010000e-01
v -2.048954960000e-01 9.627103210000e-01 1.830116510000e-01
v -1.820000110000e-01 9.744583960000e-01 1.950000080000e-01
v -2.069948020000e-01 9.744583960000e-01 1.860026120000e-01
v -2.170550380000e-01 9.744991660000e-01 1.985603720000e-01
v -2.055000070000e-01 9.744583960000e-01 1.979999990000e-01
v -1.960000100000e-01 9.744583960000e-01 1.985000070000e-01
v -2.228287910000e-01 9.682080750000e-01 2.189165060000e-01
v -2.205676880000e-01 9.739338760000e-01 2.162078020000e-01
v -2.207794930000e-01 9.736842510000e-01 2.285674070000e-01
v -2.109844090000e-01 9.744583960000e-01 2.110078190000e-01
v -2.109844090000e-01 9.744583960000e-01 2.290078100000e-01
v -2.037499990000e-01 9.744583960000e-01 2.195000050000e-01
v -1.880000080000e-01 9.744583960000e-01 2.000000030000e-01
v -1.900000130000e-01 9.744583960000e-01 2.115000190000e-01
v -1.980000140000e-01 9.744583960000e-01 1.810000090000e-01
v -1.760000140000e-01 9.744583960000e-01 1.535000210000e-01
v -2.000000030000e-01 9.744583960000e-01 1.440000240000e-01
v -1.600000110000e-01 9.744583960000e-01 1.400000150000e-01
v -1.920000020000e-01 9.744583960000e-01 1.360000070000e-01
v -1.920000020000e-01 9.744583960000e-01 1.520000100000e-01
v -1.940000060000e-01 9.744583960000e-01 1.610000130000e-01
v -1.720000210000e-01 9.744583960000e-01 1.400000150000e-01
v -1.600000110000e-01 9.744583960000e-01 1.540000140000e-01
v -2.000000030000e-01 9.744583960000e-01 1.280000210000e-01
v -1.840000150000e-01 9.744583960000e-01 1.260000170000e-01
v -1.840000150000e-01 9.744583960000e-01 1.420000200000e-01
v -2.079896030000e-01 9.744583960000e-01 1.640052050000e-01
v -2.074947950000e-01 9.744583960000e-01 1.365026090000e-01
v -2.000000030000e-01 9.744583960000e-01 1.720000060000e-01
v -1.840000150000e-01 9.744583960000e-01 1.680000130000e-01
v -2.079896030000e-01 9.744583960000e-01 1.510052230000e-01
v -1.600000110000e-01 9.744583960000e-01 2.070000020000e-01
v -1.720000210000e-01 9.744583960000e-01 1.985000070000e-01
v -1.530000120000e-01 9.744583960000e-01 2.200000140000e-01
v -1.720000210000e-01 9.744583960000e-01 1.840000150000e-01
v -1.600000110000e-01 9.744583960000e-01 1.680000130000e-01
v -1.640000050000e-01 9.744583960000e-01 2.200000140000e-01
v -1.600000110000e-01 9.744583960000e-01 1.810000090000e-01
v -1.600000110000e-01 9.744583960000e-01 1.930000190000e-01
v -1.720000210000e-01 9.744583960000e-01 2.185000180000e-01
v -1.330000160000e-01 9.744583960000e-01 2.165000140000e-01
v -1.470000150000e-01 9.744583960000e-01 1.992500130000e-01
v -1.400000150000e-01 9.744583960000e-01 2.240000070000e-01
v -1.455000040000e-01 9.744583960000e-01 2.130000140000e-01
v -1.840000150000e-01 9.744583960000e-01 1.810000090000e-01
v -1.720000210000e-01 9.744583960000e-01 1.695000080000e-01
v -1.766794620000e-01 9.560773370000e-01 2.233851550000e-01
v -1.767804920000e-01 9.417515990000e-01 2.560007570000e-01
v -1.770689040000e-01 9.274765250000e-01 2.541372480000e-01
v -1.769917610000e-01 9.277496930000e-01 2.352135480000e-01
v -1.764601920000e-01 9.571516510000e-01 2.433095570000e-01
v -1.796599630000e-01 9.234637020000e-01 2.252127830000e-01
v -1.795984800000e-01 9.234994650000e-01 2.422187780000e-01
v -1.767804920000e-01 9.360060100000e-01 2.400029900000e-01
v -1.770103570000e-01 9.276728030000e-01 2.161202280000e-01
v -1.766669010000e-01 9.566864970000e-01 2.631054220000e-01
v -1.768075080000e-01 9.477087860000e-01 2.479949740000e-01
v -1.767804920000e-01 9.454985860000e-01 2.344992760000e-01
v -1.766001280000e-01 9.567233320000e-01 1.998601850000e-01
v -1.767804920000e-01 9.402526620000e-01 2.090013180000e-01
v -1.767804920000e-01 9.400030370000e-01 2.240014970000e-01
v -1.767804920000e-01 9.469971660000e-01 2.159985450000e-01
v -1.770103570000e-01 9.276728630000e-01 1.621202380000e-01
v -1.767360570000e-01 9.291166070000e-01 2.010705170000e-01
v -1.767804920000e-01 9.382537600000e-01 1.672518700000e-01
v -1.770103570000e-01 9.276728630000e-01 1.481202390000e-01
v -1.768494700000e-01 9.497433900000e-01 1.604875180000e-01
v -1.760878120000e-01 9.578976630000e-01 1.639936860000e-01
v -1.768318560000e-01 9.492172600000e-01 1.717430350000e-01
v -1.768444780000e-01 9.488404990000e-01 1.904914380000e-01
v -1.760877820000e-01 9.578977230000e-01 1.799936890000e-01
v -1.796852950000e-01 9.234529730000e-01 1.545860620000e-01
v -1.796643440000e-01 9.234617350000e-01 2.015046180000e-01
v -1.797048600000e-01 9.234458800000e-01 1.776007260000e-01
v -1.768532990000e-01 9.283089040000e-01 1.909624040000e-01
v -1.770103420000e-01 9.276729230000e-01 1.761202370000e-01
v -1.767804920000e-01 9.400030370000e-01 1.825014950000e-01
v -1.925735470000e-01 9.319104550000e-01 2.304281590000e-01
v -1.921706050000e-01 9.237784150000e-01 2.350163310000e-01
v -1.923448290000e-01 9.244102240000e-01 2.243396640000e-01
v -1.922875640000e-01 9.239431620000e-01 2.106506530000e-01
v -1.868406980000e-01 9.231706260000e-01 2.174197440000e-01
v -1.925286650000e-01 9.479923840000e-01 1.800038520000e-01
v -1.925287100000e-01 9.382501840000e-01 2.154999670000e-01
v -1.927652810000e-01 9.561085700000e-01 1.920646130000e-01
v -1.925286500000e-01 9.464943410000e-01 2.065028850000e-01
v -1.880235970000e-01 9.233074190000e-01 1.958558860000e-01
v -1.925286350000e-01 9.427472950000e-01 1.967514310000e-01
v -1.925287100000e-01 9.375001790000e-01 1.869999470000e-01
v -1.925287100000e-01 9.380002020000e-01 1.737499390000e-01
v -1.923599240000e-01 9.244742390000e-01 1.955901090000e-01
v -1.922113600000e-01 9.237827060000e-01 1.827197370000e-01
v -1.923672260000e-01 9.245198370000e-01 2.661807240000e-01
v -1.923494790000e-01 9.244266750000e-01 2.503077090000e-01
v -1.930303130000e-01 9.427908660000e-01 2.918512820000e-01
v -1.796582040000e-01 9.234612580000e-01 2.734542790000e-01
v -1.949335780000e-01 9.556285140000e-01 2.946804760000e-01
v -1.968944820000e-01 9.387208820000e-01 2.959032360000e-01
v -1.797233970000e-01 9.234400390000e-01 2.596387570000e-01
v -1.925308410000e-01 9.276406170000e-01 2.893576920000e-01
v -1.880236270000e-01 9.233074190000e-01 2.613558770000e-01
v -1.868405940000e-01 9.231706260000e-01 2.464424970000e-01
v -1.925076400000e-01 9.445377590000e-01 2.842544620000e-01
v -1.925286500000e-01 9.432463050000e-01 2.727518980000e-01
v -1.952307370000e-01 9.247277980000e-01 2.953950460000e-01
v -1.923056990000e-01 9.238408800000e-01 2.801945810000e-01
v -1.767804920000e-01 9.462482330000e-01 2.749990820000e-01
v -1.769877820000e-01 9.277674560000e-01 2.709930540000e-01
v -1.767804920000e-01 9.375044700000e-01 2.785021660000e-01
v -1.789226680000e-01 9.238266940000e-01 2.849807440000e-01
v -1.893634200000e-01 9.228717090000e-01 2.925640050000e-01
v -1.666302530000e-01 9.292875530000e-01 2.981538470000e-01
v -1.767804920000e-01 9.360060100000e-01 2.640030090000e-01
v -1.754675510000e-01 9.447069170000e-01 2.933783230000e-01
v -1.766537730000e-01 9.561380740000e-01 2.800562080000e-01
v -1.767101590000e-01 9.502824540000e-01 2.908282580000e-01
v -1.721551870000e-01 9.288265110000e-01 2.955960330000e-01
v -1.766847670000e-01 9.289259910000e-01 2.911783750000e-01
v -1.710349620000e-01 9.119724040000e-01 2.963764070000e-01
v -1.767966900000e-01 9.196690920000e-01 2.958584730000e-01
v -1.798944180000e-01 9.224586490000e-01 2.926081720000e-01
v -1.877975170000e-01 9.150087240000e-01 2.963742020000e-01
v -1.999219810000e-01 9.625539180000e-01 2.470190230000e-01
v -1.993731860000e-01 9.624440070000e-01 2.620693150000e-01
v -2.171352800000e-01 9.626215700000e-01 2.724289600000e-01
v -2.075140030000e-01 9.626871940000e-01 2.735036020000e-01
v -2.070608880000e-01 9.627740380000e-01 2.869096400000e-01
v -1.962537770000e-01 9.617609980000e-01 2.753746810000e-01
v -2.206027950000e-01 9.630344510000e-01 2.314400820000e-01
v -1.967650200000e-01 9.611642360000e-01 2.926632170000e-01
v -1.929442580000e-01 9.571405050000e-01 2.886416020000e-01
v -1.927652810000e-01 9.561084510000e-01 2.720645960000e-01
v -1.943043920000e-01 9.600181580000e-01 2.585447730000e-01
v -2.205882970000e-01 9.630147220000e-01 2.558659610000e-01
v -2.163232270000e-01 9.625964160000e-01 2.444040630000e-01
v -2.090001550000e-01 9.626470800000e-01 2.600001100000e-01
v -2.080029550000e-01 9.626470800000e-01 2.435014840000e-01
v -1.925286500000e-01 9.449962970000e-01 2.440019400000e-01
v -1.925287100000e-01 9.360002280000e-01 2.439999280000e-01
v -1.925287100000e-01 9.375002380000e-01 2.599999610000e-01
v -1.925286500000e-01 9.444962740000e-01 2.312519250000e-01
v -2.090001700000e-01 9.626470800000e-01 2.200000880000e-01
v -2.007070330000e-01 9.626507160000e-01 2.304150760000e-01
v -1.927652960000e-01 9.561085700000e-01 2.080646010000e-01
v -1.924272030000e-01 9.507318740000e-01 2.567732040000e-01
v -1.950589870000e-01 9.606623050000e-01 2.389999930000e-01
v -1.961468460000e-01 9.617029430000e-01 2.169523980000e-01
v -1.925286650000e-01 9.479923840000e-01 2.200038430000e-01
v -1.964109540000e-01 9.618779420000e-01 1.964493990000e-01
v -1.928387580000e-01 9.563816790000e-01 2.420700490000e-01
v -2.000041310000e-01 9.625688200000e-01 2.077731340000e-01
v -1.927375350000e-01 9.559827450000e-01 2.251959740000e-01
v -1.768190260000e-01 9.520366790000e-01 9.598287190000e-02
v -1.752196250000e-01 9.599115250000e-01 9.737811240000e-02
v -1.767804920000e-01 9.400030970000e-01 8.000149580000e-02
v -1.728411910000e-01 9.617242220000e-01 6.890985370000e-02
v -1.767804920000e-01 9.400030970000e-01 9.200149770000e-02
v -1.714542360000e-01 9.623627660000e-01 1.090814550000e-01
v -1.535000210000e-01 9.626470800000e-01 6.374999880000e-02
v -1.766669010000e-01 9.566865560000e-01 8.376482870000e-02
v -1.766334620000e-01 9.568138720000e-01 7.050798830000e-02
v -1.427500250000e-01 9.626470800000e-01 6.450000410000e-02
v -1.685855540000e-01 9.626908300000e-01 5.799297990000e-02
v -1.708743720000e-01 9.624965190000e-01 8.050676440000e-02
v -1.685855390000e-01 9.626908300000e-01 9.390698370000e-02
v -1.614886820000e-01 9.626585250000e-01 6.949430700000e-02
v -1.553749740000e-01 9.626470800000e-01 8.024999500000e-02
v -1.770103570000e-01 9.276728030000e-01 4.812021180000e-02
v -1.770103570000e-01 9.276728630000e-01 8.120227610000e-03
v -1.796674430000e-01 9.234603640000e-01 2.751256900000e-02
v -1.767804920000e-01 9.360060100000e-01 1.600298290000e-02
v -1.767804920000e-01 9.395030740000e-01 3.600149600000e-02
v -1.766834110000e-01 9.565324190000e-01 5.557872350000e-02
v -1.766973290000e-01 9.565881490000e-01 3.991714860000e-02
v -1.767804920000e-01 9.400030370000e-01 6.400149320000e-02
v -1.767804920000e-01 9.400030370000e-01 4.800149800000e-02
v -1.767804920000e-01 9.402526620000e-01 3.501308150000e-03
v -1.765151620000e-01 9.570876960000e-01 2.686141620000e-02
v -1.766596730000e-01 9.557999370000e-01 1.152190100000e-02
v -1.767804920000e-01 9.449986220000e-01 1.599926870000e-02
v -1.767804920000e-01 9.405022860000e-01 2.800112780000e-02
v -1.770103570000e-01 9.276728030000e-01 2.612021750000e-02
v -1.716892570000e-01 9.623084070000e-01 4.729251560000e-02
v -1.715402600000e-01 9.623225330000e-01 2.593217600000e-02
v -1.609886880000e-01 9.626598360000e-01 5.994313860000e-03
v -1.629830150000e-01 9.626585840000e-01 1.999147610000e-02
v -1.599999370000e-01 9.626470800000e-01 3.599996120000e-02
v -1.713174880000e-01 9.624204640000e-01 3.689460460000e-02
v -1.567443610000e-01 9.626588230000e-01 4.924715680000e-02
v -1.480000020000e-01 9.626470800000e-01 3.550000490000e-02
v -1.400000150000e-01 9.626470800000e-01 4.450000450000e-02
v -1.240000050000e-01 9.626470800000e-01 2.900000290000e-02
v -1.319999990000e-01 9.626470800000e-01 2.000000330000e-02
v -1.440000090000e-01 9.626470800000e-01 1.600000260000e-02
v -1.420000200000e-01 9.626470800000e-01 2.800000270000e-02
v -1.540000140000e-01 9.626470800000e-01 1.525000200000e-02
v -1.730894740000e-01 9.617224340000e-01 9.671912530000e-03
v -1.925286650000e-01 9.419982430000e-01 6.400093440000e-02
v -1.769877820000e-01 9.277674560000e-01 9.323234110000e-02
v -1.770103570000e-01 9.276728630000e-01 7.212024930000e-02
v -1.796852800000e-01 9.234529730000e-01 6.658606230000e-02
v -1.880235820000e-01 9.233074190000e-01 8.935588600000e-02
v -1.922469140000e-01 9.238321190000e-01 7.531966270000e-02
v -1.924132850000e-01 9.247021680000e-01 9.042982010000e-02
v -1.922023740000e-01 9.238123300000e-01 6.104514380000e-02
v -1.796852800000e-01 9.234529730000e-01 4.858606680000e-02
v -1.925286350000e-01 9.429962640000e-01 5.525190010000e-02
v -1.797234420000e-01 9.234400390000e-01 8.363873510000e-02
v -1.925286650000e-01 9.464943410000e-01 7.450288530000e-02
v -1.921651960000e-01 9.238004680000e-01 4.867094380000e-02
v -1.925697480000e-01 9.339626430000e-01 7.246404890000e-02
v -1.796852950000e-01 9.234529730000e-01 1.005270560000e-01
v -1.925286350000e-01 9.414982200000e-01 8.600094170000e-02
v -1.935004890000e-01 9.590392110000e-01 1.083689030000e-01
v -1.925286500000e-01 9.449962970000e-01 1.240019280000e-01
v -1.925286650000e-01 9.464943410000e-01 1.105028840000e-01
v -1.927652960000e-01 9.561085100000e-01 9.411060810000e-02
v -1.925286800000e-01 9.479924440000e-01 9.600383790000e-02
v -1.925287100000e-01 9.385001660000e-01 1.017499720000e-01
v -1.928000750000e-01 9.564179180000e-01 7.568863780000e-02
v -1.921903340000e-01 9.238610270000e-01 1.037481200000e-01
v -1.923599090000e-01 9.244741800000e-01 1.168768330000e-01
v -1.925812210000e-01 9.324282410000e-01 1.279281820000e-01
v -1.880235820000e-01 9.233074190000e-01 1.198558880000e-01
v -1.927652960000e-01 9.561085700000e-01 1.240646090000e-01
v -1.925287100000e-01 9.360002280000e-01 1.159999300000e-01
v -1.925287100000e-01 9.375002380000e-01 1.449999510000e-01
v -1.925287100000e-01 9.360002280000e-01 1.599999220000e-01
v -1.925286500000e-01 9.457453490000e-01 1.512524040000e-01
v -1.927957390000e-01 9.562302830000e-01 1.749786730000e-01
v -1.927375350000e-01 9.559827450000e-01 1.571960000000e-01
v -1.950589870000e-01 9.606623050000e-01 1.549999860000e-01
v -1.922229080000e-01 9.237959380000e-01 1.586617830000e-01
v -1.880235820000e-01 9.233074190000e-01 1.438558850000e-01
v -1.923599240000e-01 9.244741800000e-01 1.435901220000e-01
v -1.921651960000e-01 9.238004680000e-01 1.321622580000e-01
v -1.954391300000e-01 9.610784650000e-01 1.787759070000e-01
v -1.922875640000e-01 9.239431620000e-01 1.716572940000e-01
v -1.925286650000e-01 9.464943410000e-01 1.655028760000e-01
v -1.927652810000e-01 9.561085100000e-01 1.400646270000e-01
v -1.925286350000e-01 9.404982920000e-01 1.360009310000e-01
v -1.796599630000e-01 9.234637620000e-01 1.194931050000e-01
v -1.770302060000e-01 9.275998470000e-01 1.130440910000e-01
v -1.770103570000e-01 9.276728630000e-01 1.321202370000e-01
v -1.796852800000e-01 9.234529730000e-01 1.365860700000e-01
v -1.767804920000e-01 9.400030970000e-01 1.040015070000e-01
v -1.767804920000e-01 9.402527210000e-01 1.190013140000e-01
v -1.767804920000e-01 9.360060100000e-01 1.320029800000e-01
v -1.767804920000e-01 9.449986220000e-01 1.319992840000e-01
v -1.768190120000e-01 9.520366790000e-01 1.119828820000e-01
v -1.763208810000e-01 9.575259690000e-01 1.182277280000e-01
v -1.767804920000e-01 9.397530560000e-01 1.480015070000e-01
v -1.766596730000e-01 9.557998780000e-01 1.355219040000e-01
v -1.740325540000e-01 9.608095290000e-01 1.359081860000e-01
v -1.767253430000e-01 9.564328790000e-01 1.486469210000e-01
v -1.145000160000e-01 9.744583960000e-01 2.350000140000e-01
v -1.027500110000e-01 9.744583960000e-01 2.607499960000e-01
v -9.200000760000e-02 9.744583960000e-01 2.399999950000e-01
v -1.000000090000e-01 9.744583960000e-01 2.520000040000e-01
v -1.020000130000e-01 9.744583960000e-01 2.350000140000e-01
v -1.130000130000e-01 9.744583960000e-01 2.482499930000e-01
v -8.200000230000e-02 9.744583960000e-01 2.350000140000e-01
v -9.600000830000e-02 9.744583960000e-01 2.200000140000e-01
v -1.070000080000e-01 9.744583960000e-01 2.200000140000e-01
v -7.600000500000e-02 9.744583960000e-01 2.639999990000e-01
v -1.200000050000e-01 9.744583960000e-01 2.240000070000e-01
v -8.800000700000e-02 9.744583960000e-01 2.639999990000e-01
v -8.400000630000e-02 9.744583960000e-01 2.520000040000e-01
v -1.285000150000e-01 9.744583960000e-01 2.325000170000e-01
v -1.130000130000e-01 9.744583960000e-01 2.880000170000e-01
v -1.130000130000e-01 9.744583960000e-01 2.740000190000e-01
v -8.400000630000e-02 9.744583960000e-01 2.880000170000e-01
v -1.040000100000e-01 9.744583960000e-01 2.720000150000e-01
v -7.200000440000e-02 9.744583960000e-01 3.040000200000e-01
v -1.040000100000e-01 9.744583960000e-01 2.880000170000e-01
v -6.100000440000e-02 9.744583960000e-01 3.040000200000e-01
v -9.600000830000e-02 9.744583960000e-01 2.865000070000e-01
v -1.000000090000e-01 9.744583960000e-01 3.040000200000e-01
v -7.600000500000e-02 9.744583960000e-01 2.760000230000e-01
v -7.200000440000e-02 9.744583960000e-01 2.880000170000e-01
v -6.250000000000e-02 9.744583960000e-01 2.865000070000e-01
v -8.400000630000e-02 9.744583960000e-01 3.040000200000e-01
v -9.200000760000e-02 9.744583960000e-01 2.740000190000e-01
v -7.008801400000e-02 9.744734760000e-01 3.488654790000e-01
v -7.000000770000e-02 9.744583960000e-01 3.359999950000e-01
v -6.100000440000e-02 9.744583960000e-01 3.280000090000e-01
v -4.203071070000e-02 9.729029540000e-01 3.532513680000e-01
v -2.755531110000e-02 9.745427970000e-01 3.478643600000e-01
v -6.203075870000e-02 9.729030130000e-01 3.532513680000e-01
v -4.000572860000e-02 9.744693040000e-01 3.409886060000e-01
v -4.800000410000e-02 9.744583960000e-01 3.280000090000e-01
v -5.350572620000e-02 9.744657280000e-01 3.414885700000e-01
v -5.109949780000e-02 9.744485020000e-01 3.491474690000e-01
v -8.803071080000e-02 9.729029540000e-01 3.532513980000e-01
v -8.800000700000e-02 9.744583960000e-01 3.220000270000e-01
v -7.600000500000e-02 9.744583960000e-01 3.200000230000e-01
v -6.100000440000e-02 9.744583960000e-01 3.160000150000e-01
v -8.574028310000e-02 9.745338560000e-01 3.479886050000e-01
v -8.050000670000e-02 9.744583960000e-01 3.355000020000e-01
v -1.200000100000e-02 9.744583960000e-01 2.695000170000e-01
v 3.200000520000e-02 9.744583960000e-01 3.040000200000e-01
v 3.400000560000e-02 9.744583960000e-01 3.160000150000e-01
v -3.500000570000e-03 9.744583960000e-01 2.785000210000e-01
v 1.600000260000e-02 9.744583960000e-01 3.160000150000e-01
v 1.164153220000e-10 9.744583960000e-01 3.040000200000e-01
v 2.000000330000e-02 9.744583960000e-01 3.040000200000e-01
v -1.200000100000e-02 9.744583960000e-01 2.880000170000e-01
v 3.000000490000e-03 9.744583960000e-01 3.180000190000e-01
v 4.400000720000e-02 9.744583960000e-01 3.040000200000e-01
v 3.200000520000e-02 9.744583960000e-01 2.880000170000e-01
v 9.000001480000e-03 9.744583960000e-01 3.040000200000e-01
v 1.450000240000e-02 9.744583960000e-01 2.740000190000e-01
v 1.164153220000e-10 9.744583960000e-01 2.880000170000e-01
v 9.000001480000e-03 9.744583960000e-01 2.880000170000e-01
v 2.000000330000e-02 9.744583960000e-01 2.880000170000e-01
v -4.800000410000e-02 9.744583960000e-01 2.919999960000e-01
v -3.600000590000e-02 9.744583960000e-01 2.880000170000e-01
v -9.500000630000e-03 9.744583960000e-01 3.287500140000e-01
v -3.275000300000e-02 9.744583960000e-01 3.120000360000e-01
v -2.275000140000e-02 9.744583960000e-01 3.125000300000e-01
v -2.000001070000e-02 9.744583960000e-01 3.359999950000e-01
v -2.000000140000e-02 9.744583960000e-01 3.240000310000e-01
v -3.250000630000e-02 9.744583960000e-01 3.280000090000e-01
v -9.000001480000e-03 9.744583960000e-01 3.160000150000e-01
v -1.600000080000e-02 9.744583960000e-01 3.000000120000e-01
v -1.050000080000e-02 9.744583960000e-01 3.060000240000e-01
v -2.400000210000e-02 9.744583960000e-01 2.919999960000e-01
v -3.200000520000e-02 9.744583960000e-01 3.000000120000e-01
v -4.800000410000e-02 9.744583960000e-01 3.040000200000e-01
v 1.164153220000e-10 9.744583960000e-01 3.280000090000e-01
v -4.800000410000e-02 9.744583960000e-01 3.160000150000e-01
v -4.500000740000e-03 9.744583960000e-01 2.627500000000e-01
v -2.400000210000e-02 9.744583960000e-01 2.240000070000e-01
v -4.400000720000e-02 9.744583960000e-01 2.200000140000e-01
v -3.200000520000e-02 9.744583960000e-01 2.160000210000e-01
v -3.550000490000e-02 9.744583960000e-01 2.275000210000e-01
v -1.500000250000e-03 9.744583960000e-01 2.335000040000e-01
v -3.950000550000e-02 9.744583960000e-01 2.355000080000e-01
v -3.300000350000e-02 9.744583960000e-01 2.482499930000e-01
v 1.164153220000e-10 9.744583960000e-01 2.479999960000e-01
v 9.000001480000e-03 9.744583960000e-01 2.639999990000e-01
v 9.000001480000e-03 9.744583960000e-01 2.482499930000e-01
v -2.400000210000e-02 9.744583960000e-01 2.622500060000e-01
v -1.075000130000e-02 9.744583960000e-01 2.467499970000e-01
v -2.400000210000e-02 9.744583960000e-01 2.479999960000e-01
v -1.824999970000e-02 9.744583960000e-01 2.340000120000e-01
v -9.000001480000e-03 9.744583960000e-01 2.240000070000e-01
v -3.600000590000e-02 9.744583960000e-01 2.639999990000e-01
v -2.375000160000e-02 9.744583960000e-01 2.790000440000e-01
v -5.500000340000e-02 9.744583960000e-01 2.825000290000e-01
v -5.350000410000e-02 9.744583960000e-01 2.227500230000e-01
v -5.350000410000e-02 9.744583960000e-01 2.412499930000e-01
v -4.800000410000e-02 9.744583960000e-01 2.635000050000e-01
v -4.800000410000e-02 9.744583960000e-01 2.500000000000e-01
v -4.800000410000e-02 9.744583960000e-01 2.740000190000e-01
v -4.000000660000e-02 9.744583960000e-01 2.785000210000e-01
v -6.925000250000e-02 9.744583960000e-01 2.287500050000e-01
v -6.724999850000e-02 9.744583960000e-01 2.492500100000e-01
v -6.150000540000e-02 9.744583960000e-01 2.367500070000e-01
v -6.175000220000e-02 9.744583960000e-01 2.660000030000e-01
v -6.724999850000e-02 9.744583960000e-01 2.130000140000e-01
v -4.800000410000e-02 9.744583960000e-01 2.070000020000e-01
v -7.799372820000e-02 9.680403470000e-01 3.544305560000e-01
v -5.999373640000e-02 9.680404660000e-01 3.544305560000e-01
v -5.045237020000e-02 9.627232550000e-01 3.361740410000e-01
v -4.487767070000e-02 9.611206050000e-01 3.304413860000e-01
v -4.792197420000e-02 9.628586770000e-01 3.519145850000e-01
v -2.912205640000e-02 9.612063770000e-01 3.305465580000e-01
v -5.908816310000e-02 9.619293810000e-01 3.314293320000e-01
v -3.550323100000e-02 9.627232550000e-01 3.361740410000e-01
v -3.083932400000e-02 9.628223180000e-01 3.517373200000e-01
v -5.218539760000e-02 9.556196930000e-01 3.257104750000e-01
v -7.062792780000e-02 9.561703800000e-01 3.258852360000e-01
v -2.320637740000e-02 9.627235530000e-01 3.354989590000e-01
v -2.399373990000e-02 9.680404660000e-01 3.544305560000e-01
v -3.999373320000e-02 9.680404070000e-01 3.544305560000e-01
v -6.392197310000e-02 9.628586770000e-01 3.519146440000e-01
v 1.275568080000e-02 9.241138100000e-01 3.246917720000e-01
v -8.972567160000e-04 9.547746780000e-01 3.253890870000e-01
v -1.264828160000e-02 9.545567040000e-01 3.253675100000e-01
v -1.367533700000e-04 9.277921920000e-01 3.252852260000e-01
v -2.895811570000e-02 9.557178620000e-01 3.257481460000e-01
v -3.750154750000e-03 9.390003680000e-01 3.253391680000e-01
v 7.999589670000e-03 9.370008710000e-01 3.253391680000e-01
v -1.370547430000e-02 9.625676870000e-01 3.324504200000e-01
v -1.813674900000e-02 9.277921320000e-01 3.252852260000e-01
v 8.995379180000e-05 9.233848450000e-01 3.237117530000e-01
v -1.391006070000e-02 9.233848450000e-01 3.237117530000e-01
v 1.097063630000e-02 9.232251050000e-01 3.124068980000e-01
v -1.012399420000e-02 9.234520200000e-01 3.119518160000e-01
v -1.999721490000e-02 9.404944780000e-01 3.253391390000e-01
v -5.388446520000e-02 9.234187600000e-01 3.238134680000e-01
v -4.325566810000e-02 9.232525230000e-01 3.232526780000e-01
v -3.124153800000e-02 9.234602450000e-01 3.119346500000e-01
v -2.791005370000e-02 9.233848450000e-01 3.237117530000e-01
v -5.410838500000e-02 9.234758020000e-01 3.119080360000e-01
v -5.598803610000e-02 9.479761720000e-01 3.253391390000e-01
v -4.800021280000e-02 9.390004870000e-01 3.253391680000e-01
v -4.013677690000e-02 9.277922510000e-01 3.252852260000e-01
v -3.198803220000e-02 9.479761720000e-01 3.253391390000e-01
v -3.425031160000e-02 9.380006790000e-01 3.253391680000e-01
v -4.396732520000e-02 9.521408080000e-01 3.252614740000e-01
v -7.200041410000e-02 9.360008840000e-01 3.253391680000e-01
v -6.399700790000e-02 9.424940940000e-01 3.253391090000e-01
v -6.173345820000e-02 9.282855990000e-01 3.253405090000e-01
v -6.931632010000e-02 9.233760830000e-01 3.236656790000e-01
v 4.128874470000e-02 9.612633590000e-01 3.306251170000e-01
v 1.690855060000e-02 9.564412240000e-01 3.260351420000e-01
v 1.201197130000e-02 9.479761720000e-01 3.253391390000e-01
v 3.444707020000e-02 9.561660890000e-01 3.258399670000e-01
v 3.833419760000e-05 9.611725210000e-01 3.305035230000e-01
v 4.547045750000e-02 9.550635810000e-01 3.254288730000e-01
v 4.199678820000e-02 9.346025590000e-01 3.253815770000e-01
v 6.479362400000e-02 9.627235530000e-01 3.354989590000e-01
v 5.263964830000e-02 9.622097610000e-01 3.319644030000e-01
v 7.109089940000e-02 9.619548920000e-01 3.315597180000e-01
v 2.320677410000e-02 9.525069000000e-01 3.252628450000e-01
v 3.400598840000e-02 9.439881440000e-01 3.253391090000e-01
v 2.099979670000e-02 9.385004640000e-01 3.253391680000e-01
v 2.004555240000e-02 9.612306360000e-01 3.305788930000e-01
v 5.287081000000e-02 9.525069000000e-01 3.252628450000e-01
v 4.581056910000e-02 9.234520200000e-01 3.119518160000e-01
v 6.401196870000e-02 9.479761720000e-01 3.253391390000e-01
v 7.326256480000e-02 9.232761860000e-01 3.233888450000e-01
v 5.746122450000e-02 9.233848450000e-01 3.237117530000e-01
v 6.502801180000e-02 9.560841920000e-01 3.258177940000e-01
v 7.225283980000e-02 9.409944420000e-01 3.253391390000e-01
v 5.989675220000e-02 9.234847430000e-01 3.118952810000e-01
v 7.989387210000e-02 9.283871650000e-01 3.253492410000e-01
v 5.880918730000e-02 9.277234080000e-01 3.252781330000e-01
v 2.589161690000e-02 9.234758020000e-01 3.119080070000e-01
v 2.690362190000e-02 9.233976600000e-01 3.237604500000e-01
v 5.599980060000e-02 9.390004870000e-01 3.253391680000e-01
v 2.622442510000e-02 9.280188080000e-01 3.253237010000e-01
v 4.065778850000e-02 9.232795830000e-01 3.235372600000e-01
v 1.599998030000e-02 9.744583960000e-01 3.399999740000e-01
v 4.400000720000e-02 9.744583960000e-01 3.280000090000e-01
v 5.988456680000e-02 9.744734760000e-01 3.488654490000e-01
v 3.249427680000e-02 9.744668600000e-01 3.412385880000e-01
v 3.200000520000e-02 9.744583960000e-01 3.280000090000e-01
v 7.884560150000e-03 9.744734760000e-01 3.488655390000e-01
v 1.969264820000e-03 9.729028940000e-01 3.532513680000e-01
v 4.724713410000e-02 9.744623300000e-01 3.404942750000e-01
v -2.203068320000e-02 9.729028940000e-01 3.532513980000e-01
v 1.600000260000e-02 9.744583960000e-01 3.280000090000e-01
v 2.304478180000e-02 9.739111070000e-01 3.523772060000e-01
v 4.396927360000e-02 9.729029540000e-01 3.532513680000e-01
v 4.179836440000e-02 9.744485020000e-01 3.491474990000e-01
v -1.159044540000e-02 9.745399950000e-01 3.476766940000e-01
v 1.499990230000e-03 9.744583960000e-01 3.370000120000e-01
v 7.801753240000e-05 9.628586770000e-01 3.519145850000e-01
v -1.261144640000e-03 9.627243880000e-01 3.355975450000e-01
v -1.574737210000e-02 9.629048710000e-01 3.520423770000e-01
v 5.198815460000e-02 9.626470800000e-01 3.400236960000e-01
v 5.007104950000e-02 9.629048710000e-01 3.520424070000e-01
v 3.801879290000e-02 9.680404660000e-01 3.544305260000e-01
v 3.610247750000e-02 9.626251460000e-01 3.481339510000e-01
v 3.649678080000e-02 9.627232550000e-01 3.361740710000e-01
v 2.479362490000e-02 9.627235530000e-01 3.354989590000e-01
v 2.570789120000e-02 9.629048710000e-01 3.520424070000e-01
v 1.292979250000e-02 9.628944400000e-01 3.520190720000e-01
v 1.249676760000e-02 9.627232550000e-01 3.361740410000e-01
v 1.908926480000e-02 9.679723380000e-01 3.544236120000e-01
v -3.993727270000e-03 9.680403470000e-01 3.544305560000e-01
v -2.164116950000e-01 9.745355250000e-01 2.409466360000e-01
v -2.228308170000e-01 9.684893490000e-01 3.180441560000e-01
v -2.214044480000e-01 9.730381970000e-01 2.750000060000e-01
v -2.214044330000e-01 9.730381970000e-01 2.989999950000e-01
v -2.228337380000e-01 9.682947400000e-01 2.979481820000e-01
v -2.208509890000e-01 9.631733300000e-01 2.816499470000e-01
v -2.228190450000e-01 9.685440660000e-01 2.736579480000e-01
v -2.162735760000e-01 9.745371940000e-01 2.747247820000e-01
v -2.228337080000e-01 9.682950380000e-01 2.360109840000e-01
v -2.079896030000e-01 9.744583960000e-01 2.600052360000e-01
v -2.228287910000e-01 9.682080150000e-01 2.530756000000e-01
v -2.214044330000e-01 9.730381970000e-01 2.430000010000e-01
v -2.206612830000e-01 9.737484460000e-01 2.574237880000e-01
v -2.215492430000e-01 9.643921850000e-01 2.720279400000e-01
v -2.228251990000e-01 9.683106540000e-01 3.381460910000e-01
v -2.207794930000e-01 9.736842510000e-01 3.206054570000e-01
v -1.744682040000e-01 9.745470880000e-01 3.470453320000e-01
v -1.780307140000e-01 9.729028940000e-01 3.532513980000e-01
v -1.580307040000e-01 9.729028940000e-01 3.532513980000e-01
v -1.731284710000e-01 9.679566620000e-01 3.544217350000e-01
v -1.908716260000e-01 9.681232570000e-01 3.544356520000e-01
v -2.002076660000e-01 9.728487130000e-01 3.533101080000e-01
v -2.169281540000e-01 9.745047090000e-01 3.370966320000e-01
v -2.072755550000e-01 9.682342410000e-01 3.544586600000e-01
v -1.870009300000e-01 9.744690060000e-01 3.489393000000e-01
v -2.068658770000e-01 9.744658470000e-01 3.488779960000e-01
v -2.214043890000e-01 9.730383160000e-01 3.350000080000e-01
v -2.212668210000e-01 9.729132060000e-01 3.523165580000e-01
v -2.207543550000e-01 9.672150610000e-01 3.537772890000e-01
v -1.960000100000e-01 9.744583960000e-01 2.880000170000e-01
v -1.960000100000e-01 9.744583960000e-01 3.280000090000e-01
v -2.007500080000e-01 9.744583960000e-01 2.727500200000e-01
v -1.980028750000e-01 9.744634630000e-01 3.404942750000e-01
v -2.060000000000e-01 9.744583960000e-01 2.872500120000e-01
v -1.880000080000e-01 9.744583960000e-01 3.200000230000e-01
v -2.166062440000e-01 9.745250940000e-01 2.945256830000e-01
v -1.880000080000e-01 9.744583960000e-01 2.865000070000e-01
v -2.075000110000e-01 9.744583960000e-01 3.359999950000e-01
v -1.840000150000e-01 9.744583960000e-01 3.040000200000e-01
v -2.000000030000e-01 9.744583960000e-01 3.000000120000e-01
v -2.074922030000e-01 9.744583960000e-01 3.205039500000e-01
v -2.159005850000e-01 9.745258090000e-01 3.080594840000e-01
v -1.880000230000e-01 9.744583960000e-01 3.359999950000e-01
v -1.997500060000e-01 9.744583960000e-01 3.105000260000e-01
v -1.680000130000e-01 9.744583960000e-01 2.825000290000e-01
v -1.680000130000e-01 9.744583960000e-01 2.632500230000e-01
v -2.079896030000e-01 9.744583960000e-01 2.505052090000e-01
v -2.000000030000e-01 9.744583960000e-01 2.389999930000e-01
v -1.960000100000e-01 9.744583960000e-01 2.484999900000e-01
v -1.960000100000e-01 9.744583960000e-01 2.639999990000e-01
v -1.965000180000e-01 9.744583960000e-01 2.275000210000e-01
v -1.840000150000e-01 9.744583960000e-01 2.200000140000e-01
v -1.820000110000e-01 9.744583960000e-01 2.350000140000e-01
v -1.880000080000e-01 9.744583960000e-01 2.399999950000e-01
v -1.840000150000e-01 9.744583960000e-01 2.520000040000e-01
v -1.840000150000e-01 9.744583960000e-01 2.635000050000e-01
v -1.840000150000e-01 9.744583960000e-01 2.740000190000e-01
v -1.800000070000e-01 9.744583960000e-01 2.880000170000e-01
v -1.685000060000e-01 9.744583960000e-01 2.732500140000e-01
v -1.400000150000e-01 9.744583960000e-01 2.760000230000e-01
v -1.545000080000e-01 9.744583960000e-01 2.384999990000e-01
v -1.470000150000e-01 9.744583960000e-01 2.880000170000e-01
v -1.235000040000e-01 9.744583960000e-01 2.720000150000e-01
v -1.330000160000e-01 9.744583960000e-01 2.482499930000e-01
v -1.560000180000e-01 9.744583960000e-01 2.560000120000e-01
v -1.330000160000e-01 9.744583960000e-01 2.639999990000e-01
v -1.200000050000e-01 9.744583960000e-01 2.600000200000e-01
v -1.240000050000e-01 9.744583960000e-01 2.479999960000e-01
v -1.435000150000e-01 9.744583960000e-01 2.357500200000e-01
v -1.455000040000e-01 9.744583960000e-01 2.505000230000e-01
v -1.680000130000e-01 9.744583960000e-01 2.494999920000e-01
v -1.537500020000e-01 9.744583960000e-01 2.732500140000e-01
v -1.455000040000e-01 9.744583960000e-01 2.639999990000e-01
v -1.680000130000e-01 9.744583960000e-01 2.345000210000e-01
v -1.200000050000e-01 9.744583960000e-01 3.280000090000e-01
v -1.270000040000e-01 9.744583960000e-01 2.880000170000e-01
v -1.360000070000e-01 9.744583960000e-01 2.880000170000e-01
v -1.000000090000e-01 9.744583960000e-01 3.200000230000e-01
v -1.270000040000e-01 9.744583960000e-01 3.040000200000e-01
v -1.282500030000e-01 9.744583960000e-01 3.334999980000e-01
v -1.200000050000e-01 9.744583960000e-01 3.160000150000e-01
v -9.600286930000e-02 9.744707350000e-01 3.364943270000e-01
v -1.117500140000e-01 9.744583960000e-01 3.334999980000e-01
v -1.360000070000e-01 9.744583960000e-01 3.040000200000e-01
v -1.040000170000e-01 9.744583960000e-01 3.359999950000e-01
v -1.047516840000e-01 9.744690060000e-01 3.489392700000e-01
v -1.130000130000e-01 9.744583960000e-01 3.040000200000e-01
v -1.201370810000e-01 9.745061400000e-01 3.484705980000e-01
v -1.511812060000e-01 9.744485020000e-01 3.491474990000e-01
v -1.600000110000e-01 9.744583960000e-01 3.280000090000e-01
v -1.470000150000e-01 9.744583960000e-01 3.040000200000e-01
v -1.610043200000e-01 9.744662640000e-01 3.407414560000e-01
v -1.680000130000e-01 9.744583960000e-01 2.919999960000e-01
v -1.760000140000e-01 9.744583960000e-01 3.280000090000e-01
v -1.415000110000e-01 9.744583960000e-01 3.180000190000e-01
v -1.470000150000e-01 9.744583960000e-01 3.280000090000e-01
v -1.410014480000e-01 9.744617340000e-01 3.382471500000e-01
v -1.600000110000e-01 9.744583960000e-01 3.160000150000e-01
v -1.318029910000e-01 9.744620920000e-01 3.491019310000e-01
v -1.600000110000e-01 9.744583960000e-01 3.040000200000e-01
v -1.377512960000e-01 9.730535150000e-01 3.531807070000e-01
v -1.560000180000e-01 9.744583960000e-01 2.880000170000e-01
v -1.720000210000e-01 9.744583960000e-01 3.040000200000e-01
v -1.760000140000e-01 9.744583960000e-01 3.160000150000e-01
v -1.663333030000e-01 9.390236740000e-01 3.362323050000e-01
v -2.044261400000e-01 9.189451930000e-01 3.372369710000e-01
v -1.676061150000e-01 9.537168740000e-01 3.374840920000e-01
v -1.718650310000e-01 9.471659060000e-01 3.378159110000e-01
v -1.810029600000e-01 9.180015330000e-01 3.377343710000e-01
v -1.727600250000e-01 9.265691040000e-01 3.378118570000e-01
v -1.669989970000e-01 9.186466930000e-01 3.369758130000e-01
v -1.895000040000e-01 9.095000030000e-01 3.377343710000e-01
v -2.044084070000e-01 9.433000680000e-01 3.372038010000e-01
v -2.030800130000e-01 9.550937410000e-01 3.377867340000e-01
v -1.887465570000e-01 9.332483410000e-01 3.377406600000e-01
v -1.881732790000e-01 9.501826760000e-01 3.376552160000e-01
v -1.919999870000e-01 9.215000870000e-01 3.377343710000e-01
v -1.740297680000e-01 9.390327930000e-01 3.378327790000e-01
v -2.006534790000e-01 9.258825180000e-01 3.377581240000e-01
v -2.063350980000e-01 9.444936510000e-01 3.115091320000e-01
v -2.053068430000e-01 9.139880540000e-01 2.987643480000e-01
v -2.062660460000e-01 9.512726660000e-01 3.168861870000e-01
v -2.062099130000e-01 9.558629990000e-01 2.993955310000e-01
v -2.063350980000e-01 9.180002210000e-01 3.219996990000e-01
v -2.058169100000e-01 9.299481510000e-01 2.993734180000e-01
v -2.063350980000e-01 9.334970710000e-01 3.142558930000e-01
v -2.019629930000e-01 9.315961600000e-01 2.965595720000e-01
v -2.063365880000e-01 9.177620410000e-01 3.319388030000e-01
v -2.063736770000e-01 9.313026070000e-01 3.313160240000e-01
v -2.064156980000e-01 9.202266930000e-01 3.065193890000e-01
v -2.059010270000e-01 9.444459680000e-01 2.995926140000e-01
v -2.068824320000e-01 9.569915530000e-01 3.188894990000e-01
v -2.064667640000e-01 9.556443100000e-01 3.329259750000e-01
v -2.014242110000e-01 9.515514970000e-01 2.966623310000e-01
v -2.063839580000e-01 9.427785280000e-01 3.310217260000e-01
v -2.100347130000e-01 9.609095450000e-01 3.256167770000e-01
v -2.205979080000e-01 9.631052610000e-01 3.465924560000e-01
v -1.879594480000e-01 9.632963540000e-01 3.524368410000e-01
v -2.106412500000e-01 9.629405740000e-01 3.521253170000e-01
v -1.757201400000e-01 9.621335270000e-01 3.439704180000e-01
v -2.088592800000e-01 9.608653780000e-01 2.949526310000e-01
v -1.871143130000e-01 9.577032920000e-01 3.391297760000e-01
v -2.113436760000e-01 9.619235990000e-01 3.089798690000e-01
v -1.919984070000e-01 9.622697830000e-01 3.445475700000e-01
v -2.210771440000e-01 9.634979960000e-01 3.010005350000e-01
v -2.213713820000e-01 9.636642340000e-01 3.241927030000e-01
v -2.069193570000e-01 9.616724250000e-01 3.417525890000e-01
v -2.151295840000e-01 9.625251890000e-01 2.954597470000e-01
v -2.152624730000e-01 9.625667330000e-01 3.240956070000e-01
v -2.144127940000e-01 9.624674320000e-01 3.382284640000e-01
v -1.179616820000e-01 9.611724620000e-01 3.305034640000e-01
v -7.731952520000e-02 9.622135160000e-01 3.320887980000e-01
v -9.681385010000e-02 9.612005350000e-01 3.305389580000e-01
v -8.883072440000e-02 9.564826490000e-01 3.260732000000e-01
v -1.144907770000e-01 9.628417490000e-01 3.518445790000e-01
v -1.010687500000e-01 9.627200960000e-01 3.352845610000e-01
v -9.725552800000e-02 9.628586770000e-01 3.519145850000e-01
v -1.201888620000e-01 9.729735260000e-01 3.533537980000e-01
v -1.068187210000e-01 9.678883550000e-01 3.544116910000e-01
v -9.308142960000e-02 9.681238530000e-01 3.544356230000e-01
v -8.801185340000e-02 9.626470800000e-01 3.400236960000e-01
v -8.069428800000e-02 9.628775120000e-01 3.519752920000e-01
v -6.913870570000e-02 9.627205730000e-01 3.364378210000e-01
v -1.119946540000e-01 9.556196930000e-01 3.257104750000e-01
v -1.261760150000e-01 9.684337970000e-01 3.544775840000e-01
v -1.428936570000e-01 9.679570200000e-01 3.544217050000e-01
v -1.595616190000e-01 9.582953450000e-01 3.276796640000e-01
v -1.579937340000e-01 9.680404660000e-01 3.544305260000e-01
v -1.659634410000e-01 9.632967110000e-01 3.524377050000e-01
v -1.644857380000e-01 9.566221830000e-01 3.324041960000e-01
v -1.380336430000e-01 9.556228520000e-01 3.257095220000e-01
v -1.465822910000e-01 9.627350570000e-01 3.354419770000e-01
v -1.467259530000e-01 9.628833530000e-01 3.519913260000e-01
v -1.677415520000e-01 9.597196580000e-01 3.402816650000e-01
v -1.182713880000e-01 9.627246860000e-01 3.356543780000e-01
v -1.612173770000e-01 9.626432060000e-01 3.471606970000e-01
v -1.319219770000e-01 9.628586770000e-01 3.519146140000e-01
v -1.335118560000e-01 9.626470800000e-01 3.400237560000e-01
v -1.580121520000e-01 9.621123670000e-01 3.329189120000e-01
v -1.252252310000e-01 9.553936120000e-01 3.256364170000e-01
v -1.379784200000e-01 9.611720440000e-01 3.305029570000e-01
v -1.601527180000e-01 9.528988600000e-01 3.256598710000e-01
v -1.623933170000e-01 9.355711940000e-01 3.274281320000e-01
v -1.400002240000e-01 9.390004870000e-01 3.253391680000e-01
v -1.319880490000e-01 9.479761720000e-01 3.253391390000e-01
v -1.648970400000e-01 9.216550590000e-01 3.314661980000e-01
v -1.304782180000e-01 9.304637910000e-01 3.254440720000e-01
v -1.592964980000e-01 9.236341120000e-01 3.249693210000e-01
v -1.609934720000e-01 9.216858740000e-01 3.215247390000e-01
v -1.564453840000e-01 9.236205220000e-01 3.118045030000e-01
v -1.421429220000e-01 9.234018920000e-01 3.237575590000e-01
v -1.361240000000e-01 9.234520200000e-01 3.119518160000e-01
v -1.278722730000e-01 9.232521060000e-01 3.197441400000e-01
v -1.486152560000e-01 9.275704620000e-01 3.252320290000e-01
v -1.560123860000e-01 9.378923770000e-01 3.252725010000e-01
v -1.479781870000e-01 9.479719400000e-01 3.253273370000e-01
v -1.079880450000e-01 9.479761720000e-01 3.253391390000e-01
v -7.813677190000e-02 9.277921920000e-01 3.252852260000e-01
v -8.099412170000e-02 9.434883590000e-01 3.253391090000e-01
v -1.102503170000e-01 9.380006790000e-01 3.253391680000e-01
v -8.637730780000e-02 9.234428410000e-01 3.238534330000e-01
v -1.199940220000e-01 9.439881440000e-01 3.253391090000e-01
v -1.169950660000e-01 9.234602450000e-01 3.119346500000e-01
v -1.181832400000e-01 9.288877840000e-01 3.253715630000e-01
v -1.000585630000e-01 9.234520200000e-01 3.119517860000e-01
v -9.213676300000e-02 9.277921920000e-01 3.252852260000e-01
v -9.595145290000e-02 9.231941700000e-01 3.185521360000e-01
v -9.473848340000e-02 9.524086710000e-01 3.252620100000e-01
v -8.328983190000e-02 9.234651330000e-01 3.119255300000e-01
v -9.725032000000e-02 9.377506970000e-01 3.253391680000e-01
v -1.184278580000e-01 9.234917160000e-01 3.241022530000e-01
v -1.063285250000e-01 9.236160520000e-01 3.246721330000e-01
v -2.012413290000e-01 6.409118770000e-01 2.991399770000e-01
v -2.038936470000e-01 6.439844370000e-01 3.014920950000e-01
v -1.909959910000e-01 6.520020960000e-01 2.983639540000e-01
v -1.899960790000e-01 6.405017970000e-01 2.986640330000e-01
v -1.919962320000e-01 6.680020090000e-01 2.979408200000e-01
v -1.879988160000e-01 6.835007670000e-01 2.975309190000e-01
v -1.800018700000e-01 6.399991510000e-01 2.986813780000e-01
v -2.004936340000e-01 6.196647880000e-01 2.993735670000e-01
v -2.006802860000e-01 6.306146380000e-01 2.990874050000e-01
v -2.048130480000e-01 6.723696590000e-01 3.003828530000e-01
v -2.043779340000e-01 6.580407620000e-01 3.003879190000e-01
v -1.845006350000e-01 6.274997590000e-01 2.990116180000e-01
v -2.034646570000e-01 6.259790660000e-01 3.035745020000e-01
v -1.998864110000e-01 6.564202310000e-01 2.983947990000e-01
v -2.002162930000e-01 6.724397540000e-01 2.979673150000e-01
v -1.888529210000e-01 6.120192410000e-01 2.993643580000e-01
v -1.672166140000e-01 6.399965290000e-01 3.080790340000e-01
v -1.675363930000e-01 6.293845770000e-01 3.144267200000e-01
v -1.669646950000e-01 6.520000700000e-01 3.160001040000e-01
v -1.710873400000e-01 6.127892140000e-01 2.996923330000e-01
v -1.683042050000e-01 6.040788890000e-01 3.046736420000e-01
v -1.720687300000e-01 6.355130670000e-01 2.988987860000e-01
v -1.733938900000e-01 6.196784970000e-01 2.992307540000e-01
v -1.679107400000e-01 6.301524040000e-01 3.004110160000e-01
v -1.679937540000e-01 6.129643320000e-01 3.209698800000e-01
v -1.667142210000e-01 6.597501640000e-01 3.263959880000e-01
v -1.678469330000e-01 6.166256070000e-01 3.069173690000e-01
v -1.674655080000e-01 6.481969950000e-01 3.326640730000e-01
v -1.675974130000e-01 6.290587780000e-01 3.317833840000e-01
v -1.671741750000e-01 6.417769790000e-01 3.254963460000e-01
v -1.661028560000e-01 6.844999190000e-01 3.080113230000e-01
v -1.723375470000e-01 6.710403560000e-01 2.978485520000e-01
v -1.825002580000e-01 6.744999290000e-01 2.977689500000e-01
v -1.827505830000e-01 6.567497250000e-01 2.982383670000e-01
v -1.659208830000e-01 6.959177850000e-01 3.318456110000e-01
v -1.657193750000e-01 6.960459350000e-01 3.039099570000e-01
v -1.724456100000e-01 6.839123960000e-01 2.974751000000e-01
v -1.716840860000e-01 6.534259920000e-01 2.984173890000e-01
v -1.662054210000e-01 6.775683160000e-01 3.294042940000e-01
v -1.658539620000e-01 6.939993500000e-01 3.199985030000e-01
v -1.668539790000e-01 6.814427380000e-01 2.993828060000e-01
v -1.665253940000e-01 6.682497860000e-01 3.120042980000e-01
v -1.672410070000e-01 6.654880050000e-01 2.995665370000e-01
v -1.671882420000e-01 6.515889760000e-01 3.004834950000e-01
v -1.661713270000e-01 6.819990870000e-01 3.199978770000e-01
v -2.052264810000e-01 6.883201600000e-01 3.001814480000e-01
v -2.060593660000e-01 7.159963850000e-01 3.110070820000e-01
v -2.059393530000e-01 7.194371820000e-01 2.999066710000e-01
v -2.053170950000e-01 6.853271130000e-01 3.294757600000e-01
v -2.009352300000e-01 6.901999710000e-01 2.975579800000e-01
v -2.057684360000e-01 7.050004600000e-01 3.199992780000e-01
v -2.063036710000e-01 7.336193320000e-01 3.327293690000e-01
v -2.057564260000e-01 7.263605590000e-01 3.359537120000e-01
v -2.057418230000e-01 7.039938570000e-01 3.080119790000e-01
v -2.053333370000e-01 7.035130260000e-01 2.995853420000e-01
v -2.059012950000e-01 7.124598030000e-01 3.320888880000e-01
v -2.055304050000e-01 6.960005760000e-01 3.199990390000e-01
v -2.063069190000e-01 7.259995340000e-01 3.157500030000e-01
v -2.051733580000e-01 6.825000640000e-01 3.170000310000e-01
v -2.061759680000e-01 7.200000290000e-01 3.234991430000e-01
v -2.043040540000e-01 7.158167960000e-01 3.370034100000e-01
v -1.889998910000e-01 6.942500470000e-01 3.368833660000e-01
v -1.800000220000e-01 7.040000560000e-01 3.371412460000e-01
v -1.800000820000e-01 6.880000830000e-01 3.367180530000e-01
v -2.048282030000e-01 6.976740360000e-01 3.363797960000e-01
v -2.038264720000e-01 6.843138930000e-01 3.362429140000e-01
v -2.009503540000e-01 7.316014170000e-01 3.377758260000e-01
v -1.715222900000e-01 7.040207390000e-01 3.371767400000e-01
v -1.899999380000e-01 7.117499710000e-01 3.373463450000e-01
v -1.877500120000e-01 7.279994490000e-01 3.377335670000e-01
v -1.781046690000e-01 7.206011410000e-01 3.375931380000e-01
v -1.680643410000e-01 6.879858970000e-01 3.364743890000e-01
v -1.715352390000e-01 7.225582000000e-01 3.377129140000e-01
v -1.663694680000e-01 7.059500220000e-01 3.358022870000e-01
v -2.003694920000e-01 7.075594070000e-01 3.372332160000e-01
v -2.037147430000e-01 6.254596710000e-01 3.288641570000e-01
v -2.017660590000e-01 6.282565000000e-01 3.335436580000e-01
v -2.037948220000e-01 6.404969100000e-01 3.319606180000e-01
v -1.993566600000e-01 6.438625450000e-01 3.353104000000e-01
v -2.043749840000e-01 6.518629790000e-01 3.095484970000e-01
v -2.044940590000e-01 6.555532810000e-01 3.243968190000e-01
v -2.047237750000e-01 6.654999850000e-01 3.135000170000e-01
v -2.041087450000e-01 6.422299150000e-01 3.208966850000e-01
v -2.039861680000e-01 6.365234850000e-01 3.091742690000e-01
v -2.037355900000e-01 6.281351450000e-01 3.150648470000e-01
v -2.006554900000e-01 6.619752650000e-01 3.356385530000e-01
v -2.040847690000e-01 6.733527180000e-01 3.352964520000e-01
v -2.047750500000e-01 6.650081280000e-01 3.286301490000e-01
v -2.043665950000e-01 6.555772420000e-01 3.324616250000e-01
v -2.049216030000e-01 6.720933910000e-01 3.216779830000e-01
v -1.918865890000e-01 6.519228220000e-01 3.357645270000e-01
v -1.941406880000e-01 6.799410580000e-01 3.365365560000e-01
v -1.684149950000e-01 6.718036530000e-01 3.360045850000e-01
v -1.799483450000e-01 6.160449390000e-01 3.348170220000e-01
v -1.800113320000e-01 6.320061090000e-01 3.352372350000e-01
v -1.716626290000e-01 6.221213340000e-01 3.345762190000e-01
v -1.714634300000e-01 6.436331270000e-01 3.352605700000e-01
v -1.830029040000e-01 6.480016110000e-01 3.356602490000e-01
v -1.840000150000e-01 6.641061310000e-01 3.360861840000e-01
v -1.724095640000e-01 6.632721420000e-01 3.360554870000e-01
v -1.669186350000e-01 6.661883000000e-01 3.325676620000e-01
v -1.977246110000e-01 6.227800250000e-01 3.349896670000e-01
v -1.904825720000e-01 6.174910660000e-01 3.348566890000e-01
v -1.900452380000e-01 6.328939800000e-01 3.352668290000e-01
v -1.827239390000e-01 6.767377850000e-01 3.364426490000e-01
v -1.941563930000e-01 6.661887760000e-01 3.361823260000e-01
v -2.033889440000e-01 6.130068300000e-01 3.285346030000e-01
v -2.030617590000e-01 6.011880640000e-01 3.284109230000e-01
v -2.026286720000e-01 5.842772130000e-01 3.276953100000e-01
v -2.004826960000e-01 5.614801050000e-01 3.327836390000e-01
v -2.017582360000e-01 5.741702320000e-01 3.320850130000e-01
v -1.973483560000e-01 5.973692540000e-01 3.343513910000e-01
v -1.919892280000e-01 5.639942880000e-01 3.334411080000e-01
v -2.007175390000e-01 5.856022240000e-01 3.333456520000e-01
v -2.033286540000e-01 6.127480270000e-01 3.147543970000e-01
v -2.025484440000e-01 5.832469460000e-01 3.147560660000e-01
v -2.020922300000e-01 5.659967060000e-01 3.160065710000e-01
v -2.030150740000e-01 6.110124590000e-01 3.040339950000e-01
v -2.029588220000e-01 5.987469550000e-01 3.155065480000e-01
v -2.016717340000e-01 6.100178960000e-01 3.331048490000e-01
v -2.019053700000e-01 5.604500170000e-01 3.281970920000e-01
v -1.681061690000e-01 6.112303730000e-01 3.305672410000e-01
v -1.800138500000e-01 5.920068030000e-01 3.341793720000e-01
v -1.702327130000e-01 5.578738450000e-01 3.319057520000e-01
v -1.894922850000e-01 5.872460600000e-01 3.340534570000e-01
v -1.691503520000e-01 5.698273780000e-01 3.282242720000e-01
v -1.687395570000e-01 5.838485960000e-01 3.280425970000e-01
v -1.708065120000e-01 6.061970590000e-01 3.338461820000e-01
v -1.684582080000e-01 5.952441100000e-01 3.199886980000e-01
v -1.693778630000e-01 5.607548360000e-01 3.155097070000e-01
v -1.689915810000e-01 5.752570630000e-01 3.142645360000e-01
v -1.709409360000e-01 5.899958010000e-01 3.334711190000e-01
v -1.755771790000e-01 5.561465020000e-01 3.332783880000e-01
v -1.711535300000e-01 5.740353470000e-01 3.331219260000e-01
v -1.874940100000e-01 6.039969330000e-01 3.344964980000e-01
v -1.845020800000e-01 5.760008690000e-01 3.337563870000e-01
v -1.756011840000e-01 5.535858870000e-01 3.009184000000e-01
v -1.715609580000e-01 5.776747470000e-01 3.012475370000e-01
v -1.702404320000e-01 5.595992210000e-01 3.029941620000e-01
v -1.874828040000e-01 5.900985600000e-01 2.999995950000e-01
v -1.825934950000e-01 6.002306940000e-01 2.997077410000e-01
v -1.815277490000e-01 5.814934370000e-01 3.002265690000e-01
v -1.720325950000e-01 5.926256780000e-01 3.001889880000e-01
v -1.999708120000e-01 6.001897450000e-01 2.998158040000e-01
v -1.685064580000e-01 5.907701850000e-01 3.072343770000e-01
v -2.003949730000e-01 5.895390510000e-01 3.004568520000e-01
v -1.690947560000e-01 5.726169350000e-01 3.059673310000e-01
v -1.965872350000e-01 5.762609240000e-01 3.003247380000e-01
v -1.822728660000e-01 5.692381860000e-01 3.005451560000e-01
v -2.028267830000e-01 5.941570400000e-01 3.057170510000e-01
v -2.018874140000e-01 5.776576400000e-01 3.033337890000e-01
v -1.960285160000e-01 5.596107840000e-01 3.007599120000e-01
v -1.864987020000e-01 5.280007720000e-01 3.016433720000e-01
v -1.879989060000e-01 5.440006260000e-01 3.012202380000e-01
v -1.763038640000e-01 5.359399910000e-01 3.013803360000e-01
v -2.009682800000e-01 5.234984760000e-01 3.140029010000e-01
v -1.963257790000e-01 5.234289170000e-01 3.018796150000e-01
v -1.864980160000e-01 5.145010950000e-01 3.020004030000e-01
v -2.006454170000e-01 5.143697260000e-01 3.043113050000e-01
v -2.010761050000e-01 5.318238140000e-01 3.041006330000e-01
v -2.009951920000e-01 5.227984790000e-01 3.232760730000e-01
v -2.012989220000e-01 5.360009070000e-01 3.199984430000e-01
v -2.011915740000e-01 5.454574230000e-01 3.036286530000e-01
v -2.016690970000e-01 5.499975680000e-01 3.160048720000e-01
v -1.967298390000e-01 5.444201830000e-01 3.013028200000e-01
v -1.755995600000e-01 5.199108120000e-01 3.018789590000e-01
v -2.015270140000e-01 5.614274140000e-01 3.034374420000e-01
v -1.797768030000e-01 4.900892670000e-01 3.187086880000e-01
v -1.727947740000e-01 4.956160190000e-01 3.026733100000e-01
v -1.772489700000e-01 4.905629160000e-01 3.045052590000e-01
v -1.771819740000e-01 5.055952070000e-01 3.021900950000e-01
v -2.001342620000e-01 5.036299230000e-01 3.034863470000e-01
v -2.000997810000e-01 4.926743510000e-01 3.052570220000e-01
v -2.003596570000e-01 4.983133670000e-01 3.126949970000e-01
v -2.006112780000e-01 5.100002290000e-01 3.164997100000e-01
v -1.953101900000e-01 4.912709890000e-01 3.035436870000e-01
v -1.954269110000e-01 4.902462360000e-01 3.137206440000e-01
v -1.917793600000e-01 4.984578790000e-01 3.022882640000e-01
v -2.001125660000e-01 4.922840000000e-01 3.252988460000e-01
v -2.004758860000e-01 5.070872310000e-01 3.278011380000e-01
v -1.932870150000e-01 4.904583100000e-01 3.284028770000e-01
v -1.853938100000e-01 4.901531930000e-01 3.083321150000e-01
v -1.930193900000e-01 5.397396680000e-01 3.328828220000e-01
v -1.954601850000e-01 4.949467780000e-01 3.314820830000e-01
v -1.999924630000e-01 5.480238800000e-01 3.327084480000e-01
v -1.764622930000e-01 5.113151070000e-01 3.320795600000e-01
v -1.854999960000e-01 5.552500490000e-01 3.332072790000e-01
v -1.927676050000e-01 5.170294640000e-01 3.322648700000e-01
v -1.775486170000e-01 5.370190140000e-01 3.327989880000e-01
v -1.854999360000e-01 5.260000230000e-01 3.324337010000e-01
v -1.755851810000e-01 4.954158960000e-01 3.315253260000e-01
v -2.014444170000e-01 5.443254110000e-01 3.281616570000e-01
v -2.003999800000e-01 5.278025270000e-01 3.320128320000e-01
v -1.812078060000e-01 4.905724820000e-01 3.287964460000e-01
v -1.989747290000e-01 5.112583640000e-01 3.310817780000e-01
v -1.868973970000e-01 5.040363670000e-01 3.318528230000e-01
v -1.707737740000e-01 5.346256490000e-01 3.314563630000e-01
v -1.715355220000e-01 4.917181730000e-01 3.077333270000e-01
v -1.716941600000e-01 4.912994210000e-01 3.264925480000e-01
v -1.698188480000e-01 5.479116440000e-01 3.280664090000e-01
v -1.706569050000e-01 5.174515250000e-01 3.277496400000e-01
v -1.719785930000e-01 5.227335690000e-01 3.321971890000e-01
v -1.697150920000e-01 5.480037930000e-01 3.160077040000e-01
v -1.705867950000e-01 5.420612690000e-01 3.032197950000e-01
v -1.701237410000e-01 5.325520630000e-01 3.160548810000e-01
v -1.709288360000e-01 5.256612300000e-01 3.033894300000e-01
v -1.709243800000e-01 4.987009170000e-01 3.159138260000e-01
v -1.710627820000e-01 5.078383680000e-01 3.038897510000e-01
v -1.705030500000e-01 5.181864500000e-01 3.165009620000e-01
v -1.709913460000e-01 5.043970940000e-01 3.283166290000e-01
v -1.720952840000e-01 7.572886350000e-01 3.378170430000e-01
v -1.787573700000e-01 7.432537080000e-01 3.377348780000e-01
v -1.879999940000e-01 7.560000420000e-01 3.377343710000e-01
v -1.661691520000e-01 7.947930690000e-01 3.362729850000e-01
v -1.657890680000e-01 8.104277850000e-01 3.359643220000e-01
v -1.887465570000e-01 7.652484180000e-01 3.377415540000e-01
v -1.673104610000e-01 7.747281790000e-01 3.371806740000e-01
v -1.760118010000e-01 7.720059750000e-01 3.377343710000e-01
v -1.797529610000e-01 8.125014900000e-01 3.377343710000e-01
v -1.879999940000e-01 7.800000910000e-01 3.377343710000e-01
v -1.899982840000e-01 7.964991930000e-01 3.377374710000e-01
v -1.711818430000e-01 8.069907430000e-01 3.377813400000e-01
v -1.719003770000e-01 7.880158420000e-01 3.378069400000e-01
v -1.792529520000e-01 7.955015300000e-01 3.377343710000e-01
v -2.007471320000e-01 7.849886420000e-01 3.377540410000e-01
v -1.649195400000e-01 8.092488050000e-01 3.033531900000e-01
v -1.650153250000e-01 7.807720900000e-01 3.320792620000e-01
v -1.648969350000e-01 7.784175870000e-01 3.038901690000e-01
v -1.649560330000e-01 8.022450800000e-01 3.216120600000e-01
v -1.649473160000e-01 7.919903990000e-01 3.242037300000e-01
v -1.649963410000e-01 8.134996890000e-01 3.199994860000e-01
v -1.666820050000e-01 7.860301730000e-01 2.981381710000e-01
v -1.649179010000e-01 7.680656910000e-01 3.035698530000e-01
v -1.649207320000e-01 7.974255680000e-01 3.032750190000e-01
v -1.649963410000e-01 7.905089860000e-01 3.095179200000e-01
v -1.649963410000e-01 7.665030360000e-01 3.155059810000e-01
v -1.649189890000e-01 7.528700230000e-01 3.033985500000e-01
v -1.649963560000e-01 7.797498700000e-01 3.194996120000e-01
v -1.666820050000e-01 7.660301330000e-01 2.981381710000e-01
v -1.649190780000e-01 7.382752300000e-01 3.039093610000e-01
v -1.672157050000e-01 7.421360610000e-01 3.371351960000e-01
v -1.650013920000e-01 7.653782960000e-01 3.319493530000e-01
v -1.667177530000e-01 7.620471120000e-01 3.366653920000e-01
v -1.649963560000e-01 7.564998270000e-01 3.192496000000e-01
v -1.649346350000e-01 7.355086800000e-01 3.308770950000e-01
v -1.649791600000e-01 7.354998590000e-01 3.150000270000e-01
v -1.667514000000e-01 7.241326570000e-01 3.366446200000e-01
v -1.650988160000e-01 7.507846950000e-01 3.326580520000e-01
v -1.651406740000e-01 7.199462060000e-01 3.315812650000e-01
v -1.649963560000e-01 7.459998730000e-01 3.189997380000e-01
v -1.649819170000e-01 7.241311070000e-01 3.033627870000e-01
v -1.651294830000e-01 7.204992180000e-01 3.177500070000e-01
v -1.655233650000e-01 7.064996360000e-01 3.189989920000e-01
v -1.654024270000e-01 7.080619340000e-01 3.039125500000e-01
v -2.057080570000e-01 7.970473770000e-01 3.360001150000e-01
v -2.063350980000e-01 7.645003800000e-01 3.234993820000e-01
v -1.924930960000e-01 7.439965610000e-01 3.377430140000e-01
v -2.008154990000e-01 7.570692900000e-01 3.377502560000e-01
v -2.044476870000e-01 7.723354100000e-01 3.371971850000e-01
v -2.062958780000e-01 7.712799310000e-01 3.322317300000e-01
v -2.057675720000e-01 7.591786980000e-01 3.359546960000e-01
v -2.046470200000e-01 7.425706980000e-01 3.370280270000e-01
v -2.063180660000e-01 7.463402750000e-01 3.320025210000e-01
v -2.063350980000e-01 7.502502200000e-01 3.212497230000e-01
v -2.062737640000e-01 7.870498900000e-01 3.324941100000e-01
v -2.063356340000e-01 7.382501360000e-01 3.189997080000e-01
v -2.063350980000e-01 7.810002570000e-01 3.219996090000e-01
v -2.063350980000e-01 7.915003300000e-01 3.219995200000e-01
v -2.063495070000e-01 8.040016890000e-01 3.226414320000e-01
v -2.064365600000e-01 8.104712960000e-01 3.064051570000e-01
v -2.063350980000e-01 7.575000520000e-01 3.134999870000e-01
v -2.005672310000e-01 8.100808260000e-01 2.963650820000e-01
v -2.063854780000e-01 7.679120300000e-01 3.031684160000e-01
v -2.053031470000e-01 8.159385920000e-01 2.987522180000e-01
v -2.012716080000e-01 7.689068910000e-01 2.964593770000e-01
v -2.060939820000e-01 7.908999320000e-01 2.996522780000e-01
v -2.008826290000e-01 7.959114910000e-01 2.963914870000e-01
v -2.063350980000e-01 7.695000170000e-01 3.145000340000e-01
v -2.063350980000e-01 7.805000540000e-01 3.120000060000e-01
v -2.060305920000e-01 7.782313820000e-01 2.995977100000e-01
v -2.060299370000e-01 8.030171990000e-01 2.995395660000e-01
v -2.063350980000e-01 7.960000630000e-01 3.120000060000e-01
v -2.053031470000e-01 7.579386230000e-01 2.987522180000e-01
v -2.064071150000e-01 7.516601680000e-01 3.040669260000e-01
v -2.012339980000e-01 7.320059540000e-01 2.964218850000e-01
v -1.930540800000e-01 7.380506400000e-01 2.963755730000e-01
v -1.790185870000e-01 7.299903630000e-01 2.963847520000e-01
v -2.003041510000e-01 7.535499930000e-01 2.963583470000e-01
v -1.879999340000e-01 7.219992280000e-01 2.964941860000e-01
v -1.961361170000e-01 6.964962480000e-01 2.971527580000e-01
v -1.840000900000e-01 6.915000080000e-01 2.973193530000e-01
v -2.060880510000e-01 7.305786610000e-01 2.995365260000e-01
v -2.003272770000e-01 7.122552390000e-01 2.967599930000e-01
v -1.669065950000e-01 7.142043110000e-01 2.982701660000e-01
v -2.060422900000e-01 7.413066630000e-01 2.996249790000e-01
v -1.711855830000e-01 7.170451880000e-01 2.965900300000e-01
v -1.680118290000e-01 6.959111690000e-01 2.976446450000e-01
v -1.800084110000e-01 7.032455210000e-01 2.970002000000e-01
v -1.880000080000e-01 7.040000560000e-01 2.969887550000e-01
v -1.931642590000e-01 7.792638540000e-01 2.963750960000e-01
v -1.872499590000e-01 7.615000610000e-01 2.963956000000e-01
v -1.662810740000e-01 7.317138310000e-01 2.987268570000e-01
v -1.795186700000e-01 7.724907400000e-01 2.963903550000e-01
v -1.820140030000e-01 7.457429770000e-01 2.963894900000e-01
v -1.666820050000e-01 7.480300660000e-01 2.981381710000e-01
v -1.677124350000e-01 7.971336840000e-01 2.971309420000e-01
v -1.709842090000e-01 7.686931490000e-01 2.963528340000e-01
v -1.711656750000e-01 7.347744700000e-01 2.963432070000e-01
v -1.790186610000e-01 7.839906810000e-01 2.963891920000e-01
v -1.710560770000e-01 7.525475620000e-01 2.963480060000e-01
v -1.795186700000e-01 7.959907050000e-01 2.963895800000e-01
v -1.899999380000e-01 7.960001230000e-01 2.963956000000e-01
v -1.710560920000e-01 8.165475730000e-01 2.963480060000e-01
v -1.820140030000e-01 8.097429870000e-01 2.963894900000e-01
v -1.666906920000e-01 9.060332180000e-01 2.981342080000e-01
v -1.649398510000e-01 9.091284870000e-01 3.030093310000e-01
v -1.651096490000e-01 8.822285530000e-01 3.327264190000e-01
v -1.650716660000e-01 9.030583500000e-01 3.324363530000e-01
v -1.648984550000e-01 9.163165690000e-01 3.237621490000e-01
v -1.649633940000e-01 8.639950750000e-01 3.221496050000e-01
v -1.649963560000e-01 8.799998160000e-01 3.199994860000e-01
v -1.649963410000e-01 9.000059960000e-01 3.120119570000e-01
v -1.649473160000e-01 8.919904830000e-01 3.242037890000e-01
v -1.647223680000e-01 9.169860480000e-01 3.105264310000e-01
v -1.649963560000e-01 8.881676200000e-01 3.023987110000e-01
v -1.651096640000e-01 8.634086850000e-01 3.327264490000e-01
v -1.649963410000e-01 8.890089990000e-01 3.095179200000e-01
v -1.649105100000e-01 8.713608980000e-01 3.049833480000e-01
v -1.650462450000e-01 9.061349030000e-01 3.199538890000e-01
v -1.649963560000e-01 8.277500270000e-01 3.167500200000e-01
v -1.649220140000e-01 8.320443030000e-01 3.042539060000e-01
v -1.666820200000e-01 8.420301080000e-01 2.981381420000e-01
v -1.649963560000e-01 8.494997620000e-01 3.199994560000e-01
v -1.944182370000e-01 8.455166220000e-01 2.963773910000e-01
v -2.008825540000e-01 8.381525280000e-01 2.963844840000e-01
v -2.005672160000e-01 8.240808250000e-01 2.963650820000e-01
v -1.800186780000e-01 8.484907150000e-01 2.963898780000e-01
v -1.713114080000e-01 8.424904350000e-01 2.963371870000e-01
v -1.649179160000e-01 8.446813820000e-01 3.035698240000e-01
v -1.649220730000e-01 8.580847980000e-01 3.032099310000e-01
v -1.860000190000e-01 8.224999900000e-01 2.963956000000e-01
v -1.865000130000e-01 8.345000740000e-01 2.963956000000e-01
v -1.713835900000e-01 8.307180400000e-01 2.963353990000e-01
v -1.666820050000e-01 8.180301790000e-01 2.981381710000e-01
v -1.649207470000e-01 8.209657070000e-01 3.032750190000e-01
v -1.775279940000e-01 8.944860700000e-01 2.963905630000e-01
v -1.715841740000e-01 8.812648060000e-01 2.963323000000e-01
v -1.666820200000e-01 8.680300710000e-01 2.981381420000e-01
v -1.713114230000e-01 8.639104960000e-01 2.963371870000e-01
v -1.713114080000e-01 9.013305900000e-01 2.963371870000e-01
v -2.009101510000e-01 9.114608170000e-01 2.964075800000e-01
v -1.666820050000e-01 8.880301120000e-01 2.981381710000e-01
v -1.857500080000e-01 8.847501280000e-01 2.963956000000e-01
v -1.999783660000e-01 8.774800900000e-01 2.963384690000e-01
v -2.012317630000e-01 8.986948730000e-01 2.964496910000e-01
v -1.943355800000e-01 8.935111170000e-01 2.963807580000e-01
v -1.887499390000e-01 8.562500480000e-01 2.963956000000e-01
v -1.860001090000e-01 9.039998650000e-01 2.963956000000e-01
v -2.009906020000e-01 8.618478780000e-01 2.964021560000e-01
v -1.855000110000e-01 8.695000410000e-01 2.963956000000e-01
v -1.669931710000e-01 8.655222060000e-01 3.369773330000e-01
v -2.006534790000e-01 8.028878570000e-01 3.377581240000e-01
v -1.669931560000e-01 8.432763220000e-01 3.369773030000e-01
v -1.651276050000e-01 8.485426310000e-01 3.328243490000e-01
v -1.713760790000e-01 8.505743740000e-01 3.377959430000e-01
v -1.649649590000e-01 8.359950180000e-01 3.253332080000e-01
v -1.650240870000e-01 8.246502280000e-01 3.321099880000e-01
v -1.672155260000e-01 8.261358740000e-01 3.371345400000e-01
v -1.760118010000e-01 8.360059860000e-01 3.377343710000e-01
v -2.008154840000e-01 8.246796130000e-01 3.377502560000e-01
v -1.800059080000e-01 8.240029810000e-01 3.377343710000e-01
v -1.884965600000e-01 8.399983050000e-01 3.377447720000e-01
v -1.909965430000e-01 8.279982810000e-01 3.377370830000e-01
v -2.042795570000e-01 8.427350520000e-01 3.372661170000e-01
v -1.909965570000e-01 8.137483000000e-01 3.377386030000e-01
v -1.855000110000e-01 8.680000900000e-01 3.377343710000e-01
v -1.855000110000e-01 8.520000580000e-01 3.377343710000e-01
v -1.673104610000e-01 8.832514880000e-01 3.371806740000e-01
v -1.760118010000e-01 8.920059200000e-01 3.377343710000e-01
v -1.822500080000e-01 9.010000820000e-01 3.377343710000e-01
v -1.998424080000e-01 8.556247350000e-01 3.377920690000e-01
v -1.835029570000e-01 8.830015660000e-01 3.377343710000e-01
v -1.669931710000e-01 8.975221510000e-01 3.369773330000e-01
v -1.712847950000e-01 9.080947040000e-01 3.377837540000e-01
v -1.929965470000e-01 8.959982990000e-01 3.377377690000e-01
v -2.007471470000e-01 9.009885790000e-01 3.377540410000e-01
v -2.000030880000e-01 8.847432730000e-01 3.378007410000e-01
v -2.002290040000e-01 8.739535210000e-01 3.377953470000e-01
v -1.735147240000e-01 8.685562610000e-01 3.377999660000e-01
v -1.939930920000e-01 8.649966720000e-01 3.377398550000e-01
v -2.063350980000e-01 8.549981120000e-01 3.120039400000e-01
v -2.063350980000e-01 8.369981650000e-01 3.110039230000e-01
v -2.063670010000e-01 8.340065480000e-01 3.250506220000e-01
v -2.057494820000e-01 8.273978830000e-01 3.358691330000e-01
v -2.063758520000e-01 8.438875680000e-01 3.028670550000e-01
v -2.058091910000e-01 8.130279180000e-01 3.359236420000e-01
v -2.060830890000e-01 8.629001980000e-01 2.999148370000e-01
v -2.059861570000e-01 8.312864300000e-01 2.994940580000e-01
v -2.064116900000e-01 8.214429020000e-01 3.047876060000e-01
v -2.063177380000e-01 8.445990680000e-01 3.321440220000e-01
v -2.063350980000e-01 8.165001870000e-01 3.199996950000e-01
v -2.063350980000e-01 8.255001900000e-01 3.199996950000e-01
v -2.063687890000e-01 8.575096730000e-01 3.265397550000e-01
v -2.063350980000e-01 8.440002200000e-01 3.204998370000e-01
v -2.053031470000e-01 8.519386650000e-01 2.987522180000e-01
v -2.063350980000e-01 9.095000030000e-01 3.174999950000e-01
v -2.062840910000e-01 8.921134470000e-01 3.323856590000e-01
v -2.063548420000e-01 8.675034050000e-01 3.207067250000e-01
v -2.050341810000e-01 8.819803600000e-01 3.365337550000e-01
v -2.062840910000e-01 8.761134740000e-01 3.323856590000e-01
v -2.058927710000e-01 9.049383400000e-01 3.358680010000e-01
v -2.054206880000e-01 8.589282630000e-01 3.362464610000e-01
v -2.063350980000e-01 8.975001570000e-01 3.172498640000e-01
v -2.056440110000e-01 8.923316000000e-01 2.990736070000e-01
v -2.063350980000e-01 8.864961860000e-01 3.120078740000e-01
v -2.063350980000e-01 8.830003740000e-01 3.232494590000e-01
v -2.060305920000e-01 8.784006240000e-01 2.995976810000e-01
v -2.063350980000e-01 8.744961020000e-01 3.100078700000e-01
v -2.064101700000e-01 9.028996830000e-01 3.039033410000e-01
f 1219 1222 1221
f 1223 1220 1221
f 1222 1224 1221
f 1221 1224 1223
f 1240 1219 1220
f 1235 1237 1240
f 1223 1212 1225
f 1225 1214 1213
f 1214 1209 1217
f 1226 1220 1223
f 1232 1235 1236
f 1230 1233 1235
f 1229 1233 1230
f 1216 1215 1213
f 1216 1232 1215
f 1228 1230 1232
f 1216 1227 1228
f 1227 1229 1228
f 1217 1227 1216
f 1247 1198 1218
f 1218 1200 1224
f 1198 1201 1200
f 1219 1218 1222
f 1237 1253 1219
f 1253 1247 1218
f 1242 1253 1237
f 1250 1245 1247
f 1234 1231 1242
f 1238 1242 1231
f 1156 1185 1198
f 1198 1195 1201
f 1185 1194 1195
f 1248 1156 1245
f 1252 1158 1248
f 1158 1156 1248
f 1159 1160 1158
f 1251 1159 1252
f 1162 1188 1196
f 1188 1193 1187
f 1151 1192 1188
f 1186 1187 1194
f 1193 1184 1187
f 1187 1181 1194
f 1160 1162 1156
f 1157 1153 1160
f 1153 1164 1162
f 1153 1151 1164
f 1157 1078 1153
f 1165 1152 1159
f 1192 1092 1193
f 1108 1107 1092
f 1193 1092 1184
f 1078 1085 1151
f 1084 1076 1078
f 1085 1108 1192
f 1076 1077 1085
f 1076 1080 1083
f 1062 1084 1152
f 1072 1080 1084
f 1115 1116 1108
f 1091 1113 1115
f 1116 1101 1107
f 1116 1111 1101
f 1101 1100 1106
f 1111 1109 1100
f 1083 1077 1076
f 1077 1115 1108
f 1083 1090 1077
f 1090 1091 1077
f 1089 1090 1083
f 1088 1079 1090
f 1087 1088 1090
f 1073 1089 1080
f 1071 1087 1089
f 1086 1110 1113
f 1056 1120 1110
f 1113 1119 1111
f 1110 1118 1119
f 1119 1117 1109
f 1118 1150 1117
f 1079 1082 1091
f 1088 1081 1082
f 1082 1081 1086
f 1081 1056 1086
f 1088 1054 1081
f 1052 1088 1087
f 1052 1053 1088
f 1051 1048 1053
f 1120 1112 1121
f 1027 1026 1112
f 1026 1024 1112
f 1121 1114 1118
f 1114 1149 1150
f 1114 970 1149
f 1054 1058 1056
f 1055 1057 1054
f 1058 1027 1120
f 1057 1023 1058
f 1023 1025 1027
f 1022 1021 1023
f 1021 1020 1025
f 1019 1021 1022
f 1048 1055 1053
f 1018 1022 1055
f 1018 1019 1022
f 1060 1055 1048
f 1060 1018 1055
f 999 990 1018
f 1017 1016 1024
f 1046 1036 1016
f 1016 981 1024
f 1024 980 970
f 1024 981 980
f 981 979 980
f 981 968 979
f 1021 1030 1020
f 1019 1030 1021
f 1035 1046 1016
f 1028 1029 1019
f 989 994 1028
f 1035 1042 1046
f 1042 1041 1046
f 1041 1040 1036
f 1041 1039 1040
f 1036 966 981
f 1040 964 966
f 966 961 968
f 964 959 961
f 1034 1042 1035
f 1005 1032 1045
f 1034 1031 1042
f 1032 1044 1034
f 1031 1038 1041
f 1005 1003 1032
f 994 1005 1029
f 1001 1003 1005
f 1012 1001 1002
f 1037 888 1043
f 1039 957 964
f 1043 887 957
f 964 957 959
f 957 887 967
f 1003 1033 1044
f 1033 1037 1038
f 1009 841 1010
f 1033 884 1037
f 1008 1009 1003
f 857 860 1009
f 884 909 894
f 842 907 909
f 888 886 887
f 909 902 886
f 909 901 902
f 886 885 891
f 886 902 885
f 860 845 841
f 844 842 909
f 845 846 844
f 866 847 845
f 861 866 860
f 857 861 860
f 855 866 861
f 854 856 866
f 848 898 907
f 849 850 848
f 907 896 901
f 898 900 896
f 901 897 899
f 901 896 897
f 847 851 846
f 851 848 843
f 847 838 851
f 856 870 847
f 838 839 851
f 839 849 848
f 880 881 867
f 850 1540 898
f 1518 1539 1540
f 1540 1538 900
f 1539 1530 1538
f 1538 1530 1531
f 872 840 839
f 868 879 872
f 879 1513 840
f 1513 1525 1518
f 1525 1516 1518
f 1493 1520 879
f 881 868 870
f 878 879 868
f 878 1493 879
f 878 1478 1493
f 1472 1475 1478
f 1480 1469 1471
f 1629 1467 1468
f 1627 1626 1628
f 1624 1620 1627
f 1585 1661 1595
f 1264 1266 1263
f 1516 1521 1539
f 1521 1523 1535
f 1524 1523 1521
f 1523 1514 1511
f 1539 1533 1530
f 1535 1536 1533
f 1537 1536 1523
f 1525 1517 1516
f 1520 1517 1525
f 1492 1512 1520
f 1517 1524 1521
f 1512 1519 1517
f 1492 1489 1512
f 1495 1489 1492
f 1494 1489 1495
f 1482 1492 1493
f 1470 1475 1472
f 1475 1487 1482
f 1469 1491 1470
f 1476 1488 1469
f 1488 1483 1491
f 1485 1494 1487
f 1483 1485 1487
f 1468 1476 1480
f 1630 1474 1467
f 1476 1484 1488
f 1628 1618 1629
f 1626 1618 1628
f 1618 1617 1630
f 1626 1616 1618
f 1621 1616 1626
f 1617 1474 1630
f 1617 1644 1474
f 1616 1643 1617
f 1620 1619 1621
f 1664 1665 1620
f 1620 1665 1619
f 1619 1645 1616
f 1665 1645 1619
f 1668 1652 1665
f 1665 1646 1645
f 1652 1646 1665
f 1675 1664 1624
f 1595 1672 1675
f 1661 1673 1672
f 1672 1668 1664
f 1673 1667 1668
f 1666 1670 1673
f 1266 1271 1263
f 1671 1666 1661
f 1271 1669 1671
f 1669 1670 1666
f 1669 1674 1670
f 1267 1272 1669
f 1309 1258 1264
f 1258 1259 1264
f 1259 1267 1266
f 1259 1273 1267
f 1258 1273 1259
f 1313 1304 1309
f 1306 1311 1313
f 1310 1307 1306
f 1311 1308 1304
f 1307 1308 1311
f 1350 1351 1308
f 1347 1307 1310
f 1348 1354 1347
f 1354 1356 1347
f 1359 1350 1307
f 1346 1353 1356
f 535 530 531
f 531 530 523
f 530 528 524
f 533 535 531
f 562 532 535
f 560 562 535
f 555 559 560
f 531 566 533
f 532 528 530
f 562 556 538
f 523 536 531
f 556 554 538
f 1523 529 1537
f 538 542 547
f 534 529 523
f 538 547 539
f 557 555 566
f 1501 561 557
f 561 559 555
f 1502 558 561
f 1514 557 566
f 1515 1501 557
f 559 553 556
f 1490 1501 1515
f 1522 1515 1514
f 1522 1490 1515
f 553 564 563
f 558 565 564
f 1494 1490 1489
f 563 540 542
f 564 567 540
f 1498 1502 1501
f 1499 1500 1498
f 1500 579 1502
f 1503 1498 1501
f 1507 1499 1498
f 579 581 580
f 1490 1503 1501
f 1486 1507 1503
f 580 582 565
f 1486 1503 1490
f 1505 1497 1507
f 565 582 567
f 1485 1505 1486
f 1504 1505 1483
f 1484 1504 1483
f 1508 1496 1499
f 1642 1506 1508
f 1496 579 1500
f 1506 570 1496
f 1641 578 1506
f 1510 1508 1499
f 579 572 581
f 570 569 572
f 1640 1642 1508
f 572 575 574
f 569 620 575
f 1497 1509 1499
f 1639 1640 1510
f 572 574 568
f 1504 1509 1505
f 1473 1639 1484
f 1644 1637 1473
f 1637 1638 1639
f 1636 1641 1642
f 1374 578 1641
f 578 615 569
f 578 617 615
f 1640 1635 1642
f 1633 1634 1635
f 615 614 620
f 615 617 614
f 617 623 614
f 1638 1632 1640
f 1632 1633 1635
f 1650 1634 1633
f 620 622 577
f 614 623 622
f 1643 1638 1644
f 1645 1631 1643
f 1654 1364 1636
f 1649 1375 1654
f 1364 1361 1374
f 1375 1362 1364
f 1634 1654 1636
f 1361 1373 617
f 1362 1365 1373
f 1648 1649 1654
f 1653 1648 1654
f 1650 1653 1634
f 617 619 623
f 1373 618 619
f 1657 1648 1653
f 1646 1657 1650
f 1652 1659 1646
f 1659 1658 1657
f 1396 1366 1649
f 1366 1363 1375
f 1391 1367 1366
f 1363 1368 1365
f 1368 1369 1365
f 1655 1647 1649
f 1651 1395 1647
f 1367 1371 1369
f 1660 1651 1647
f 1365 1369 618
f 1369 1372 621
f 1667 1656 1652
f 1656 1660 1658
f 1670 1663 1667
f 1663 1662 1660
f 1395 1391 1396
f 1270 1390 1395
f 1390 1392 1391
f 1647 1395 1396
f 1393 1383 1384
f 1265 1270 1395
f 1269 1274 1270
f 1367 1388 1371
f 1384 1383 1388
f 1662 1262 1265
f 1371 1386 1372
f 1388 1387 1386
f 1674 1663 1670
f 1674 1262 1662
f 1272 1268 1262
f 1274 1390 1270
f 1287 1404 1274
f 1404 1403 1390
f 1286 1287 1274
f 1393 1401 1383
f 1403 1400 1401
f 1285 1286 1274
f 1400 1394 1401
f 1400 1399 1394
f 1383 1385 1387
f 1401 1394 1385
f 1268 1285 1269
f 1284 1286 1285
f 1399 1398 1394
f 1261 1284 1268
f 1283 1277 1287
f 1279 1277 1283
f 1277 1402 1404
f 1423 1422 1277
f 1275 1279 1283
f 1422 1405 1402
f 1422 1434 1405
f 1276 1275 1283
f 1434 1412 1405
f 1282 1280 1275
f 1402 1397 1399
f 1284 1276 1286
f 1405 1412 1419
f 1281 1282 1276
f 1397 1419 1398
f 1278 1281 1284
f 1292 1288 1281
f 1360 1292 1351
f 1292 1289 1288
f 1293 1433 1279
f 1425 1420 1423
f 1433 1420 1425
f 1432 1431 1434
f 1301 1293 1280
f 1298 1299 1293
f 1434 1431 1429
f 1431 1428 1429
f 1288 1301 1282
f 1289 1298 1301
f 1412 1410 1419
f 1337 1302 1289
f 1224 1200 1212
f 1212 1197 1214
f 1200 1208 1197
f 1207 1211 1208
f 1211 1202 1208
f 1197 1205 1209
f 1205 1204 1206
f 1208 1203 1205
f 1233 1231 1234
f 1254 1243 1238
f 1241 1238 1231
f 1241 1254 1238
f 1256 1254 1241
f 1209 1206 1227
f 1206 1239 1227
f 1206 1244 1239
f 1239 1256 1241
f 1204 1246 1244
f 1201 1211 1207
f 1194 1190 1191
f 1191 1189 1202
f 1203 1199 1204
f 1202 1210 1203
f 1210 1171 1199
f 1202 1189 1210
f 1189 1171 1210
f 1249 1251 1252
f 1254 1249 1243
f 1257 1251 1249
f 1257 1155 1251
f 1244 1246 1256
f 1246 1257 1254
f 1199 1172 1246
f 1171 1175 1172
f 1167 1173 1172
f 1173 1155 1257
f 1187 1184 1183
f 1181 1183 1182
f 1183 1105 1182
f 1176 1177 1175
f 1105 1178 1176
f 1178 1179 1176
f 1165 1163 1152
f 1155 1165 1161
f 1154 1163 1165
f 1175 1168 1167
f 1166 1154 1155
f 1168 1180 1166
f 1177 1169 1168
f 1179 1174 1177
f 1092 1098 1099
f 1099 1098 1097
f 1099 1097 1105
f 1098 1095 1097
f 1095 1094 1097
f 1094 1064 1170
f 1095 1093 1094
f 1061 1072 1062
f 1180 1061 1163
f 1069 1067 1072
f 1063 1180 1169
f 1178 1170 1174
f 1063 1061 1180
f 1063 1069 1061
f 1064 1065 1063
f 1100 1103 1102
f 1106 1102 1096
f 1096 1104 1095
f 1093 1130 1064
f 1104 1129 1093
f 1129 1128 1130
f 1104 1131 1129
f 1127 1126 1128
f 1070 1087 1071
f 1067 1071 1073
f 1074 1070 1071
f 1069 1074 1067
f 1075 1070 1074
f 1130 1125 1065
f 1065 1074 1069
f 1125 1066 1065
f 1066 1075 1074
f 1128 1124 1125
f 1109 1139 1103
f 1117 1148 1139
f 1103 1139 1131
f 1139 1146 1141
f 1131 1123 1127
f 1141 1137 1123
f 1146 1138 1141
f 1070 1052 1087
f 1059 1051 1052
f 1068 1059 1070
f 1049 1050 1059
f 1075 1068 1070
f 1066 1068 1075
f 1123 1136 1126
f 1126 1136 1124
f 1136 1135 1124
f 1124 1049 1068
f 970 983 1143
f 1149 1143 1144
f 1150 1144 1148
f 1144 1143 1145
f 1143 978 1145
f 1138 1140 1137
f 1145 1142 1138
f 1145 975 1142
f 975 974 1142
f 1142 974 1147
f 1050 1060 1051
f 1047 984 1060
f 986 985 984
f 1134 1133 1135
f 1135 1047 1049
f 1122 1132 1134
f 1132 987 1133
f 1133 986 1047
f 987 993 988
f 970 980 983
f 968 973 979
f 983 971 978
f 979 973 971
f 978 977 975
f 977 976 974
f 977 972 976
f 973 982 977
f 997 991 989
f 997 998 991
f 985 989 984
f 985 997 989
f 974 996 987
f 993 995 986
f 996 995 993
f 995 997 985
f 976 953 996
f 996 952 995
f 953 949 996
f 995 992 997
f 959 969 965
f 961 965 963
f 968 963 956
f 965 962 963
f 982 946 972
f 972 946 953
f 982 944 946
f 963 944 982
f 944 955 942
f 998 1002 994
f 1013 1012 1002
f 1013 1001 1012
f 1006 1007 1001
f 1000 1006 1013
f 992 1000 998
f 953 943 949
f 943 947 952
f 946 942 943
f 947 941 945
f 945 1000 992
f 943 948 947
f 948 941 947
f 941 1004 1000
f 942 954 948
f 948 954 941
f 887 891 889
f 967 889 958
f 889 893 882
f 958 882 962
f 962 960 955
f 882 892 962
f 892 916 960
f 1015 1009 1008
f 1011 1015 1006
f 1014 858 1015
f 954 950 941
f 955 951 954
f 950 1014 1004
f 960 911 951
f 911 865 950
f 950 865 1014
f 911 914 865
f 902 904 885
f 891 883 893
f 885 890 883
f 892 913 916
f 883 895 892
f 895 924 913
f 859 861 857
f 864 853 861
f 858 864 859
f 916 915 911
f 913 923 915
f 923 921 922
f 922 863 852
f 924 920 923
f 921 919 922
f 896 908 897
f 899 897 903
f 904 903 890
f 903 906 890
f 917 918 924
f 917 938 918
f 906 937 917
f 937 931 938
f 877 881 880
f 873 867 854
f 873 880 867
f 876 880 873
f 876 877 880
f 875 874 877
f 919 875 863
f 863 876 862
f 918 936 920
f 920 925 919
f 938 934 936
f 925 932 875
f 933 932 925
f 932 874 875
f 900 910 908
f 910 939 905
f 1532 1534 939
f 939 929 937
f 929 927 931
f 939 926 929
f 926 927 929
f 926 674 927
f 871 878 881
f 1563 1565 935
f 931 940 934
f 934 940 933
f 933 930 932
f 930 1563 935
f 1558 1563 930
f 675 1558 928
f 1477 1472 1478
f 1479 1471 1472
f 1565 1556 1477
f 1479 1549 1481
f 1466 1629 1468
f 1479 1480 1471
f 1481 1466 1480
f 1544 1629 1466
f 1481 1549 1544
f 1544 1551 1574
f 1622 1628 1629
f 1623 1627 1628
f 1574 1622 1629
f 1572 1623 1622
f 1574 1578 1572
f 1625 1624 1627
f 1572 1625 1623
f 1583 1624 1625
f 1572 1582 1583
f 1583 1615 1612
f 1612 1675 1624
f 1612 1595 1675
f 1589 1588 1595
f 1612 1614 1589
f 1588 1585 1595
f 1590 1264 1263
f 1592 1590 1585
f 1589 1593 1591
f 1591 1593 1592
f 1303 1309 1264
f 1592 1303 1590
f 1315 1316 1303
f 1592 1594 1315
f 1315 1312 1314
f 1316 1313 1309
f 1314 1313 1316
f 1305 1306 1313
f 1305 1310 1306
f 1314 1327 1305
f 1352 1348 1347
f 1305 1352 1310
f 1357 1348 1352
f 1305 1323 1357
f 1357 1331 1358
f 1530 1526 1532
f 1533 1527 1526
f 1536 1537 1527
f 1532 1526 1534
f 1528 729 1529
f 1529 724 926
f 926 724 720
f 724 731 720
f 731 734 733
f 732 731 724
f 1567 1564 1565
f 1563 1567 1565
f 1570 1568 1567
f 1562 1563 1558
f 3240 1560 1557
f 1556 1547 1552
f 1564 1561 1559
f 1559 1561 1547
f 1552 1545 1549
f 1549 1553 1551
f 1545 1548 1553
f 1547 1543 1545
f 1545 1543 1548
f 1548 1541 1546
f 1551 1575 1578
f 1581 1577 1582
f 1575 1573 1581
f 1581 1579 1577
f 1546 1541 1575
f 1575 1571 1573
f 1584 1601 1615
f 1577 1579 1584
f 1601 1603 1602
f 1579 1580 1601
f 1601 1604 1603
f 1573 1576 1579
f 2527 1604 1580
f 1615 1602 1614
f 1614 1606 1613
f 1602 1603 1605
f 1605 1608 1606
f 1603 1609 1607
f 1607 1609 1608
f 1593 1596 1600
f 1613 1611 1593
f 1611 1597 1596
f 1596 1598 1600
f 1608 1610 1611
f 1610 1599 1597
f 1597 1599 1598
f 1600 1586 1594
f 1594 1586 1312
f 1586 1318 1320
f 1598 1587 1586
f 1586 2653 1318
f 1312 1320 1327
f 1327 1330 1323
f 1319 1317 1330
f 1318 1329 1319
f 2650 1329 2653
f 1330 1322 1328
f 1328 1321 1331
f 1321 1325 1326
f 1326 1325 5794
f 1322 1324 1321
f 523 524 534
f 524 537 525
f 534 525 526
f 526 440 725
f 525 433 440
f 528 539 537
f 1537 527 729
f 539 551 552
f 526 527 534
f 537 552 433
f 723 527 526
f 723 729 527
f 552 543 434
f 725 723 526
f 542 550 547
f 542 549 550
f 540 548 549
f 540 546 548
f 547 550 551
f 551 545 543
f 550 544 545
f 548 591 544
f 544 431 430
f 544 595 431
f 567 571 546
f 582 573 571
f 1561 1542 1550
f 546 590 591
f 3218 3219 1542
f 591 583 595
f 590 597 583
f 3238 1542 1569
f 568 576 573
f 574 596 576
f 574 594 596
f 1550 1555 1543
f 1543 1554 1541
f 576 596 590
f 3208 1554 3219
f 590 592 597
f 590 589 592
f 596 587 589
f 593 588 587
f 577 600 594
f 577 601 600
f 622 611 601
f 1541 3201 1571
f 601 602 600
f 3216 3201 1554
f 3200 1576 3201
f 593 606 588
f 600 607 606
f 602 599 607
f 3194 3201 3216
f 3191 3200 3201
f 623 610 611
f 623 624 610
f 619 625 624
f 618 626 625
f 611 610 602
f 624 616 610
f 625 627 616
f 3200 2527 1576
f 610 598 599
f 616 290 598
f 616 296 290
f 3197 2528 3200
f 621 613 626
f 1372 1370 613
f 1604 2519 1609
f 1609 2547 1610
f 613 308 627
f 2529 2519 2527
f 2520 2519 2529
f 627 289 296
f 308 301 289
f 2526 2547 2519
f 1372 1379 1370
f 1386 1377 1379
f 1370 1379 613
f 1610 2556 1599
f 1599 2553 1587
f 613 307 308
f 1379 312 307
f 1376 1378 312
f 2551 2553 2555
f 308 304 301
f 307 303 304
f 312 306 303
f 2545 2556 2547
f 1387 1389 1377
f 1385 1380 1389
f 1394 1381 1380
f 1587 2662 2653
f 2653 2662 2650
f 1376 1389 1378
f 1389 1382 1378
f 2559 2662 2553
f 312 305 306
f 1378 1409 305
f 1382 1415 1409
f 2548 2659 2559
f 1398 1413 1381
f 1419 1414 1413
f 1381 1408 1382
f 1413 1414 1408
f 2654 2658 2650
f 2656 2655 2654
f 1382 1408 1415
f 2663 2654 2662
f 1419 1418 1414
f 1410 1416 1418
f 1429 1421 1416
f 1317 2658 1324
f 1324 2648 1325
f 1418 1417 1407
f 2636 2648 2658
f 1414 1436 1455
f 1407 1437 1436
f 2645 2648 2636
f 674 687 676
f 687 685 686
f 686 685 681
f 675 928 676
f 677 1558 675
f 676 686 675
f 679 675 686
f 678 675 679
f 681 679 686
f 684 678 679
f 674 733 687
f 733 721 683
f 721 734 730
f 687 683 685
f 683 721 682
f 685 697 680
f 682 689 697
f 682 706 689
f 677 1562 1558
f 3235 3226 677
f 3228 3226 3225
f 678 677 675
f 678 3235 677
f 3227 3228 3225
f 3230 3227 3235
f 3222 3230 678
f 725 440 722
f 440 439 441
f 722 441 708
f 730 731 732
f 731 730 734
f 433 438 442
f 434 437 438
f 543 436 437
f 728 730 726
f 722 719 725
f 437 444 445
f 438 445 439
f 722 727 719
f 721 728 706
f 445 444 453
f 709 727 722
f 439 453 452
f 3233 3240 3226
f 545 430 436
f 3228 3233 3226
f 436 435 443
f 430 420 435
f 431 419 420
f 3223 3233 3228
f 3223 3239 3233
f 3224 3223 3228
f 435 420 432
f 420 423 422
f 3234 3224 3227
f 432 418 454
f 420 422 418
f 3215 3219 3218
f 597 592 583
f 3239 3238 3240
f 595 583 419
f 3242 3215 3238
f 3213 3212 3215
f 583 584 424
f 419 424 423
f 3237 3242 3239
f 3236 3213 3242
f 423 425 422
f 423 426 425
f 424 482 426
f 592 585 584
f 589 586 585
f 3211 3209 3212
f 3221 3194 3209
f 3213 3211 3212
f 585 491 482
f 586 489 491
f 3217 3211 3213
f 3210 3221 3211
f 3205 3197 3199
f 588 603 586
f 606 604 603
f 3193 3191 3194
f 3195 3199 3191
f 3198 3205 3199
f 586 603 489
f 604 612 605
f 3220 3193 3221
f 3202 3195 3193
f 3202 3198 3195
f 489 483 486
f 603 608 483
f 2525 2529 2528
f 599 609 604
f 598 297 609
f 290 295 297
f 3206 2525 3197
f 3198 3206 3205
f 609 278 612
f 609 297 278
f 3196 3206 3198
f 2521 2523 3206
f 2521 2530 2523
f 612 283 608
f 612 278 283
f 297 294 278
f 2518 2526 2520
f 2549 2545 2526
f 2517 2518 2520
f 296 292 295
f 2524 2549 2518
f 2542 2549 2524
f 295 293 294
f 292 288 293
f 2543 2542 2524
f 2552 2551 2556
f 2550 2554 2551
f 2552 2556 2545
f 301 299 292
f 304 306 299
f 2558 2551 2552
f 2557 2550 2551
f 306 302 300
f 2542 2558 2549
f 292 286 288
f 299 300 286
f 2532 2557 2558
f 288 291 287
f 286 300 291
f 2550 2548 2554
f 305 310 309
f 1409 1406 310
f 2546 2548 2550
f 2651 2659 2548
f 306 309 302
f 309 310 311
f 1406 1458 310
f 2534 2546 2557
f 2538 2651 2546
f 2624 2657 2651
f 302 311 300
f 310 237 235
f 1408 1455 1459
f 2660 2656 2663
f 1415 1458 1406
f 1415 1459 1458
f 2652 2663 2659
f 2652 2660 2663
f 2661 2649 2656
f 1459 1460 1458
f 2657 2660 2652
f 2657 2661 2660
f 1460 1462 1461
f 2621 2661 2657
f 1458 1463 237
f 1461 1462 1463
f 2649 2645 2655
f 1436 1444 1460
f 1436 1446 1444
f 1437 1435 1446
f 2646 2645 2649
f 2635 2644 2645
f 1460 1444 1464
f 1435 1448 1446
f 1460 1464 1462
f 2622 2646 2661
f 2638 2637 2646
f 1464 1438 1462
f 1446 1445 1438
f 681 680 673
f 673 688 701
f 673 684 681
f 3260 3222 684
f 701 3260 673
f 3258 3259 3260
f 680 697 688
f 711 710 707
f 697 694 695
f 688 695 700
f 712 692 711
f 3222 3232 3230
f 3231 3234 3232
f 3259 3231 3222
f 3255 3229 3231
f 441 452 713
f 708 713 714
f 713 452 715
f 714 715 716
f 453 455 457
f 718 707 709
f 714 717 708
f 457 450 449
f 716 717 714
f 449 447 448
f 703 718 717
f 703 711 718
f 449 448 451
f 705 703 716
f 422 427 421
f 455 446 450
f 418 421 446
f 3229 3224 3234
f 3247 3249 3224
f 421 428 446
f 450 461 447
f 446 460 461
f 446 459 460
f 3246 3247 3229
f 3264 3246 3229
f 3246 3245 3247
f 422 425 427
f 3248 3236 3237
f 3244 3217 3236
f 427 429 428
f 425 466 429
f 3241 3207 3244
f 3147 3180 3207
f 429 467 428
f 466 468 467
f 3245 3241 3248
f 3151 3147 3241
f 428 467 465
f 482 491 487
f 3207 3210 3217
f 3214 3220 3210
f 487 490 466
f 491 488 490
f 3180 3214 3207
f 3182 3192 3214
f 466 462 468
f 490 477 462
f 490 478 477
f 3185 3182 3180
f 3192 3202 3220
f 3203 3196 3202
f 486 483 488
f 483 481 488
f 3181 3204 3192
f 3187 3203 3204
f 3187 3189 3203
f 488 485 478
f 484 274 485
f 3177 3187 3181
f 3176 3186 3187
f 278 271 283
f 278 284 271
f 294 280 284
f 3189 2521 3196
f 2522 2530 2521
f 608 283 484
f 271 284 270
f 3186 2581 3189
f 2580 2578 2581
f 2577 2584 2578
f 283 270 274
f 284 279 282
f 3175 2580 3186
f 270 282 277
f 293 276 280
f 2522 2543 2530
f 2535 2542 2531
f 280 276 269
f 287 263 276
f 2584 2543 2522
f 2544 2531 2543
f 2544 2535 2531
f 2588 2544 2584
f 269 281 279
f 276 254 281
f 2576 2544 2588
f 2576 2540 2544
f 300 224 298
f 2535 2532 2542
f 2539 2534 2532
f 287 285 263
f 291 298 285
f 2540 2539 2535
f 2541 2537 2539
f 263 256 254
f 285 225 256
f 300 238 224
f 311 235 238
f 2537 2538 2534
f 2533 2624 2538
f 2630 2620 2624
f 238 235 227
f 2536 2533 2537
f 2633 2631 2533
f 2632 2630 2631
f 224 227 225
f 226 229 228
f 2691 2632 2633
f 227 228 230
f 2628 2622 2621
f 237 231 226
f 1463 1465 231
f 2630 2628 2620
f 1465 1457 232
f 2629 2628 2630
f 2634 2627 2628
f 231 232 229
f 2625 2626 2634
f 232 250 233
f 1462 1456 1465
f 1462 1438 1456
f 2627 2638 2622
f 2643 2639 2638
f 1438 1440 1454
f 1456 1454 1457
f 2623 2643 2627
f 2640 2641 2643
f 1454 1452 1451
f 2711 2640 2623
f 1457 1451 250
f 701 700 690
f 690 691 3281
f 690 3258 701
f 3257 3254 3258
f 3281 3257 690
f 3262 3261 3257
f 695 693 699
f 700 699 691
f 693 698 702
f 696 698 692
f 699 702 666
f 698 659 667
f 691 666 671
f 3254 3256 3259
f 3253 3264 3255
f 3250 3253 3256
f 3252 3264 3253
f 3261 3250 3254
f 3251 3252 3250
f 716 656 657
f 715 775 656
f 656 776 655
f 704 712 703
f 451 448 458
f 705 704 703
f 451 458 775
f 447 499 456
f 657 705 716
f 654 704 705
f 458 456 764
f 653 696 704
f 775 764 776
f 456 498 777
f 652 654 657
f 696 653 659
f 461 496 499
f 459 465 496
f 3243 3245 3246
f 499 504 498
f 496 495 504
f 3270 3243 3264
f 496 505 495
f 3272 3153 3243
f 498 501 497
f 504 502 501
f 495 503 502
f 3151 3185 3147
f 467 470 476
f 3153 3148 3245
f 3156 3151 3148
f 3155 3157 3151
f 465 476 505
f 470 474 476
f 476 474 500
f 3159 3156 3153
f 3152 3155 3156
f 3152 3154 3155
f 3158 3154 3152
f 505 500 503
f 3185 3177 3182
f 468 475 470
f 462 477 475
f 480 479 477
f 3188 3177 3185
f 475 472 474
f 477 471 472
f 3154 3188 3157
f 474 469 473
f 471 343 469
f 3179 3176 3178
f 478 355 479
f 351 352 355
f 3184 3178 3177
f 3190 3179 3178
f 355 347 349
f 3183 3190 3184
f 3169 3172 3179
f 479 349 353
f 3174 2560 3172
f 3166 3169 3183
f 471 353 343
f 349 354 353
f 2587 2577 2580
f 2586 2588 2577
f 274 277 352
f 2560 2580 3175
f 2569 2587 2580
f 277 272 356
f 282 273 272
f 2568 2586 2587
f 356 272 344
f 2570 2568 2569
f 2567 2579 2568
f 2566 2567 2568
f 347 348 354
f 356 344 348
f 2589 2576 2588
f 279 275 282
f 281 259 275
f 2585 2540 2576
f 275 258 273
f 275 257 258
f 2575 2589 2579
f 273 258 272
f 2582 2575 2579
f 2583 2585 2575
f 258 255 264
f 2606 2541 2540
f 2615 2536 2541
f 254 268 259
f 256 267 268
f 2585 2606 2540
f 2618 2615 2606
f 259 268 257
f 2617 2618 2606
f 2609 2683 2615
f 268 220 266
f 2608 2609 2618
f 257 265 255
f 266 214 265
f 2615 2691 2536
f 225 234 267
f 230 236 234
f 2683 2691 2615
f 2687 2632 2691
f 2688 2690 2632
f 236 245 222
f 2689 2688 2687
f 267 218 220
f 234 222 218
f 2686 2689 2683
f 2689 2682 2688
f 2692 2682 2689
f 220 216 214
f 218 215 216
f 222 219 215
f 2690 2625 2629
f 229 247 236
f 233 250 247
f 2680 2724 2625
f 2682 2680 2690
f 236 247 245
f 247 240 248
f 2681 2680 2682
f 2709 2710 2680
f 2693 2681 2682
f 245 246 219
f 248 242 246
f 2724 2711 2626
f 1451 1453 252
f 2716 2715 2711
f 250 252 240
f 2717 2716 2724
f 2718 2715 2716
f 252 3831 239
f 2709 2717 2710
f 2720 2718 2717
f 3820 3832 3822
f 3281 3286 3282
f 3282 3286 3290
f 3288 3263 3262
f 3282 3288 3281
f 3279 3288 3282
f 3279 3273 3288
f 3290 3279 3282
f 666 667 665
f 667 659 665
f 671 660 3286
f 665 662 660
f 665 659 662
f 658 659 650
f 3268 3270 3252
f 3277 3266 3268
f 3278 3275 3273
f 3271 3277 3275
f 657 655 652
f 652 655 651
f 655 765 649
f 651 649 648
f 649 765 766
f 647 653 654
f 764 777 767
f 651 647 652
f 777 769 768
f 646 650 647
f 645 650 646
f 767 768 765
f 648 646 651
f 769 743 770
f 644 645 646
f 765 770 771
f 3266 3272 3270
f 3276 3159 3272
f 497 506 769
f 501 507 506
f 501 493 507
f 502 492 493
f 3267 3276 3266
f 3267 3274 3276
f 506 748 743
f 507 517 748
f 493 511 517
f 3302 3301 3267
f 3149 3158 3152
f 3274 3149 3159
f 503 494 492
f 500 473 494
f 3300 3160 3149
f 473 514 512
f 3301 3300 3274
f 3304 3305 3160
f 492 512 511
f 3150 3146 3154
f 3162 3166 3146
f 3168 3171 3166
f 469 463 464
f 469 332 463
f 3305 3162 3150
f 473 464 514
f 3298 3168 3162
f 3165 3170 3168
f 463 334 515
f 3167 3174 3169
f 3163 2570 3174
f 3171 3167 3166
f 343 350 332
f 3161 3163 3167
f 3164 2573 3163
f 3173 3161 3171
f 332 341 334
f 350 331 341
f 345 329 331
f 344 260 348
f 2573 2566 2570
f 2563 2561 2566
f 348 320 342
f 348 321 320
f 260 261 321
f 2574 2562 2573
f 2565 2563 2562
f 2565 2564 2563
f 345 316 329
f 320 317 316
f 2561 2582 2567
f 2614 2583 2582
f 264 262 261
f 2572 2614 2561
f 2605 2616 2614
f 261 322 321
f 262 389 322
f 2592 2605 2572
f 389 388 319
f 322 319 317
f 2608 2686 2609
f 255 265 262
f 2616 2617 2583
f 2611 2608 2617
f 2610 2684 2608
f 265 210 387
f 262 387 389
f 2605 2611 2616
f 2619 2610 2611
f 2619 2607 2610
f 389 402 388
f 387 401 402
f 210 221 401
f 2684 2692 2686
f 2685 2693 2692
f 214 209 210
f 216 223 209
f 215 219 223
f 2671 2685 2684
f 2669 2672 2674
f 209 217 221
f 223 211 217
f 2668 2681 2693
f 2668 2722 2681
f 219 249 212
f 246 244 249
f 2667 2722 2668
f 2667 2712 2722
f 2669 2668 2672
f 2669 2667 2668
f 2666 2712 2667
f 212 213 211
f 249 243 213
f 2713 2719 2718
f 2712 2720 2721
f 2714 2713 2720
f 242 241 244
f 239 3830 241
f 3822 3833 3830
f 2695 2714 2712
f 2695 2705 2714
f 2702 2706 2705
f 244 251 243
f 241 3827 251
f 3830 3829 3827
f 3290 2987 3036
f 3036 3280 3290
f 660 664 668
f 662 661 664
f 3286 668 2984
f 663 661 658
f 668 664 2984
f 2984 2983 2985
f 664 672 2983
f 2984 2985 2987
f 2983 672 2986
f 3292 3278 3279
f 3278 3271 3275
f 3265 3269 3277
f 3293 3278 3292
f 3280 3291 3293
f 3285 3289 3291
f 3284 3287 3289
f 648 638 641
f 766 773 638
f 641 638 640
f 669 658 645
f 765 771 773
f 770 743 746
f 635 669 644
f 641 635 648
f 635 663 669
f 771 772 774
f 643 670 635
f 772 761 754
f 640 639 641
f 773 754 753
f 3269 3267 3277
f 3269 3302 3267
f 743 737 745
f 748 747 737
f 745 737 744
f 3295 3302 3269
f 3296 3307 3302
f 747 739 740
f 761 760 759
f 744 738 760
f 740 736 738
f 511 516 517
f 512 522 516
f 3307 3304 3301
f 3303 3299 3304
f 517 516 747
f 3294 3306 3303
f 516 509 739
f 522 513 509
f 3297 3294 3307
f 3310 3306 3294
f 3312 3294 3297
f 3312 3310 3294
f 3313 3311 3310
f 739 735 736
f 509 510 735
f 3299 3298 3305
f 514 515 522
f 515 520 521
f 515 333 520
f 522 521 513
f 3306 3298 3299
f 3347 3348 3298
f 521 519 508
f 3311 3347 3306
f 513 508 510
f 519 338 518
f 3345 3346 3347
f 508 518 510
f 3165 3173 3170
f 3348 3173 3165
f 3352 3164 3173
f 3352 2574 3164
f 334 341 333
f 341 336 333
f 3346 3352 3348
f 3350 2571 3352
f 333 339 328
f 3340 3351 3346
f 3349 3350 3351
f 3349 2599 3350
f 328 337 338
f 2571 2565 2574
f 2602 2564 2565
f 316 335 329
f 316 324 335
f 317 325 324
f 2599 2602 2571
f 2604 2590 2602
f 329 335 336
f 336 330 339
f 335 326 330
f 335 324 326
f 324 327 326
f 2591 2603 2599
f 2591 2604 2603
f 2597 2598 2604
f 339 340 337
f 330 326 340
f 327 313 326
f 2593 2605 2592
f 2590 2592 2564
f 2596 2593 2592
f 319 314 325
f 319 399 314
f 2601 2613 2593
f 325 315 327
f 2598 2596 2590
f 2595 2601 2596
f 2777 2601 2595
f 2770 2778 2601
f 315 410 313
f 402 401 388
f 221 400 401
f 2612 2607 2619
f 388 397 399
f 401 400 397
f 2778 2612 2613
f 2776 2665 2612
f 399 396 398
f 397 395 396
f 397 394 395
f 2775 2776 2778
f 2770 2775 2778
f 398 411 410
f 396 403 411
f 2671 2670 2673
f 221 217 400
f 2665 2671 2607
f 2664 2670 2671
f 211 376 393
f 2678 2679 2670
f 400 393 392
f 400 392 394
f 2676 2664 2665
f 2676 2678 2664
f 394 392 395
f 393 377 391
f 2774 2676 2776
f 2830 2677 2678
f 395 390 403
f 392 391 390
f 377 386 391
f 2679 2666 2669
f 2675 2696 2666
f 213 243 376
f 2677 2675 2679
f 2829 2698 2675
f 376 378 379
f 2830 2829 2677
f 2828 2694 2829
f 379 382 386
f 2707 2702 2695
f 251 3827 3828
f 3827 3829 3821
f 2698 2707 2696
f 3827 3821 3828
f 243 253 378
f 251 3828 253
f 2694 2707 2698
f 2697 2708 2707
f 3828 4170 253
f 3828 3821 4170
f 3821 3834 4170
f 378 383 380
f 253 4174 383
f 4170 4161 4174
f 2836 2697 2694
f 2866 2704 2697
f 383 4174 384
f 6467 6465 6466
f 6468 6452 6465
f 6469 6470 6466
f 6472 6467 6466
f 6473 6468 6467
f 6470 6472 6466
f 6474 6472 6470
f 6477 6473 6472
f 6477 6488 6473
f 6475 6470 6469
f 6465 6451 6471
f 6475 6461 6470
f 6463 6475 6469
f 6469 6462 6463
f 6491 6463 6462
f 6491 6461 6463
f 6491 6500 6492
f 6462 6501 6491
f 6464 6501 6462
f 6501 6502 6500
f 6461 6474 6470
f 6489 6488 6477
f 6479 6481 6489
f 6487 6477 6474
f 6484 6489 6477
f 6492 6487 6461
f 6500 6503 6492
f 6503 6479 6484
f 6468 6449 6452
f 6449 6453 6452
f 6455 6453 6449
f 6455 6457 6453
f 6452 6450 6465
f 6456 6458 6450
f 6473 6449 6468
f 6454 6455 6449
f 6473 6488 6486
f 6481 6486 6488
f 6476 6478 6486
f 6457 6460 6456
f 6410 6444 6460
f 6460 6445 6458
f 6444 6441 6445
f 6485 6457 6455
f 6403 6414 6485
f 6414 6410 6457
f 6406 6407 6403
f 6412 6411 6443
f 6439 6433 6441
f 6404 6402 6410
f 6402 6412 6409
f 6407 6401 6402
f 6401 6408 6412
f 6405 6413 6407
f 6418 6405 6407
f 6411 6301 6437
f 6408 6306 6411
f 6306 6302 6301
f 6306 6294 6302
f 6378 6376 6377
f 6413 6400 6401
f 6370 6369 6400
f 6369 6378 6408
f 6369 6376 6378
f 6395 6370 6413
f 6372 6371 6370
f 6428 6395 6405
f 6397 6372 6395
f 6376 6373 6377
f 6373 6304 6295
f 6374 6375 6373
f 6375 6303 6304
f 6294 6295 6307
f 6303 6308 6307
f 6294 6296 6297
f 6307 6298 6296
f 6382 6374 6376
f 6382 6381 6374
f 6381 6383 6375
f 6379 6381 6382
f 6379 6380 6381
f 6399 6380 6379
f 6384 6379 6372
f 6350 6347 6339
f 6339 6343 6308
f 6308 6299 6298
f 6343 6583 6299
f 6380 6342 6383
f 6342 6350 6352
f 6358 6344 6350
f 6385 6380 6399
f 6385 6359 6380
f 6355 6358 6359
f 6355 6368 6358
f 6347 6341 6348
f 6344 6340 6347
f 6353 6351 6340
f 6351 6585 6341
f 6348 6586 6343
f 6585 6578 6586
f 6578 6579 6582
f 6354 6349 6358
f 6349 6353 6344
f 6346 6345 6353
f 6345 6559 6351
f 6368 6354 6358
f 6360 6345 6346
f 6362 6354 6368
f 6363 6360 6354
f 6559 6577 6588
f 6557 6564 6577
f 6564 6566 6577
f 6549 6571 6564
f 6588 6581 6578
f 6576 6568 6581
f 6578 6581 6579
f 6556 6549 6557
f 6557 6549 6564
f 6360 6555 6345
f 6551 6552 6554
f 6550 6551 6555
f 6509 6552 6551
f 6506 6509 6551
f 6566 6573 6576
f 6572 6573 6566
f 6572 6569 6573
f 6560 6575 6572
f 6569 6570 6568
f 6568 6593 6594
f 6553 6560 6549
f 6552 6558 6553
f 6558 6561 6560
f 6558 6562 6561
f 6518 6548 6552
f 6513 6518 6552
f 6514 6655 6518
f 6575 6574 6569
f 6562 6563 6575
f 6692 6691 6567
f 6695 6685 6692
f 6574 6565 6570
f 6567 6629 6565
f 6548 6689 6562
f 6689 6694 6562
f 6689 6695 6694
f 6687 6686 6695
f 6655 6689 6548
f 6663 6687 6689
f 6688 6698 6691
f 6697 6684 6685
f 6684 6690 6688
f 6691 6628 6629
f 6698 6652 6628
f 6667 6693 6687
f 6693 6696 6697
f 6696 6701 6684
f 6663 6667 6687
f 6666 6665 6663
f 6684 6711 6690
f 6711 6710 6690
f 6709 6708 6711
f 6711 6708 6710
f 6708 6712 6707
f 6710 6647 6652
f 6707 6648 6647
f 6705 6701 6696
f 6705 6703 6701
f 6703 6709 6701
f 6702 6700 6703
f 6709 6706 6708
f 6700 6706 6709
f 6681 6702 6705
f 6678 6679 6680
f 1349 1355 1348
f 1334 1343 1349
f 5827 1339 1334
f 5820 5828 5822
f 5853 5840 5839
f 5696 5695 5697
f 6712 6202 6707
f 6699 6211 6712
f 6202 6644 6648
f 6202 6208 6644
f 6208 5722 6644
f 6648 6644 6649
f 6700 6704 6706
f 6704 6699 6706
f 6679 6704 6702
f 6193 6187 6679
f 6198 6200 6187
f 1355 1346 1354
f 1343 1333 1355
f 1333 1342 1346
f 1342 1336 1346
f 1332 1345 1342
f 5822 5824 5827
f 1339 1332 1343
f 5824 1335 1339
f 1335 1332 1339
f 1335 1344 1332
f 5824 1344 1335
f 5828 5815 5822
f 5821 5828 5820
f 5836 5835 5830
f 5815 5474 5824
f 5826 5837 5815
f 5830 5837 5826
f 5835 5837 5830
f 5838 5836 5821
f 5839 5836 5838
f 5840 5843 5839
f 5840 5832 5843
f 5833 5834 5835
f 5832 5831 5833
f 5852 5858 5853
f 5850 5844 5852
f 5858 5832 5840
f 5845 5846 5844
f 5858 5842 5832
f 5846 5857 5858
f 5855 5845 5850
f 5709 5707 5855
f 5708 5706 5709
f 5707 5856 5845
f 5706 5700 5707
f 5705 5700 5706
f 5856 5848 5846
f 5700 5847 5856
f 5705 5702 5700
f 5698 5705 5708
f 5697 5701 5698
f 5703 5702 5705
f 5765 5761 5703
f 5711 5756 5696
f 5756 5758 5695
f 5757 5755 5756
f 5758 5765 5701
f 5758 5769 5765
f 5755 5769 5758
f 5710 5757 5711
f 5723 5721 5710
f 5717 5720 5723
f 5720 5749 5721
f 5749 5750 5762
f 6207 6212 6206
f 6203 6204 6212
f 6204 6224 6222
f 6212 6215 6208
f 5747 6204 6222
f 6208 6215 5715
f 6215 5747 5714
f 5715 5712 5722
f 5715 5714 5712
f 5714 5748 5712
f 6210 6207 6205
f 6187 6210 6209
f 6194 6216 6210
f 6216 6203 6201
f 6214 6213 6203
f 6194 6214 6216
f 6200 6194 6187
f 6196 6194 6200
f 6197 6195 6194
f 6223 6228 6195
f 1295 1297 1293
f 1297 1432 1433
f 1290 1427 1297
f 1299 1295 1293
f 1432 1430 1431
f 1427 5546 1430
f 1300 1294 1299
f 1430 5536 1426
f 1341 1291 1300
f 1430 1426 1428
f 5536 5531 5535
f 1337 1341 1302
f 1345 1338 1336
f 1338 1340 1341
f 1344 1340 1345
f 1296 1290 1295
f 5473 5555 1296
f 5555 5551 1290
f 5462 5545 5555
f 5470 5473 1296
f 5551 5548 5546
f 5545 5550 5548
f 5545 5454 5550
f 5548 5550 5549
f 1291 1296 1294
f 5548 5549 5553
f 5550 5558 5549
f 5550 5547 5558
f 5471 5470 1291
f 5469 5472 5470
f 5553 5557 5531
f 5549 5558 5557
f 5474 5471 1344
f 5455 5462 5473
f 5463 5454 5462
f 5457 5458 5463
f 5458 5461 5459
f 5479 5481 5473
f 5454 5459 5547
f 5472 5479 5473
f 5478 5480 5481
f 5477 5478 5479
f 5547 5554 5556
f 5459 5512 5554
f 5837 5482 5474
f 5477 5482 5837
f 5834 5477 5837
f 5494 5457 5455
f 5497 5483 5494
f 5483 5456 5457
f 5480 5494 5455
f 5458 5468 5461
f 5456 5467 5468
f 5475 5494 5480
f 5484 5496 5497
f 5461 5468 5465
f 5468 5466 5465
f 5467 5641 5464
f 5476 5475 5478
f 5485 5484 5475
f 5485 5496 5484
f 5466 5464 5514
f 5831 5476 5834
f 5831 5485 5476
f 5842 5495 5831
f 5495 5491 5485
f 5488 5483 5497
f 5487 5498 5488
f 5498 5456 5483
f 5486 5460 5498
f 5496 5488 5497
f 5456 5460 5467
f 5467 5460 5645
f 5489 5487 5488
f 5460 5648 5645
f 5467 5645 5641
f 5491 5489 5496
f 5492 5490 5489
f 5645 5634 5636
f 5648 5638 5637
f 5857 5495 5842
f 5495 5492 5491
f 5848 5849 5857
f 5493 5486 5487
f 5604 5606 5493
f 5605 5607 5604
f 5606 5616 5486
f 5606 5609 5616
f 5607 5609 5606
f 5616 5612 5608
f 5609 5621 5612
f 5490 5604 5493
f 5612 5621 5620
f 5618 5605 5604
f 5615 5618 5604
f 5618 5614 5605
f 5608 5644 5648
f 5612 5632 5646
f 5612 5620 5632
f 5644 5646 5638
f 5620 5623 5632
f 5847 5849 5848
f 5849 5615 5492
f 5702 5854 5847
f 5613 5617 5605
f 5746 5624 5613
f 5617 5611 5607
f 5624 5625 5617
f 5610 5613 5605
f 5614 5610 5605
f 5621 5622 5620
f 5621 5627 5622
f 5625 5628 5627
f 5766 5768 5614
f 5768 5759 5610
f 5622 5631 5623
f 5629 6132 5631
f 5761 5766 5702
f 5769 5764 5761
f 5751 6090 5746
f 6090 5626 5624
f 6092 6093 6090
f 5752 5751 5746
f 6093 6082 5626
f 6093 6094 6082
f 5626 6082 5628
f 5754 5752 5746
f 5754 5753 5752
f 5764 5760 5759
f 5628 6129 6132
f 5767 5763 5769
f 5763 5740 5760
f 5750 5763 5767
f 5763 5741 5740
f 6095 6092 5751
f 6088 6094 6092
f 6086 6084 6088
f 5742 6087 6095
f 6084 6117 6089
f 6094 6091 6128
f 6094 6089 6091
f 5753 5742 5751
f 5743 5744 5742
f 5741 5743 5753
f 5745 5744 5743
f 5741 5745 5743
f 6128 6131 6130
f 6115 6111 6113
f 5748 5745 5749
f 6226 6086 6087
f 6227 6086 6226
f 6083 6085 6086
f 6229 6226 6087
f 6224 6227 6226
f 6085 6123 6117
f 6085 6097 6123
f 5744 6229 6087
f 6097 6122 6123
f 6217 6230 6224
f 6117 6125 6121
f 6123 6122 6125
f 6115 6121 6111
f 6218 6096 6227
f 6110 6096 6218
f 6096 6097 6083
f 6231 6218 6227
f 6097 6104 6122
f 6217 6231 6230
f 6104 6107 6119
f 6228 6220 6231
f 6119 6107 6114
f 6122 6112 6125
f 6119 6114 6112
f 6223 6225 6228
f 6220 6110 6218
f 6105 6109 6110
f 6225 6220 6228
f 6219 6105 6220
f 6102 6103 6105
f 6107 6103 6106
f 6450 6446 6451
f 6450 6447 6446
f 6446 6448 6459
f 6459 6499 6501
f 6499 6498 6502
f 6448 6497 6499
f 6497 6496 6498
f 6483 6476 6486
f 6479 6483 6481
f 6482 6476 6483
f 6495 6482 6483
f 6503 6495 6479
f 6502 6490 6494
f 6498 6493 6490
f 6458 6445 6447
f 6447 6430 6448
f 6445 6442 6430
f 6442 6431 6430
f 6430 6432 6497
f 6432 6423 6496
f 6432 6424 6423
f 6480 6406 6478
f 6426 6429 6480
f 6490 6426 6482
f 6493 6417 6490
f 6496 6417 6493
f 6423 6419 6417
f 6424 6420 6419
f 6437 6309 6434
f 6441 6435 6442
f 6441 6433 6435
f 6433 6436 6435
f 6433 6434 6436
f 6435 6436 6431
f 6431 6438 6440
f 6434 6313 6436
f 6314 6318 6422
f 6418 6428 6405
f 6416 6428 6418
f 6427 6416 6429
f 6425 6428 6416
f 6419 6425 6427
f 6420 6421 6425
f 6301 6305 6309
f 6302 6297 6305
f 6309 6313 6434
f 6309 6316 6313
f 6313 6320 6314
f 6316 6317 6313
f 6320 6311 6318
f 6387 6396 6428
f 6387 6397 6396
f 6421 6387 6428
f 6389 6388 6387
f 6415 6389 6421
f 6318 6322 6415
f 6322 6390 6389
f 6311 6323 6322
f 6298 6326 6327
f 6296 6327 6300
f 6300 6331 6315
f 6327 6325 6331
f 6331 6337 6317
f 6317 6337 6310
f 6310 6312 6323
f 6331 6336 6337
f 6336 6335 6337
f 6337 6335 6312
f 6391 6384 6397
f 6388 6391 6397
f 6390 6391 6388
f 6323 6321 6322
f 6312 6319 6323
f 6319 6394 6321
f 6394 6393 6390
f 6394 6386 6393
f 6335 6332 6319
f 6583 6592 6584
f 6592 6591 6584
f 6299 6584 6330
f 6326 6330 6325
f 6325 6334 6336
f 6334 6324 6335
f 6324 6333 6338
f 6330 6590 6334
f 6590 6329 6334
f 6590 6547 6329
f 6329 6546 6333
f 6392 6398 6399
f 6357 6355 6398
f 6393 6398 6392
f 6365 6356 6357
f 6386 6398 6393
f 6332 6365 6386
f 6338 6328 6332
f 6328 6367 6365
f 6586 6582 6592
f 6592 6582 6591
f 6582 6580 6589
f 6580 6601 6589
f 6547 6545 6546
f 6587 6544 6547
f 6589 6595 6587
f 6544 6539 6545
f 6595 6533 6544
f 6356 6362 6355
f 6364 6363 6362
f 6361 6364 6356
f 6333 6367 6328
f 6546 6542 6367
f 6367 6366 6361
f 6545 6538 6542
f 6540 6534 6366
f 6581 6594 6597
f 6579 6597 6580
f 6580 6597 6601
f 6594 6600 6603
f 6601 6598 6595
f 6598 6530 6533
f 6533 6543 6539
f 6530 6537 6543
f 6603 6532 6598
f 6532 6526 6530
f 6530 6526 6529
f 6363 6550 6360
f 6505 6506 6550
f 6504 6509 6506
f 6538 6534 6540
f 6539 6543 6538
f 6541 6536 6534
f 6537 6535 6541
f 6536 6510 6504
f 6593 6604 6602
f 6602 6599 6600
f 6532 6521 6526
f 6526 6521 6529
f 6600 6525 6532
f 6525 6527 6521
f 6528 6522 6523
f 6511 6513 6509
f 6516 6517 6513
f 6510 6516 6511
f 6529 6531 6535
f 6531 6520 6535
f 6535 6510 6536
f 6520 6507 6510
f 6531 6523 6520
f 6507 6515 6516
f 6570 6607 6605
f 6565 6634 6607
f 6629 6635 6634
f 6605 6607 6604
f 6634 6636 6606
f 6604 6606 6599
f 6599 6519 6527
f 6606 6637 6599
f 6519 6524 6522
f 6637 6638 6519
f 6519 6623 6524
f 6636 6625 6637
f 6637 6624 6638
f 6512 6668 6514
f 6517 6512 6514
f 6512 6664 6668
f 6515 6512 6517
f 6661 6664 6512
f 6661 6662 6664
f 6522 6508 6507
f 6524 6660 6508
f 6508 6661 6515
f 6660 6661 6508
f 6623 6659 6660
f 6628 6627 6635
f 6635 6631 6636
f 6650 6642 6630
f 6630 6642 6631
f 6625 6632 6624
f 6624 6626 6623
f 6625 6633 6632
f 6642 6641 6625
f 6633 6613 6626
f 6670 6674 6667
f 6670 6683 6674
f 6662 6665 6666
f 6662 6670 6665
f 6682 6669 6670
f 6660 6656 6661
f 6626 6619 6657
f 6657 6654 6656
f 6652 6653 6650
f 6647 6646 6653
f 6653 6640 6642
f 6646 6639 6640
f 6639 6643 6640
f 6633 6621 6613
f 6641 6621 6633
f 6621 6614 6613
f 6641 6618 6621
f 6640 6645 6641
f 6618 6620 6621
f 6669 6681 6683
f 6675 6680 6681
f 6675 6678 6680
f 6682 6675 6669
f 6672 6673 6675
f 6671 6672 6675
f 6613 6610 6619
f 6610 6671 6654
f 6654 6671 6682
f 6614 6616 6610
f 6610 6676 6671
f 1358 1349 1348
f 5787 1334 1349
f 1358 5786 5787
f 5787 5827 1334
f 5823 5822 5827
f 5787 5785 5823
f 5823 5785 5818
f 5819 5838 5821
f 5818 5820 5822
f 5825 5819 5820
f 5818 5817 5825
f 5825 5816 5829
f 5829 5838 5819
f 5829 5841 5838
f 5829 5860 5859
f 5841 5853 5839
f 5851 5850 5852
f 5859 5853 5841
f 5862 5851 5853
f 5689 5850 5851
f 5859 5861 5862
f 5862 5683 5689
f 5691 5855 5850
f 5691 5709 5855
f 5691 5704 5709
f 5689 5680 5691
f 5691 5692 5690
f 5704 5698 5708
f 5699 5697 5698
f 5690 5698 5704
f 5690 5699 5698
f 5690 5672 5669
f 5719 5711 5696
f 5669 5696 5699
f 5670 5719 5696
f 5670 5716 5719
f 5669 5667 5670
f 5670 5666 5716
f 5718 5710 5711
f 5727 5728 5723
f 5713 5723 5718
f 5716 5725 5713
f 6644 5739 6651
f 5728 5722 5717
f 6649 6651 6646
f 5737 5739 5728
f 5728 5738 5737
f 6651 5736 6643
f 5738 5728 5727
f 5727 5735 5738
f 5738 5735 5737
f 5737 5734 5736
f 6643 6608 6645
f 6618 6615 6620
f 6620 6615 6616
f 6608 6609 6618
f 5736 5729 6608
f 5729 5182 6609
f 6617 6609 5182
f 5182 6270 6617
f 6673 6193 6678
f 6191 6196 6190
f 6677 6190 6673
f 6676 6677 6672
f 6192 6191 6190
f 6616 6611 6610
f 6611 6192 6676
f 6612 6267 6611
f 1331 5794 5786
f 5786 5788 5799
f 5794 5797 5788
f 1325 5796 5794
f 5794 5796 5797
f 5797 5795 5798
f 5814 5795 5796
f 5799 5789 5785
f 5785 5792 5817
f 5798 5791 5789
f 5789 5791 5793
f 5793 5790 5792
f 5798 5795 5791
f 5817 5772 5816
f 5792 5778 5772
f 5772 5770 5774
f 5816 5863 5860
f 5860 5865 5861
f 5864 5866 5865
f 5774 5770 5863
f 5863 5867 5864
f 5867 5868 5864
f 5864 5868 5866
f 5770 5771 5867
f 5861 5869 5683
f 5683 5682 5680
f 5869 5684 5682
f 5866 5872 5869
f 5866 5870 5872
f 5872 5685 5684
f 5871 5872 5870
f 5680 5682 5693
f 5693 5694 5692
f 5682 5686 5694
f 5694 5687 5692
f 5686 5687 5694
f 5684 5685 5686
f 5686 5688 5687
f 5681 5677 5672
f 5692 5687 5681
f 5677 5679 5678
f 5687 5676 5677
f 5677 5676 5679
f 5423 5664 5676
f 5672 5678 5667
f 5667 5665 5666
f 5678 5675 5671
f 5678 5664 5675
f 5675 5668 5674
f 5163 5668 5664
f 5725 5735 5727
f 5666 5730 5725
f 5725 5726 5735
f 5730 5724 5726
f 5726 5733 5735
f 5665 5673 5724
f 5673 5732 5724
f 5724 5732 5733
f 5178 5732 5673
f 5735 5731 5734
f 5179 5733 5732
f 5729 5192 5182
f 5731 5189 5729
f 5192 5186 5195
f 5192 5193 5186
f 5194 5193 5189
f 6188 6223 6197
f 6255 6221 6223
f 6267 6186 6192
f 6186 6199 6191
f 6186 6189 6199
f 6264 6267 6269
f 6264 6186 6267
f 6263 6251 6186
f 1428 1424 1421
f 1426 5535 1424
f 1421 1424 1416
f 5535 5534 1424
f 5531 5538 5534
f 5814 5801 5795
f 1416 1411 1417
f 1424 5534 1411
f 5803 5801 5814
f 1417 1443 1437
f 5534 5533 1411
f 5534 5530 5533
f 5531 5557 5538
f 5558 5556 5559
f 5795 5801 5791
f 5791 5800 5790
f 5790 5773 5778
f 5559 5537 5539
f 5780 5773 5800
f 5539 5540 5530
f 5539 5532 5540
f 5804 5805 5801
f 5804 5800 5805
f 5512 5499 5500
f 5512 5513 5499
f 5554 5500 5552
f 5778 5781 5777
f 5552 5543 5537
f 5500 5511 5543
f 5499 5510 5511
f 5783 5781 5773
f 5537 5541 5532
f 5784 5782 5781
f 5464 5642 5508
f 5508 5642 5507
f 5771 5775 5868
f 5782 5775 5771
f 5442 5775 5782
f 5442 5409 5775
f 5507 5503 5504
f 5505 5502 5503
f 5641 5636 5642
f 5634 5637 5643
f 5871 5411 5872
f 5872 5411 5685
f 5642 5639 5505
f 5643 5633 5639
f 5416 5411 5409
f 5505 5635 5502
f 5639 5640 5635
f 5646 5662 5647
f 5632 5619 5662
f 5638 5647 5633
f 5685 5420 5688
f 5688 5421 5676
f 5662 5652 5663
f 5662 5650 5652
f 5415 5420 5411
f 5419 5420 5415
f 5422 5421 5420
f 5633 5653 5640
f 5663 5655 5653
f 5652 5656 5655
f 5623 5630 5619
f 5623 5631 5630
f 5630 5631 5619
f 5619 5657 5650
f 5412 5423 5421
f 5150 5163 5423
f 5414 5423 5412
f 5151 5150 5423
f 5650 5649 5656
f 5657 5654 5649
f 6132 6134 6133
f 6132 6135 6134
f 6130 6136 6135
f 6135 6136 6134
f 5668 5177 5673
f 6133 6155 5657
f 6134 6152 6155
f 5152 5163 5150
f 5657 6155 5654
f 5153 5160 5163
f 6130 6137 6136
f 6131 6138 6137
f 6113 6118 6138
f 6118 6139 6138
f 6136 6127 6152
f 6137 6140 6127
f 6138 6126 6140
f 5175 5178 5177
f 5174 5179 5178
f 6111 6120 6118
f 6125 6116 6120
f 6118 6120 6139
f 6139 6174 6126
f 6139 6184 6174
f 6120 6185 6184
f 5173 5179 5174
f 6184 6179 6181
f 5194 5188 5193
f 6112 6124 6116
f 6114 6106 6124
f 6116 6175 6185
f 6124 6098 6175
f 6124 6106 6098
f 6185 6171 6179
f 6175 6173 6171
f 6260 6257 6255
f 6098 6170 6173
f 6221 6219 6225
f 6101 6099 6102
f 6250 6101 6219
f 6106 6099 6098
f 6257 6250 6221
f 6098 6100 6170
f 6249 6100 6101
f 5182 5191 6271
f 6273 6272 6271
f 6271 5190 6273
f 6272 6275 6269
f 5188 5186 5193
f 5187 5186 5188
f 5186 5187 5185
f 5191 5184 5190
f 5195 5185 5184
f 5185 5187 5183
f 5184 5183 5209
f 5210 5208 5187
f 6276 6263 6264
f 6275 6276 6269
f 6265 6277 6276
f 6252 6248 6263
f 6252 6262 6248
f 6268 6265 6275
f 6266 6252 6277
f 6268 6266 6265
f 2644 5802 2648
f 5813 5803 5802
f 1437 1443 1435
f 1411 5533 1443
f 5812 5804 5803
f 5533 1439 1443
f 5533 5544 1439
f 5811 5812 5813
f 1435 1449 1448
f 1443 1439 1449
f 2637 2644 2635
f 2647 5811 2644
f 5810 5812 5811
f 1449 1442 1441
f 1439 5544 1442
f 2639 2647 2637
f 1448 1441 1445
f 5530 5542 5544
f 5532 5528 5542
f 5808 5776 5806
f 5271 5779 5808
f 5542 5527 5544
f 5542 5520 5527
f 5809 5808 5812
f 5278 5271 5808
f 5544 5527 5529
f 5520 5521 5527
f 5776 5783 5780
f 5511 5509 5517
f 5779 5784 5776
f 5441 5440 5784
f 5509 5501 5519
f 5444 5443 5440
f 5528 5523 5521
f 5281 5441 5779
f 5281 5444 5441
f 5440 5442 5782
f 5510 5504 5509
f 5446 5450 5442
f 5503 5506 5501
f 5443 5446 5440
f 5447 5450 5446
f 5448 5438 5450
f 5501 5570 5526
f 5506 5571 5570
f 5445 5447 5443
f 5449 5448 5447
f 5437 5438 5448
f 5526 5522 5515
f 5570 5569 5522
f 5450 5416 5410
f 5436 5419 5416
f 5438 5436 5450
f 5502 5568 5506
f 5635 5603 5568
f 5433 5435 5436
f 5506 5568 5571
f 5425 5435 5433
f 5568 5599 5565
f 5437 5434 5438
f 5429 5433 5434
f 5429 5425 5433
f 5571 5565 5569
f 5418 5422 5419
f 5417 5421 5422
f 5417 5412 5421
f 5435 5418 5419
f 5640 5596 5603
f 5653 5595 5596
f 5655 5594 5595
f 5655 5659 5594
f 5397 5417 5418
f 5396 5413 5417
f 5425 5397 5435
f 5596 5595 5599
f 5413 5414 5412
f 5158 5152 5150
f 5403 5151 5414
f 5649 5661 5659
f 5649 5651 5661
f 5162 5158 5151
f 5162 5161 5158
f 5651 5660 5661
f 5396 5403 5413
f 5404 5403 5396
f 5401 5162 5403
f 5659 5658 5602
f 5661 5660 5658
f 5402 5401 5404
f 5602 5597 5590
f 5654 6142 5651
f 6152 6146 6142
f 5161 5152 5158
f 5161 5153 5152
f 5155 5165 5153
f 5154 5159 5165
f 5651 6150 5660
f 6142 6151 6150
f 5157 5161 5162
f 5156 5155 5161
f 5156 5154 5155
f 5660 5886 5658
f 6150 6145 5886
f 5169 5175 5164
f 5169 5174 5175
f 6127 6153 6146
f 6126 6183 6153
f 5159 5169 5164
f 6146 6154 6151
f 6146 6153 6154
f 5166 5171 5169
f 6153 6141 6154
f 6153 6143 6141
f 5147 5167 5159
f 5170 5166 5167
f 6151 6147 6145
f 6154 6141 6147
f 5146 5167 5147
f 5146 5170 5167
f 6141 6157 6144
f 6174 6181 6183
f 5171 5176 5173
f 5176 5188 5173
f 6183 6172 6143
f 6181 6176 6172
f 5166 5176 5171
f 5168 5176 5166
f 5168 5181 5176
f 6143 6165 6158
f 6172 6176 6165
f 6158 6160 6157
f 6165 6162 6160
f 6253 6257 6260
f 6179 6177 6176
f 6171 6178 6177
f 6173 6170 6178
f 6262 6260 6248
f 6262 6253 6260
f 6259 6254 6253
f 6177 6178 6176
f 6256 6259 6253
f 6176 6161 6162
f 6178 6180 6161
f 6254 6249 6250
f 6247 6100 6249
f 6258 6247 6254
f 6170 6182 6180
f 6246 6182 6247
f 6284 6274 6273
f 6273 5197 6284
f 6286 6293 6284
f 6284 5198 6286
f 6292 6268 6272
f 5190 5209 5197
f 5183 5208 5209
f 5208 5210 5199
f 5209 5199 5200
f 5197 5202 5198
f 5200 5201 5202
f 5199 5203 5201
f 6261 6262 6252
f 6283 6266 6268
f 6283 6261 6266
f 6245 6232 6261
f 6281 6283 6285
f 6278 6245 6283
f 6293 6281 6285
f 6291 6278 6281
f 6235 6234 6245
f 6287 6291 6293
f 2641 2647 2639
f 2642 5810 2647
f 2642 5809 5810
f 1441 1447 1440
f 1442 3782 1447
f 2640 2642 2641
f 5269 5270 2642
f 1447 3782 3775
f 2715 5269 2640
f 5266 5268 5269
f 1452 3775 1450
f 3775 3777 3776
f 5527 5518 5529
f 5280 5271 5278
f 5529 3778 3782
f 5529 5518 3778
f 5270 5285 5809
f 5518 3801 3778
f 5262 5285 5270
f 5262 5280 5285
f 3778 3779 3777
f 3778 3780 3779
f 5280 5281 5271
f 5284 5444 5281
f 5451 5445 5444
f 5521 5516 3801
f 5516 5525 3796
f 5279 5283 5280
f 5273 5284 5283
f 5272 5451 5284
f 5453 5452 5451
f 3801 3789 3780
f 3801 3795 3789
f 5276 5273 5279
f 5439 5437 5449
f 5515 5524 5525
f 5522 5567 5524
f 5452 5449 5445
f 5452 5439 5449
f 5426 5439 5452
f 5426 5424 5439
f 5525 3803 3796
f 5524 5564 3803
f 5567 5561 5564
f 5351 5426 5453
f 3796 3803 3791
f 5565 5560 5569
f 5565 5601 5560
f 5424 5429 5437
f 5430 5425 5429
f 5560 5574 5562
f 5427 5428 5424
f 5432 5430 5428
f 5432 5431 5430
f 5574 5563 5562
f 5354 5432 5427
f 5366 5367 5432
f 5562 5563 5573
f 5599 5593 5601
f 5593 5591 5589
f 5431 5395 5425
f 5408 5406 5395
f 5408 5404 5406
f 5601 5592 5574
f 5593 5589 5592
f 5367 5405 5431
f 5368 5408 5405
f 5378 5407 5408
f 5574 5585 5563
f 5592 5577 5585
f 5365 5368 5367
f 5658 5883 5597
f 5407 5402 5404
f 5399 5401 5402
f 5399 5157 5401
f 5590 5597 5598
f 5398 5399 5407
f 5137 5138 5399
f 5598 5581 5577
f 5597 5881 5581
f 5658 5886 5883
f 5138 5156 5157
f 5144 5147 5156
f 5139 5146 5147
f 5886 5878 5873
f 5883 5873 5881
f 5135 5144 5138
f 5140 5139 5144
f 5878 5876 5877
f 5148 5140 5135
f 5881 5877 5880
f 5877 5876 5875
f 6145 6148 6149
f 6147 6144 6148
f 5141 5170 5146
f 5180 5172 5170
f 6149 6148 5878
f 6144 5887 5888
f 6148 5888 5874
f 5145 5141 5139
f 5143 5180 5141
f 5878 5874 5876
f 5888 5892 5890
f 5142 5143 5145
f 5890 5900 5874
f 5890 5894 5900
f 5180 5168 5172
f 5206 5196 5168
f 6157 6168 5887
f 6160 6162 6168
f 5207 5203 5196
f 5240 5206 5180
f 5239 5207 5206
f 5887 5895 5892
f 6168 6159 5895
f 5203 5207 5205
f 5892 5895 5894
f 6232 6256 6262
f 6256 6258 6259
f 6161 6169 6164
f 6169 6167 6164
f 6234 6237 6232
f 6237 6236 6256
f 6164 6166 6159
f 6164 6167 6166
f 6180 6239 6169
f 6239 6180 6246
f 6236 6246 6258
f 6169 6239 6167
f 6240 6239 6246
f 6238 6240 6236
f 6241 6239 6240
f 6290 6288 6286
f 6286 5198 6290
f 5213 6023 6290
f 6290 5212 5213
f 6023 6279 6282
f 5204 5219 5218
f 5201 5205 5219
f 5198 5218 5212
f 5218 5222 5221
f 5219 5220 5222
f 5212 5221 5214
f 5222 5223 5224
f 6280 6289 6291
f 6279 6280 6287
f 6022 6020 6279
f 6021 5990 6280
f 1450 3785 1453
f 3777 3786 3776
f 5264 5266 2715
f 5261 5268 5266
f 1453 3785 3831
f 3776 3787 3785
f 2719 5264 2715
f 3831 3824 3820
f 5263 5261 5264
f 5265 5260 5261
f 2723 5264 2719
f 2723 5263 5264
f 3824 3826 3832
f 3787 3842 3826
f 5258 5262 5268
f 3777 3781 3786
f 3779 3783 3781
f 3780 3784 3783
f 5257 5276 5262
f 5260 5257 5258
f 3783 3800 3788
f 3788 3792 3842
f 5286 5351 5272
f 3789 3794 3784
f 3795 3802 3794
f 5282 5273 5276
f 5275 5272 5273
f 3784 3794 3783
f 3794 3799 3797
f 5274 5358 5286
f 3794 3797 3800
f 5277 5275 5282
f 3800 3804 3792
f 3797 3816 3804
f 5361 5354 5426
f 3803 3815 3802
f 5564 5572 3815
f 5358 5361 5351
f 5362 5354 5361
f 3802 3815 3799
f 5572 3805 3815
f 5357 5361 5358
f 5363 5362 5361
f 3815 3814 3817
f 3815 3813 3814
f 5349 5364 5362
f 5360 5363 5357
f 3817 3814 3816
f 3813 3808 3812
f 5561 5566 5572
f 5573 5563 5566
f 5356 5352 5354
f 5353 5366 5352
f 5572 5566 3805
f 5364 5353 5356
f 5371 5373 5366
f 3805 3806 3813
f 5566 5588 3806
f 5350 5353 5364
f 5383 5371 5353
f 3806 3811 3808
f 5588 3905 3811
f 5585 5579 5578
f 5373 5368 5365
f 5369 5378 5368
f 5376 5374 5378
f 5563 5578 5588
f 5372 5369 5373
f 5578 5582 5586
f 5579 5584 5582
f 5393 5369 5372
f 5385 5370 5369
f 5586 5582 3905
f 5584 5580 5582
f 5136 5137 5400
f 5577 5576 5579
f 5581 5583 5587
f 5375 5136 5374
f 5080 5148 5136
f 5370 5375 5376
f 5083 5080 5136
f 5579 5575 5580
f 5587 5978 5575
f 5583 5974 5978
f 5377 5083 5375
f 5077 5084 5083
f 5880 5879 5583
f 5877 5875 5879
f 5226 5149 5148
f 5875 5885 5879
f 5075 5226 5079
f 5879 5975 5974
f 5235 5234 5226
f 5078 5075 5085
f 5229 5240 5143
f 5876 5884 5885
f 5894 5889 5900
f 5231 5142 5149
f 5231 5229 5142
f 5884 5896 5882
f 5900 5889 5896
f 5234 5229 5231
f 5885 5882 5975
f 5235 5241 5234
f 5241 5230 5234
f 5896 5898 5977
f 5229 5239 5240
f 5894 5899 5889
f 5895 5912 5899
f 5236 5233 5239
f 5205 5233 5220
f 5230 5236 5229
f 5238 5237 5236
f 5889 5891 5897
f 5899 5913 5891
f 5230 5238 5236
f 5897 5893 5898
f 5891 5914 5893
f 6242 6238 6237
f 6163 5915 5912
f 6233 6242 6237
f 5912 5916 5913
f 5990 6233 6235
f 6244 6243 6242
f 5915 5901 5916
f 5916 5901 5902
f 5986 6244 6233
f 5913 5903 5914
f 6243 6241 6238
f 6167 5911 5915
f 5980 5911 6241
f 5915 5911 5901
f 5994 5980 6243
f 5981 5911 5980
f 5213 5214 6013
f 6013 6023 5213
f 6011 6010 6013
f 6013 5225 6011
f 6009 6022 6023
f 6010 6016 6009
f 6012 6016 6010
f 5221 5224 5215
f 5211 5223 5237
f 5214 5215 5225
f 5215 5216 5217
f 5216 5211 5217
f 5225 5217 5059
f 5211 5048 5054
f 6014 5990 6021
f 6015 6021 6022
f 6015 6014 6021
f 5989 5986 5990
f 6016 6015 6022
f 6019 5989 6014
f 6018 6019 6015
f 5999 5989 6019
f 5999 5983 5989
f 2706 5263 2723
f 2701 5265 5263
f 5259 5267 5265
f 3822 3825 3833
f 3826 3823 3825
f 3826 3848 3823
f 2700 2701 2706
f 2699 5259 2701
f 3825 3847 3829
f 3848 3846 3847
f 5267 5256 5260
f 5254 5256 5267
f 5253 5277 5256
f 3842 3845 3848
f 3842 3844 3845
f 5242 5254 5259
f 5244 5253 5254
f 3845 3843 3846
f 5247 5360 5274
f 3792 3790 3844
f 3804 3798 3790
f 3804 3818 3798
f 5245 5255 5247
f 5243 5245 5253
f 5250 5255 5245
f 3844 3793 3843
f 3798 3869 3793
f 5355 5350 5349
f 5255 5349 5360
f 5248 5355 5349
f 3816 3819 3818
f 5332 5359 5355
f 3819 3810 3877
f 5249 5248 5255
f 5319 5332 5248
f 3818 3877 3869
f 5389 5393 5371
f 3808 3811 3812
f 5359 5383 5350
f 5379 5393 5389
f 3812 3809 3810
f 3811 3903 3809
f 5388 5383 5359
f 5381 5389 5383
f 5381 5379 5389
f 5380 5379 5381
f 3810 3807 3864
f 3809 3902 3807
f 5387 5385 5393
f 5387 5384 5385
f 5386 5377 5384
f 3905 3899 3900
f 3905 3898 3899
f 5582 3897 3898
f 3903 3900 3902
f 5382 5387 5379
f 5394 5386 5387
f 5097 5096 5386
f 3899 3895 3894
f 5077 5083 5377
f 5096 5077 5377
f 5087 5084 5077
f 5087 5078 5084
f 5580 5979 3897
f 5978 5968 5979
f 5103 5087 5077
f 5097 5103 5096
f 5081 5086 5087
f 3897 3901 3895
f 5979 5952 3901
f 5951 5953 5952
f 5088 5082 5075
f 5974 5976 5968
f 5086 5088 5078
f 5976 5969 5968
f 5089 5088 5086
f 5111 5107 5082
f 5968 5955 5951
f 5969 5971 5955
f 5081 5089 5086
f 5076 5088 5089
f 5076 5111 5088
f 5971 5956 5955
f 5107 5241 5235
f 5109 5232 5241
f 5975 5970 5971
f 5977 5972 5970
f 5110 5109 5107
f 5108 5071 5109
f 5971 5965 5956
f 5972 5973 5965
f 5228 5237 5238
f 5237 5227 5211
f 5898 5946 5933
f 5893 5948 5946
f 5069 5227 5228
f 5967 5933 5973
f 5211 5056 5048
f 5070 5069 5071
f 5933 5945 5934
f 5946 5936 5945
f 5982 5994 6244
f 5902 5910 5909
f 5914 5908 5948
f 5903 5909 5908
f 5909 5910 5907
f 5987 5984 5982
f 5985 5982 5983
f 5948 5940 5936
f 5908 5907 5940
f 5901 5906 5910
f 5984 5981 5994
f 5993 5904 5981
f 5988 5993 5984
f 5910 5904 5905
f 6007 6012 6011
f 6011 5059 6007
f 6005 6003 6012
f 6004 6003 6005
f 5217 5054 5053
f 5053 5051 5058
f 5059 5058 5055
f 5058 5050 5046
f 5058 5051 5050
f 6003 6018 6016
f 6008 6017 6018
f 6008 5999 6017
f 5997 6002 5999
f 6000 5997 6008
f 5998 6000 6003
f 5996 6002 5997
f 2708 2700 2702
f 2703 2699 2700
f 3847 3836 3837
f 2704 2703 2708
f 5300 5242 2703
f 3829 3835 3834
f 3835 3837 3834
f 3837 3841 3838
f 2872 5287 2704
f 5294 5298 5300
f 3834 4168 4161
f 3834 3838 4168
f 3841 3839 3838
f 3843 3863 3840
f 5298 5246 5242
f 5301 5251 5246
f 3836 3840 3841
f 3840 3863 3851
f 3840 3851 3841
f 5293 5301 5298
f 5295 5297 5301
f 3851 3850 3839
f 5252 5250 5243
f 5252 5249 5250
f 3869 3873 3855
f 5251 5252 5243
f 3843 3855 3863
f 5348 5339 5252
f 3855 3859 3857
f 3873 3860 3859
f 5297 5346 5251
f 3863 3857 3862
f 5347 5348 5346
f 5343 5337 5348
f 3859 3856 3857
f 5327 5388 5332
f 3869 3877 3873
f 5339 5319 5249
f 5329 5327 5319
f 5337 5329 5339
f 5323 5327 5329
f 3873 3867 3860
f 3871 3874 3867
f 5345 5331 5337
f 5328 5323 5331
f 5321 5320 5323
f 3867 3874 3860
f 5392 5380 5388
f 5392 5382 5380
f 3864 3876 3868
f 3807 3893 3876
f 5324 5392 5327
f 5333 5391 5392
f 3868 3870 3866
f 3876 3915 3870
f 5320 5333 5324
f 3916 3908 3921
f 5325 5390 5333
f 3866 3913 3865
f 3916 3921 3913
f 3896 3894 3893
f 5391 5394 5382
f 3895 3904 3912
f 5390 5394 5391
f 5094 5095 5394
f 3893 3920 3915
f 3920 3911 3908
f 3920 3912 3911
f 3912 3909 3911
f 3912 3910 3909
f 5091 5094 5390
f 5099 5104 5094
f 5098 5090 5104
f 3908 3919 3921
f 3911 3917 3919
f 3895 3901 3904
f 5095 5102 5097
f 5092 5081 5102
f 3901 3907 3906
f 5952 5950 3907
f 5090 5092 5095
f 5123 5124 5092
f 3906 3907 3910
f 3907 5964 3914
f 5127 5123 5090
f 5127 5128 5123
f 3910 3914 3909
f 5115 5110 5111
f 5124 5076 5081
f 5121 5115 5076
f 5955 5962 5963
f 5122 5115 5121
f 5122 5116 5115
f 5962 5961 5963
f 5962 5960 5961
f 5950 5963 5964
f 5125 5122 5121
f 5963 5961 5954
f 5129 5125 5128
f 5126 5118 5122
f 5964 5954 3974
f 5961 5957 5954
f 5965 5966 5960
f 5116 5108 5110
f 5956 5960 5962
f 5114 5108 5116
f 5113 5070 5108
f 5960 5966 5917
f 5960 5949 5961
f 5960 5917 5949
f 5118 5114 5116
f 5966 5924 5920
f 5112 5113 5114
f 5961 5949 5957
f 5917 5920 5949
f 5066 5056 5069
f 5934 5944 5966
f 5934 5945 5944
f 5048 5056 5054
f 5945 5937 5942
f 5061 5066 5070
f 5966 5944 5924
f 5061 5052 5066
f 5054 5052 5049
f 5944 5942 5924
f 5074 5061 5113
f 5064 5063 5061
f 5924 5922 5930
f 5943 5925 5922
f 5991 5988 5987
f 5936 5939 5937
f 6002 5991 5985
f 6002 5988 5991
f 5937 5939 5941
f 5938 6066 5935
f 6069 6070 6002
f 5941 5947 5925
f 6066 6058 6067
f 5992 5904 5993
f 6070 5992 5988
f 5905 6061 6066
f 6081 6061 5992
f 6068 6081 6070
f 6066 6059 6058
f 2228 2216 2218
f 2218 2204 2206
f 2206 2226 2218
f 2204 2202 2206
f 2222 2217 2228
f 2225 2219 2222
f 2226 2230 2228
f 2231 2225 2229
f 2239 2242 2230
f 2238 2240 2231
f 2202 2212 2206
f 2232 2242 2239
f 2232 2231 2242
f 2213 2239 2226
f 2236 2239 2213
f 2236 2232 2239
f 2236 2238 2232
f 2209 2205 2213
f 2213 2205 2236
f 2205 2235 2236
f 2235 2234 2238
f 3036 2982 3035
f 3035 2981 3033
f 3031 3030 3280
f 3035 3031 3036
f 3032 3034 3031
f 3033 3032 3035
f 628 672 670
f 2985 2986 2979
f 2987 2979 2982
f 2979 2978 2989
f 2982 2989 2981
f 2992 2977 2980
f 3030 3285 3280
f 3283 3284 3285
f 3283 3018 3284
f 3034 3029 3030
f 3017 3018 3283
f 3012 3017 3029
f 638 753 629
f 640 629 630
f 630 632 631
f 759 760 752
f 633 643 639
f 630 633 640
f 634 628 643
f 754 752 751
f 752 762 749
f 631 633 630
f 753 751 758
f 642 634 633
f 2995 2992 634
f 3321 3296 3295
f 760 756 750
f 738 741 742
f 750 755 762
f 756 742 755
f 3015 3309 3018
f 3309 3320 3321
f 742 829 791
f 742 825 829
f 3322 3312 3297
f 3318 3313 3312
f 736 735 741
f 3316 3313 3318
f 741 817 825
f 816 818 817
f 3319 3317 3320
f 3326 3324 3316
f 817 820 822
f 3314 3315 3317
f 3313 3345 3311
f 518 812 816
f 518 813 812
f 3324 3327 3313
f 3330 3338 3345
f 816 812 818
f 818 810 820
f 812 815 810
f 811 809 815
f 3326 3330 3324
f 3334 3339 3330
f 3342 2594 3349
f 3339 3341 3340
f 3344 3342 3341
f 3344 2799 3342
f 813 72 809
f 63 68 72
f 65 64 68
f 3335 3343 3339
f 2800 2799 3344
f 2802 2597 2591
f 326 318 67
f 340 67 73
f 2799 2802 2594
f 2803 2600 2597
f 71 73 65
f 2804 2803 2802
f 65 61 64
f 73 70 61
f 67 60 62
f 2801 2804 2799
f 2805 2773 2803
f 2600 2595 2598
f 313 323 318
f 2773 2777 2600
f 2781 2784 2777
f 323 79 60
f 323 415 79
f 415 80 79
f 2780 2781 2773
f 2771 2772 2781
f 2782 2774 2775
f 411 403 404
f 410 404 415
f 2772 2782 2770
f 2789 2779 2782
f 404 405 409
f 2796 2840 2779
f 415 412 80
f 409 414 412
f 2788 2789 2772
f 2797 2796 2789
f 2840 2841 2774
f 2841 2831 2676
f 391 386 381
f 403 408 405
f 390 381 408
f 2832 2831 2841
f 2832 2830 2831
f 2833 2842 2830
f 2835 2832 2840
f 405 417 414
f 408 416 417
f 381 369 416
f 2837 2834 2833
f 2842 2828 2830
f 2839 2836 2828
f 382 384 374
f 386 374 372
f 374 373 375
f 2838 2839 2842
f 2863 2867 2839
f 372 363 369
f 375 385 363
f 2860 2864 2863
f 2867 2866 2836
f 2859 2872 2866
f 384 4163 4164
f 4174 4162 4163
f 384 4164 373
f 2861 2859 2867
f 373 4175 385
f 4164 4173 4169
f 2862 2871 2858
f 3033 2991 3027
f 3027 3001 3026
f 3025 3034 3032
f 3027 3025 3033
f 3023 3024 3025
f 3026 3023 3027
f 2989 2988 2990
f 2978 2977 2988
f 3000 2977 2992
f 2981 2990 2991
f 2988 2999 2998
f 2991 2998 3001
f 3008 3016 3017
f 3024 3012 3034
f 3012 3008 3017
f 3021 3008 3012
f 3020 3016 3008
f 3023 3021 3024
f 629 758 632
f 631 632 637
f 632 780 636
f 637 636 2994
f 762 779 763
f 751 763 757
f 637 642 631
f 763 781 789
f 3007 2995 642
f 2993 2992 2995
f 3000 2993 2997
f 758 793 780
f 757 789 793
f 2994 3007 637
f 789 778 793
f 3002 3004 3007
f 2997 2993 2996
f 791 790 779
f 791 829 790
f 3022 3309 3015
f 3019 3022 3016
f 781 792 778
f 779 785 792
f 790 783 785
f 829 837 783
f 3013 3129 3014
f 825 826 830
f 3337 3326 3315
f 3337 3332 3326
f 3308 3314 3309
f 3336 3337 3314
f 3331 3332 3337
f 830 823 837
f 826 824 823
f 3129 3336 3308
f 3332 3334 3326
f 3332 3335 3334
f 810 821 814
f 3333 3328 3332
f 814 831 824
f 814 819 831
f 821 49 819
f 3328 3343 3335
f 3325 2800 3343
f 2806 2811 2800
f 809 45 821
f 68 66 45
f 3323 3325 3328
f 2810 2806 3325
f 821 59 49
f 45 46 59
f 45 50 46
f 70 62 69
f 2811 2804 2801
f 2811 2805 2804
f 61 69 66
f 62 74 69
f 2809 2811 2806
f 2812 2805 2811
f 2807 2808 2805
f 66 57 50
f 66 56 57
f 69 55 56
f 60 75 74
f 2783 2771 2780
f 2783 2785 2771
f 2791 2785 2783
f 2792 2790 2785
f 75 77 55
f 88 90 77
f 2820 2791 2808
f 2794 2792 2791
f 2790 2796 2797
f 2795 2793 2790
f 80 86 88
f 412 413 86
f 2787 2795 2790
f 2786 2793 2795
f 88 85 90
f 86 84 85
f 414 417 413
f 2793 2835 2796
f 2850 2837 2835
f 2849 2838 2837
f 416 368 407
f 2786 2850 2793
f 2847 2849 2850
f 413 406 84
f 407 366 406
f 368 367 366
f 2849 2860 2838
f 2851 2868 2860
f 369 371 361
f 363 370 371
f 2856 2851 2849
f 2852 2868 2851
f 361 357 367
f 371 362 357
f 385 4169 370
f 2868 2861 2864
f 2865 2862 2861
f 2869 2865 2868
f 2870 2873 2865
f 370 4159 362
f 4169 4149 4159
f 4145 4148 4149
f 3026 2968 2976
f 2976 3028 3026
f 2998 3005 3003
f 2997 2996 3005
f 2996 2965 3005
f 3001 3003 2968
f 3005 2965 2964
f 2964 2962 2963
f 2964 2965 2962
f 2968 2963 2967
f 2965 2966 2962
f 3037 3021 3023
f 3011 3020 3021
f 3010 3019 3020
f 3028 3011 3037
f 2936 3010 3011
f 2941 3009 3010
f 2937 2936 3028
f 2942 2941 2936
f 636 780 1871
f 2994 1871 1866
f 1871 1876 1879
f 1866 1879 1867
f 793 788 787
f 1866 3002 2994
f 1868 3006 3002
f 780 784 1876
f 787 1884 1878
f 1867 1868 1866
f 2965 2971 2966
f 1878 1884 1880
f 3009 3022 3019
f 778 782 788
f 785 796 782
f 783 794 796
f 3124 3013 3022
f 3124 3129 3013
f 788 782 786
f 796 794 799
f 796 799 800
f 3111 3124 3009
f 3128 3123 3124
f 786 805 1884
f 800 804 805
f 799 806 804
f 3122 3331 3336
f 837 834 794
f 823 833 834
f 3123 3122 3129
f 3130 3121 3122
f 794 798 806
f 834 832 798
f 3125 3130 3123
f 3118 3131 3130
f 3121 3333 3331
f 3120 3323 3333
f 831 827 833
f 819 51 827
f 3131 3120 3121
f 3141 3143 3120
f 833 827 836
f 827 30 835
f 833 836 828
f 827 835 828
f 3119 3127 3131
f 3140 3141 3127
f 832 828 798
f 3143 3329 3323
f 3137 2810 3329
f 2827 2809 2810
f 49 48 51
f 46 47 48
f 2822 2826 2827
f 51 38 30
f 3139 3137 3143
f 3136 2822 3137
f 47 34 33
f 2816 2818 2822
f 30 32 44
f 38 33 32
f 3135 3136 3139
f 2826 2812 2809
f 2826 2807 2812
f 57 52 47
f 56 53 52
f 2813 2814 2826
f 47 54 34
f 52 58 54
f 53 92 58
f 2823 2825 2813
f 2815 2817 2825
f 34 35 31
f 54 93 35
f 55 96 53
f 77 81 96
f 2817 2820 2814
f 2734 2794 2820
f 53 96 92
f 96 94 92
f 81 78 94
f 2727 2734 2817
f 2730 2735 2734
f 92 98 93
f 2753 2727 2817
f 2794 2787 2792
f 2798 2786 2787
f 90 89 81
f 85 82 89
f 2735 2798 2794
f 2729 2731 2798
f 81 89 78
f 82 87 83
f 89 83 104
f 2733 2729 2735
f 2732 2738 2729
f 78 104 94
f 2731 2847 2786
f 2845 2857 2847
f 2844 2856 2857
f 84 76 82
f 406 141 76
f 366 358 141
f 2738 2846 2731
f 2843 2844 2845
f 76 140 87
f 2854 2843 2846
f 2927 2844 2843
f 141 139 138
f 2736 2854 2738
f 87 137 168
f 140 138 137
f 2844 2852 2856
f 2848 2869 2852
f 367 364 358
f 357 359 364
f 2921 2922 2848
f 358 360 139
f 364 365 360
f 2927 2921 2844
f 2919 2920 2921
f 139 135 136
f 360 4040 135
f 2931 2919 2927
f 2922 2870 2869
f 2930 2909 2870
f 4159 4151 359
f 4159 4147 4151
f 2920 2930 2922
f 2916 2909 2930
f 359 4151 365
f 4147 4154 4152
f 4151 4152 4053
f 2911 2905 2920
f 2976 2967 2945
f 2945 2969 2938
f 2945 2937 2976
f 2938 2947 2945
f 2962 2966 2972
f 2963 2972 2967
f 2967 2974 2973
f 2972 2970 2974
f 2969 2973 2952
f 2974 2960 2953
f 2946 2942 2937
f 2940 2941 2942
f 2939 2940 2942
f 2947 2939 2946
f 2932 2943 2940
f 2932 3107 2943
f 2944 2939 2947
f 2935 2934 2939
f 2934 3107 2932
f 1879 1882 1881
f 1867 1875 1856
f 1862 2971 1868
f 1876 1877 1882
f 1857 1862 1867
f 2966 2975 2970
f 1880 1883 1873
f 1856 1857 1867
f 1860 1858 1862
f 1877 1873 1870
f 1861 1860 1857
f 1882 1870 1875
f 1863 2961 1858
f 1870 1851 1874
f 1884 1833 1883
f 805 804 1833
f 804 803 1832
f 3116 3125 3128
f 3107 3116 3111
f 804 1832 1830
f 1883 1831 1834
f 1833 1830 1829
f 1832 1828 1830
f 3103 3102 3116
f 1831 1829 1834
f 3091 3103 3107
f 1834 1827 1850
f 1829 1826 1827
f 1830 1825 1826
f 806 797 803
f 798 802 797
f 3117 3118 3125
f 3126 3119 3118
f 3126 3133 3119
f 797 802 801
f 3110 3133 3126
f 803 801 1828
f 802 795 801
f 3109 3126 3117
f 3109 3110 3126
f 3113 3109 3102
f 3106 3110 3109
f 3105 3132 3110
f 1828 1839 1825
f 801 807 1839
f 828 808 802
f 828 36 808
f 3133 3140 3119
f 3133 3145 3140
f 802 808 795
f 3138 3145 3133
f 808 20 795
f 36 39 20
f 3132 3138 3133
f 3142 3144 3138
f 795 25 807
f 20 26 25
f 3145 3135 3139
f 3135 2816 3136
f 2821 2823 2816
f 44 32 36
f 32 33 43
f 3134 2821 3135
f 32 43 39
f 33 40 37
f 3144 3134 3145
f 3074 2824 2821
f 3142 3134 3144
f 3083 3076 3134
f 3083 3074 3076
f 39 23 26
f 37 24 23
f 42 13 24
f 31 35 41
f 2819 2815 2823
f 2751 2753 2815
f 31 41 40
f 35 91 41
f 93 102 91
f 40 8 42
f 102 95 91
f 3074 2819 2824
f 3071 3080 3074
f 2752 2750 2819
f 8 14 13
f 8 6 14
f 91 97 6
f 98 99 102
f 2749 2730 2753
f 2728 2733 2730
f 99 101 100
f 2748 2749 2753
f 101 178 100
f 2750 2748 2751
f 100 178 105
f 2752 2748 2750
f 2742 2749 2748
f 2742 2747 2749
f 2757 2728 2747
f 95 105 97
f 2725 2736 2732
f 94 103 99
f 104 168 103
f 99 103 101
f 168 170 169
f 2726 2725 2733
f 2737 2736 2725
f 101 171 178
f 103 169 171
f 2757 2726 2728
f 2767 2737 2726
f 2882 2883 2737
f 171 172 173
f 2853 2855 2854
f 138 143 142
f 137 144 170
f 137 142 144
f 2883 2853 2736
f 2928 2929 2926
f 142 145 144
f 2875 2928 2881
f 170 175 172
f 2874 2881 2883
f 2874 2875 2881
f 172 175 174
f 145 133 134
f 2925 2918 2919
f 136 147 143
f 136 135 147
f 2929 2931 2926
f 2929 2925 2931
f 135 148 147
f 2924 2918 2925
f 143 146 145
f 147 148 146
f 2923 2924 2929
f 148 120 123
f 2888 2923 2928
f 2899 2924 2923
f 146 123 133
f 2914 2907 2905
f 4041 4044 4046
f 2917 2914 2911
f 4040 4045 148
f 4040 4046 4045
f 2924 2917 2918
f 2913 2907 2914
f 4044 4048 4047
f 4045 4047 120
f 2915 2917 2924
f 2915 2913 2917
f 2912 5000 2913
f 2912 4997 5000
f 4047 122 120
f 4047 4050 122
f 2938 2952 2949
f 2949 2950 2951
f 2949 2933 2938
f 3090 2944 2933
f 2951 3090 2949
f 2958 2960 2961
f 2957 2960 2958
f 2952 2956 2950
f 2953 2955 2956
f 2953 2957 2955
f 2956 2955 2954
f 2955 2948 2954
f 3097 3091 2934
f 3087 2935 2944
f 3087 3097 2935
f 1856 1869 1859
f 1875 1872 1869
f 1859 1763 1740
f 1869 1852 1763
f 1859 1861 1856
f 1851 1844 1854
f 1851 1850 1844
f 1865 1863 1864
f 1865 2958 1863
f 1844 1845 1843
f 1740 1864 1859
f 2957 2958 2948
f 1854 1843 1852
f 1748 1865 1864
f 1843 1848 1852
f 1843 1853 1848
f 3108 3113 3103
f 1850 1841 1845
f 1827 1837 1841
f 1826 1838 1837
f 3088 3108 3091
f 3114 3115 3108
f 1845 1841 1853
f 1841 1837 1842
f 3101 3088 3099
f 1837 1836 1840
f 1825 1839 1838
f 807 1824 1839
f 3115 3106 3113
f 3104 3105 3106
f 1839 1824 1835
f 1838 1835 1836
f 3063 3060 3104
f 1835 1817 1821
f 3067 3142 3132
f 807 25 1824
f 3060 3054 3105
f 3068 3082 3067
f 25 17 1824
f 26 16 17
f 3055 3067 3054
f 1824 1816 1817
f 1824 1811 1816
f 17 19 1811
f 3063 3055 3060
f 3055 3081 3068
f 1816 1811 1810
f 3082 3083 3142
f 3075 3073 3083
f 23 29 16
f 24 28 29
f 24 15 28
f 3081 3072 3082
f 3079 3075 3072
f 16 29 19
f 29 28 27
f 3085 3084 3075
f 28 10 21
f 3073 3080 3071
f 2746 2752 3080
f 14 2 1
f 6 7 2
f 3084 2746 3073
f 2741 2745 2746
f 2743 2744 2745
f 2 12 11
f 2744 2742 2752
f 97 105 7
f 2766 2757 2742
f 2766 2763 2757
f 158 162 151
f 151 160 12
f 151 162 160
f 2740 2739 2743
f 2754 2766 2739
f 2763 2767 2757
f 2769 2882 2767
f 178 176 158
f 173 174 176
f 2880 2877 2882
f 158 176 162
f 176 179 153
f 174 177 179
f 2756 2769 2763
f 2878 2880 2769
f 2878 2876 2880
f 162 153 161
f 2877 2874 2882
f 2884 2875 2874
f 2884 2888 2875
f 175 134 164
f 2885 2888 2884
f 174 164 177
f 134 130 128
f 2876 2885 2877
f 164 166 165
f 164 167 166
f 2891 2890 2885
f 128 130 132
f 177 165 163
f 2892 2899 2923
f 123 121 126
f 2890 2892 2888
f 2901 2915 2899
f 133 129 130
f 126 127 129
f 2902 2892 2890
f 2891 2902 2890
f 127 115 114
f 2902 2901 2892
f 129 131 125
f 2910 4997 2912
f 2908 2906 2915
f 121 124 127
f 122 4066 124
f 5023 4998 2910
f 127 124 115
f 4066 4068 4057
f 2900 2910 2908
f 2898 2889 2901
f 124 4057 119
f 2220 2221 2216
f 2221 2211 2216
f 2249 2267 2211
f 2216 2211 2204
f 2211 2268 2203
f 2267 2269 2268
f 2203 2201 2202
f 2268 2271 2201
f 2227 2220 2216
f 2223 2221 2220
f 2224 2248 2223
f 2223 2249 2221
f 2215 2224 2219
f 2225 2224 2215
f 2237 2248 2224
f 2241 2257 2248
f 2234 2237 2240
f 2246 2253 2255
f 2255 2258 2267
f 2253 2263 2258
f 2258 2262 2269
f 2263 2265 2262
f 2269 2272 2271
f 2269 2262 2272
f 2247 2246 2249
f 2257 2245 2247
f 2245 2252 2246
f 2277 2280 2245
f 2285 2277 2257
f 2273 2276 2287
f 2252 2251 2253
f 2250 2244 2251
f 2251 2260 2263
f 2263 2261 2265
f 2259 2266 2261
f 2279 2278 2256
f 2278 2254 2256
f 2276 2279 2280
f 2283 2274 2279
f 2281 2172 2274
f 2275 2283 2276
f 2244 2102 2259
f 2254 2102 2244
f 2103 2104 2102
f 2104 2108 2102
f 2102 2099 2100
f 2259 2198 2266
f 2100 2197 2198
f 2274 2098 2278
f 2098 2103 2254
f 2098 2105 2103
f 2097 2106 2098
f 2105 2101 2104
f 2106 2107 2105
f 2174 2097 2274
f 2172 2174 2274
f 2183 2182 2174
f 2101 2128 2108
f 2128 2117 2131
f 2108 2128 2099
f 2128 2133 2132
f 2099 2132 2197
f 2133 2135 2134
f 2097 2109 2106
f 2107 2120 2101
f 2109 2120 2107
f 2120 2121 2115
f 2149 2124 2110
f 2182 2110 2097
f 2173 2149 2110
f 2185 2173 2182
f 2115 2113 2117
f 2112 2111 2118
f 2118 2137 2131
f 2111 2126 2137
f 2131 2127 2133
f 2137 2125 2127
f 2121 2119 2115
f 2119 2113 2115
f 2124 2116 2119
f 2116 2112 2113
f 2152 2153 2141
f 2148 2141 2149
f 2151 2147 2152
f 2151 2152 2148
f 2123 2326 2111
f 2326 2321 2126
f 2334 2328 2321
f 2321 2328 2329
f 2126 2136 2125
f 2321 2329 2136
f 2329 2320 2322
f 2140 2122 2116
f 2122 2123 2114
f 2392 2387 2122
f 2387 2391 2325
f 2383 2388 2387
f 2153 2392 2140
f 2386 2382 2392
f 2147 2386 2153
f 2408 2410 2386
f 2150 2408 2147
f 2325 2324 2334
f 2334 2331 2328
f 2394 2344 2331
f 2331 2344 2343
f 2328 2331 2320
f 2331 2332 2333
f 2388 2384 2391
f 2393 2389 2388
f 2384 2385 2395
f 2389 2390 2384
f 2355 2390 2389
f 2398 2355 2393
f 2410 2393 2382
f 2385 2336 2394
f 2353 2338 2336
f 2336 2339 2344
f 2344 2345 2343
f 2344 2340 2345
f 2340 2341 2345
f 2340 2342 2341
f 2390 2353 2385
f 2353 2360 2354
f 2361 2360 2353
f 2357 2360 2361
f 2362 2357 2355
f 2352 2359 2357
f 2358 2362 2355
f 2351 2366 2362
f 2399 2368 2358
f 2368 2366 2351
f 2354 2335 2338
f 2350 2472 2335
f 2350 2501 2472
f 2338 2349 2339
f 2335 2473 2349
f 2349 2348 2342
f 2349 2464 2348
f 2464 2462 2463
f 2360 2350 2354
f 2359 2363 2360
f 2365 2363 2359
f 2365 2364 2363
f 2364 2501 2350
f 2499 2500 2364
f 2352 2365 2359
f 2381 2499 2365
f 2367 2376 2352
f 2375 2381 2376
f 2372 2374 2375
f 2501 2496 2472
f 2486 2487 2496
f 2488 2489 2487
f 2489 2490 2487
f 2472 2474 2473
f 2487 2475 2474
f 2473 2476 2464
f 2474 2475 2476
f 2476 2479 2478
f 2476 2478 2462
f 2500 2486 2501
f 2500 2497 2486
f 2498 2497 2500
f 2497 2488 2486
f 2452 2495 2497
f 2495 2491 2488
f 2381 2498 2499
f 2442 2452 2498
f 2451 2452 2442
f 2374 2442 2381
f 2371 2450 2374
f 2491 2494 2489
f 2494 2492 2490
f 2493 2492 2494
f 2490 2480 2475
f 2490 2481 2480
f 2475 2480 2477
f 2480 2481 2471
f 2480 2471 2477
f 2481 2482 2471
f 2495 2493 2491
f 2447 2515 2495
f 2515 2514 2493
f 2516 2512 2515
f 2446 2447 2452
f 2446 2441 2447
f 2451 2446 2452
f 2444 2439 2445
f 2951 2950 2959
f 2514 2507 2492
f 2508 2510 2507
f 2507 2502 2481
f 2510 1729 2502
f 2481 2502 2503
f 2481 2503 2482
f 2502 1729 2504
f 1729 1736 1726
f 2503 2504 2509
f 2514 2508 2507
f 2512 2508 2514
f 2516 2511 2512
f 2437 2511 2516
f 2436 2506 2511
f 2506 3089 2951
f 2431 3089 2436
f 2440 2437 2441
f 2429 2431 2437
f 2428 2429 2430
f 2438 2430 2440
f 2438 2428 2430
f 2074 2067 2069
f 2075 2068 2069
f 2081 3039 2075
f 2067 2075 2069
f 2079 2081 2075
f 2090 3038 2081
f 2091 2090 2081
f 2079 2091 2081
f 2050 3069 2090
f 2037 2052 2050
f 2087 2050 2090
f 2041 2037 2050
f 2043 2041 2050
f 2045 2066 2037
f 2046 2058 2045
f 2040 2058 2046
f 2041 2045 2037
f 2039 2046 2045
f 1950 1956 2040
f 1954 1956 1950
f 2044 1950 2040
f 1959 1957 1954
f 1955 1949 1959
f 1946 1955 1959
f 1952 1944 1955
f 1961 1945 1952
f 1948 1952 1955
f 1953 1961 1952
f 1964 1962 1961
f 1965 1962 1964
f 1986 1975 1965
f 1977 1986 1965
f 1963 1964 1961
f 1978 1965 1964
f 1979 1967 1986
f 1981 3415 1979
f 2954 2505 2959
f 2954 1737 2505
f 2959 2505 2506
f 2505 1744 2510
f 1750 1738 1737
f 2510 1730 1729
f 1744 1732 1730
f 1732 1738 1739
f 1730 1724 1728
f 1731 1728 1736
f 1732 1723 1724
f 3094 3096 3098
f 3098 3096 3086
f 3094 3095 3096
f 2429 3094 2431
f 3053 3093 3094
f 3092 3094 2429
f 3052 3053 3092
f 3040 3052 2068
f 3049 3048 3040
f 3049 3051 3048
f 3048 3042 3052
f 3051 3042 3048
f 3042 3047 3053
f 3038 3049 3039
f 2090 3046 3038
f 3069 3064 2090
f 3046 3041 3049
f 3064 3061 3041
f 3062 3061 3064
f 3065 3066 3064
f 2052 2051 3069
f 2062 2056 2052
f 2056 2065 2051
f 2065 3066 3065
f 2066 2062 2052
f 2058 2061 2066
f 2054 2059 2060
f 2061 2055 2062
f 2060 2057 2061
f 2059 2057 2060
f 2057 2064 2055
f 1957 1960 1956
f 1960 2063 2054
f 2063 2053 2059
f 1958 2759 2063
f 1949 1951 1957
f 1944 1943 1949
f 1943 1935 1949
f 1951 1958 1960
f 1935 1933 1936
f 1934 1937 2760
f 1945 1938 1944
f 1962 1938 1945
f 1938 1930 1943
f 1939 1940 1938
f 1940 1942 1930
f 1942 1933 1935
f 1941 1931 1940
f 1933 1932 1937
f 1940 1932 1942
f 1975 1968 1962
f 1968 1941 1939
f 1969 1970 1968
f 1970 1971 1941
f 1970 1966 1971
f 5008 1973 1967
f 1967 1974 1975
f 1974 1972 1969
f 5005 1972 1974
f 1763 1758 1762
f 1740 1762 1747
f 1747 1754 1749
f 1762 1759 1754
f 1738 1750 1748
f 1852 1846 1758
f 1848 1853 1846
f 1747 1739 1740
f 1758 1753 1759
f 1846 1766 1753
f 1846 1775 1766
f 1749 1751 1747
f 1853 1855 1847
f 1842 1840 1855
f 3053 3043 3093
f 1775 1774 1778
f 1847 1849 1774
f 1840 1798 1849
f 1778 1774 1776
f 3043 3112 3114
f 3045 3063 3112
f 1836 1796 1800
f 1836 1821 1796
f 3043 3045 3112
f 1821 1812 1813
f 3047 3043 3053
f 3047 3045 3043
f 3050 3044 3051
f 1796 1813 1798
f 1798 1803 1797
f 1813 1822 1803
f 3056 3055 3063
f 3058 3081 3055
f 1817 1810 1812
f 1811 1815 1810
f 3061 3056 3050
f 3062 3057 3061
f 3059 3057 3062
f 3059 3078 3058
f 1810 1820 1819
f 1819 1818 1823
f 3058 3079 3081
f 3078 3085 3079
f 3077 3070 3085
f 1815 18 1820
f 3059 3077 3078
f 2064 3077 2065
f 18 22 1820
f 21 3 22
f 1820 22 1814
f 1814 1783 1818
f 22 1784 1783
f 3070 2741 3084
f 2761 2741 3070
f 10 9 4
f 9 11 5
f 2761 2740 2741
f 9 5 4
f 11 185 5
f 2758 2768 2761
f 5 185 184
f 3 184 1784
f 185 183 180
f 184 180 1790
f 2765 2756 2766
f 2768 2754 2740
f 2768 2765 2754
f 12 182 186
f 160 161 182
f 2758 2765 2768
f 2759 2758 2053
f 2759 2762 2765
f 186 188 183
f 182 189 188
f 182 187 189
f 2765 2764 2756
f 153 163 159
f 1937 2879 2878
f 161 157 187
f 159 155 157
f 2760 1937 2762
f 157 154 191
f 187 192 190
f 191 204 192
f 2886 2887 2876
f 2886 2891 2887
f 166 167 165
f 163 152 155
f 165 156 152
f 132 106 156
f 1931 2893 1932
f 2903 2893 1931
f 155 150 154
f 152 149 150
f 156 106 149
f 154 194 204
f 150 199 194
f 2894 2902 2891
f 2895 2898 2902
f 125 131 107
f 125 107 106
f 2903 2895 2894
f 1966 2895 2903
f 108 109 107
f 107 117 110
f 106 195 149
f 106 112 195
f 110 117 112
f 2896 2889 2898
f 2897 2900 2889
f 5018 5023 2900
f 4057 4054 4056
f 114 109 108
f 119 4056 109
f 1972 2897 1966
f 5005 5018 1972
f 109 113 117
f 109 4059 113
f 2271 2272 2201
f 2201 2214 2212
f 2243 2241 2237
f 2207 2208 2205
f 2208 2233 2235
f 2207 2210 2208
f 2233 2243 2234
f 2210 2301 2233
f 2301 2286 2243
f 2262 2264 2272
f 2272 2302 2214
f 2302 2303 2214
f 2214 2303 2210
f 2272 2291 2302
f 2291 2292 2303
f 2303 2292 2290
f 2291 2293 2292
f 2286 2285 2241
f 2303 2290 2301
f 2294 2282 2286
f 2295 2296 2294
f 2296 2275 2282
f 2261 2266 2270
f 2265 2270 2264
f 2266 2196 2270
f 2291 2270 2297
f 2270 2298 2297
f 2297 2299 2293
f 2299 2298 2300
f 2284 2281 2283
f 2282 2275 2273
f 2275 2284 2283
f 2175 2172 2281
f 2293 2288 2295
f 2288 2289 2296
f 2289 2175 2284
f 2299 2300 2288
f 2300 2170 2289
f 2266 2198 2196
f 2198 2194 2196
f 2198 2193 2194
f 2196 2194 2298
f 2194 2190 2298
f 2193 2195 2194
f 2175 2183 2172
f 2178 2185 2183
f 2298 2190 2300
f 2170 2178 2175
f 2190 2180 2170
f 2187 2186 2190
f 2186 2181 2180
f 2187 2188 2186
f 2181 2179 2178
f 2132 2134 2191
f 2197 2191 2193
f 2191 2199 2195
f 2195 2199 2188
f 2192 2157 2199
f 2176 2148 2171
f 2179 2177 2185
f 2188 2189 2186
f 2186 2189 2181
f 2199 2200 2188
f 2189 2184 2181
f 2184 2176 2179
f 2200 2184 2189
f 2200 2161 2184
f 2157 2161 2200
f 2127 2129 2135
f 2125 2138 2129
f 2135 2129 2139
f 2134 2139 2192
f 2138 2130 2129
f 2169 2162 2166
f 2129 2165 2167
f 2146 2151 2148
f 2144 2150 2151
f 2161 2143 2184
f 2184 2143 2146
f 2143 2145 2146
f 2164 2163 2143
f 2143 2144 2145
f 2166 2162 2164
f 2136 2130 2138
f 2322 2323 2130
f 2165 2155 2169
f 2130 2154 2165
f 2154 2158 2155
f 2155 2158 2156
f 2154 2309 2158
f 2142 2396 2150
f 2409 2403 2396
f 2163 2142 2144
f 2155 2156 2159
f 2168 2401 2160
f 2158 2304 2156
f 2156 2304 2168
f 2304 2400 2401
f 2401 2397 2409
f 2332 2327 2333
f 2332 2345 2327
f 2333 2327 2330
f 2323 2330 2154
f 2330 2308 2309
f 2319 2313 2308
f 2402 2398 2410
f 2407 2399 2398
f 2397 2402 2403
f 2309 2307 2304
f 2397 2407 2402
f 2315 2405 2400
f 2316 2314 2315
f 2405 2406 2397
f 2397 2406 2407
f 2314 2404 2405
f 2342 2347 2341
f 2345 2346 2327
f 2341 2347 2346
f 2327 2337 2319
f 2319 2312 2313
f 2337 2317 2312
f 2347 2460 2337
f 2317 2306 2305
f 2380 2367 2366
f 2406 2368 2399
f 2379 2380 2368
f 2311 2377 2404
f 2404 2379 2406
f 2312 2305 2314
f 2305 2318 2311
f 2377 2378 2379
f 2318 2370 2377
f 2342 2348 2347
f 2463 2459 2465
f 2460 2458 2317
f 2347 2465 2460
f 2465 2466 2458
f 2380 2373 2367
f 2378 2373 2380
f 2369 2372 2373
f 2370 2369 2378
f 2306 2310 2318
f 2306 2461 2310
f 2310 2443 2370
f 2458 2467 2461
f 2443 2453 2369
f 2478 2479 2457
f 2462 2457 2459
f 2479 2485 2457
f 2459 2470 2466
f 2466 2470 2467
f 2457 2469 2459
f 2469 2421 2470
f 2421 2423 2417
f 2453 2450 2371
f 2456 2451 2450
f 2467 2468 2461
f 2461 2455 2443
f 2470 2417 2468
f 2455 2456 2453
f 2417 2412 2455
f 2412 2454 2456
f 2477 2484 2485
f 2471 2483 2484
f 2484 2483 2485
f 2485 2413 2469
f 2413 2414 2421
f 2413 2418 2414
f 2483 2419 2413
f 2435 2439 2444
f 2454 2444 2448
f 2423 2426 2412
f 2420 2422 2454
f 2426 2424 2420
f 2414 2425 2426
f 2422 2435 2444
f 2418 2411 2425
f 2424 2415 2422
f 2482 2509 2483
f 2504 1726 2513
f 1726 1734 2513
f 2419 2416 2418
f 2513 1691 2419
f 1691 1676 2416
f 1734 1727 1691
f 1691 1679 1676
f 2434 2427 2428
f 2435 2438 2439
f 2433 2077 2074
f 2411 1682 2415
f 2432 2434 2435
f 2416 1687 2411
f 1687 1688 1682
f 1682 1689 2432
f 2432 2433 2434
f 1676 1686 1687
f 1688 1689 1682
f 2078 2080 2067
f 2080 2076 2079
f 2093 2091 2079
f 2088 2087 2091
f 2079 2076 2093
f 2093 2094 2088
f 2088 2095 2043
f 2043 2095 2038
f 2038 2048 2039
f 2047 2044 2046
f 2049 1950 2044
f 1947 1954 1950
f 1947 1946 1954
f 1946 1948 1955
f 1947 1887 1946
f 1946 1894 1953
f 1953 1888 1963
f 1963 1982 1978
f 1978 1964 1963
f 1978 1989 1977
f 1977 1984 1983
f 1983 1984 1981
f 1728 1735 1725
f 1724 1733 1735
f 1733 1723 1751
f 1735 1722 1727
f 1727 1690 1679
f 1741 1690 1722
f 1692 1705 1695
f 1694 1705 1692
f 1686 1678 1688
f 1688 1678 1689
f 1689 2077 2433
f 1679 1678 1686
f 1678 1680 1689
f 1701 1695 2077
f 1679 1681 1678
f 1680 1694 1701
f 1701 1694 1695
f 1690 1684 1681
f 1684 1685 1680
f 2077 2070 2078
f 2078 2071 2080
f 2080 2071 2076
f 2070 2072 2071
f 1695 1706 2070
f 1706 1718 2072
f 1695 1705 1706
f 1718 1719 2072
f 1705 1702 1706
f 1706 1702 1718
f 1718 1720 1719
f 2076 2073 2093
f 2093 2086 2094
f 2071 2072 2073
f 2072 2083 2086
f 2086 2082 2085
f 2072 1719 2083
f 2083 2092 2082
f 2094 2085 2095
f 2095 2089 2042
f 2089 2019 2020
f 2082 2096 2084
f 2084 2096 2089
f 2082 2092 2096
f 2096 2034 2019
f 2042 2006 2048
f 2048 2016 2047
f 2006 2015 2016
f 2015 2008 2007
f 2006 2008 2015
f 2019 2018 2008
f 2047 2012 2049
f 2049 2012 1947
f 2008 2017 2011
f 2009 1923 1885
f 1895 1892 1894
f 2012 1891 1887
f 1893 1890 1892
f 2012 1885 1891
f 1891 1889 1893
f 1885 1922 1889
f 1894 1892 1888
f 1888 1899 1982
f 1892 1898 1899
f 1890 1896 1898
f 1898 1886 1897
f 1889 1920 1896
f 1982 1988 1989
f 1989 1980 1984
f 1899 1897 1988
f 1988 1904 1980
f 1984 1985 1981
f 1981 3414 3415
f 1980 1987 1985
f 1985 1987 1990
f 1903 3395 1987
f 1987 3395 1990
f 1990 3395 3414
f 1903 3381 3395
f 1754 1761 1757
f 1749 1757 1743
f 1759 1756 1761
f 1753 1760 1756
f 1746 1751 1749
f 1766 1779 1760
f 1776 1767 1779
f 1746 1741 1751
f 1743 1746 1749
f 1741 1683 1690
f 1742 1746 1743
f 1742 1741 1746
f 1745 1683 1741
f 1760 1779 1764
f 1779 1768 1764
f 1698 1683 1745
f 1743 1765 1742
f 1742 1752 1698
f 1765 1764 1752
f 1752 1769 1703
f 1768 1769 1764
f 1849 1797 1770
f 1774 1771 1767
f 1770 1772 1771
f 1690 1683 1684
f 1697 1685 1677
f 1698 1677 1683
f 1767 1773 1768
f 1771 1777 1773
f 1698 1697 1677
f 1698 1693 1704
f 1703 1777 1693
f 1773 1777 1769
f 1708 1720 1702
f 1797 1802 1772
f 1797 1807 1802
f 1803 1795 1807
f 1709 1708 1699
f 1710 1721 1708
f 1807 1799 1802
f 1807 1795 1799
f 1704 1709 1700
f 1711 1710 1709
f 1802 1799 1801
f 1772 1801 1777
f 1704 1696 1711
f 1693 1801 1696
f 1799 1804 1801
f 1696 1804 1712
f 1720 1713 1719
f 1719 1713 2083
f 2083 1713 2092
f 1822 1823 1803
f 1721 1713 1720
f 1715 2092 1713
f 1823 1780 1795
f 1818 1791 1780
f 1716 1715 1714
f 1711 1721 1710
f 1707 1714 1721
f 1707 1716 1714
f 1795 1809 1799
f 1711 1712 1707
f 1707 1712 1717
f 1712 1804 1806
f 1809 1805 1804
f 2034 2018 2019
f 2022 2034 2092
f 2036 2018 2034
f 2022 2021 2034
f 1783 1789 1791
f 1783 1788 1789
f 1716 2022 1715
f 1789 1786 1787
f 1717 2022 1716
f 2024 2021 2022
f 2025 2036 2021
f 2024 2022 1717
f 1717 1808 2024
f 2024 2026 2025
f 1806 1805 1808
f 1782 1781 1805
f 1808 1781 2026
f 2026 2028 2027
f 1786 2028 1781
f 180 1794 1790
f 180 181 1794
f 2013 2014 2018
f 2010 2017 2014
f 1790 1793 1788
f 1794 1792 1793
f 2029 2013 2036
f 2035 2010 2013
f 1793 1785 1788
f 1793 1792 1785
f 1788 1785 1786
f 2033 2030 2031
f 2025 2027 2031
f 2031 2032 2033
f 2027 2028 2032
f 2032 1999 1997
f 1785 1999 2028
f 188 190 181
f 1996 1923 2017
f 1994 1919 1996
f 181 2000 1792
f 190 2001 2000
f 2023 1996 2010
f 2002 1994 1996
f 1792 2000 1785
f 2033 2023 2030
f 2033 1997 2002
f 2002 2004 2003
f 1997 1999 2004
f 2004 1991 2005
f 1919 1922 1923
f 1919 1921 1922
f 1918 1920 1921
f 190 193 2001
f 192 206 193
f 1917 1918 1919
f 193 208 1992
f 206 205 208
f 2003 1917 1994
f 1915 1916 1917
f 2001 1992 1998
f 2003 1993 1915
f 2005 1995 1993
f 1992 1995 1991
f 1993 1995 1926
f 1896 1910 1886
f 1911 1910 1920
f 1924 1911 1920
f 204 203 205
f 194 202 203
f 1916 1924 1918
f 1906 1908 1911
f 1928 1924 1916
f 1927 1906 1924
f 1927 1907 1906
f 202 198 200
f 202 197 198
f 205 200 208
f 1915 1926 1928
f 1928 1929 1907
f 200 1925 1995
f 1926 1925 1929
f 1886 1910 1902
f 1908 1902 1910
f 1908 1901 1902
f 195 197 199
f 195 207 197
f 112 118 207
f 1907 1909 1906
f 1914 1900 1909
f 1913 3394 1900
f 197 201 198
f 1907 1912 1914
f 1914 1905 1913
f 1929 198 1912
f 201 196 198
f 1912 196 1905
f 117 113 116
f 3383 3381 1901
f 1900 3383 1901
f 116 111 118
f 113 4079 111
f 4080 4081 4079
f 3394 3383 1900
f 3385 3384 3383
f 1913 3385 3394
f 111 4074 3368
f 118 3368 201
f 1913 3367 3387
f 3387 3369 3388
f 3388 3369 3389
f 1905 3368 3367
f 201 3368 196
f 3367 3371 3369
f 4073 3373 3371
f 4436 4442 4445
f 4436 4443 4442
f 4435 4445 4439
f 4445 4434 4439
f 4440 4435 4439
f 4440 4430 4435
f 4426 4438 4435
f 4423 4443 4438
f 4430 4426 4435
f 4425 4423 4426
f 4425 4421 4423
f 4439 4444 4440
f 4403 4429 4440
f 4402 4401 4403
f 4444 4415 4402
f 4402 4414 4401
f 4429 4424 4430
f 4422 4428 4429
f 4403 4405 4422
f 4405 4404 4428
f 4401 4414 4405
f 6006 6004 6007
f 6007 5055 6006
f 6006 5032 6048
f 5995 5998 6004
f 6049 5995 6006
f 6049 6051 5995
f 5051 5057 5047
f 5046 5047 5060
f 5055 5060 5032
f 5047 5039 5038
f 5047 5035 5039
f 5032 5038 5033
f 6001 5996 6000
f 5995 6001 5998
f 6025 6028 5996
f 6036 6026 6001
f 6051 6001 5995
f 6051 6036 6001
f 6035 6034 6036
f 6027 6025 6034
f 6027 6037 6025
f 5291 5294 5287
f 4161 4168 4162
f 3838 3839 4171
f 5292 5293 5294
f 4171 4172 4166
f 5296 5291 2871
f 5299 5292 5291
f 4166 4172 4167
f 2862 5296 2871
f 5289 5297 5295
f 3839 4186 4171
f 3839 4189 4186
f 5290 5288 5293
f 4171 4186 4172
f 5290 5289 5288
f 4186 4181 4172
f 4186 4180 4181
f 5302 5290 5292
f 5309 5338 5290
f 5289 5347 5297
f 3857 3858 3853
f 3850 3853 4189
f 5335 5343 5347
f 3853 3854 4190
f 5338 5334 5289
f 5335 5340 5343
f 4189 4184 4180
f 4190 4183 4184
f 4190 4185 4183
f 5305 5334 5338
f 5341 5335 5334
f 5341 5340 5335
f 5336 5321 5328
f 3860 3861 3858
f 3874 3872 3861
f 3874 3865 3872
f 5340 5336 5345
f 5326 5330 5321
f 3858 3852 3854
f 5342 5326 5336
f 3854 3849 4185
f 3861 3885 3849
f 5344 5342 5340
f 5330 5325 5320
f 3913 3921 3891
f 5322 5091 5325
f 3865 3878 3875
f 3891 3892 3878
f 4923 5093 5322
f 3875 3878 3885
f 3892 3888 3878
f 3892 3881 3888
f 4861 5322 5326
f 3921 3883 3892
f 3917 3918 3889
f 5093 5100 5091
f 5101 5098 5099
f 3892 3887 3881
f 3883 3889 3887
f 3887 3886 3881
f 3889 3927 3886
f 3889 3979 3927
f 4926 5101 5093
f 4921 5120 5101
f 5132 5129 5127
f 3909 3978 3918
f 3914 3974 3978
f 3974 3977 3972
f 5120 5127 5098
f 5133 5132 5127
f 3978 3972 3979
f 5133 5134 5132
f 3979 3975 3976
f 3972 3973 3975
f 4900 5133 5120
f 4904 5134 5133
f 5131 5126 5125
f 5954 5959 3971
f 3974 3971 3977
f 5134 5131 5129
f 5130 5126 5131
f 5106 5118 5126
f 3971 3954 3977
f 5959 3955 3954
f 3954 3953 3956
f 4905 5130 5134
f 4638 5106 5130
f 5119 5105 5106
f 5957 5958 5959
f 5949 5929 5958
f 5920 5931 5929
f 5105 5112 5118
f 5117 5074 5112
f 5958 5929 3955
f 5929 3957 3955
f 5929 5927 3957
f 5119 5117 5105
f 5067 5062 5117
f 5065 5057 5063
f 5930 5928 5931
f 5922 5925 5928
f 5073 5065 5064
f 5057 5065 5035
f 5062 5064 5074
f 5931 5923 5932
f 5928 5921 5923
f 5072 5065 5073
f 5932 5918 5927
f 5923 5919 5918
f 5068 5072 5062
f 6079 6068 6069
f 5947 6067 5925
f 6037 6069 6028
f 5925 6062 5921
f 6067 6053 6062
f 6067 6058 6053
f 6076 6077 6079
f 5921 6057 5919
f 6062 6056 6057
f 6053 6063 6056
f 6075 6077 6076
f 6063 6065 6056
f 6078 6081 6068
f 6080 6059 6081
f 6077 6080 6078
f 6063 6064 6065
f 6073 6063 6080
f 6052 6049 6048
f 6039 6052 6048
f 6048 5033 6039
f 6039 5034 6045
f 6045 6042 6039
f 6052 6051 6049
f 6042 6047 6052
f 5039 5037 5043
f 5033 5043 5034
f 5043 5036 5044
f 5043 5044 5041
f 5044 5040 5041
f 5034 5041 4716
f 6030 6036 6051
f 6030 6035 6036
f 6029 6027 6035
f 6047 6030 6051
f 6050 6029 6030
f 6043 6032 6029
f 4173 4153 4145
f 4167 4156 4153
f 4167 4165 4156
f 5314 5299 5296
f 5314 5302 5299
f 2873 5296 2862
f 5315 5314 5296
f 5310 5312 5314
f 4153 4146 4148
f 4156 4150 4146
f 4156 4134 4150
f 2909 5315 2873
f 4172 4187 4165
f 4172 4181 4187
f 5312 5309 5302
f 5317 5305 5309
f 4181 4188 4187
f 5304 5316 5312
f 4165 4139 4134
f 4187 4178 4139
f 5304 5318 5316
f 5306 5344 5341
f 4180 4177 4188
f 4184 4176 4177
f 4183 4182 4176
f 5318 5306 5317
f 4865 4863 5306
f 4188 4179 4178
f 4176 4108 4191
f 4854 4861 5342
f 4863 4854 5344
f 4185 4112 4182
f 3849 4113 4112
f 3885 3879 4113
f 4866 4854 4863
f 4855 4853 4854
f 4112 4101 4108
f 4113 4100 4101
f 3878 3888 3880
f 4853 4860 4861
f 4920 4926 4923
f 3880 3884 3879
f 3888 3890 3884
f 4856 4860 4853
f 4916 4920 4860
f 3879 3882 4100
f 3884 3890 3882
f 4914 4915 4920
f 3881 3886 3890
f 3886 3927 3925
f 4919 4921 4926
f 4906 4900 4921
f 3886 3925 3924
f 3927 3929 3925
f 4915 4906 4919
f 4909 4907 4906
f 3924 3930 3931
f 3925 3928 3930
f 3890 3931 3926
f 3979 3976 3929
f 4907 4904 4900
f 4910 4905 4904
f 4910 4903 4905
f 4901 4910 4907
f 4898 4903 4910
f 3929 3967 3928
f 3966 3968 3967
f 3966 3969 3968
f 3973 3970 3966
f 3956 3958 3970
f 4631 4638 4903
f 4630 4632 4638
f 3970 3959 3969
f 3958 3960 3959
f 4626 4630 4631
f 3959 3960 3961
f 3955 3963 3962
f 3955 3957 3963
f 4633 5068 5067
f 4632 4633 5119
f 3953 3962 3958
f 3957 3964 3963
f 4628 4633 4632
f 4641 5068 4633
f 3958 3965 3960
f 3963 3951 3965
f 3963 3952 3951
f 5031 5042 5072
f 5037 5042 5036
f 5927 5926 3964
f 5918 5919 5926
f 4644 5031 5068
f 3964 3707 3952
f 5926 3705 3707
f 4642 5045 5031
f 5036 5045 5040
f 6024 6076 6037
f 6057 6060 6054
f 6056 6065 6060
f 6071 6074 6075
f 5919 3704 3705
f 6054 6060 3704
f 6060 6055 3703
f 6031 6071 6032
f 6031 3753 6071
f 6072 6073 6077
f 3746 6064 6073
f 6065 6064 6055
f 3753 3746 6072
f 6041 6042 6045
f 4712 6041 6045
f 6045 4716 4712
f 4711 4714 4712
f 4712 4713 4711
f 6041 6047 6042
f 4714 6046 6041
f 5041 5040 4709
f 4709 4706 4703
f 4706 4690 4718
f 4655 4690 4706
f 4716 4708 4713
f 4689 4690 4655
f 4718 4690 4699
f 6044 6040 6050
f 6046 6044 6047
f 6044 6043 6040
f 3761 6033 6043
f 3765 3761 6043
f 3766 3760 3761
f 4710 3763 6046
f 5308 5315 2909
f 5308 5310 5315
f 5307 5311 5310
f 4146 4155 4147
f 4150 4133 4155
f 2904 5308 2909
f 4976 5313 5307
f 4147 4157 4154
f 4155 4160 4157
f 4133 4132 4160
f 4991 5307 5308
f 4991 4976 5307
f 4989 4991 2904
f 4154 4158 4041
f 4160 4051 4158
f 2907 4989 2904
f 5313 5304 5311
f 5303 5318 5304
f 4134 4131 4133
f 4139 4130 4131
f 4973 5303 5313
f 4133 4131 4132
f 4131 4142 4143
f 4980 4973 4976
f 4979 4864 4973
f 4132 4143 4051
f 4142 4141 4143
f 4859 4865 5318
f 4858 4866 4865
f 4178 4191 4130
f 4108 4099 4103
f 4864 4859 5303
f 4857 4862 4858
f 4130 4140 4144
f 4191 4103 4140
f 4867 4858 4859
f 4867 4857 4858
f 4103 4102 4138
f 4979 4867 4864
f 4842 4847 4857
f 4144 4138 4141
f 4862 4855 4866
f 4845 4856 4855
f 4108 4104 4099
f 4101 4105 4104
f 4847 4845 4862
f 4849 4841 4845
f 4104 4107 4106
f 4099 4106 4102
f 4844 4849 4847
f 4843 4848 4849
f 4106 4116 4128
f 4107 4114 4116
f 4841 4916 4856
f 4924 4914 4916
f 4917 4915 4914
f 4100 4111 4105
f 3882 3926 4111
f 4848 4924 4841
f 4105 4111 4107
f 3926 4086 4092
f 4922 4927 4917
f 4111 4092 4109
f 4850 4924 4848
f 4828 4922 4924
f 4107 4109 4114
f 4109 4091 4110
f 4827 4925 4922
f 4109 4110 4114
f 4913 4908 4915
f 4902 4909 4908
f 4902 4901 4909
f 3931 3922 3923
f 3930 3935 3922
f 4927 4902 4913
f 4896 4912 4902
f 3926 3934 4086
f 3923 3922 3934
f 3922 3932 3933
f 3922 3933 3934
f 4925 4918 4927
f 4897 4896 4918
f 4086 4095 4091
f 3934 4094 4095
f 3933 4085 4094
f 4899 4911 4901
f 4899 4898 4911
f 3928 3941 3935
f 3967 3946 3941
f 3968 3945 3946
f 4892 4893 4899
f 3935 3942 3932
f 4895 4892 4912
f 3946 3939 3943
f 4890 4891 4892
f 3932 3950 4085
f 4894 4890 4895
f 4893 4626 4898
f 4627 4628 4630
f 3969 3961 3945
f 4640 4626 4893
f 4639 4627 4626
f 3945 3940 3939
f 3961 3675 3940
f 3940 3949 3939
f 3675 3673 3949
f 4738 4640 4891
f 4636 4639 4640
f 4635 4637 4639
f 4627 4629 4628
f 4634 4641 4629
f 3960 3682 3675
f 3951 3676 3682
f 4637 4634 4627
f 4648 4650 4634
f 3682 3672 3674
f 3676 3671 3672
f 3672 3670 3674
f 3672 3677 3670
f 4649 4646 4648
f 3677 3679 3670
f 4635 4649 4637
f 4650 4644 4641
f 4650 4642 4644
f 3952 3711 3676
f 3707 3710 3711
f 5040 4645 4706
f 3676 3711 3671
f 4653 4645 4651
f 3671 3678 3677
f 3711 3709 3678
f 4647 4653 4646
f 3677 3678 3679
f 3705 3708 3710
f 3704 3703 3708
f 3749 3753 6031
f 6033 3749 6031
f 3703 3702 3700
f 3760 6033 3761
f 3752 3749 6033
f 3710 3712 3709
f 3708 3700 3712
f 3752 3758 3749
f 3757 3758 3752
f 3712 3713 3714
f 3700 3701 3713
f 3751 3750 3746
f 6055 3750 3702
f 3758 3751 3753
f 3748 3750 3751
f 3754 3748 3758
f 3702 3750 3701
f 4715 4707 4711
f 4711 4705 4715
f 4707 4710 4714
f 4704 4710 4707
f 4708 4699 4717
f 4713 4717 4705
f 4697 4690 4689
f 4717 4698 4696
f 4699 4697 4698
f 4705 4696 4688
f 4698 4693 4694
f 4697 4695 4693
f 4696 4692 4688
f 4696 4694 4692
f 3773 3766 3762
f 3773 3774 3766
f 4704 3764 4710
f 3769 3772 3774
f 4667 3770 4704
f 4996 4999 4991
f 4041 4039 4044
f 4158 4051 4039
f 5000 4989 2907
f 4993 4996 4989
f 4051 4049 4052
f 4995 4999 4996
f 4992 4994 4999
f 4052 4043 4048
f 4997 4993 5000
f 4990 4995 4993
f 4988 4995 4990
f 4988 4992 4995
f 4048 4042 4055
f 4043 4038 4042
f 4143 4135 4049
f 4143 4141 4135
f 4994 4980 4999
f 4975 4982 4980
f 4049 4031 4043
f 4135 4136 4031
f 4987 4975 4994
f 4136 4030 4031
f 4986 4981 4975
f 4031 4025 4038
f 4031 4028 4025
f 4982 4867 4979
f 4846 4842 4867
f 4138 4118 4137
f 4102 4128 4118
f 4839 4842 4846
f 4839 4844 4842
f 4141 4137 4136
f 4981 4846 4982
f 4137 4124 4030
f 4119 4125 4124
f 4851 4852 4839
f 4986 4984 4981
f 4030 4026 4028
f 4030 4027 4026
f 4124 4010 4027
f 4124 4125 4010
f 4840 4850 4843
f 4116 4120 4128
f 4116 4121 4120
f 4852 4840 4844
f 4128 4122 4119
f 4128 4120 4122
f 4833 4826 4840
f 4119 4122 4125
f 4120 4117 4123
f 4825 4833 4852
f 4122 4123 4125
f 4837 4833 4825
f 4835 4836 4833
f 4117 4126 4123
f 4826 4828 4850
f 4838 4827 4828
f 4838 4882 4827
f 4110 4098 4127
f 4836 4828 4826
f 4121 4127 4117
f 4834 4871 4838
f 4127 4098 4129
f 4832 4831 4836
f 4117 4129 4126
f 4882 4897 4925
f 4095 4094 4083
f 4094 4085 4089
f 4870 4888 4897
f 4091 4083 4098
f 4094 4089 4090
f 4871 4870 4882
f 4887 4894 4888
f 4083 4090 4097
f 4089 4093 4090
f 4876 4879 4871
f 4880 4887 4870
f 4880 4886 4887
f 4098 4096 4087
f 4097 4084 4096
f 4090 4088 4084
f 4885 4889 4890
f 4085 3950 3936
f 4743 4738 4889
f 4085 3936 4093
f 3944 3938 3937
f 4886 4885 4894
f 4884 4743 4885
f 3936 3948 4093
f 3937 3938 3948
f 4883 4884 4886
f 4883 4740 4884
f 4093 3640 4088
f 3948 3641 3640
f 3943 3947 3944
f 3949 3667 3947
f 3673 3668 3667
f 4744 4635 4636
f 3944 3665 3938
f 3947 3667 3665
f 4745 4744 4738
f 3938 3658 3641
f 3665 3659 3658
f 4737 4745 4743
f 4737 4744 4745
f 4737 4741 4744
f 3659 3655 3658
f 3684 3681 3668
f 3670 3680 3681
f 4742 4649 4635
f 4654 4647 4649
f 3668 3656 3666
f 3680 3685 3681
f 4616 4643 4654
f 3668 3666 3659
f 3681 3685 3656
f 4734 4654 4742
f 4734 4616 4654
f 3659 3661 3655
f 4612 4615 4616
f 3656 3664 3669
f 4652 4655 4653
f 3679 3683 3680
f 3678 3706 3683
f 4643 4652 4647
f 4691 4689 4655
f 3680 3683 3685
f 4697 4691 4695
f 3683 3697 3695
f 4615 4652 4643
f 4619 4691 4652
f 3685 3695 3693
f 3695 3691 3698
f 3774 3752 3760
f 3709 3714 3706
f 3701 3692 3713
f 3755 3757 3752
f 3755 3756 3757
f 3714 3699 3697
f 3713 3692 3699
f 3772 3755 3774
f 3699 3692 3688
f 3741 3756 3755
f 3699 3688 3689
f 3697 3689 3691
f 3759 3747 3748
f 3756 3759 3754
f 3701 3747 3692
f 3736 3687 3759
f 3739 3759 3756
f 3692 3687 3686
f 4665 4668 4715
f 4715 4688 4665
f 4662 4664 4665
f 4665 4663 4662
f 4656 4661 4662
f 4664 4667 4668
f 4702 4693 4618
f 4688 4701 4663
f 4692 4700 4701
f 4694 4702 4700
f 4663 4669 4662
f 4701 4687 4669
f 3768 3769 3770
f 3767 3772 3769
f 4684 3768 4667
f 4664 4684 4667
f 4683 3767 3768
f 4683 3743 3767
f 4685 4684 4664
f 4682 4683 4684
f 3735 3743 4683
f 4683 4681 3735
f 4998 4990 4997
f 4998 4988 4990
f 4050 4055 4066
f 4066 4055 4068
f 4055 4067 4061
f 5023 5028 4998
f 5026 5020 5019
f 4067 4063 4061
f 4067 4062 4063
f 5025 5028 5023
f 5024 5026 5028
f 4068 4061 4054
f 5020 4972 4987
f 4985 4986 4972
f 4038 4033 4032
f 4060 4032 4062
f 4033 4036 4032
f 4033 4035 4036
f 5030 4985 5020
f 5021 4977 4985
f 5022 5021 5030
f 4035 4037 4034
f 4977 4984 4986
f 4983 4851 4984
f 4943 4837 4851
f 4028 4026 4033
f 4027 4010 4020
f 4033 4024 4035
f 4026 4020 4024
f 4010 4013 4016
f 4020 4016 4012
f 4978 4983 4977
f 4930 4943 4983
f 4942 4954 4943
f 4035 4024 4037
f 4016 4009 4019
f 4824 4832 4835
f 4123 4126 3993
f 4954 4824 4837
f 3993 3980 4009
f 3993 3983 3980
f 4955 4830 4824
f 3983 3987 3980
f 4956 4955 4954
f 4830 4831 4832
f 4829 4834 4831
f 4878 4876 4834
f 4129 4087 4115
f 4115 3994 3983
f 3983 3994 3987
f 4944 4829 4830
f 4875 4878 4829
f 4875 4877 4878
f 3994 3989 3991
f 4869 4879 4876
f 4868 4880 4879
f 4087 3988 3994
f 4096 3618 3988
f 4084 3650 3618
f 4881 4868 4869
f 4873 4872 4868
f 4727 4728 4872
f 3994 3992 3989
f 3988 3620 3992
f 3618 3621 3620
f 4728 4883 4880
f 4747 4740 4883
f 4746 4737 4740
f 3640 3652 3650
f 3651 3654 3652
f 4724 4747 4728
f 4724 4746 4747
f 3650 3642 3621
f 3652 3643 3642
f 4735 4741 4737
f 4735 4734 4741
f 3641 3639 3651
f 3658 3655 3639
f 4736 4735 4739
f 3655 3657 3639
f 4731 4736 4746
f 4753 4757 4735
f 3639 3657 3644
f 3654 3644 3643
f 3644 3645 3643
f 4757 4612 4734
f 3661 3669 3660
f 4751 4623 4612
f 3655 3660 3657
f 4760 4751 4757
f 3662 3570 3663
f 3657 3663 3645
f 4762 4760 4753
f 4755 4622 4751
f 3663 3570 3577
f 4623 4619 4615
f 4625 4618 4619
f 3693 3698 3664
f 3698 3690 3696
f 3664 3696 3574
f 4622 4625 4623
f 3662 3574 3570
f 3696 3690 3571
f 3737 3739 3741
f 3743 3741 3772
f 3743 3737 3741
f 3689 3686 3694
f 3691 3694 3690
f 3686 3730 3715
f 3734 3733 3737
f 3694 3715 3725
f 3715 3729 3725
f 3715 3728 3729
f 3735 3734 3743
f 3690 3725 3573
f 3740 3736 3739
f 3686 3727 3730
f 3733 3736 3740
f 3745 3727 3736
f 3730 3727 3728
f 3726 3727 3745
f 4443 4437 4442
f 4437 4433 4442
f 4427 4433 4437
f 4427 4459 4433
f 4433 4432 4442
f 4433 4441 4432
f 4442 4432 4431
f 4441 4472 4446
f 4431 4444 4434
f 4432 4446 4444
f 4416 4427 4437
f 4416 4418 4427
f 4423 4416 4443
f 4419 4418 4416
f 4420 4499 4418
f 4417 4419 4423
f 4417 4420 4419
f 4404 4417 4421
f 4459 4450 4433
f 4451 4457 4450
f 4458 4449 4457
f 4450 4471 4441
f 4461 4467 4471
f 4471 4466 4472
f 4452 4459 4427
f 4452 4451 4459
f 4448 4457 4451
f 4448 4458 4457
f 4447 4458 4448
f 4499 4447 4452
f 4497 4492 4499
f 4502 4503 4492
f 4491 4497 4420
f 4449 4470 4461
f 4449 4468 4470
f 4468 4608 4464
f 4460 4593 4468
f 4470 4469 4467
f 4469 4468 4464
f 4464 4609 4463
f 4465 4469 4463
f 4456 4460 4449
f 4453 4455 4456
f 4455 4512 4460
f 4503 4454 4447
f 4500 4538 4498
f 4501 4500 4503
f 4593 4581 4608
f 4512 4581 4593
f 4512 4583 4581
f 4583 4584 4581
f 4581 4585 4608
f 4608 4610 4609
f 4608 4596 4610
f 4585 4588 4596
f 4453 4516 4455
f 4516 4517 4515
f 4517 4510 4512
f 4538 4516 4453
f 4545 4518 4516
f 4543 4545 4538
f 4544 4543 4538
f 4541 4543 4544
f 4506 4514 4507
f 4510 4587 4583
f 4587 4586 4584
f 4508 4507 4587
f 4586 4594 4582
f 4507 4594 4587
f 4508 4506 4507
f 4586 4591 4592
f 4584 4592 4588
f 4518 4509 4517
f 4509 4508 4510
f 4518 4519 4509
f 4537 4520 4518
f 4536 4520 4537
f 4549 4537 4545
f 4542 4540 4537
f 4514 4576 4594
f 4569 4566 4576
f 4576 4579 4570
f 4570 4572 4577
f 4577 4552 4595
f 4511 4514 4506
f 4513 4574 4514
f 4534 4567 4574
f 4533 4513 4511
f 4533 4534 4513
f 4531 4532 4533
f 4529 4531 4533
f 4535 4529 4536
f 4567 4580 4569
f 4580 4571 4566
f 4332 4363 4571
f 4578 4332 4571
f 4571 4573 4579
f 4363 4369 4366
f 4579 4575 4572
f 4579 4573 4575
f 4573 4366 4575
f 4366 4370 4362
f 4333 4578 4567
f 4333 4334 4578
f 4532 4333 4534
f 4329 4330 4333
f 4530 4329 4532
f 4528 4315 4530
f 4332 4327 4363
f 4338 4327 4332
f 4331 4341 4327
f 4341 4340 4327
f 4327 4360 4363
f 4340 4359 4360
f 4363 4360 4369
f 4369 4360 4370
f 4360 4357 4370
f 4360 4358 4357
f 4330 4337 4334
f 4337 4339 4331
f 4335 4336 4330
f 4335 4302 4336
f 4325 4335 4328
f 4312 4302 4335
f 4314 4325 4316
f 4326 4312 4325
f 4300 4353 4354
f 4299 4307 4300
f 4340 4350 4359
f 4354 4348 4350
f 4359 4371 4358
f 4350 4346 4371
f 4371 4346 4365
f 4309 4300 4341
f 4302 4298 4309
f 4311 4305 4299
f 4301 4310 4298
f 4317 4301 4302
f 4306 4308 4301
f 4319 4317 4312
f 4319 4322 4317
f 4307 4304 4353
f 4305 4304 4307
f 4304 4347 4353
f 4303 4289 4304
f 4288 4289 4303
f 4288 4287 4289
f 4289 4296 4347
f 4353 4355 4348
f 4347 4351 4355
f 4355 4344 4348
f 4348 4344 4346
f 4355 4356 4344
f 4311 4303 4305
f 4297 4288 4303
f 4288 4285 4287
f 4294 4295 4297
f 4252 4294 4308
f 4258 4260 4252
f 4259 4258 4252
f 4287 4291 4289
f 4285 4291 4287
f 4291 4283 4296
f 4292 4284 4291
f 4284 4293 4283
f 4296 4343 4351
f 4296 4290 4343
f 4290 4197 4198
f 4343 4196 4356
f 4343 4198 4196
f 4295 4285 4288
f 4282 4292 4285
f 4282 4286 4292
f 4292 4286 4284
f 4294 4282 4295
f 4279 4268 4282
f 4253 4279 4294
f 4260 4253 4294
f 4255 4254 4253
f 4257 4253 4260
f 4257 4255 4253
f 4284 4269 4293
f 4281 4278 4284
f 4272 4273 4269
f 4293 4197 4290
f 4269 4194 4197
f 4197 4194 4193
f 4194 4192 4193
f 4197 4193 4207
f 4197 4207 4195
f 4193 4206 4207
f 4268 4281 4286
f 4274 4267 4281
f 4267 4280 4278
f 4274 4277 4267
f 4279 4274 4268
f 4254 4275 4279
f 4254 4247 4275
f 4261 4246 4254
f 5001 5008 1979
f 5002 5008 5001
f 3423 5003 5001
f 3415 5001 1979
f 3411 3423 5001
f 3417 5004 3423
f 3428 5004 3417
f 3416 3417 3423
f 3418 3419 3417
f 3429 3430 3428
f 3432 3429 3428
f 3433 3430 3429
f 3434 3435 3433
f 3431 3433 3429
f 3439 3434 3433
f 3439 3437 3434
f 3437 3436 3434
f 3445 3440 3437
f 3443 3445 3437
f 4816 4959 3445
f 4817 4818 4816
f 3444 4816 3445
f 3446 3444 3445
f 3561 4817 4816
f 4820 4819 4817
f 4808 4809 4820
f 3561 4820 4817
f 3562 4808 4820
f 4810 4798 4808
f 4811 4797 4810
f 4796 4797 4811
f 4823 4811 4810
f 4822 4823 4810
f 4777 4796 4811
f 4776 4804 4777
f 4821 4777 4811
f 4775 4776 4777
f 4280 4271 4272
f 4271 4659 4273
f 4659 4658 4666
f 4656 4658 4659
f 4658 4660 4666
f 4273 4205 4194
f 4273 4771 4205
f 4666 4660 4771
f 4194 4205 4192
f 4768 4803 4776
f 4771 4764 4763
f 4774 4764 4776
f 4661 4686 4685
f 4276 4270 4277
f 4277 4271 4280
f 4270 4672 4271
f 4672 4686 4659
f 4680 4672 4270
f 4249 4680 4270
f 4237 4244 4247
f 5003 5010 5002
f 5008 5006 1973
f 5011 5007 5010
f 5010 5005 5006
f 5013 5009 5011
f 5007 5009 5016
f 5004 5012 5003
f 4929 4933 5004
f 5015 5013 5012
f 5015 5014 5013
f 4941 5014 5015
f 4941 4935 5014
f 4928 4935 4941
f 3430 4938 4929
f 4938 4941 4933
f 4936 4931 4938
f 4931 4928 4941
f 4936 4940 4931
f 4949 4951 4936
f 4951 4940 4936
f 3435 3441 3430
f 3436 3441 3435
f 3427 4952 3441
f 4952 4948 4949
f 4962 4948 4952
f 4948 4950 4951
f 3440 3427 3436
f 4959 4970 3440
f 4970 4962 3427
f 4966 4967 4970
f 4966 4957 4967
f 4967 4961 4962
f 4957 4961 4967
f 4961 4960 4950
f 4961 4957 4960
f 4957 4969 4971
f 4818 4968 4959
f 4819 4814 4818
f 4814 4958 4968
f 4812 4813 4814
f 4958 4969 4966
f 4813 4964 4958
f 4809 4812 4819
f 4798 4793 4809
f 4815 4813 4812
f 4730 4733 4815
f 4733 4729 4813
f 4797 4795 4798
f 4796 4806 4797
f 4795 4730 4793
f 4805 4799 4806
f 4799 4759 4795
f 4799 4758 4759
f 4756 4758 4799
f 4804 4805 4796
f 4803 4807 4804
f 4807 4802 4805
f 4794 4800 4807
f 4801 4756 4802
f 4687 4624 4670
f 4669 4670 4658
f 4670 4613 4657
f 4620 4613 4624
f 4657 4613 4621
f 4613 4617 4621
f 4657 4621 4794
f 4679 4682 4685
f 4679 4681 4682
f 4678 4681 4679
f 4676 4678 4680
f 4675 4677 4678
f 4674 3744 4677
f 4241 4676 4249
f 3742 3744 4674
f 4787 3742 4674
f 4242 4673 4676
f 4061 4063 4054
f 5017 5025 5023
f 5029 5030 5024
f 4063 4058 4065
f 5016 5025 5017
f 5016 5029 5025
f 4058 4001 4075
f 4059 4077 4080
f 4065 4078 4077
f 4075 4076 4078
f 5027 5021 5022
f 4939 4937 5021
f 4064 4034 4001
f 5029 5022 5030
f 4034 4002 4001
f 5014 5027 5009
f 4935 5027 5014
f 4934 4939 4935
f 4002 4004 4003
f 4001 4003 4076
f 4003 3995 4006
f 4937 4930 4978
f 4937 4942 4930
f 4932 4956 4942
f 4932 4946 4956
f 4029 4004 4002
f 4029 4022 4004
f 4019 4021 4022
f 4940 4932 4934
f 4951 4946 4940
f 4004 3996 4005
f 4022 4011 3996
f 4005 4008 3995
f 3996 4007 4008
f 3996 3485 4007
f 4947 4944 4955
f 4009 4014 4023
f 4946 4945 4956
f 4947 4953 4944
f 3980 3990 4014
f 4023 4017 4021
f 4950 4960 4947
f 4014 3990 4018
f 4021 4015 4011
f 4011 3473 3485
f 4018 3474 3473
f 4953 4875 4944
f 4965 4881 4875
f 3987 3981 3990
f 3987 3991 3981
f 4960 4965 4953
f 3986 3985 3984
f 3990 3984 4018
f 3984 3488 3474
f 4719 4727 4873
f 3620 3621 3611
f 4963 4874 4881
f 3992 3616 3982
f 3620 3611 3616
f 3989 3982 3985
f 4964 4963 4969
f 4729 4721 4964
f 4721 4719 4874
f 3616 3610 3489
f 3611 3609 3610
f 3985 3489 3488
f 4720 4724 4727
f 4720 4725 4724
f 4722 4731 4725
f 3621 3642 3619
f 3642 3647 3617
f 3621 3619 3611
f 3642 3617 3619
f 4732 4722 4720
f 4721 4732 4719
f 4732 4723 4722
f 3617 3614 3615
f 3609 3613 3610
f 3609 3615 3613
f 3610 3613 3623
f 3615 3612 3613
f 3615 3626 3612
f 4750 4754 4731
f 4752 4753 4754
f 3643 3645 3646
f 3645 3648 3646
f 4759 4750 4726
f 4758 4749 4759
f 3647 3649 3614
f 3646 3653 3649
f 3614 3638 3626
f 3653 3624 3638
f 4748 4760 4762
f 4748 4755 4760
f 4761 4622 4755
f 3645 3577 3648
f 3570 3568 3569
f 4749 4748 4762
f 3577 3569 3648
f 4756 4749 4758
f 4801 4761 4756
f 3648 3567 3624
f 3569 3566 3567
f 3567 3579 3565
f 4624 4611 4620
f 3574 3571 3568
f 4617 4614 4622
f 3573 3608 3578
f 3568 3578 3566
f 3578 3595 3576
f 3566 3575 3579
f 3576 3595 3575
f 3744 3734 3735
f 3734 3732 3733
f 3744 3735 4677
f 3725 3729 3722
f 3729 3721 3722
f 3742 3732 3744
f 3722 3720 3601
f 3608 3601 3595
f 3601 3720 3597
f 3732 3745 3733
f 3728 3718 3721
f 3717 3718 3726
f 3738 3726 3732
f 3721 3716 3719
f 3731 3738 3742
f 4446 4410 4444
f 4472 4475 4410
f 4411 4413 4414
f 4444 4410 4415
f 4410 4408 4411
f 4408 4409 4413
f 4406 4420 4417
f 4414 4407 4405
f 4407 4406 4404
f 4413 4412 4407
f 4412 4491 4406
f 4466 4474 4475
f 4465 4473 4474
f 4408 4490 4409
f 4475 4489 4408
f 4489 4488 4490
f 4474 4478 4489
f 4496 4502 4497
f 4495 4505 4502
f 4409 4494 4412
f 4494 4495 4491
f 4490 4480 4494
f 4488 4487 4480
f 4480 4493 4495
f 4463 4609 4462
f 4465 4462 4473
f 4478 4486 4488
f 4462 4485 4473
f 4495 4501 4505
f 4493 4501 4495
f 4481 4504 4493
f 4484 4483 4481
f 4483 4504 4481
f 4483 4479 4504
f 4479 4539 4504
f 4610 4598 4597
f 4596 4599 4598
f 4609 4597 4462
f 4597 4601 4482
f 4482 4601 4477
f 4598 4602 4597
f 4600 4603 4601
f 4539 4544 4500
f 4539 4541 4544
f 4547 4549 4543
f 4477 4550 4479
f 4550 4541 4539
f 4550 4547 4541
f 4603 4548 4550
f 4591 4590 4589
f 4588 4589 4599
f 4589 4590 4599
f 4602 4604 4603
f 4599 4605 4602
f 4602 4606 4604
f 4606 4561 4604
f 4590 4560 4605
f 4605 4558 4606
f 4558 4562 4561
f 4546 4542 4549
f 4546 4540 4542
f 4526 4535 4527
f 4603 4607 4548
f 4548 4546 4547
f 4607 4525 4548
f 4604 4561 4607
f 4525 4527 4546
f 4557 4524 4525
f 4525 4526 4527
f 4595 4552 4590
f 4572 4568 4551
f 4552 4551 4560
f 4560 4555 4558
f 4554 4559 4555
f 4559 4563 4555
f 4555 4563 4553
f 4551 4556 4554
f 4521 4531 4529
f 4521 4528 4531
f 4562 4553 4557
f 4524 4521 4526
f 4553 4522 4524
f 4522 4523 4521
f 4575 4564 4568
f 4575 4362 4564
f 4568 4564 4551
f 4556 4387 4563
f 4564 4565 4556
f 4565 4391 4556
f 4387 4388 4394
f 4523 4315 4528
f 4320 4314 4315
f 4320 4326 4314
f 4563 4394 4392
f 4392 4320 4523
f 4394 4386 4392
f 4388 4398 4386
f 4386 4318 4320
f 4370 4357 4367
f 4370 4367 4362
f 4357 4368 4367
f 4362 4364 4565
f 4396 4398 4388
f 4364 4395 4391
f 4396 4393 4398
f 4367 4361 4364
f 4364 4374 4395
f 4395 4390 4393
f 4324 4313 4326
f 4324 4319 4313
f 4398 4397 4386
f 4393 4389 4398
f 4398 4389 4397
f 4397 4323 4318
f 4389 4399 4397
f 4390 4400 4389
f 4358 4365 4368
f 4346 4349 4365
f 4365 4349 4384
f 4368 4384 4361
f 4384 4382 4374
f 4383 4381 4390
f 4382 4379 4381
f 4382 4378 4379
f 4321 4322 4319
f 4323 4321 4319
f 4400 4375 4399
f 4399 4372 4323
f 4390 4381 4400
f 4381 4379 4375
f 4379 4376 4375
f 4376 4385 4372
f 4346 4342 4349
f 4344 4352 4342
f 4380 4377 4382
f 4349 4345 4380
f 4377 4208 4378
f 4345 4217 4377
f 4352 4213 4345
f 4217 4212 4208
f 4385 4264 4262
f 4264 4258 4259
f 4373 4263 4385
f 4385 4263 4264
f 4219 4209 4373
f 4356 4211 4352
f 4196 4200 4211
f 4198 4195 4200
f 4195 4199 4200
f 4213 4210 4217
f 4217 4210 4212
f 4211 4216 4213
f 4210 4218 4212
f 4216 4220 4210
f 4200 4199 4216
f 4220 4235 4218
f 4218 4235 4221
f 4251 4255 4257
f 4266 4251 4258
f 4265 4256 4255
f 4212 4214 4219
f 4209 4266 4263
f 4214 4215 4209
f 4218 4221 4214
f 4221 4229 4215
f 4215 4265 4266
f 4266 4265 4251
f 4195 4204 4199
f 4206 4202 4204
f 4199 4232 4220
f 4232 4230 4235
f 4232 4226 4230
f 4204 4228 4231
f 4231 4225 4232
f 4225 4227 4226
f 4238 4237 4246
f 4236 4238 4246
f 4235 4230 4229
f 4230 4224 4229
f 4265 4236 4261
f 4224 4236 4265
f 4224 4248 4236
f 4226 4223 4224
f 3413 3425 3416
f 3418 3406 3432
f 3432 3400 3438
f 3438 3447 3439
f 3439 3450 3453
f 3453 3455 3446
f 3456 4816 3444
f 3456 3561 4816
f 3446 3457 3456
f 3456 3559 3561
f 3561 3559 3562
f 3562 3563 4822
f 4822 3545 4821
f 4821 3546 4775
f 4775 4767 4774
f 4201 4202 4203
f 4201 4763 4202
f 4773 4763 4764
f 4763 4773 4772
f 4228 4222 4225
f 4202 4233 4228
f 4222 4234 4227
f 4233 4785 4222
f 4222 4789 4234
f 4772 4770 4233
f 4250 4241 4240
f 4250 4242 4241
f 4248 4239 4238
f 4239 4250 4240
f 4223 4239 4248
f 4243 4245 4239
f 3415 3414 3411
f 3411 3412 3413
f 3413 3420 3425
f 3414 3421 3412
f 3412 3422 3420
f 3395 3382 3421
f 3421 3391 3422
f 3425 3424 3418
f 3424 3401 3406
f 3420 3426 3424
f 3401 3405 3404
f 3401 3407 3405
f 3406 3408 3397
f 3397 3409 3400
f 3406 3404 3408
f 3409 3396 3400
f 3404 3410 3409
f 3409 3410 3396
f 3447 3449 3450
f 3400 3398 3448
f 3398 3399 3451
f 3451 3461 3452
f 3450 3454 3453
f 3453 3454 3455
f 3442 3463 3457
f 3449 3452 3454
f 3452 3464 3442
f 3442 3465 3463
f 3461 3466 3464
f 3456 3558 3559
f 3558 3556 3557
f 3465 3469 3468
f 3468 3564 3556
f 3559 3555 3560
f 3557 3552 3555
f 3555 3551 3554
f 3554 3551 3553
f 3556 3564 3552
f 3552 3550 3551
f 3545 3536 3547
f 3553 3538 3545
f 3536 3535 3537
f 3538 3539 3535
f 3549 3512 3539
f 3547 3537 3546
f 3546 3548 4767
f 3537 3540 3548
f 3540 3542 3541
f 3535 3539 3540
f 3539 3543 3542
f 3548 3541 4767
f 4767 4766 4773
f 3541 3542 3544
f 4766 4765 4770
f 3541 3544 4766
f 4773 4770 4772
f 4785 4779 4789
f 4770 4792 4785
f 4792 4790 4779
f 4765 4784 4792
f 4792 4784 4790
f 4769 4784 4765
f 4788 4787 4673
f 4783 3731 4787
f 4789 4781 4243
f 4781 4786 4245
f 4779 4778 4781
f 4790 4782 4778
f 4778 4783 4786
f 4786 4783 4788
f 4778 4782 4780
f 4780 4783 4778
f 4080 4077 4081
f 3384 3382 3381
f 3390 3391 3382
f 3384 3390 3382
f 4078 4072 4077
f 3386 3390 3384
f 3393 3392 3390
f 4081 4071 4073
f 4077 4072 4071
f 3389 3390 3386
f 3389 3393 3390
f 3370 3392 3393
f 3389 3375 3370
f 3370 3376 3372
f 3369 3373 3375
f 3375 3373 3376
f 4069 3380 3373
f 3391 3353 3426
f 3355 3353 3391
f 3357 3407 3353
f 4076 4070 4072
f 4006 4000 4070
f 3995 3999 4000
f 3372 3355 3392
f 3359 3358 3355
f 4000 3999 4082
f 4070 4082 4069
f 3372 3377 3359
f 3359 3377 3360
f 3376 3380 3377
f 4082 3374 3380
f 3405 3407 3410
f 3410 3402 3396
f 3361 3402 3407
f 3356 3403 3402
f 3361 3356 3402
f 3995 3998 3999
f 4008 4007 3998
f 3363 3361 3357
f 3364 3356 3361
f 4007 3484 3997
f 3360 3363 3358
f 3365 3361 3363
f 3998 3997 3374
f 3484 3487 3486
f 3365 3378 3366
f 3377 3374 3378
f 3997 3486 3379
f 3378 3486 3475
f 3396 3403 3399
f 3399 3403 3461
f 3473 3474 3476
f 3458 3466 3403
f 3362 3458 3403
f 3485 3477 3484
f 3473 3476 3477
f 3476 3478 3479
f 3366 3362 3356
f 3354 3458 3362
f 3477 3479 3487
f 3472 3458 3354
f 3366 3475 3354
f 3354 3480 3472
f 3487 3481 3486
f 3475 3481 3480
f 3464 3462 3465
f 3474 3488 3478
f 3471 3462 3466
f 3478 3495 3482
f 3472 3471 3458
f 3460 3470 3471
f 3460 3467 3470
f 3478 3482 3479
f 3495 3499 3482
f 3472 3480 3460
f 3460 3500 3503
f 3479 3483 3481
f 3480 3483 3500
f 3482 3493 3483
f 3489 3490 3494
f 3610 3623 3622
f 3467 3469 3462
f 3526 3564 3469
f 3488 3494 3495
f 3530 3526 3459
f 3490 3498 3497
f 3622 3633 3498
f 3503 3459 3467
f 3496 3530 3459
f 3495 3497 3499
f 3531 3520 3530
f 3497 3498 3492
f 3503 3501 3496
f 3496 3491 3531
f 3500 3493 3501
f 3501 3492 3491
f 3498 3502 3492
f 3491 3502 3533
f 3613 3612 3623
f 3524 3550 3564
f 3612 3631 3637
f 3626 3634 3631
f 3520 3524 3526
f 3623 3637 3633
f 3529 3524 3520
f 3523 3527 3524
f 3637 3636 3633
f 3631 3627 3636
f 3531 3533 3529
f 3529 3522 3523
f 3533 3502 3522
f 3636 3628 3502
f 3522 3628 3521
f 3528 3512 3550
f 3638 3632 3634
f 3519 3528 3525
f 3519 3509 3528
f 3513 3509 3519
f 3632 3629 3627
f 3532 3513 3519
f 3634 3627 3631
f 3523 3521 3532
f 3532 3515 3514
f 3627 3630 3628
f 3521 3630 3515
f 3543 3534 3542
f 3542 3534 3544
f 3624 3635 3632
f 3567 3565 3635
f 3516 3543 3512
f 3516 3534 3543
f 3632 3635 3629
f 3511 3517 3516
f 3635 3600 3625
f 3513 3518 3509
f 3504 3511 3518
f 3572 3599 3600
f 3514 3506 3504
f 3504 3602 3505
f 3515 3630 3506
f 3625 3603 3630
f 3506 3603 3602
f 3600 3596 3603
f 3575 3595 3598
f 3517 3544 3534
f 3579 3575 3572
f 3575 3598 3599
f 3507 3508 4784
f 4784 4791 4782
f 3510 4791 3508
f 3607 3581 3604
f 3505 3510 3507
f 3582 4791 3510
f 3505 3583 3582
f 3599 3604 3596
f 3602 3604 3583
f 3597 3606 3605
f 3597 3724 3606
f 3724 3723 3606
f 4783 3585 3584
f 3585 4780 4791
f 3585 4783 4780
f 3605 3586 3581
f 3606 3723 3586
f 3588 3587 3585
f 3588 3585 4791
f 3582 3583 3588
f 3583 3581 3590
f 3586 3592 3581
f 3590 3592 3591
f 3593 3717 3738
f 3584 3593 3731
f 3719 3716 3723
f 3594 3716 3717
f 3587 3593 3584
f 3580 3594 3593
f 3591 3580 3587
f 3589 3580 3591
f 3589 3594 3580
f 3580 3593 3587
f 3589 3716 3594
f 3716 3589 3723
f 3594 3717 3593
f 3593 3738 3731
f 3592 3589 3591
f 3589 3592 3586
f 3581 3592 3590
f 3590 3591 3588
f 3583 3590 3588
f 3587 3588 3591
f 3588 4791 3582
f 3723 3589 3586
f 3605 3581 3607
f 3587 3584 3585
f 3606 3586 3605
f 4791 4780 4782
f 3719 3723 3724
f 3597 3605 3595
f 3584 3731 4783
f 3719 3724 3720
f 3720 3724 3597
f 3604 3581 3583
f 3596 3604 3602
f 3599 3596 3600
f 3602 3583 3505
f 3582 3510 3505
f 3607 3604 3599
f 3507 3511 3505
f 3510 3508 3507
f 3605 3607 3598
f 3598 3607 3599
f 3508 4791 4784
f 3507 3517 3511
f 3575 3599 3572
f 3595 3605 3598
f 3517 3507 3544
f 3603 3596 3602
f 3600 3603 3625
f 3630 3603 3506
f 3625 3630 3629
f 3506 3602 3504
f 3515 3506 3514
f 3505 3511 3504
f 3572 3600 3565
f 3504 3518 3514
f 3514 3518 3513
f 3565 3600 3635
f 3635 3625 3629
f 3511 3516 3518
f 3518 3516 3509
f 3579 3572 3565
f 3517 3534 3516
f 3516 3512 3509
f 3567 3635 3624
f 3512 3543 3539
f 3629 3630 3627
f 3628 3630 3521
f 3521 3515 3532
f 3522 3521 3523
f 3514 3513 3532
f 3532 3519 3523
f 3523 3519 3527
f 3632 3627 3634
f 3519 3525 3527
f 3638 3634 3626
f 3528 3550 3525
f 3509 3512 3528
f 3624 3632 3638
f 3550 3512 3549
f 3627 3628 3636
f 3502 3628 3522
f 3636 3502 3633
f 3533 3522 3529
f 3529 3520 3531
f 3631 3636 3637
f 3523 3524 3529
f 3527 3525 3524
f 3626 3631 3612
f 3612 3637 3623
f 3525 3550 3524
f 3524 3564 3526
f 3633 3502 3498
f 3492 3502 3491
f 3493 3492 3501
f 3492 3493 3499
f 3491 3533 3531
f 3501 3491 3496
f 3531 3530 3496
f 3497 3492 3499
f 3496 3459 3503
f 3623 3633 3622
f 3622 3498 3490
f 3490 3497 3494
f 3494 3497 3495
f 3520 3526 3530
f 3526 3469 3459
f 3459 3469 3467
f 3610 3622 3490
f 3489 3494 3488
f 3462 3469 3465
f 3499 3493 3482
f 3483 3493 3500
f 3482 3483 3479
f 3481 3483 3480
f 3500 3501 3503
f 3480 3500 3460
f 3460 3471 3472
f 3503 3467 3460
f 3488 3495 3478
f 3467 3462 3470
f 3470 3462 3471
f 3471 3466 3458
f 3466 3462 3464
f 3479 3481 3487
f 3486 3481 3475
f 3475 3480 3354
f 3477 3487 3484
f 3354 3362 3366
f 3366 3356 3364
f 3476 3479 3477
f 3474 3478 3476
f 3473 3477 3485
f 3362 3403 3356
f 3403 3466 3461
f 3379 3486 3378
f 3997 3379 3374
f 3374 3379 3378
f 3377 3378 3360
f 3378 3475 3366
f 3360 3378 3365
f 3366 3364 3365
f 3484 3486 3997
f 3998 3374 3999
f 3364 3361 3365
f 3365 3363 3360
f 4007 3997 3998
f 3363 3357 3358
f 3485 3484 4007
f 4008 3998 3995
f 3361 3407 3357
f 3402 3403 3396
f 3407 3402 3410
f 3380 3374 3377
f 4082 3380 4069
f 3376 3377 3372
f 3999 3374 4082
f 3360 3358 3359
f 3359 3355 3372
f 3372 3392 3370
f 4000 4082 4070
f 3358 3357 3355
f 3995 4000 4006
f 4006 4070 4076
f 3357 3353 3355
f 3373 3380 3376
f 4069 3373 4071
f 4071 3373 4073
f 3375 3376 3370
f 3369 3375 3389
f 3370 3393 3389
f 4070 4069 4072
f 4072 4069 4071
f 3389 3386 3388
f 4077 4071 4081
f 4076 4072 4078
f 3355 3391 3392
f 3392 3391 3390
f 4778 4786 4781
f 4790 4778 4779
f 4786 4788 4245
f 4781 4245 4243
f 4779 4781 4789
f 4783 4787 4788
f 4788 4242 4245
f 4245 4242 4250
f 4788 4673 4242
f 4784 4769 3507
f 4784 4782 4790
f 4765 4792 4770
f 4792 4779 4785
f 3544 4769 4766
f 4769 3544 3507
f 4766 4769 4765
f 4766 4770 4773
f 3541 4766 4767
f 4767 4773 4774
f 3539 3542 3540
f 3535 3540 3537
f 3540 3541 3548
f 3537 3548 3546
f 3550 3549 3551
f 3549 3539 3538
f 3538 3535 3536
f 3549 3538 3553
f 3551 3549 3553
f 3538 3536 3545
f 3536 3537 3547
f 3553 3545 3563
f 3564 3550 3552
f 3552 3551 3555
f 3556 3552 3557
f 3554 3553 3563
f 3554 3563 3560
f 3555 3554 3560
f 3557 3555 3559
f 3469 3564 3468
f 3465 3468 3463
f 3468 3556 3558
f 3468 3558 3457
f 3463 3468 3457
f 3558 3557 3559
f 3457 3558 3456
f 3464 3465 3442
f 3461 3464 3452
f 3452 3442 3454
f 3442 3457 3455
f 3454 3442 3455
f 3449 3454 3450
f 3399 3461 3451
f 3396 3399 3398
f 3451 3452 3449
f 3451 3449 3448
f 3398 3451 3448
f 3396 3398 3400
f 3448 3449 3447
f 3400 3448 3447
f 3405 3410 3404
f 3404 3409 3408
f 3408 3409 3397
f 3353 3407 3401
f 3426 3353 3401
f 3391 3426 3422
f 3422 3426 3420
f 3426 3401 3424
f 3401 3404 3406
f 3424 3406 3418
f 3420 3424 3425
f 3382 3391 3421
f 3421 3422 3412
f 3395 3421 3414
f 3412 3420 3413
f 3414 3412 3411
f 4245 4250 4239
f 4789 4243 4234
f 4243 4239 4223
f 4234 4243 4223
f 4234 4223 4227
f 4227 4223 4226
f 4239 4240 4238
f 4240 4237 4238
f 4770 4785 4233
f 4785 4789 4222
f 4772 4233 4202
f 4233 4222 4228
f 4222 4227 4225
f 4763 4772 4202
f 4773 4764 4774
f 4201 4203 4192
f 3546 4767 4775
f 3547 3546 4821
f 3545 3547 4821
f 3563 3545 4822
f 4821 4823 4822
f 3560 3563 3562
f 3559 3560 3562
f 4822 4808 3562
f 3455 3457 3446
f 3456 3444 3446
f 3446 3443 3453
f 3453 3443 3439
f 3447 3450 3439
f 3400 3447 3438
f 3397 3400 3432
f 3406 3397 3432
f 3438 3431 3432
f 3425 3418 3416
f 3432 3419 3418
f 4223 4248 4224
f 4226 4224 4230
f 4224 4265 4229
f 4235 4229 4221
f 4248 4238 4236
f 4261 4256 4265
f 4236 4246 4261
f 4202 4228 4204
f 4228 4225 4231
f 4225 4226 4232
f 4204 4231 4199
f 4231 4232 4199
f 4232 4235 4220
f 4203 4202 4206
f 4192 4203 4206
f 4206 4204 4207
f 4207 4204 4195
f 4229 4265 4215
f 4221 4215 4214
f 4215 4266 4209
f 4218 4214 4212
f 4214 4209 4219
f 4265 4255 4251
f 4266 4258 4263
f 4251 4257 4258
f 4199 4220 4216
f 4220 4218 4210
f 4200 4216 4211
f 4216 4210 4213
f 4211 4213 4352
f 4198 4200 4196
f 4196 4211 4356
f 4209 4263 4373
f 4212 4219 4208
f 4219 4373 4378
f 4208 4219 4378
f 4373 4385 4376
f 4378 4373 4376
f 4263 4258 4264
f 4264 4259 4262
f 4213 4217 4345
f 4217 4208 4377
f 4352 4345 4342
f 4345 4377 4380
f 4342 4345 4349
f 4377 4378 4382
f 4356 4352 4344
f 4344 4342 4346
f 4378 4376 4379
f 4376 4372 4375
f 4375 4372 4399
f 4381 4375 4400
f 4372 4321 4323
f 4372 4322 4321
f 4385 4262 4372
f 4372 4262 4322
f 4349 4380 4384
f 4382 4381 4383
f 4380 4382 4384
f 4382 4383 4374
f 4384 4374 4361
f 4383 4390 4374
f 4365 4384 4368
f 4400 4399 4389
f 4399 4323 4397
f 4390 4389 4393
f 4323 4324 4318
f 4323 4319 4324
f 4324 4326 4318
f 4374 4390 4395
f 4361 4374 4364
f 4368 4361 4367
f 4395 4393 4396
f 4367 4364 4362
f 4395 4396 4391
f 4364 4391 4565
f 4358 4368 4357
f 4397 4318 4386
f 4388 4386 4394
f 4386 4320 4392
f 4318 4326 4320
f 4320 4315 4523
f 4396 4388 4391
f 4362 4565 4564
f 4391 4388 4387
f 4391 4387 4556
f 4387 4394 4563
f 4556 4563 4559
f 4564 4556 4551
f 4575 4568 4572
f 4392 4523 4522
f 4392 4522 4553
f 4563 4392 4553
f 4522 4521 4524
f 4553 4524 4557
f 4523 4528 4521
f 4521 4529 4526
f 4526 4529 4535
f 4556 4559 4554
f 4555 4553 4562
f 4551 4554 4560
f 4554 4555 4560
f 4555 4562 4558
f 4552 4560 4590
f 4572 4551 4552
f 4524 4526 4525
f 4562 4557 4561
f 4557 4525 4561
f 4561 4525 4607
f 4525 4546 4548
f 4604 4607 4603
f 4527 4535 4540
f 4527 4540 4546
f 4546 4549 4547
f 4560 4558 4605
f 4558 4561 4606
f 4590 4605 4599
f 4605 4606 4602
f 4595 4590 4591
f 4591 4589 4592
f 4592 4589 4588
f 4548 4547 4550
f 4603 4550 4601
f 4550 4539 4479
f 4601 4550 4477
f 4547 4543 4541
f 4599 4602 4598
f 4602 4603 4600
f 4602 4600 4597
f 4600 4601 4597
f 4597 4482 4476
f 4588 4599 4596
f 4596 4598 4610
f 4610 4597 4609
f 4477 4479 4483
f 4504 4501 4493
f 4484 4481 4487
f 4484 4487 4488
f 4481 4493 4480
f 4487 4481 4480
f 4539 4500 4504
f 4504 4500 4501
f 4597 4476 4462
f 4482 4477 4483
f 4482 4483 4476
f 4462 4476 4485
f 4476 4483 4484
f 4484 4486 4476
f 4476 4486 4485
f 4485 4486 4473
f 4486 4484 4488
f 4463 4462 4465
f 4480 4495 4494
f 4488 4480 4490
f 4495 4496 4491
f 4494 4491 4412
f 4490 4494 4409
f 4495 4502 4496
f 4496 4497 4491
f 4486 4478 4474
f 4473 4486 4474
f 4478 4488 4489
f 4474 4489 4475
f 4489 4490 4408
f 4465 4474 4466
f 4466 4475 4472
f 4409 4412 4413
f 4412 4406 4407
f 4413 4407 4414
f 4407 4404 4405
f 4491 4420 4406
f 4406 4417 4404
f 4475 4408 4410
f 4408 4413 4411
f 4410 4411 4415
f 4411 4414 4415
f 4472 4410 4446
f 3716 3718 3717
f 3718 3716 3721
f 3717 3726 3738
f 3738 3732 3742
f 3718 3727 3726
f 3727 3718 3728
f 3726 3745 3732
f 3601 3597 3595
f 3721 3719 3720
f 3721 3720 3722
f 3722 3601 3608
f 3728 3721 3729
f 3725 3722 3608
f 3725 3608 3573
f 3732 3734 3744
f 3576 3575 3566
f 3608 3595 3578
f 3578 3576 3566
f 4617 4801 4621
f 3573 3578 3568
f 3571 3573 3568
f 4620 4614 4617
f 3574 3568 3570
f 4620 4611 4614
f 3566 3579 3567
f 3568 3566 3569
f 3569 3567 3648
f 4617 4761 4801
f 4761 4748 4749
f 4761 4749 4756
f 4761 4755 4748
f 3570 3569 3577
f 4617 4622 4761
f 3663 3577 3645
f 3653 3638 3649
f 3649 3638 3614
f 3648 3624 3653
f 3648 3653 3646
f 3646 3649 3647
f 4749 4752 4750
f 4749 4750 4759
f 4749 4762 4752
f 3643 3646 3647
f 4762 4753 4752
f 4752 4754 4750
f 4750 4731 4723
f 3614 3626 3615
f 3647 3614 3617
f 3617 3615 3619
f 3619 3615 3609
f 4750 4723 4732
f 4750 4732 4726
f 4732 4721 4733
f 3619 3609 3611
f 4732 4720 4719
f 4722 4725 4720
f 3643 3647 3642
f 4723 4731 4722
f 3610 3490 3489
f 3982 3489 3985
f 3611 3610 3616
f 3616 3489 3982
f 4721 4874 4963
f 4721 4963 4964
f 3620 3616 3992
f 3992 3982 3989
f 4720 4727 4719
f 4719 4873 4874
f 4874 4873 4881
f 3985 3488 3984
f 3984 3474 4018
f 3986 3984 3981
f 3981 3984 3990
f 4963 4965 4971
f 4963 4971 4969
f 4971 4960 4957
f 3989 3985 3986
f 4963 4881 4965
f 4971 4965 4960
f 3989 3986 3991
f 3991 3986 3981
f 4965 4875 4953
f 4018 3473 4015
f 4015 3473 4011
f 4018 4015 4017
f 4017 4015 4021
f 4014 4018 4017
f 4950 4947 4946
f 4950 4946 4951
f 4014 4017 4023
f 4960 4953 4947
f 4947 4945 4946
f 3987 3990 3980
f 3980 4014 4009
f 4947 4955 4945
f 4945 4955 4956
f 4011 3485 3996
f 3996 4008 4005
f 4021 4011 4022
f 4022 3996 4004
f 4946 4932 4940
f 4932 4937 4934
f 4934 4937 4939
f 4023 4021 4019
f 4019 4022 4029
f 4932 4942 4937
f 4009 4023 4019
f 4012 4019 4029
f 4005 3995 4003
f 4003 4006 4076
f 4004 4005 4003
f 4002 4003 4001
f 4939 5027 4935
f 5027 5029 5009
f 4029 4002 4034
f 5027 5022 5029
f 4037 4029 4034
f 4939 5021 5027
f 4036 4034 4064
f 4937 4978 5021
f 4075 4078 4065
f 4065 4077 4059
f 4001 4076 4075
f 4058 4075 4065
f 4054 4065 4059
f 5029 5016 5009
f 4064 4001 4058
f 4063 4065 4054
f 5029 5024 5025
f 4064 4058 4063
f 4062 4064 4063
f 5030 5026 5024
f 3731 3742 4787
f 4242 4676 4241
f 4787 4674 4673
f 4674 4675 4673
f 4673 4675 4676
f 4674 4677 4675
f 4675 4678 4676
f 4676 4680 4249
f 4681 4677 3735
f 4677 4681 4678
f 4678 4679 4671
f 4678 4671 4680
f 4679 4685 4671
f 4621 4801 4794
f 4657 4794 4768
f 4794 4803 4768
f 4617 4613 4620
f 4657 4768 4660
f 4624 4613 4670
f 4670 4657 4658
f 4657 4660 4658
f 4687 4670 4669
f 4669 4658 4662
f 4801 4802 4800
f 4801 4800 4794
f 4756 4799 4802
f 4800 4802 4807
f 4802 4799 4805
f 4794 4807 4803
f 4807 4805 4804
f 4759 4726 4730
f 4759 4730 4795
f 4799 4795 4806
f 4805 4806 4796
f 4806 4795 4797
f 4795 4793 4798
f 4726 4732 4733
f 4733 4721 4729
f 4726 4733 4730
f 4733 4813 4815
f 4730 4815 4793
f 4793 4815 4809
f 4815 4812 4809
f 4729 4964 4813
f 4813 4958 4814
f 4964 4969 4958
f 4958 4966 4968
f 4812 4814 4819
f 4814 4968 4818
f 4968 4966 4959
f 4969 4957 4966
f 4967 4962 4970
f 4966 4970 4959
f 4970 3427 3440
f 4961 4950 4948
f 4961 4948 4962
f 4948 4951 4949
f 4962 4952 3427
f 4952 4949 3441
f 3427 3441 3436
f 4940 4934 4928
f 4940 4928 4931
f 4949 4936 3441
f 4931 4941 4938
f 3441 4936 3430
f 4936 4938 3430
f 4938 4933 4929
f 4934 4935 4928
f 5014 5009 5013
f 4941 5015 4933
f 4933 5015 5004
f 5015 5012 5004
f 5007 5016 5005
f 5007 5005 5010
f 5009 5007 5011
f 5013 5011 5012
f 5010 5006 5008
f 5012 5011 5003
f 5011 5010 5003
f 5010 5008 5002
f 4240 4244 4237
f 4241 4249 4240
f 4240 4249 4244
f 4244 4276 4247
f 4249 4270 4244
f 4244 4270 4276
f 4680 4671 4672
f 4672 4671 4686
f 4686 4656 4659
f 4672 4659 4271
f 4270 4271 4277
f 4671 4685 4686
f 4686 4661 4656
f 4776 4764 4771
f 4201 4771 4763
f 4205 4201 4192
f 4776 4771 4768
f 4771 4201 4205
f 4660 4768 4771
f 4666 4771 4273
f 4659 4666 4273
f 4271 4273 4272
f 4662 4658 4656
f 4774 4776 4775
f 4775 4777 4821
f 4803 4804 4776
f 4804 4796 4777
f 4821 4811 4823
f 4822 4810 4808
f 4797 4798 4810
f 3562 4820 3561
f 4798 4809 4808
f 4809 4819 4820
f 4819 4818 4817
f 4818 4959 4816
f 3446 3445 3443
f 4959 3440 3445
f 3440 3436 3437
f 3443 3437 3439
f 3439 3433 3438
f 3438 3433 3431
f 3436 3435 3434
f 3435 3430 3433
f 3431 3429 3432
f 3432 3428 3419
f 3430 4929 3428
f 3418 3417 3416
f 3419 3428 3417
f 4929 5004 3428
f 5004 5003 3423
f 3411 5001 3415
f 3416 3423 3413
f 3413 3423 3411
f 5003 5002 5001
f 4261 4254 4256
f 4237 4247 4246
f 4246 4247 4254
f 4247 4276 4275
f 4276 4274 4275
f 4275 4274 4279
f 4276 4277 4274
f 4277 4280 4267
f 4267 4278 4281
f 4274 4281 4268
f 4192 4206 4193
f 4273 4194 4269
f 4269 4197 4293
f 4280 4272 4278
f 4272 4269 4278
f 4278 4269 4284
f 4281 4284 4286
f 4257 4260 4258
f 4256 4254 4255
f 4254 4279 4253
f 4279 4282 4294
f 4268 4286 4282
f 4292 4291 4285
f 4282 4285 4295
f 4197 4195 4198
f 4343 4356 4351
f 4290 4198 4343
f 4293 4290 4283
f 4283 4290 4296
f 4284 4283 4291
f 4291 4296 4289
f 4259 4252 4262
f 4252 4308 4262
f 4260 4294 4252
f 4294 4297 4308
f 4308 4297 4310
f 4295 4288 4297
f 4297 4303 4311
f 4297 4311 4310
f 4351 4356 4355
f 4296 4351 4347
f 4347 4355 4353
f 4289 4347 4304
f 4303 4304 4305
f 4262 4306 4322
f 4322 4306 4317
f 4262 4308 4306
f 4306 4301 4317
f 4317 4302 4312
f 4308 4310 4301
f 4301 4298 4302
f 4310 4311 4298
f 4311 4299 4298
f 4298 4299 4309
f 4299 4300 4309
f 4371 4365 4358
f 4348 4346 4350
f 4350 4371 4359
f 4353 4348 4354
f 4354 4350 4340
f 4305 4307 4299
f 4307 4353 4300
f 4300 4354 4341
f 4354 4340 4341
f 4319 4312 4313
f 4313 4312 4326
f 4326 4325 4314
f 4312 4335 4325
f 4325 4328 4316
f 4335 4330 4328
f 4309 4341 4339
f 4302 4309 4336
f 4309 4339 4336
f 4336 4339 4337
f 4336 4337 4330
f 4331 4338 4334
f 4337 4331 4334
f 4359 4358 4360
f 4340 4360 4327
f 4339 4341 4331
f 4331 4327 4338
f 4314 4316 4315
f 4316 4329 4315
f 4315 4329 4530
f 4316 4328 4329
f 4328 4330 4329
f 4329 4333 4532
f 4330 4334 4333
f 4578 4580 4567
f 4333 4567 4534
f 4366 4362 4575
f 4369 4370 4366
f 4363 4366 4573
f 4363 4573 4571
f 4571 4579 4566
f 4338 4332 4334
f 4334 4332 4578
f 4578 4571 4580
f 4580 4566 4569
f 4528 4530 4531
f 4529 4533 4536
f 4530 4532 4531
f 4533 4520 4536
f 4532 4534 4533
f 4533 4511 4520
f 4534 4574 4513
f 4513 4514 4511
f 4572 4552 4577
f 4577 4595 4582
f 4579 4572 4570
f 4570 4577 4582
f 4570 4582 4594
f 4566 4579 4576
f 4576 4570 4594
f 4567 4569 4574
f 4569 4576 4574
f 4574 4576 4514
f 4535 4536 4540
f 4542 4537 4549
f 4536 4537 4540
f 4537 4518 4545
f 4520 4511 4519
f 4506 4508 4519
f 4520 4519 4518
f 4519 4508 4509
f 4509 4510 4517
f 4511 4506 4519
f 4582 4595 4591
f 4582 4591 4586
f 4586 4592 4584
f 4594 4586 4587
f 4508 4587 4510
f 4587 4584 4583
f 4514 4594 4507
f 4549 4545 4543
f 4545 4516 4538
f 4538 4453 4498
f 4518 4517 4516
f 4517 4512 4515
f 4516 4515 4455
f 4515 4512 4455
f 4584 4588 4585
f 4585 4596 4608
f 4584 4585 4581
f 4510 4583 4512
f 4512 4593 4460
f 4544 4538 4500
f 4501 4503 4505
f 4505 4503 4502
f 4500 4498 4503
f 4498 4454 4503
f 4453 4454 4498
f 4455 4460 4456
f 4454 4453 4456
f 4456 4458 4454
f 4456 4449 4458
f 4454 4458 4447
f 4469 4465 4467
f 4608 4609 4464
f 4464 4463 4469
f 4468 4469 4470
f 4470 4467 4461
f 4593 4608 4468
f 4460 4468 4449
f 4502 4492 4497
f 4497 4499 4420
f 4503 4447 4492
f 4492 4447 4499
f 4447 4448 4452
f 4448 4451 4452
f 4467 4465 4466
f 4467 4466 4471
f 4471 4472 4441
f 4461 4471 4450
f 4450 4441 4433
f 4449 4461 4457
f 4457 4461 4450
f 4451 4450 4459
f 4417 4423 4421
f 4420 4418 4419
f 4499 4452 4418
f 4419 4416 4423
f 4452 4427 4418
f 4416 4437 4443
f 4432 4444 4431
f 4441 4446 4432
f 3745 3736 3733
f 3727 3687 3736
f 3687 3727 3686
f 3730 3728 3715
f 3694 3725 3690
f 3734 3737 3743
f 3686 3715 3694
f 3733 3740 3737
f 3689 3694 3691
f 3740 3739 3737
f 3743 3772 3767
f 3688 3686 3689
f 3690 3573 3571
f 3696 3571 3574
f 4611 4625 4614
f 4614 4625 4622
f 3664 3574 3662
f 4618 4624 4702
f 4624 4618 4611
f 4611 4618 4625
f 3691 3690 3698
f 3698 3696 3664
f 4625 4619 4623
f 4755 4751 4760
f 3662 3663 3660
f 4622 4623 4751
f 4760 4757 4753
f 3660 3663 3657
f 3664 3662 3669
f 3669 3662 3660
f 4751 4612 4757
f 3661 3660 3655
f 4623 4615 4612
f 3657 3645 3644
f 4754 4736 4731
f 3639 3644 3654
f 4753 4735 4754
f 4754 4735 4736
f 3639 3654 3651
f 4736 4739 4746
f 3658 3639 3641
f 4757 4734 4735
f 4735 4737 4739
f 4739 4737 4746
f 3654 3643 3652
f 3652 3642 3650
f 4731 4746 4725
f 4725 4746 4724
f 4724 4728 4727
f 3651 3652 3640
f 3640 3650 4088
f 3641 3651 3640
f 4746 4740 4747
f 4747 4883 4728
f 3650 3621 3618
f 3618 3620 3988
f 3988 3992 3994
f 4727 4872 4873
f 4873 4868 4881
f 4881 4869 4877
f 4088 3650 4084
f 4084 3618 4096
f 4096 3988 4087
f 4728 4880 4872
f 4872 4880 4868
f 4868 4879 4869
f 4881 4877 4875
f 3994 3991 3987
f 4875 4829 4944
f 4087 3994 4115
f 4115 3983 4126
f 4877 4869 4878
f 4129 4115 4126
f 4869 4876 4878
f 4878 4834 4829
f 4829 4831 4830
f 4944 4830 4955
f 4955 4824 4954
f 3993 4009 4013
f 4126 3983 3993
f 4123 3993 4013
f 4830 4832 4824
f 4824 4835 4837
f 4012 4029 4024
f 4024 4029 4037
f 4956 4954 4942
f 4016 4019 4012
f 4942 4943 4930
f 4930 4983 4978
f 4013 4009 4016
f 4020 4012 4024
f 4010 4016 4020
f 4026 4024 4033
f 4954 4837 4943
f 4125 4013 4010
f 4027 4020 4026
f 4943 4851 4983
f 4983 4984 4977
f 4035 4034 4036
f 4036 4064 4032
f 4032 4064 4062
f 4978 4977 5021
f 5021 4985 5030
f 5030 5020 5026
f 4025 4033 4038
f 4038 4032 4060
f 4028 4033 4025
f 4977 4986 4985
f 4985 4972 5020
f 5024 5028 5025
f 5026 5019 5028
f 4060 4062 4067
f 4055 4061 4068
f 4060 4067 4055
f 5019 4988 5028
f 5028 4988 4998
f 4038 4060 4042
f 4042 4060 4055
f 5020 4987 5019
f 5019 4987 4988
f 4681 4683 4682
f 4682 4684 4685
f 4683 3768 4684
f 3767 3769 3768
f 3768 3770 4667
f 4701 4669 4663
f 4687 4702 4624
f 4702 4687 4700
f 4700 4687 4701
f 4693 4702 4694
f 4694 4700 4692
f 4692 4701 4688
f 4693 4695 4618
f 4685 4664 4661
f 4661 4664 4662
f 4688 4663 4665
f 4664 4668 4665
f 3736 3759 3739
f 3687 3747 3759
f 3747 3687 3692
f 3759 3748 3754
f 3692 3686 3688
f 3699 3689 3697
f 3739 3756 3741
f 3741 3755 3772
f 3713 3699 3714
f 3714 3697 3706
f 3755 3752 3774
f 3756 3754 3757
f 3697 3691 3695
f 3695 3698 3693
f 4691 4618 4695
f 4618 4691 4619
f 4619 4652 4615
f 3706 3697 3683
f 3683 3695 3685
f 4689 4691 4697
f 4691 4655 4652
f 3709 3706 3678
f 3678 3683 3679
f 4652 4653 4647
f 3693 3664 3656
f 3656 3669 3661
f 4612 4616 4734
f 3685 3693 3656
f 3656 3661 3666
f 3666 3661 3659
f 4615 4643 4616
f 3681 3656 3668
f 4643 4647 4654
f 4654 4649 4742
f 3679 3680 3670
f 3670 3681 3684
f 3684 3668 3673
f 3665 3658 3938
f 4734 4742 4741
f 4741 4742 4744
f 3668 3659 3667
f 3667 3659 3665
f 4745 4738 4743
f 3947 3665 3944
f 4742 4635 4744
f 4744 4636 4738
f 3673 3667 3949
f 3949 3947 3939
f 3939 3947 3943
f 3948 3640 4093
f 4737 4743 4740
f 4883 4886 4880
f 3938 3641 3948
f 4740 4743 4884
f 3937 3948 3936
f 4884 4885 4886
f 3944 3937 3950
f 3950 3937 3936
f 4743 4889 4885
f 3943 3944 3950
f 4885 4890 4894
f 4093 4088 4090
f 4090 4084 4097
f 4097 4096 4098
f 4880 4870 4879
f 4879 4870 4871
f 4083 4097 4098
f 4886 4894 4887
f 4887 4888 4870
f 4085 4093 4089
f 4094 4090 4083
f 4870 4897 4882
f 4095 4083 4091
f 4894 4895 4888
f 4888 4895 4897
f 4098 4087 4129
f 4876 4871 4834
f 4127 4129 4117
f 4834 4838 4831
f 4831 4838 4836
f 4871 4882 4838
f 4838 4828 4836
f 4091 4098 4110
f 4110 4127 4114
f 4114 4127 4121
f 4882 4925 4827
f 4123 4013 4125
f 4832 4836 4835
f 4835 4833 4837
f 4121 4117 4120
f 4120 4123 4122
f 4836 4826 4833
f 4833 4840 4852
f 4114 4121 4116
f 4826 4850 4840
f 4840 4843 4844
f 4837 4825 4851
f 4124 4027 4030
f 4825 4852 4851
f 4851 4839 4984
f 4984 4839 4981
f 4119 4124 4118
f 4118 4124 4137
f 4137 4030 4136
f 4839 4846 4981
f 4128 4119 4118
f 4852 4844 4839
f 4102 4118 4138
f 4138 4137 4141
f 4846 4867 4982
f 4030 4028 4031
f 4031 4038 4043
f 4986 4975 4972
f 4972 4975 4987
f 4987 4994 4992
f 4135 4031 4049
f 4981 4982 4975
f 4141 4136 4135
f 4975 4980 4994
f 4143 4049 4051
f 4982 4979 4980
f 4048 4055 4050
f 4987 4992 4988
f 4043 4042 4048
f 4990 4993 4997
f 4049 4043 4052
f 4052 4048 4039
f 4039 4048 4044
f 4992 4999 4995
f 4995 4996 4993
f 4051 4052 4039
f 4993 4989 5000
f 4158 4039 4041
f 4996 4991 4989
f 3769 3771 3770
f 3769 3773 3771
f 3769 3774 3773
f 3771 3764 3770
f 3770 3764 4704
f 3771 3773 3764
f 3773 3762 3764
f 3774 3760 3766
f 3762 3763 3764
f 3764 3763 4710
f 4697 4693 4698
f 4698 4694 4696
f 4717 4696 4705
f 4690 4697 4699
f 4699 4698 4717
f 4718 4699 4708
f 4708 4717 4713
f 4667 4704 4668
f 4705 4688 4715
f 4668 4704 4715
f 4704 4707 4715
f 4713 4705 4711
f 4707 4714 4711
f 3747 3750 3748
f 3750 3747 3701
f 3748 3751 3758
f 3751 3746 3753
f 3700 3713 3712
f 3712 3714 3709
f 3754 3758 3757
f 3702 3701 3700
f 3708 3712 3710
f 3752 6033 3760
f 3703 3700 3708
f 3758 3753 3749
f 6055 3702 3703
f 3704 3708 3705
f 4655 4645 4653
f 3710 3709 3711
f 3711 3678 3671
f 4645 4655 4706
f 4653 4651 4646
f 4651 4650 4646
f 4645 4642 4651
f 4651 4642 4650
f 3705 3710 3707
f 3707 3711 3952
f 3670 3684 3674
f 3674 3684 3673
f 4647 4646 4649
f 4649 4648 4637
f 3671 3677 3672
f 3676 3672 3682
f 3682 3674 3675
f 4646 4650 4648
f 4648 4634 4637
f 3952 3676 3951
f 3951 3682 3965
f 3965 3682 3960
f 4650 4641 4634
f 4634 4629 4627
f 4635 4639 4636
f 4636 4640 4738
f 3674 3673 3675
f 3675 3949 3940
f 3961 3940 3945
f 4637 4627 4639
f 4639 4626 4640
f 4640 4893 4891
f 3960 3675 3961
f 4627 4630 4626
f 3943 3950 3942
f 3942 3950 3932
f 4738 4891 4889
f 4889 4891 4890
f 4890 4892 4895
f 3946 3943 3941
f 3941 3943 3942
f 3945 3939 3946
f 3941 3942 3935
f 4891 4893 4892
f 4892 4899 4912
f 3969 3945 3968
f 3968 3946 3967
f 3967 3941 3928
f 4893 4898 4899
f 4899 4901 4912
f 3932 4085 3933
f 3933 4094 3934
f 3934 4095 4086
f 4895 4896 4897
f 4897 4918 4925
f 4895 4912 4896
f 3935 3932 3922
f 3923 3934 3926
f 4896 4902 4918
f 4918 4902 4927
f 3928 3935 3930
f 3930 3922 3931
f 3931 3923 3926
f 4912 4901 4902
f 4902 4908 4913
f 4086 4091 4092
f 4092 4091 4109
f 4925 4927 4922
f 4827 4922 4828
f 4828 4924 4850
f 4111 4109 4107
f 4922 4917 4924
f 3926 4092 4111
f 4927 4913 4917
f 3882 4111 4100
f 4913 4915 4917
f 4917 4914 4924
f 4924 4916 4841
f 4107 4116 4106
f 4106 4128 4102
f 4850 4848 4843
f 4843 4849 4844
f 4105 4107 4104
f 4104 4106 4099
f 4848 4841 4849
f 4849 4845 4847
f 4100 4105 4101
f 4101 4104 4108
f 4841 4856 4845
f 4845 4855 4862
f 4140 4138 4144
f 4844 4847 4842
f 4842 4857 4867
f 4099 4102 4103
f 4103 4138 4140
f 4867 4859 4864
f 4191 4140 4130
f 4847 4862 4857
f 4108 4103 4191
f 4179 4191 4178
f 4862 4866 4858
f 4858 4865 4859
f 4859 5318 5303
f 4980 4974 4999
f 4144 4141 4142
f 4979 4973 4980
f 4980 4976 4974
f 4144 4142 4131
f 4131 4143 4132
f 4130 4144 4131
f 4864 5303 4973
f 4973 5313 4976
f 4178 4130 4139
f 4139 4131 4134
f 5303 5304 5313
f 4999 4974 4991
f 4132 4051 4160
f 4160 4158 4157
f 4157 4158 4154
f 4974 4976 4991
f 4991 5308 2904
f 4133 4160 4155
f 4155 4157 4147
f 4134 4133 4150
f 4150 4155 4146
f 4146 4147 4148
f 5313 5311 5307
f 5307 5310 5308
f 3766 3765 3762
f 3762 3765 3763
f 3766 3761 3765
f 3765 6044 3763
f 3763 6044 6046
f 3765 6043 6044
f 6044 6050 6047
f 4703 4718 4708
f 4706 4718 4703
f 4703 4708 4716
f 5040 4706 4709
f 4709 4703 4716
f 5041 4709 4716
f 4710 6046 4714
f 6046 6047 6041
f 4716 4713 4712
f 4714 6041 4712
f 3750 6064 3746
f 6064 3750 6055
f 3746 6073 6072
f 6072 6077 6074
f 6073 6080 6077
f 6031 6032 6033
f 6033 6032 6043
f 6060 3703 3704
f 3753 6072 6071
f 6065 6055 6060
f 6054 3704 5919
f 6072 6074 6071
f 6071 6075 6032
f 6032 6075 6024
f 6056 6060 6057
f 6057 6054 5919
f 6075 6076 6024
f 6024 6037 6027
f 5045 4645 5040
f 4645 5045 4642
f 4642 5031 4644
f 5919 3705 5926
f 5926 3707 3964
f 4644 5068 4641
f 5042 5045 5036
f 5045 5042 5031
f 5918 5926 5927
f 5031 5072 5068
f 3964 3952 3963
f 3963 3965 3962
f 3962 3965 3958
f 4641 4633 4629
f 4629 4633 4628
f 5927 3964 3957
f 4633 5067 5119
f 3955 3962 3953
f 3959 3961 3969
f 4626 4631 4898
f 3958 3959 3970
f 3970 3969 3966
f 4628 4632 4630
f 4630 4638 4631
f 4631 4903 4898
f 3953 3958 3956
f 4632 5119 4638
f 3966 3967 3976
f 3976 3967 3929
f 4898 4910 4911
f 4911 4910 4901
f 3973 3966 3975
f 3975 3966 3976
f 4910 4904 4907
f 3929 3928 3925
f 3925 3930 3924
f 3924 3931 3890
f 4901 4907 4909
f 4909 4906 4908
f 4908 4906 4915
f 3886 3924 3890
f 4907 4900 4906
f 4906 4921 4919
f 3979 3929 3927
f 3890 3926 3882
f 4914 4920 4916
f 3884 3882 3879
f 4915 4919 4920
f 4916 4860 4856
f 3888 3884 3880
f 3880 3879 3885
f 4919 4926 4920
f 4920 4923 4860
f 3881 3890 3888
f 3878 3880 3885
f 4113 4101 4112
f 4112 4108 4182
f 3879 4100 4113
f 4856 4853 4855
f 4855 4854 4866
f 3885 4113 3849
f 3849 4112 4185
f 4853 4861 4854
f 4854 5342 5344
f 4182 4108 4176
f 4176 4191 4177
f 4177 4191 4179
f 4177 4179 4188
f 4866 4863 4865
f 4865 5306 5318
f 4185 4182 4183
f 4183 4176 4184
f 4184 4177 4180
f 4863 5344 5306
f 5306 5305 5317
f 5306 5341 5305
f 4188 4178 4187
f 4187 4139 4165
f 5318 5317 5316
f 5304 5312 5311
f 4180 4188 4181
f 5317 5309 5316
f 5316 5309 5312
f 4165 4134 4156
f 4156 4146 4153
f 5311 5312 5310
f 5310 5314 5315
f 5312 5302 5314
f 5315 5296 2873
f 4172 4165 4167
f 4167 4153 4173
f 6043 6038 6040
f 6043 6029 6038
f 6040 6038 6050
f 6032 6024 6029
f 6038 6029 6050
f 6050 6030 6047
f 6024 6027 6029
f 6029 6035 6030
f 5036 5040 5044
f 5043 5041 5034
f 5037 5036 5043
f 5039 5043 5038
f 5038 5043 5033
f 6047 6051 6052
f 5034 4716 6045
f 6042 6052 6039
f 5033 5034 6039
f 6064 6063 6073
f 6063 6059 6080
f 6059 6063 6058
f 6080 6081 6078
f 6074 6077 6075
f 6053 6056 6062
f 6062 6057 5921
f 6058 6063 6053
f 6076 6079 6037
f 6077 6078 6079
f 6067 6062 5925
f 6078 6068 6079
f 6079 6069 6037
f 5921 5919 5923
f 5923 5918 5932
f 5065 5042 5035
f 5042 5065 5072
f 5072 5073 5062
f 5928 5923 5931
f 5073 5064 5062
f 5925 5921 5928
f 5922 5928 5930
f 5065 5063 5064
f 5068 5062 5067
f 5067 5117 5119
f 5932 5927 5929
f 5931 5932 5929
f 5958 3955 5959
f 5062 5074 5117
f 5117 5112 5105
f 5930 5931 5920
f 5920 5929 5949
f 5949 5958 5957
f 3956 3970 3977
f 3977 3970 3973
f 5119 5106 4638
f 4638 5130 4903
f 4903 5130 4905
f 3955 3953 3954
f 3954 3956 3977
f 5959 3954 3971
f 5105 5118 5106
f 5106 5126 5130
f 5130 5131 5134
f 5957 5959 5954
f 5954 3971 3974
f 5131 5125 5129
f 4905 5134 4904
f 4904 5133 4900
f 3977 3973 3972
f 3972 3975 3979
f 3978 3979 3918
f 5134 5129 5132
f 5133 5127 5120
f 3974 3972 3978
f 3914 3978 3909
f 4900 5120 4921
f 4921 5101 4926
f 4926 5093 4923
f 3918 3979 3889
f 3889 3886 3887
f 5101 5100 5093
f 3883 3887 3892
f 5120 5098 5101
f 5101 5099 5100
f 3917 3889 3883
f 3909 3918 3917
f 3917 3883 3919
f 3919 3883 3921
f 5100 5099 5091
f 4923 5322 4860
f 4860 5322 4861
f 5322 5330 5326
f 3891 3878 3865
f 5093 5091 5322
f 5322 5325 5330
f 3921 3892 3891
f 3913 3891 3865
f 4861 5326 5342
f 3875 3885 3861
f 3861 3849 3852
f 3852 3849 3854
f 5342 5336 5340
f 3865 3875 3872
f 3872 3875 3861
f 5326 5321 5336
f 3861 3852 3858
f 3874 3861 3860
f 3860 3858 3856
f 5330 5320 5321
f 5336 5328 5345
f 5344 5340 5341
f 5341 5334 5305
f 3854 4185 4190
f 4190 4184 4189
f 3858 3854 3853
f 3853 4190 4189
f 5340 5345 5343
f 5335 5347 5334
f 5334 5347 5289
f 3856 3858 3857
f 3857 3853 3862
f 3862 3853 3850
f 5305 5338 5309
f 5309 5290 5302
f 4189 4180 4186
f 5338 5289 5290
f 5290 5293 5292
f 3850 4189 3839
f 5289 5295 5288
f 5288 5295 5293
f 5302 5292 5299
f 4166 4167 4162
f 4162 4167 4173
f 5299 5291 5296
f 4171 4166 4168
f 4168 4166 4162
f 5292 5294 5291
f 3838 4171 4168
f 5291 5287 2871
f 2871 5287 2872
f 6027 6034 6035
f 6034 6026 6036
f 6034 6025 6026
f 6037 6028 6025
f 6025 5996 6026
f 6026 5996 6001
f 6001 6000 5998
f 5037 5035 5042
f 5035 5037 5039
f 5047 5038 5060
f 5060 5038 5032
f 5057 5035 5047
f 5050 5047 5046
f 5046 5060 5055
f 5049 5057 5051
f 5051 5047 5050
f 5995 6004 6006
f 5032 5033 6048
f 6049 6006 6048
f 5055 5032 6006
f 4405 4428 4422
f 4401 4405 4403
f 4403 4422 4429
f 4404 4421 4428
f 4428 4424 4429
f 4415 4414 4402
f 4444 4402 4440
f 4403 4440 4402
f 4434 4444 4439
f 4429 4430 4440
f 4428 4425 4424
f 4421 4425 4428
f 4425 4426 4424
f 4424 4426 4430
f 4423 4438 4426
f 4431 4434 4445
f 4442 4431 4445
f 4443 4436 4438
f 4438 4436 4435
f 4436 4445 4435
f 3371 3373 3369
f 4073 3371 4074
f 4074 3371 3368
f 3368 3371 3367
f 196 3368 1905
f 3367 3369 3387
f 1905 3367 1913
f 3387 3385 1913
f 4079 4073 4074
f 111 3368 118
f 3388 3386 3387
f 3387 3386 3385
f 4081 4073 4079
f 4079 4074 111
f 3385 3383 3394
f 3386 3384 3385
f 4080 4079 113
f 113 111 116
f 3384 3381 3383
f 1901 3381 1903
f 198 196 1912
f 1912 1905 1914
f 1929 1912 1907
f 118 201 207
f 207 201 197
f 1913 1900 1914
f 1914 1909 1907
f 1900 1908 1909
f 1909 1908 1906
f 116 118 112
f 112 207 195
f 1900 1901 1908
f 117 116 112
f 1925 198 1929
f 198 1925 200
f 1995 1925 1926
f 200 1995 208
f 1926 1929 1928
f 1907 1927 1928
f 202 200 203
f 203 200 205
f 1927 1924 1928
f 199 197 202
f 1906 1911 1924
f 199 202 194
f 194 203 204
f 1908 1910 1911
f 1924 1920 1918
f 149 195 199
f 1920 1910 1896
f 208 1995 1992
f 1991 1995 2005
f 1992 1991 1998
f 1993 1926 1915
f 2005 1993 2003
f 1915 1917 2003
f 1928 1916 1915
f 206 208 193
f 193 1992 2001
f 1916 1918 1917
f 1917 1919 1994
f 204 205 206
f 192 193 190
f 1918 1921 1919
f 204 206 192
f 1998 1991 1999
f 1999 1991 2004
f 2004 2005 2003
f 1997 2004 2002
f 2002 2023 2033
f 1998 1999 2000
f 2000 1999 1785
f 2001 1998 2000
f 2003 1994 2002
f 2002 1996 2023
f 2023 2010 2030
f 190 2000 181
f 1996 2017 2010
f 1919 1923 1996
f 188 181 183
f 2017 1923 2009
f 2028 1999 2032
f 1785 2028 1786
f 2032 1997 2033
f 2027 2032 2031
f 2031 2029 2025
f 2030 2035 2031
f 2031 2035 2029
f 2029 2036 2025
f 2030 2010 2035
f 2035 2013 2029
f 181 1792 1794
f 1794 1793 1790
f 1790 1788 1784
f 2010 2014 2013
f 2013 2018 2036
f 183 181 180
f 1781 2028 2026
f 1786 1781 1787
f 1787 1781 1782
f 1805 1781 1808
f 2026 2027 2025
f 1808 2026 2024
f 1791 1787 1782
f 2025 2021 2024
f 1788 1786 1789
f 1789 1787 1791
f 1784 1788 1783
f 1783 1791 1818
f 2036 2034 2021
f 2022 2092 1715
f 2092 2034 2096
f 1782 1805 1809
f 1804 1805 1806
f 1809 1804 1799
f 1806 1808 1717
f 1712 1806 1717
f 1780 1782 1809
f 1717 1716 1707
f 1791 1782 1780
f 1780 1809 1795
f 1707 1721 1711
f 1818 1780 1823
f 1823 1795 1803
f 1714 1713 1721
f 1715 1713 1714
f 1801 1804 1696
f 1777 1801 1693
f 1696 1712 1711
f 1693 1696 1704
f 1802 1801 1772
f 1711 1709 1704
f 1710 1708 1709
f 1709 1699 1700
f 1721 1720 1708
f 1708 1702 1699
f 1803 1807 1797
f 1699 1702 1705
f 1769 1777 1703
f 1773 1769 1768
f 1703 1693 1698
f 1704 1697 1698
f 1772 1777 1771
f 1704 1700 1697
f 1771 1773 1767
f 1697 1700 1694
f 1685 1697 1694
f 1677 1685 1684
f 1683 1677 1684
f 1700 1699 1694
f 1797 1772 1770
f 1770 1771 1774
f 1774 1767 1776
f 1699 1705 1694
f 1849 1770 1774
f 1764 1769 1752
f 1755 1764 1765
f 1755 1765 1757
f 1752 1703 1698
f 1765 1752 1742
f 1757 1765 1743
f 1698 1745 1742
f 1764 1755 1756
f 1760 1764 1756
f 1756 1755 1761
f 1745 1741 1742
f 1767 1768 1779
f 1776 1779 1766
f 1751 1741 1733
f 1766 1760 1753
f 1753 1756 1759
f 1761 1755 1757
f 1754 1757 1749
f 1759 1761 1754
f 3381 3382 3395
f 1903 1987 1980
f 1990 3414 1981
f 1985 1990 1981
f 1980 1985 1984
f 1901 1903 1904
f 1902 1901 1904
f 1902 1904 1897
f 1886 1902 1897
f 1904 1903 1980
f 1897 1904 1988
f 1988 1980 1989
f 1899 1988 1982
f 1896 1886 1898
f 1889 1896 1890
f 1898 1897 1899
f 1890 1898 1892
f 1892 1899 1888
f 1921 1920 1889
f 1922 1921 1889
f 1923 1922 1885
f 1885 1889 1891
f 1889 1890 1893
f 1891 1893 1887
f 1893 1892 1895
f 1887 1893 1895
f 2012 1887 1947
f 2017 2009 2011
f 2014 2017 2008
f 2009 1885 2012
f 2011 2009 2012
f 2008 2011 2007
f 2011 2012 2007
f 2007 2012 2047
f 2016 2007 2047
f 2018 2014 2008
f 2019 2008 2006
f 2019 2006 2020
f 2015 2007 2016
f 2006 2016 2048
f 2020 2006 2042
f 2096 2019 2089
f 2082 2084 2085
f 2089 2020 2042
f 2084 2089 2095
f 2085 2084 2095
f 2083 2082 2086
f 2072 2086 2073
f 2086 2085 2094
f 2073 2086 2093
f 2071 2073 2076
f 1702 1720 1718
f 1706 2072 2070
f 1695 2070 2077
f 2070 2071 2078
f 1685 1694 1680
f 1684 1680 1681
f 1690 1681 1679
f 1681 1680 1678
f 1680 1701 1689
f 1701 2077 1689
f 1694 1692 1695
f 1722 1733 1741
f 1733 1722 1735
f 1722 1690 1727
f 1735 1727 1725
f 1725 1727 1734
f 1736 1725 1734
f 1723 1733 1724
f 1724 1735 1728
f 1728 1725 1736
f 1981 1976 1983
f 1989 1984 1977
f 1982 1989 1978
f 1888 1982 1963
f 1894 1888 1953
f 1895 1894 1946
f 1887 1895 1946
f 1953 1948 1946
f 1947 1950 2049
f 2049 2044 2047
f 2048 2047 2039
f 2042 2048 2038
f 2047 2046 2039
f 2095 2042 2038
f 2094 2095 2088
f 2038 2041 2043
f 2088 2091 2093
f 2077 2078 2074
f 1686 1688 1687
f 1689 2433 2432
f 1676 1687 2416
f 1682 2432 2415
f 1687 1682 2411
f 2416 2411 2418
f 2434 2438 2435
f 2074 2427 2433
f 2433 2427 2434
f 2434 2428 2438
f 1679 1686 1676
f 1727 1679 1691
f 1734 1691 2513
f 1691 2416 2419
f 2513 2419 2483
f 2509 2513 2483
f 1736 1734 1726
f 2504 2513 2509
f 2415 2432 2422
f 2411 2415 2424
f 2432 2435 2422
f 2411 2424 2425
f 2418 2425 2414
f 2425 2424 2426
f 2424 2422 2420
f 2422 2444 2454
f 2414 2426 2423
f 2420 2454 2412
f 2426 2420 2412
f 2444 2449 2448
f 2419 2418 2413
f 2483 2413 2485
f 2414 2423 2421
f 2413 2421 2469
f 2471 2484 2477
f 2454 2448 2456
f 2423 2412 2417
f 2412 2456 2455
f 2417 2455 2468
f 2455 2453 2443
f 2468 2455 2461
f 2470 2468 2467
f 2448 2451 2456
f 2456 2450 2453
f 2485 2469 2457
f 2421 2417 2470
f 2469 2470 2459
f 2478 2457 2462
f 2477 2485 2479
f 2453 2371 2369
f 2466 2467 2458
f 2443 2369 2370
f 2461 2443 2310
f 2458 2461 2306
f 2310 2370 2318
f 2371 2372 2369
f 2369 2373 2378
f 2371 2374 2372
f 2459 2466 2465
f 2465 2458 2460
f 2458 2306 2317
f 2462 2459 2463
f 2463 2465 2348
f 2348 2465 2347
f 2370 2378 2377
f 2306 2318 2305
f 2318 2377 2311
f 2317 2305 2312
f 2377 2379 2404
f 2305 2311 2314
f 2311 2404 2314
f 2312 2314 2313
f 2378 2380 2379
f 2379 2368 2406
f 2380 2366 2368
f 2460 2317 2337
f 2347 2337 2346
f 2337 2312 2319
f 2346 2337 2327
f 2341 2346 2345
f 2404 2406 2405
f 2313 2314 2316
f 2314 2405 2315
f 2316 2315 2307
f 2308 2316 2307
f 2405 2397 2400
f 2315 2400 2304
f 2307 2315 2304
f 2406 2399 2407
f 2407 2398 2402
f 2313 2316 2308
f 2327 2319 2330
f 2308 2307 2309
f 2319 2308 2330
f 2330 2309 2154
f 2333 2330 2323
f 2333 2323 2320
f 2397 2403 2409
f 2400 2397 2401
f 2309 2304 2158
f 2304 2401 2168
f 2401 2409 2160
f 2160 2409 2142
f 2168 2160 2159
f 2156 2168 2159
f 2155 2159 2169
f 2160 2142 2163
f 2159 2160 2163
f 2409 2396 2142
f 2142 2150 2144
f 2402 2410 2403
f 2403 2410 2396
f 2154 2155 2165
f 2323 2154 2130
f 2320 2323 2322
f 2322 2130 2136
f 2136 2138 2125
f 2159 2163 2162
f 2169 2159 2162
f 2162 2163 2164
f 2163 2144 2143
f 2164 2143 2161
f 2166 2164 2161
f 2144 2151 2145
f 2145 2151 2146
f 2130 2165 2129
f 2165 2169 2167
f 2169 2166 2167
f 2129 2167 2139
f 2167 2166 2157
f 2166 2161 2157
f 2139 2167 2192
f 2135 2139 2134
f 2125 2129 2127
f 2146 2176 2184
f 2157 2200 2199
f 2184 2179 2181
f 2200 2189 2188
f 2146 2148 2176
f 2176 2177 2179
f 2176 2171 2177
f 2192 2167 2157
f 2192 2199 2191
f 2191 2195 2193
f 2134 2192 2191
f 2132 2191 2197
f 2181 2178 2180
f 2186 2180 2190
f 2180 2178 2170
f 2170 2175 2289
f 2190 2170 2300
f 2179 2185 2178
f 2178 2183 2175
f 2195 2188 2187
f 2195 2187 2194
f 2187 2190 2194
f 2197 2193 2198
f 2300 2289 2288
f 2288 2293 2299
f 2284 2275 2289
f 2289 2275 2296
f 2288 2296 2295
f 2175 2281 2284
f 2298 2299 2297
f 2196 2298 2270
f 2297 2293 2291
f 2270 2291 2264
f 2261 2270 2265
f 2296 2282 2294
f 2293 2295 2292
f 2295 2294 2290
f 2292 2295 2290
f 2282 2285 2286
f 2294 2286 2301
f 2290 2294 2301
f 2303 2301 2210
f 2282 2273 2285
f 2291 2303 2302
f 2264 2291 2272
f 2301 2243 2233
f 2210 2233 2208
f 2233 2234 2235
f 2286 2241 2243
f 2243 2237 2234
f 2272 2214 2201
f 2214 2210 2207
f 2214 2207 2212
f 2212 2207 2209
f 2201 2212 2202
f 4059 4080 113
f 4054 4059 4056
f 4056 4059 109
f 5016 5017 5018
f 5016 5018 5005
f 5018 2897 1972
f 119 109 114
f 5018 2900 2897
f 4057 4056 119
f 119 114 115
f 5017 5023 5018
f 2897 2889 2896
f 110 112 106
f 109 117 107
f 107 110 106
f 2897 2896 2895
f 2897 2895 1966
f 114 108 131
f 131 108 107
f 125 106 132
f 2895 2902 2894
f 2896 2898 2895
f 130 125 132
f 149 199 150
f 150 194 154
f 156 149 152
f 152 150 155
f 2903 2894 2893
f 2893 2886 1932
f 1932 2886 1937
f 132 156 167
f 167 156 165
f 165 152 163
f 2894 2891 2893
f 2893 2891 2886
f 2886 2876 2879
f 154 204 191
f 191 192 187
f 155 154 157
f 157 191 187
f 2760 2762 2759
f 163 155 159
f 159 157 161
f 2886 2879 1937
f 1937 2878 2762
f 2762 2764 2765
f 177 163 179
f 179 163 153
f 153 159 161
f 2762 2878 2764
f 187 190 189
f 189 190 188
f 182 188 186
f 186 183 185
f 2759 2765 2758
f 161 187 182
f 160 182 12
f 2765 2766 2754
f 184 1790 1784
f 185 180 184
f 5 184 4
f 4 184 3
f 2758 2761 2755
f 2758 2755 2057
f 2755 2761 3077
f 2755 3077 2064
f 186 185 11
f 2768 2740 2761
f 2761 3070 3077
f 12 186 11
f 10 4 3
f 2740 2743 2741
f 22 1783 1814
f 3 1784 22
f 21 22 18
f 3077 3059 2065
f 3077 3085 3078
f 27 21 18
f 19 18 1815
f 3078 3079 3058
f 10 3 21
f 27 18 19
f 3070 3084 3085
f 1814 1818 1819
f 1819 1823 1822
f 1820 1814 1819
f 1819 1822 1812
f 1810 1819 1812
f 3059 3058 3057
f 3057 3056 3061
f 3056 3044 3050
f 1815 1820 1810
f 1816 1810 1817
f 3058 3055 3057
f 3057 3055 3056
f 3056 3063 3044
f 19 1815 1811
f 1813 1803 1798
f 1812 1822 1813
f 1796 1798 1800
f 3044 3045 3047
f 3044 3047 3051
f 1821 1813 1796
f 1817 1812 1821
f 3044 3063 3045
f 1798 1797 1849
f 1840 1849 1855
f 1855 1849 1847
f 1847 1774 1775
f 1800 1798 1840
f 1836 1800 1840
f 1842 1855 1853
f 3043 3114 3093
f 3093 3114 3088
f 3088 3101 3095
f 1778 1776 1766
f 1775 1778 1766
f 1739 1751 1723
f 1846 1753 1758
f 1739 1723 1732
f 1751 1739 1747
f 1847 1775 1846
f 1853 1847 1846
f 1748 1739 1738
f 1848 1846 1852
f 1739 1748 1740
f 1762 1754 1747
f 1758 1759 1762
f 1763 1762 1740
f 1852 1758 1763
f 1972 1970 1969
f 5005 1974 5006
f 5006 1974 1973
f 1973 1974 1967
f 1974 1969 1975
f 1972 1966 1970
f 1966 2903 1971
f 1971 2903 1931
f 1971 1931 1941
f 1970 1941 1968
f 1969 1968 1975
f 1968 1939 1962
f 1931 1932 1940
f 1932 1933 1942
f 1942 1935 1930
f 1941 1940 1939
f 1940 1930 1938
f 1939 1938 1962
f 1938 1943 1944
f 1933 1937 1934
f 1934 2760 2759
f 1934 2759 1958
f 1933 1934 1936
f 1934 1958 1936
f 1936 1958 1951
f 1930 1935 1943
f 1935 1936 1949
f 1936 1951 1949
f 1951 1960 1957
f 2759 2053 2063
f 1958 2063 1960
f 2063 2059 2054
f 1960 2054 1956
f 2053 2758 2057
f 2057 2755 2064
f 2053 2057 2059
f 2057 2055 2061
f 2054 2060 2058
f 2060 2061 2058
f 2061 2062 2066
f 2064 2065 2055
f 2065 3059 3066
f 2055 2065 2056
f 2065 3065 2051
f 2055 2056 2062
f 2056 2051 2052
f 2051 3065 3069
f 3066 3059 3062
f 3066 3062 3064
f 3061 3050 3041
f 3064 3041 3046
f 3065 3064 3069
f 3064 3046 2090
f 3046 3049 3038
f 3051 3047 3042
f 3050 3051 3041
f 3041 3051 3049
f 3048 3052 3040
f 3049 3040 3039
f 3042 3053 3052
f 3052 3092 2068
f 3092 2429 2068
f 3053 3094 3092
f 3093 3088 3095
f 3093 3095 3094
f 3095 3101 3096
f 3101 3100 3096
f 3094 3098 2431
f 3098 3086 3089
f 3096 3100 3086
f 1732 1724 1730
f 1730 1728 1731
f 1730 1731 1729
f 1738 1732 1744
f 1744 1730 2510
f 1737 1738 1744
f 1737 1744 2505
f 2505 2510 2506
f 1737 2948 1750
f 2948 1737 2954
f 2954 2959 2950
f 1981 1979 1976
f 1976 1986 1983
f 1983 1986 1977
f 1976 1979 1986
f 5008 1967 1979
f 1967 1975 1986
f 1977 1965 1978
f 1975 1962 1965
f 1963 1961 1953
f 1953 1952 1948
f 1962 1945 1961
f 1945 1944 1952
f 1946 1959 1954
f 1944 1949 1955
f 1949 1957 1959
f 2044 2040 2046
f 1957 1956 1954
f 1956 2054 2040
f 2054 2058 2040
f 2039 2045 2038
f 2038 2045 2041
f 2058 2066 2045
f 2066 2052 2037
f 2043 2050 2088
f 2088 2050 2087
f 2052 3069 2050
f 2087 2090 2091
f 3038 3039 2081
f 2078 2067 2074
f 2079 2075 2080
f 2080 2075 2067
f 3039 3040 2075
f 3040 2068 2075
f 2074 2069 2427
f 2069 2429 2427
f 2427 2429 2428
f 2068 2429 2069
f 2429 2437 2430
f 2430 2437 2440
f 3098 3089 2431
f 2431 2436 2437
f 2436 3089 2506
f 2437 2436 2511
f 2511 2508 2512
f 2437 2516 2441
f 2503 2509 2482
f 1731 1736 1729
f 1729 1726 2504
f 2502 2504 2503
f 2510 2502 2507
f 2507 2481 2492
f 2506 2510 2511
f 2511 2510 2508
f 2959 2506 2951
f 2444 2445 2449
f 2438 2440 2439
f 2439 2440 2445
f 2445 2446 2449
f 2449 2446 2451
f 2445 2440 2446
f 2440 2441 2446
f 2512 2514 2515
f 2516 2515 2441
f 2441 2515 2447
f 2515 2493 2495
f 2447 2495 2452
f 2482 2483 2471
f 2492 2481 2490
f 2514 2492 2493
f 2493 2494 2491
f 2494 2490 2489
f 2448 2449 2451
f 2451 2442 2450
f 2450 2442 2374
f 2442 2498 2381
f 2495 2488 2497
f 2452 2497 2498
f 2498 2500 2499
f 2476 2462 2464
f 2477 2479 2476
f 2475 2477 2476
f 2474 2476 2473
f 2490 2475 2487
f 2487 2474 2496
f 2496 2474 2472
f 2491 2489 2488
f 2488 2487 2486
f 2486 2496 2501
f 2372 2375 2373
f 2373 2375 2367
f 2374 2381 2375
f 2375 2376 2367
f 2381 2365 2376
f 2376 2365 2352
f 2500 2501 2364
f 2499 2364 2365
f 2363 2364 2360
f 2364 2350 2360
f 2464 2463 2348
f 2349 2342 2339
f 2473 2464 2349
f 2472 2473 2335
f 2335 2349 2338
f 2350 2335 2354
f 2368 2351 2358
f 2367 2352 2366
f 2351 2362 2358
f 2366 2352 2362
f 2352 2357 2362
f 2359 2360 2357
f 2357 2361 2356
f 2361 2353 2356
f 2357 2356 2355
f 2356 2353 2390
f 2353 2336 2385
f 2356 2390 2355
f 2339 2342 2340
f 2339 2340 2344
f 2338 2339 2336
f 2336 2344 2394
f 2354 2338 2353
f 2399 2358 2398
f 2358 2355 2398
f 2398 2393 2410
f 2390 2385 2384
f 2355 2389 2393
f 2389 2384 2388
f 2393 2388 2383
f 2384 2395 2391
f 2393 2383 2382
f 2343 2345 2332
f 2331 2333 2320
f 2343 2332 2331
f 2394 2331 2324
f 2324 2331 2334
f 2385 2394 2395
f 2394 2324 2395
f 2395 2324 2391
f 2391 2324 2325
f 2410 2408 2396
f 2396 2408 2150
f 2408 2386 2147
f 2410 2382 2386
f 2386 2392 2153
f 2388 2391 2387
f 2382 2383 2392
f 2383 2387 2392
f 2387 2325 2123
f 2387 2123 2122
f 2392 2122 2140
f 2122 2114 2116
f 2329 2322 2136
f 2328 2320 2329
f 2321 2136 2126
f 2334 2321 2326
f 2326 2126 2111
f 2325 2334 2326
f 2325 2326 2123
f 2123 2111 2114
f 2114 2111 2112
f 2150 2147 2151
f 2152 2141 2148
f 2147 2153 2152
f 2153 2140 2141
f 2141 2124 2149
f 2114 2112 2116
f 2140 2116 2141
f 2124 2141 2116
f 2116 2113 2119
f 2124 2119 2121
f 2127 2135 2133
f 2126 2125 2137
f 2137 2127 2131
f 2111 2137 2118
f 2112 2118 2113
f 2113 2118 2117
f 2171 2173 2177
f 2177 2173 2185
f 2148 2149 2171
f 2171 2149 2173
f 2173 2110 2182
f 2124 2121 2110
f 2110 2121 2109
f 2121 2120 2109
f 2110 2109 2097
f 2109 2107 2106
f 2133 2134 2132
f 2131 2133 2128
f 2128 2132 2099
f 2117 2118 2131
f 2115 2117 2120
f 2120 2117 2101
f 2117 2128 2101
f 2185 2182 2183
f 2183 2174 2172
f 2182 2097 2174
f 2107 2101 2105
f 2106 2105 2098
f 2105 2104 2103
f 2097 2098 2274
f 2098 2254 2278
f 2099 2197 2100
f 2100 2198 2259
f 2108 2099 2102
f 2102 2100 2259
f 2101 2108 2104
f 2103 2102 2254
f 2275 2276 2273
f 2281 2274 2283
f 2283 2279 2276
f 2274 2278 2279
f 2254 2250 2256
f 2279 2256 2280
f 2256 2250 2252
f 2256 2252 2280
f 2259 2261 2260
f 2260 2261 2263
f 2251 2263 2253
f 2244 2259 2260
f 2254 2244 2250
f 2244 2260 2251
f 2250 2251 2252
f 2273 2287 2285
f 2287 2277 2285
f 2285 2257 2241
f 2276 2280 2287
f 2287 2280 2277
f 2280 2252 2245
f 2277 2245 2257
f 2245 2246 2247
f 2265 2264 2262
f 2263 2262 2258
f 2258 2269 2267
f 2253 2258 2255
f 2255 2267 2249
f 2252 2253 2246
f 2246 2255 2249
f 2241 2248 2237
f 2237 2224 2240
f 2240 2224 2225
f 2247 2249 2223
f 2257 2247 2248
f 2247 2223 2248
f 2224 2223 2219
f 2223 2220 2219
f 2219 2220 2227
f 2269 2271 2268
f 2268 2201 2203
f 2267 2268 2211
f 2211 2203 2204
f 2249 2211 2221
f 4068 4054 4057
f 124 119 115
f 5023 2910 2900
f 2900 2908 2889
f 4066 4057 124
f 2889 2908 2901
f 122 124 121
f 2910 2906 2908
f 2908 2915 2901
f 4050 4066 122
f 120 122 121
f 4998 4997 2910
f 2910 2912 2906
f 2906 2912 2915
f 129 125 130
f 2898 2901 2902
f 127 114 131
f 127 131 129
f 121 127 126
f 126 129 133
f 2901 2899 2892
f 123 126 133
f 2892 2923 2888
f 2891 2885 2887
f 128 132 167
f 128 167 164
f 164 165 177
f 2887 2885 2876
f 133 130 134
f 134 128 164
f 2890 2888 2885
f 2885 2884 2877
f 175 164 174
f 2884 2874 2877
f 2879 2876 2878
f 2876 2877 2880
f 2878 2769 2764
f 2764 2769 2756
f 174 179 176
f 176 153 162
f 2880 2882 2769
f 172 174 173
f 173 176 178
f 2769 2767 2763
f 162 161 160
f 2754 2739 2740
f 151 12 7
f 7 12 2
f 2756 2763 2766
f 2739 2744 2743
f 158 151 105
f 105 151 7
f 2766 2742 2739
f 2739 2742 2744
f 178 158 105
f 2 11 9
f 1 9 10
f 2 9 1
f 1 10 15
f 2743 2745 2741
f 2741 2746 3084
f 6 2 14
f 14 1 13
f 13 1 15
f 97 7 6
f 2744 2752 2745
f 2745 2752 2746
f 2746 3080 3073
f 28 21 27
f 3085 3075 3079
f 15 10 28
f 29 27 19
f 3084 3073 3075
f 3079 3072 3081
f 24 29 23
f 23 16 26
f 3075 3083 3072
f 13 15 24
f 3073 3071 3083
f 3072 3083 3082
f 16 19 17
f 17 1811 1824
f 3081 3082 3068
f 3068 3067 3055
f 3055 3054 3060
f 26 17 25
f 3082 3142 3067
f 3067 3132 3054
f 3054 3132 3105
f 3112 3115 3114
f 1824 1817 1835
f 1835 1821 1836
f 3063 3104 3112
f 3112 3104 3115
f 1839 1835 1838
f 3060 3105 3104
f 3104 3106 3115
f 1837 1840 1842
f 1841 1842 1853
f 3114 3108 3088
f 3088 3091 3099
f 1838 1836 1837
f 1826 1837 1827
f 1827 1841 1850
f 3115 3113 3108
f 1825 1838 1826
f 3108 3103 3091
f 1750 1865 1748
f 2958 1750 2948
f 1750 2958 1865
f 1748 1864 1740
f 1845 1853 1843
f 1854 1852 1872
f 1850 1845 1844
f 1844 1843 1854
f 1874 1854 1872
f 1864 1861 1859
f 1864 1863 1861
f 1851 1854 1874
f 2958 2961 1863
f 1863 1860 1861
f 1872 1852 1869
f 1869 1763 1859
f 1874 1872 1875
f 1875 1869 1856
f 3101 3099 3100
f 3100 3087 3086
f 3099 3097 3100
f 3100 3097 3087
f 3099 3091 3097
f 3097 2934 2935
f 2957 2948 2955
f 2956 2954 2950
f 2953 2956 2952
f 2960 2957 2953
f 2973 2953 2952
f 3086 3090 3089
f 3089 3090 2951
f 3086 3087 3090
f 3087 2944 3090
f 3090 2933 2949
f 2952 2950 2949
f 2912 2913 2915
f 4048 4050 4047
f 4045 120 148
f 4044 4047 4046
f 4046 4047 4045
f 5000 2907 2913
f 2913 2914 2917
f 2917 2911 2918
f 4041 4046 4053
f 4053 4046 4040
f 2914 2905 2911
f 120 121 123
f 146 133 145
f 2915 2924 2899
f 148 123 146
f 2923 2929 2928
f 147 146 143
f 2924 2925 2929
f 4040 148 135
f 2925 2919 2931
f 145 134 144
f 144 134 175
f 2888 2928 2875
f 2874 2883 2882
f 144 175 170
f 143 145 142
f 2928 2926 2881
f 2881 2853 2883
f 137 170 168
f 2881 2926 2853
f 136 143 138
f 138 142 137
f 2926 2855 2853
f 2853 2854 2736
f 171 173 178
f 2882 2737 2767
f 2767 2726 2757
f 170 172 169
f 169 172 171
f 103 171 101
f 2883 2736 2737
f 2737 2725 2726
f 2726 2733 2728
f 168 169 103
f 104 103 94
f 2725 2732 2733
f 2757 2747 2742
f 2742 2748 2752
f 100 105 95
f 100 95 102
f 2747 2728 2749
f 2748 2753 2751
f 99 100 102
f 2728 2730 2749
f 94 99 98
f 2730 2727 2753
f 95 97 91
f 91 6 8
f 8 13 42
f 2752 2819 3080
f 2750 2751 2819
f 3080 2819 3074
f 91 8 41
f 41 8 40
f 93 91 35
f 2751 2815 2819
f 2819 2823 2824
f 98 102 93
f 42 24 37
f 37 23 39
f 3071 3074 3083
f 3083 3134 3142
f 40 42 37
f 43 37 39
f 3074 2821 3076
f 3076 2821 3134
f 31 40 33
f 33 37 43
f 32 39 36
f 3134 3135 3145
f 2824 2823 2821
f 2821 2816 3135
f 39 26 20
f 20 25 795
f 3142 3138 3132
f 36 20 808
f 3144 3145 3138
f 44 36 828
f 828 802 798
f 3145 3139 3140
f 801 1839 1828
f 3105 3110 3106
f 3106 3109 3113
f 795 807 801
f 3132 3133 3110
f 3109 3117 3102
f 797 801 803
f 3126 3118 3117
f 3117 3125 3102
f 1828 1825 1830
f 1830 1826 1829
f 1829 1827 1834
f 3113 3102 3103
f 3103 3116 3107
f 803 1828 1832
f 1833 1829 1831
f 804 1830 1833
f 1833 1831 1883
f 3102 3125 3116
f 3107 3111 2943
f 3116 3128 3111
f 806 803 804
f 805 1833 1884
f 1834 1850 1851
f 1870 1874 1875
f 1863 1858 1860
f 1834 1851 1873
f 1873 1851 1870
f 1861 1857 1856
f 1883 1834 1873
f 1877 1870 1882
f 2975 2961 2970
f 2961 2975 1858
f 1860 1862 1857
f 1858 2975 1862
f 1880 1873 1877
f 1880 1877 1878
f 1878 1877 1876
f 2971 2975 2966
f 1884 1883 1880
f 2975 2971 1862
f 1862 1868 1867
f 1882 1875 1881
f 1881 1875 1867
f 1876 1882 1879
f 1879 1881 1867
f 3091 3107 2934
f 2935 2939 2944
f 2934 2932 2939
f 2932 2940 2939
f 2939 2942 2946
f 2943 2941 2940
f 2974 2953 2973
f 2970 2960 2974
f 2960 2970 2961
f 2972 2974 2967
f 2967 2973 2969
f 2966 2970 2972
f 2962 2972 2963
f 2944 2947 2933
f 2933 2947 2938
f 2947 2946 2945
f 2946 2937 2945
f 2969 2952 2938
f 2967 2969 2945
f 2907 2904 2905
f 4154 4041 4152
f 4152 4041 4053
f 4053 4040 365
f 2911 2920 2918
f 4151 4053 365
f 2904 2916 2905
f 2905 2916 2920
f 4147 4152 4151
f 2904 2909 2916
f 2916 2930 2920
f 4148 4147 4149
f 4149 4147 4159
f 4159 359 362
f 2930 2870 2922
f 2931 2927 2926
f 365 4040 360
f 360 135 139
f 2918 2920 2919
f 2919 2921 2927
f 359 365 364
f 364 360 358
f 2920 2922 2921
f 2921 2848 2844
f 362 359 357
f 357 364 367
f 2922 2869 2848
f 2848 2852 2844
f 2926 2927 2855
f 139 136 138
f 140 137 87
f 141 138 140
f 2927 2843 2855
f 2855 2843 2854
f 2854 2846 2738
f 358 139 141
f 141 140 76
f 76 87 82
f 2843 2845 2846
f 367 358 366
f 366 141 406
f 406 76 84
f 2844 2857 2845
f 2845 2847 2846
f 2846 2847 2731
f 87 168 83
f 83 168 104
f 2736 2738 2732
f 2732 2729 2733
f 89 104 78
f 82 83 89
f 2738 2731 2729
f 2729 2798 2735
f 84 82 85
f 85 89 90
f 2731 2786 2798
f 2798 2787 2794
f 94 98 92
f 2733 2735 2730
f 2730 2734 2727
f 81 94 96
f 2735 2794 2734
f 2734 2820 2817
f 90 81 77
f 77 96 55
f 2753 2817 2815
f 92 93 58
f 58 93 54
f 54 35 34
f 2815 2825 2823
f 2823 2813 2818
f 53 58 52
f 52 54 47
f 2817 2814 2825
f 2825 2814 2813
f 2813 2826 2818
f 55 53 56
f 56 52 57
f 57 47 50
f 2814 2807 2826
f 2823 2818 2816
f 34 31 33
f 38 32 30
f 2816 2822 3136
f 47 33 48
f 48 33 38
f 3136 3137 3139
f 48 38 51
f 2818 2826 2822
f 2822 2827 3137
f 50 47 46
f 46 48 59
f 59 48 49
f 2826 2809 2827
f 2827 2810 3137
f 3137 3329 3143
f 30 44 835
f 835 44 828
f 3139 3141 3140
f 3140 3127 3119
f 827 828 836
f 833 828 832
f 3139 3143 3141
f 51 30 827
f 3141 3120 3127
f 3127 3120 3131
f 49 51 819
f 819 827 831
f 831 833 824
f 3143 3323 3120
f 3120 3333 3121
f 798 797 806
f 3119 3131 3118
f 3118 3130 3125
f 834 798 794
f 833 832 834
f 3131 3121 3130
f 3130 3122 3123
f 824 833 823
f 823 834 837
f 3121 3331 3122
f 3122 3336 3129
f 799 804 800
f 800 805 786
f 3125 3123 3128
f 3128 3124 3111
f 794 806 799
f 796 800 782
f 782 800 786
f 3123 3129 3124
f 3124 3022 3009
f 837 794 783
f 783 796 785
f 785 782 792
f 792 782 778
f 786 1884 787
f 784 1878 1876
f 787 1878 784
f 3006 2971 2965
f 2971 3006 1868
f 1868 3002 1866
f 788 786 787
f 3006 3004 3002
f 793 787 784
f 778 788 793
f 793 784 780
f 2993 3006 2996
f 3006 2993 3004
f 1871 1879 1866
f 780 1876 1871
f 2943 3111 2941
f 2942 2936 2937
f 3111 3009 2941
f 2941 3010 2936
f 2936 3011 3028
f 3009 3019 3010
f 3010 3020 3011
f 3011 3021 3037
f 2964 2963 2968
f 3005 2964 3003
f 3003 2964 2968
f 2965 2996 3006
f 2997 3005 2998
f 2998 3003 3001
f 2937 3028 2976
f 3028 3037 3026
f 3037 3023 3026
f 2968 2967 2976
f 3001 2968 3026
f 2909 2873 2870
f 4153 4148 4145
f 4145 4149 4169
f 4169 4159 370
f 2870 2865 2869
f 2873 2862 2865
f 2865 2861 2868
f 4173 4145 4169
f 4175 4169 385
f 370 362 371
f 371 357 361
f 2869 2868 2852
f 2852 2851 2856
f 363 371 369
f 2851 2860 2849
f 2868 2864 2860
f 385 370 363
f 361 367 368
f 368 366 407
f 407 406 413
f 2856 2849 2857
f 2857 2849 2847
f 2847 2850 2786
f 369 361 368
f 416 407 417
f 417 407 413
f 2849 2837 2850
f 2850 2835 2793
f 369 368 416
f 413 84 86
f 86 85 88
f 2786 2795 2787
f 2787 2790 2792
f 412 86 80
f 2793 2796 2790
f 2790 2797 2788
f 414 413 412
f 2794 2791 2820
f 2820 2808 2814
f 88 77 75
f 75 55 74
f 74 55 69
f 2792 2785 2791
f 2791 2783 2808
f 80 88 79
f 79 88 75
f 2790 2788 2785
f 2783 2780 2808
f 79 75 60
f 2814 2808 2807
f 69 56 66
f 2807 2805 2812
f 2812 2811 2809
f 61 66 64
f 2808 2780 2805
f 60 74 62
f 70 69 61
f 66 50 45
f 45 59 821
f 2809 2806 2810
f 2810 3325 3329
f 3329 3325 3323
f 64 66 68
f 68 45 72
f 72 45 809
f 2806 2800 3325
f 3325 3343 3328
f 2811 2801 2800
f 821 819 814
f 3323 3328 3333
f 3333 3332 3331
f 809 821 815
f 815 821 810
f 810 814 820
f 3328 3335 3332
f 814 824 826
f 826 823 830
f 3331 3337 3336
f 3336 3314 3308
f 820 814 822
f 822 814 826
f 3337 3315 3314
f 3314 3319 3309
f 822 826 825
f 3013 3014 3022
f 3129 3308 3014
f 830 837 829
f 829 783 790
f 790 785 779
f 779 792 781
f 3308 3309 3014
f 3014 3309 3022
f 3022 3015 3016
f 825 830 829
f 791 779 762
f 3002 3007 2994
f 3004 2993 3007
f 781 778 789
f 757 793 758
f 2992 2993 3000
f 2993 2995 3007
f 3007 642 637
f 779 781 763
f 763 789 757
f 762 763 749
f 749 763 751
f 751 757 758
f 636 1871 2994
f 758 780 632
f 632 636 637
f 3021 3012 3024
f 3019 3016 3020
f 3020 3008 3021
f 2999 2997 2998
f 3000 2997 2999
f 2988 2998 2990
f 2990 2998 2991
f 3000 2999 2988
f 2977 3000 2988
f 2978 2988 2989
f 2989 2990 2981
f 3023 3025 3027
f 3025 3032 3033
f 3024 3034 3025
f 2991 3001 3027
f 2981 2991 3033
f 2862 2858 2861
f 4164 4169 4175
f 2858 2859 2861
f 2861 2867 2864
f 4162 4173 4163
f 4163 4173 4164
f 4164 4175 373
f 2871 2872 2858
f 2858 2872 2859
f 4161 4162 4174
f 4174 4163 384
f 2859 2866 2867
f 2860 2863 2838
f 373 385 375
f 375 363 372
f 2864 2867 2863
f 2863 2839 2838
f 2838 2842 2834
f 374 375 372
f 384 373 374
f 380 384 382
f 382 374 386
f 2867 2836 2839
f 2839 2828 2842
f 2838 2834 2837
f 2837 2833 2835
f 372 369 381
f 381 416 408
f 408 417 405
f 2833 2832 2835
f 2835 2840 2796
f 386 372 381
f 2834 2842 2833
f 2833 2830 2832
f 2832 2841 2840
f 390 408 403
f 391 381 390
f 2841 2676 2774
f 2797 2789 2788
f 405 414 409
f 409 412 415
f 2796 2779 2789
f 404 409 415
f 2789 2782 2772
f 403 405 404
f 411 404 410
f 2840 2774 2779
f 2779 2774 2782
f 2782 2775 2770
f 2788 2772 2785
f 2785 2772 2771
f 2771 2781 2780
f 2772 2784 2781
f 323 60 318
f 2772 2770 2784
f 2781 2777 2773
f 410 415 323
f 410 323 313
f 2784 2770 2777
f 2777 2595 2600
f 2780 2773 2805
f 2805 2803 2804
f 67 62 70
f 73 61 65
f 2804 2802 2799
f 318 60 67
f 67 70 73
f 2773 2600 2803
f 2803 2597 2802
f 340 73 71
f 313 318 326
f 326 67 340
f 340 71 337
f 2802 2591 2594
f 2801 2799 2800
f 2800 3344 3343
f 65 68 63
f 63 72 813
f 813 809 811
f 3344 3341 3343
f 3343 3341 3339
f 71 65 63
f 2799 2594 3342
f 71 63 338
f 338 63 813
f 337 71 338
f 3342 3349 3341
f 3341 3349 3340
f 3335 3339 3334
f 3334 3330 3326
f 811 815 812
f 812 810 818
f 3339 3338 3330
f 3330 3327 3324
f 813 811 812
f 3339 3340 3338
f 3330 3345 3327
f 338 813 518
f 518 816 510
f 3338 3340 3345
f 3327 3345 3313
f 3314 3317 3319
f 818 820 817
f 817 822 825
f 3326 3316 3315
f 3315 3316 3317
f 816 817 735
f 3324 3313 3316
f 3316 3318 3317
f 3317 3318 3320
f 735 817 741
f 510 816 735
f 3318 3312 3320
f 3320 3312 3322
f 742 791 755
f 755 791 762
f 3319 3320 3309
f 3309 3321 3018
f 741 825 742
f 756 755 750
f 3320 3322 3321
f 738 742 756
f 736 741 738
f 738 756 760
f 3322 3296 3321
f 3321 3295 3018
f 3322 3297 3296
f 2995 634 642
f 642 633 631
f 628 2992 2980
f 2992 628 634
f 750 762 752
f 752 749 751
f 634 643 633
f 760 750 752
f 754 751 753
f 633 639 640
f 759 752 754
f 628 670 643
f 629 632 630
f 753 758 629
f 638 629 640
f 3015 3018 3016
f 3012 3029 3034
f 3016 3018 3017
f 3017 3283 3029
f 3283 3285 3029
f 3029 3285 3030
f 3018 3287 3284
f 3018 3295 3287
f 3284 3289 3285
f 2980 2977 2978
f 2979 2989 2982
f 2980 2978 2986
f 2986 2978 2979
f 2985 2979 2987
f 2980 672 628
f 672 2980 2986
f 3032 3031 3035
f 3034 3030 3031
f 3031 3280 3036
f 2982 2981 3035
f 2987 2982 3036
f 2208 2235 2205
f 2207 2205 2209
f 2235 2238 2236
f 2234 2240 2238
f 2238 2231 2232
f 2212 2209 2206
f 2213 2206 2209
f 2213 2226 2206
f 2239 2230 2226
f 2240 2225 2231
f 2231 2229 2242
f 2242 2229 2230
f 2215 2219 2225
f 2225 2222 2229
f 2219 2227 2222
f 2227 2217 2222
f 2229 2222 2230
f 2222 2228 2230
f 2203 2202 2204
f 2226 2228 2218
f 2216 2204 2218
f 2227 2216 2217
f 2217 2216 2228
f 6059 6061 6081
f 6061 6059 6066
f 6081 5992 6070
f 6061 5904 5992
f 5904 6061 5905
f 5992 5993 5988
f 6067 5947 5935
f 5935 5947 5941
f 6066 6067 5935
f 6068 6070 6069
f 6069 6002 6028
f 5939 5935 5941
f 5938 5935 5939
f 5905 6066 5938
f 6070 5988 6002
f 5905 5938 5940
f 5940 5938 5939
f 5940 5939 5936
f 5991 5987 5985
f 5907 5905 5940
f 5941 5925 5943
f 5943 5922 5924
f 5924 5930 5920
f 5064 5061 5074
f 5942 5943 5924
f 5052 5057 5049
f 5057 5052 5063
f 5063 5052 5061
f 5937 5941 5943
f 5937 5943 5942
f 5056 5052 5054
f 5061 5070 5113
f 5945 5942 5944
f 5052 5056 5066
f 5936 5937 5945
f 5066 5069 5070
f 5074 5113 5112
f 5112 5114 5118
f 5966 5920 5917
f 5113 5108 5114
f 5116 5110 5115
f 5934 5966 5973
f 5973 5966 5965
f 5965 5960 5956
f 5126 5122 5125
f 5963 5954 5964
f 5118 5116 5122
f 5125 5121 5128
f 5121 5124 5128
f 5956 5962 5955
f 5955 5963 5953
f 5953 5963 5950
f 5121 5076 5124
f 5115 5111 5076
f 5964 3974 3914
f 5129 5128 5127
f 5127 5090 5098
f 3907 3914 3910
f 5950 5964 3907
f 3906 3910 3904
f 3904 3910 3912
f 5128 5124 5123
f 5123 5092 5090
f 5952 3907 3901
f 3901 3906 3904
f 5124 5081 5092
f 5092 5102 5095
f 5953 5950 5952
f 5102 5103 5097
f 3909 3917 3911
f 3911 3919 3908
f 5098 5104 5099
f 5099 5094 5091
f 3920 3908 3915
f 3894 3912 3920
f 5090 5095 5104
f 5104 5095 5094
f 5094 5394 5390
f 3895 3912 3894
f 3894 3920 3893
f 5095 5097 5394
f 3896 3893 3902
f 3916 3913 3866
f 5091 5390 5325
f 5325 5333 5320
f 3870 3916 3866
f 3915 3908 3916
f 3915 3916 3870
f 3876 3870 3868
f 5390 5391 5333
f 5333 5392 5324
f 3893 3915 3876
f 3807 3876 3864
f 5391 5382 5392
f 5392 5388 5327
f 3902 3893 3807
f 3866 3865 3874
f 5321 5323 5328
f 5328 5331 5345
f 5320 5324 5323
f 3866 3874 3871
f 3868 3866 3871
f 3871 3867 3873
f 5324 5327 5323
f 5323 5329 5331
f 5331 5329 5337
f 3864 3868 3871
f 3877 3871 3873
f 5329 5319 5339
f 3864 3871 3877
f 5327 5332 5319
f 3860 3856 3859
f 5345 5337 5343
f 5343 5348 5347
f 5347 5346 5297
f 3873 3859 3855
f 3855 3857 3863
f 5337 5339 5348
f 5348 5252 5346
f 5346 5252 5251
f 3793 3855 3843
f 5339 5249 5252
f 3869 3855 3793
f 3862 3850 3851
f 3851 3839 3841
f 5295 5301 5293
f 3863 3862 3851
f 5297 5251 5301
f 5301 5246 5298
f 3843 3840 3846
f 3846 3840 3836
f 5251 5243 5246
f 5243 5244 5246
f 5246 5244 5242
f 5293 5298 5294
f 5294 5300 5287
f 3837 3838 3834
f 3836 3841 3837
f 5298 5242 5300
f 5300 2703 5287
f 5287 2703 2704
f 3847 3837 3835
f 5242 2699 2703
f 2703 2700 2708
f 3846 3836 3847
f 3847 3835 3829
f 6028 6002 5996
f 5996 5997 6000
f 6000 6008 6003
f 6002 5985 5999
f 5997 5999 6008
f 6008 6018 6003
f 5058 5046 5055
f 5054 5049 5051
f 5054 5051 5053
f 5053 5058 5059
f 5217 5053 5059
f 5998 6003 6004
f 6003 6016 6012
f 6004 6005 6007
f 5059 5055 6007
f 6005 6012 6007
f 5993 5981 5984
f 5904 5906 5981
f 5906 5904 5910
f 5910 5905 5907
f 5908 5940 5948
f 5988 5984 5987
f 5987 5982 5985
f 5909 5907 5908
f 5982 5986 5983
f 5903 5908 5914
f 5984 5994 5982
f 5902 5909 5903
f 5982 6244 5986
f 5901 5910 5902
f 5948 5936 5946
f 5946 5945 5933
f 5933 5934 5973
f 5227 5056 5211
f 5056 5227 5069
f 5069 5228 5071
f 5914 5948 5893
f 5893 5946 5898
f 5898 5933 5967
f 5228 5232 5071
f 5227 5237 5228
f 5228 5238 5232
f 5972 5965 5970
f 5970 5965 5971
f 5070 5071 5108
f 5108 5109 5110
f 5967 5973 5972
f 5967 5972 5977
f 5977 5970 5975
f 5071 5232 5109
f 5109 5241 5107
f 5898 5967 5977
f 5232 5230 5241
f 5955 5953 5951
f 5110 5107 5111
f 5076 5089 5081
f 5969 5955 5968
f 5111 5082 5088
f 5975 5971 5969
f 5107 5235 5082
f 5975 5969 5976
f 5088 5075 5078
f 5082 5235 5075
f 5951 5952 5979
f 5979 3901 3897
f 5081 5087 5102
f 5102 5087 5103
f 5968 5951 5979
f 5103 5077 5096
f 5978 5979 5575
f 5575 5979 5580
f 5086 5078 5087
f 5974 5968 5978
f 3899 3894 3896
f 3897 3895 3898
f 3898 3895 3899
f 3899 3896 3900
f 3900 3896 3902
f 5097 5386 5394
f 5394 5387 5382
f 5580 3897 5582
f 5582 3898 3905
f 3905 3900 3903
f 5096 5377 5386
f 5386 5384 5387
f 5387 5393 5379
f 3809 3807 3810
f 5382 5379 5380
f 5380 5381 5388
f 3903 3902 3809
f 5381 5383 5388
f 3811 3809 3812
f 3905 3903 3811
f 5389 5371 5383
f 3810 3864 3877
f 5319 5248 5249
f 3819 3877 3818
f 5388 5359 5332
f 5332 5355 5248
f 3812 3810 3819
f 5359 5350 5355
f 5248 5349 5255
f 3812 3819 3814
f 3814 3819 3816
f 3818 3869 3798
f 3798 3793 3790
f 3790 3793 3844
f 5249 5255 5250
f 5250 5245 5243
f 5245 5247 5253
f 3816 3818 3804
f 3804 3790 3792
f 5255 5360 5247
f 5247 5277 5253
f 5247 5274 5277
f 3844 3843 3845
f 3845 3846 3848
f 5243 5253 5244
f 5244 5254 5242
f 3792 3844 3842
f 5253 5256 5254
f 5254 5267 5259
f 3848 3847 3823
f 3823 3847 3825
f 3825 3829 3833
f 5242 5259 2699
f 2699 2701 2700
f 2700 2706 2702
f 3842 3848 3826
f 3826 3825 3832
f 3832 3825 3822
f 5259 5265 2701
f 2701 5263 2706
f 5985 5983 5999
f 5999 6019 6017
f 6017 6019 6018
f 6018 6015 6016
f 6019 6014 6015
f 5983 5986 5989
f 5989 5990 6014
f 6021 6020 6022
f 5211 5054 5217
f 5215 5217 5225
f 5223 5211 5216
f 5223 5216 5224
f 5224 5216 5215
f 5221 5215 5214
f 6016 6022 6009
f 6012 6010 6011
f 5225 5059 6011
f 5214 5225 6013
f 6010 6009 6013
f 6009 6023 6013
f 5906 5911 5981
f 5911 5906 5901
f 5981 5980 5994
f 5980 6241 6243
f 5902 5903 5913
f 5994 6243 6244
f 5916 5902 5913
f 6244 6242 6233
f 6233 6234 6235
f 5915 5916 5912
f 6243 6238 6242
f 6233 6237 6234
f 6167 5915 6163
f 6163 5912 6159
f 5913 5914 5891
f 5891 5893 5897
f 5238 5230 5232
f 5899 5891 5889
f 5233 5237 5220
f 5237 5233 5236
f 5912 5913 5899
f 5236 5239 5229
f 6159 5912 5895
f 5895 5899 5894
f 5207 5233 5205
f 5233 5207 5239
f 5897 5898 5896
f 5896 5977 5882
f 5882 5977 5975
f 5889 5897 5896
f 5230 5229 5234
f 5900 5896 5884
f 5884 5882 5885
f 5900 5884 5874
f 5874 5884 5876
f 5229 5143 5142
f 5975 5976 5974
f 5078 5085 5084
f 5235 5226 5075
f 5885 5975 5879
f 5879 5974 5583
f 5234 5231 5226
f 5075 5079 5085
f 5085 5079 5080
f 5231 5149 5226
f 5226 5148 5079
f 5079 5148 5080
f 5876 5885 5875
f 5877 5879 5880
f 5149 5140 5148
f 5085 5080 5084
f 5084 5080 5083
f 5377 5375 5370
f 5583 5978 5587
f 5587 5575 5579
f 5083 5136 5375
f 5576 5587 5579
f 5375 5374 5376
f 5880 5583 5581
f 5581 5587 5576
f 5148 5137 5136
f 5136 5400 5374
f 5586 3905 5588
f 5377 5370 5384
f 5384 5370 5385
f 5385 5369 5393
f 5579 5580 5584
f 5579 5582 5578
f 5578 5586 5588
f 5370 5376 5369
f 5376 5378 5369
f 5369 5368 5373
f 5577 5579 5585
f 5585 5578 5563
f 5588 3811 3806
f 3806 3808 3813
f 5393 5372 5371
f 5383 5353 5350
f 5566 3806 3805
f 5372 5373 5371
f 5371 5366 5353
f 5563 5588 5566
f 5373 5365 5366
f 5353 5352 5356
f 5573 5566 5561
f 3813 3812 3814
f 5350 5364 5349
f 5349 5363 5360
f 5349 5362 5363
f 3805 3813 3815
f 3815 3817 3799
f 5364 5356 5362
f 5363 5361 5357
f 5356 5354 5362
f 5561 5572 5564
f 5564 3815 3803
f 3803 3802 3791
f 5361 5426 5351
f 3817 3816 3797
f 3797 3804 3800
f 5360 5357 5274
f 5274 5275 5277
f 3799 3817 3797
f 3794 3800 3783
f 5357 5358 5274
f 5274 5286 5275
f 3802 3799 3794
f 5358 5351 5286
f 5286 5272 5275
f 5275 5273 5282
f 3791 3802 3795
f 3795 3794 3789
f 3789 3784 3780
f 3800 3792 3788
f 3788 3842 3787
f 5256 5257 5260
f 5277 5282 5256
f 5256 5282 5257
f 3783 3788 3781
f 3781 3788 3786
f 3786 3788 3787
f 5282 5276 5257
f 5257 5262 5258
f 3780 3783 3779
f 3779 3781 3777
f 3787 3826 3824
f 3824 3832 3820
f 5267 5260 5265
f 5265 5261 5263
f 3787 3824 3785
f 3785 3824 3831
f 5260 5258 5261
f 3786 3787 3776
f 5258 5268 5261
f 5261 5266 5264
f 3776 3785 3775
f 3775 3785 1450
f 5986 6233 5990
f 6021 6280 6020
f 5990 6235 6280
f 6020 6280 6279
f 6235 6289 6280
f 6280 6291 6287
f 5220 5223 5222
f 5222 5224 5221
f 5223 5220 5237
f 5218 5221 5212
f 5219 5222 5218
f 5205 5220 5219
f 5201 5219 5204
f 5204 5218 5198
f 6022 6279 6023
f 6279 6287 6282
f 5212 5214 5213
f 6023 6282 6290
f 5198 5212 6290
f 6282 6288 6290
f 6241 6240 6238
f 5911 6239 6241
f 6239 5911 6167
f 6240 6246 6236
f 6167 6163 6166
f 6166 6163 6159
f 6238 6236 6237
f 6164 6159 6162
f 6156 6164 6162
f 6237 6256 6232
f 6161 6164 6156
f 6180 6169 6161
f 6236 6258 6256
f 6161 6156 6162
f 6162 6159 6168
f 6168 5895 5887
f 5239 5206 5240
f 5207 5196 5206
f 6160 6168 6157
f 5203 5210 5196
f 5206 5168 5180
f 5892 5894 5890
f 5142 5145 5149
f 5887 5892 5888
f 5888 5890 5874
f 5240 5180 5143
f 5143 5141 5145
f 6144 5888 6148
f 6148 5874 5878
f 6157 5887 6144
f 5180 5170 5141
f 5141 5146 5139
f 6147 6148 6145
f 5149 5145 5140
f 5148 5135 5137
f 5878 5877 5873
f 5873 5877 5881
f 5145 5139 5140
f 5140 5144 5135
f 5135 5138 5137
f 6149 5878 5886
f 5886 5873 5883
f 5139 5147 5144
f 5144 5156 5138
f 6145 6149 5886
f 5881 5880 5581
f 5581 5576 5577
f 5400 5398 5374
f 5597 5581 5598
f 5137 5399 5400
f 5400 5399 5398
f 5883 5881 5597
f 5590 5598 5591
f 5138 5157 5399
f 5399 5402 5407
f 5374 5398 5378
f 5598 5577 5589
f 5589 5577 5592
f 5592 5585 5574
f 5398 5407 5378
f 5378 5408 5368
f 5368 5405 5367
f 5591 5598 5589
f 5593 5592 5601
f 5407 5404 5408
f 5408 5395 5405
f 5405 5395 5431
f 5590 5591 5600
f 5600 5591 5593
f 5562 5573 5561
f 5365 5367 5366
f 5366 5432 5352
f 5352 5432 5354
f 5562 5561 5567
f 5367 5431 5432
f 5432 5428 5427
f 5560 5562 5569
f 5569 5562 5567
f 5601 5574 5560
f 5431 5425 5430
f 5430 5429 5428
f 5428 5429 5424
f 5599 5601 5565
f 5354 5427 5426
f 5567 5564 5524
f 5524 3803 5525
f 5427 5424 5426
f 5426 5452 5453
f 5569 5567 5522
f 5522 5524 5515
f 5424 5437 5439
f 3796 3791 3795
f 5351 5453 5272
f 3796 3795 3801
f 5453 5451 5272
f 5272 5284 5273
f 5273 5283 5279
f 5516 3796 3801
f 5452 5445 5451
f 5515 5525 5516
f 5521 3801 5518
f 5451 5444 5284
f 5284 5281 5283
f 5283 5281 5280
f 5515 5516 5523
f 5523 5516 5521
f 5276 5279 5262
f 3801 3780 3778
f 3778 3777 3782
f 5279 5280 5262
f 5262 5270 5268
f 5280 5278 5285
f 5521 5518 5527
f 3782 3777 3775
f 5266 5269 2715
f 1447 3775 1440
f 1440 3775 1452
f 5268 5270 5269
f 5269 2642 2640
f 5270 5809 2642
f 5529 3782 1442
f 1442 1447 1441
f 1441 1440 1445
f 2642 2647 2641
f 6289 6278 6291
f 6235 6245 6289
f 6289 6245 6278
f 6291 6281 6293
f 6234 6232 6245
f 6278 6283 6281
f 6245 6261 6283
f 6283 6268 6285
f 6285 6268 6292
f 6232 6262 6261
f 5201 5204 5202
f 5202 5204 5198
f 5203 5205 5201
f 5199 5201 5200
f 5210 5203 5199
f 5200 5202 5197
f 5209 5200 5197
f 5208 5199 5209
f 6287 6293 6282
f 6282 6293 6288
f 6293 6285 6292
f 6292 6272 6274
f 6288 6293 6286
f 5197 5198 6284
f 6293 6292 6284
f 6292 6274 6284
f 5190 5197 6273
f 6180 6182 6246
f 6246 6247 6258
f 6182 6100 6247
f 6100 6182 6170
f 6247 6249 6254
f 6254 6250 6257
f 6178 6161 6176
f 6256 6253 6262
f 6170 6180 6178
f 6258 6254 6259
f 6173 6178 6171
f 6171 6177 6179
f 6254 6257 6253
f 6176 6162 6165
f 6165 6160 6158
f 5181 5210 5187
f 5210 5181 5196
f 5196 5181 5168
f 6172 6165 6143
f 5168 5166 5172
f 5188 5181 5187
f 5181 5188 5176
f 6179 6176 6181
f 6181 6172 6183
f 6174 6183 6126
f 5188 5194 5173
f 6158 6157 6141
f 6141 6144 6147
f 6143 6158 6141
f 6154 6147 6151
f 5172 5166 5170
f 5166 5169 5167
f 5167 5169 5159
f 6183 6143 6153
f 6126 6153 6140
f 6140 6153 6127
f 6127 6146 6152
f 5171 5174 5169
f 5147 5154 5156
f 6151 6145 6150
f 6150 5886 5660
f 5147 5159 5154
f 5156 5161 5157
f 5154 5165 5155
f 5155 5153 5161
f 6146 6151 6142
f 6142 6150 5651
f 5159 5164 5165
f 6152 6142 6155
f 6155 6142 5654
f 5658 5597 5602
f 5602 5590 5594
f 5661 5658 5659
f 5659 5602 5594
f 5157 5162 5401
f 5401 5403 5404
f 5162 5151 5403
f 5649 5659 5656
f 5403 5414 5413
f 5654 5651 5649
f 5158 5150 5151
f 5594 5590 5600
f 5600 5593 5595
f 5595 5593 5599
f 5395 5397 5425
f 5594 5600 5595
f 5596 5599 5603
f 5404 5396 5406
f 5406 5396 5395
f 5395 5396 5397
f 5396 5417 5397
f 5397 5418 5435
f 5656 5659 5655
f 5655 5595 5653
f 5653 5596 5640
f 5417 5422 5418
f 5413 5412 5417
f 5429 5434 5437
f 5603 5599 5568
f 5568 5565 5571
f 5433 5436 5434
f 5434 5436 5438
f 5640 5603 5635
f 5635 5568 5502
f 5435 5419 5436
f 5436 5416 5450
f 5571 5569 5570
f 5570 5522 5526
f 5437 5448 5449
f 5449 5447 5445
f 5506 5570 5501
f 5448 5450 5447
f 5447 5446 5443
f 5502 5506 5503
f 5503 5501 5504
f 5504 5501 5509
f 5446 5442 5440
f 5450 5410 5442
f 5526 5515 5519
f 5519 5515 5523
f 5281 5779 5271
f 5445 5443 5444
f 5501 5526 5519
f 5519 5523 5528
f 5528 5521 5520
f 5444 5440 5441
f 5509 5519 5517
f 5517 5519 5528
f 5441 5784 5779
f 5517 5528 5541
f 5541 5528 5532
f 5784 5783 5776
f 5510 5509 5511
f 5511 5517 5543
f 5543 5517 5541
f 5440 5782 5784
f 5278 5808 5285
f 5285 5808 5809
f 5808 5807 5812
f 5528 5520 5542
f 5779 5776 5808
f 5808 5806 5807
f 5532 5542 5540
f 5540 5542 5530
f 5806 5804 5807
f 5776 5780 5806
f 5544 5529 1442
f 5809 5812 5810
f 1439 1442 1449
f 1449 1441 1448
f 5810 5811 2647
f 2647 2644 2637
f 5811 5813 2644
f 5530 5544 5533
f 1443 1449 1435
f 5813 5802 2644
f 5807 5804 5812
f 5812 5803 5813
f 6261 6252 6266
f 6266 6277 6265
f 6252 6263 6277
f 6265 6276 6275
f 6277 6263 6276
f 6276 6264 6269
f 5184 5209 5190
f 5187 5208 5183
f 5185 5183 5184
f 5195 5184 5191
f 5186 5185 5195
f 5195 5191 5182
f 6268 6275 6272
f 6269 6270 6271
f 6274 6272 6273
f 5191 5190 6271
f 6272 6269 6271
f 6271 6270 5182
f 6249 6101 6250
f 6100 6099 6101
f 6099 6100 6098
f 6250 6219 6221
f 6101 6102 6219
f 6099 6103 6102
f 6103 6099 6106
f 6260 6255 6251
f 6248 6260 6251
f 6175 6171 6185
f 6257 6221 6255
f 6098 6173 6175
f 6124 6175 6116
f 6221 6225 6223
f 6114 6124 6112
f 6112 6116 6125
f 6185 6179 6184
f 6184 6181 6174
f 5179 5194 5189
f 5194 5179 5173
f 6120 6184 6139
f 6116 6185 6120
f 6125 6120 6121
f 6121 6120 6111
f 5171 5173 5174
f 5164 5175 5160
f 5174 5178 5175
f 5175 5177 5160
f 6139 6126 6138
f 6138 6140 6137
f 6137 6127 6136
f 5177 5178 5673
f 6111 6118 6113
f 6113 6138 6131
f 6131 6137 6130
f 5164 5160 5165
f 5165 5160 5153
f 5153 5163 5152
f 5160 5177 5163
f 6136 6152 6134
f 6134 6155 6133
f 5163 5177 5668
f 6130 6135 6129
f 6129 6135 6132
f 5657 5649 5650
f 5151 5423 5414
f 6133 5657 5631
f 5631 5657 5619
f 5423 5163 5664
f 5421 5423 5676
f 6132 6133 5631
f 5422 5420 5419
f 5650 5656 5652
f 5652 5655 5663
f 5663 5653 5633
f 5619 5650 5662
f 5662 5663 5647
f 5647 5663 5633
f 5420 5421 5688
f 5411 5420 5685
f 5623 5619 5632
f 5632 5662 5646
f 5646 5647 5638
f 5419 5415 5416
f 5633 5640 5639
f 5639 5635 5505
f 5415 5411 5416
f 5416 5409 5410
f 5411 5871 5409
f 5643 5639 5642
f 5409 5871 5868
f 5638 5633 5637
f 5637 5633 5643
f 5636 5643 5642
f 5634 5643 5636
f 5505 5503 5507
f 5507 5504 5510
f 5410 5409 5442
f 5642 5505 5507
f 5507 5510 5513
f 5775 5409 5868
f 5508 5507 5514
f 5514 5507 5513
f 5641 5642 5464
f 5464 5508 5514
f 5784 5781 5783
f 5543 5541 5537
f 5783 5773 5780
f 5782 5771 5781
f 5513 5510 5499
f 5499 5511 5500
f 5500 5543 5552
f 5781 5771 5777
f 5773 5781 5778
f 5554 5552 5556
f 5514 5513 5512
f 5512 5500 5554
f 5806 5800 5804
f 5537 5532 5539
f 5806 5780 5800
f 5552 5537 5559
f 5559 5539 5538
f 5800 5773 5790
f 5805 5800 5791
f 5801 5805 5791
f 5556 5552 5559
f 5557 5559 5538
f 5558 5559 5557
f 5804 5801 5803
f 5539 5530 5534
f 1411 1443 1417
f 5803 5814 5802
f 5802 5814 2648
f 5538 5539 5534
f 1424 1411 1416
f 2648 5814 1325
f 5531 5534 5535
f 1426 1424 1428
f 6248 6251 6263
f 6263 6186 6264
f 6255 6188 6251
f 6251 6188 6186
f 6188 6189 6186
f 6186 6191 6192
f 6255 6223 6188
f 6188 6197 6189
f 6189 6197 6199
f 6199 6196 6191
f 6199 6197 6196
f 6223 6195 6197
f 5192 5195 5182
f 5189 5193 5192
f 5189 5192 5729
f 5731 5729 5734
f 5179 5189 5733
f 5733 5189 5731
f 5733 5731 5735
f 5178 5179 5732
f 5668 5673 5674
f 5674 5673 5665
f 5724 5733 5726
f 5665 5724 5730
f 5730 5726 5725
f 5665 5730 5666
f 5664 5668 5675
f 5679 5664 5678
f 5674 5665 5671
f 5675 5674 5671
f 5671 5665 5667
f 5678 5671 5667
f 5676 5664 5679
f 5687 5677 5681
f 5677 5678 5672
f 5688 5676 5687
f 5685 5688 5686
f 5684 5686 5682
f 5682 5694 5693
f 5871 5870 5868
f 5868 5870 5866
f 5872 5684 5869
f 5866 5869 5865
f 5869 5682 5683
f 5865 5869 5861
f 5771 5868 5867
f 5770 5867 5863
f 5864 5865 5860
f 5863 5864 5860
f 5774 5863 5816
f 5777 5771 5770
f 5777 5770 5772
f 5778 5777 5772
f 5790 5778 5792
f 5772 5774 5816
f 5792 5772 5817
f 5791 5790 5793
f 5793 5792 5785
f 5789 5793 5785
f 5798 5789 5799
f 5814 5796 1325
f 5796 5795 5797
f 5797 5798 5788
f 5788 5798 5799
f 5794 5788 5786
f 1326 5794 1331
f 6269 6267 6270
f 6267 6612 6270
f 6270 6612 6617
f 6617 6612 6622
f 6192 6677 6676
f 6267 6192 6611
f 6612 6611 6622
f 6611 6676 6610
f 6622 6611 6616
f 6615 6622 6616
f 6192 6190 6677
f 6677 6673 6672
f 6190 6193 6673
f 6196 6198 6190
f 6190 6198 6193
f 5734 5729 5736
f 5729 6609 6608
f 6617 6622 6609
f 6609 6622 6615
f 5736 6608 6643
f 6609 6615 6618
f 6608 6618 6645
f 5737 5735 5734
f 5739 5737 5736
f 5739 5736 6651
f 6651 6643 6639
f 6651 6639 6646
f 5728 5717 5723
f 5722 5728 5739
f 6644 6651 6649
f 5725 5727 5713
f 5666 5725 5716
f 5727 5723 5713
f 5713 5718 5716
f 5723 5710 5718
f 5667 5666 5670
f 5672 5667 5669
f 5716 5718 5719
f 5670 5696 5669
f 5718 5711 5719
f 5696 5697 5699
f 5681 5672 5690
f 5692 5681 5690
f 5669 5699 5690
f 5690 5704 5691
f 5693 5692 5691
f 5680 5693 5691
f 5691 5850 5689
f 5704 5708 5709
f 5683 5680 5689
f 5861 5683 5862
f 5689 5851 5862
f 5862 5853 5859
f 5851 5852 5853
f 5860 5861 5859
f 5816 5860 5829
f 5859 5841 5829
f 5841 5839 5838
f 5817 5816 5825
f 5829 5819 5825
f 5825 5820 5818
f 5819 5821 5820
f 5785 5817 5818
f 5799 5785 5787
f 5818 5822 5823
f 5823 5827 5787
f 5786 5799 5787
f 1331 5786 1358
f 5787 1349 1358
f 6610 6654 6619
f 6614 6610 6613
f 6676 6672 6671
f 6671 6675 6682
f 6673 6678 6675
f 6675 6681 6669
f 6643 6645 6640
f 6620 6616 6614
f 6620 6614 6621
f 6645 6618 6641
f 6640 6641 6642
f 6646 6640 6653
f 6653 6642 6650
f 6649 6646 6647
f 6647 6653 6652
f 6619 6654 6657
f 6654 6658 6656
f 6613 6619 6626
f 6626 6657 6659
f 6626 6659 6623
f 6657 6656 6660
f 6659 6657 6660
f 6654 6682 6658
f 6658 6662 6656
f 6656 6662 6661
f 6658 6670 6662
f 6682 6670 6658
f 6669 6683 6670
f 6670 6667 6665
f 6641 6633 6625
f 6633 6626 6632
f 6642 6625 6631
f 6632 6626 6624
f 6631 6625 6636
f 6630 6631 6635
f 6635 6636 6634
f 6650 6630 6627
f 6627 6630 6635
f 6628 6635 6629
f 6623 6660 6524
f 6524 6508 6522
f 6508 6515 6507
f 6661 6512 6515
f 6515 6517 6516
f 6662 6666 6664
f 6664 6666 6668
f 6625 6624 6637
f 6624 6623 6638
f 6636 6637 6606
f 6638 6623 6519
f 6637 6519 6599
f 6519 6522 6527
f 6607 6606 6604
f 6634 6606 6607
f 6629 6634 6565
f 6565 6607 6570
f 6522 6507 6523
f 6523 6507 6520
f 6507 6516 6510
f 6520 6510 6535
f 6516 6513 6511
f 6517 6514 6513
f 6527 6522 6528
f 6599 6527 6525
f 6528 6523 6531
f 6527 6528 6521
f 6528 6531 6521
f 6599 6525 6600
f 6525 6521 6532
f 6521 6531 6529
f 6604 6599 6602
f 6602 6600 6596
f 6593 6602 6596
f 6605 6604 6593
f 6593 6596 6594
f 6529 6535 6537
f 6535 6536 6541
f 6536 6504 6534
f 6537 6541 6543
f 6543 6541 6538
f 6541 6534 6538
f 6510 6511 6504
f 6504 6505 6534
f 6511 6509 6504
f 6504 6506 6505
f 6505 6550 6363
f 6529 6537 6530
f 6600 6532 6603
f 6532 6530 6598
f 6530 6543 6533
f 6598 6533 6595
f 6603 6598 6601
f 6597 6603 6601
f 6596 6600 6594
f 6594 6603 6597
f 6581 6597 6579
f 6539 6538 6545
f 6538 6540 6542
f 6540 6366 6367
f 6542 6540 6367
f 6545 6542 6546
f 6546 6367 6333
f 6534 6505 6366
f 6366 6364 6361
f 6505 6363 6366
f 6366 6363 6364
f 6364 6362 6356
f 6533 6539 6544
f 6601 6595 6589
f 6595 6544 6587
f 6544 6545 6547
f 6587 6547 6590
f 6589 6587 6590
f 6591 6589 6590
f 6582 6589 6591
f 6579 6580 6582
f 6586 6592 6583
f 6367 6361 6365
f 6328 6365 6332
f 6333 6328 6338
f 6332 6386 6394
f 6338 6332 6335
f 6365 6398 6386
f 6361 6356 6365
f 6365 6357 6398
f 6356 6355 6357
f 6355 6385 6398
f 6398 6385 6399
f 6547 6546 6329
f 6329 6333 6324
f 6329 6324 6334
f 6330 6334 6325
f 6324 6338 6335
f 6334 6335 6336
f 6591 6590 6584
f 6584 6590 6330
f 6299 6330 6326
f 6299 6326 6298
f 6583 6584 6299
f 6332 6394 6319
f 6335 6319 6312
f 6394 6390 6321
f 6319 6321 6323
f 6321 6390 6322
f 6393 6391 6390
f 6393 6392 6391
f 6392 6399 6384
f 6392 6384 6391
f 6325 6336 6331
f 6337 6312 6310
f 6331 6317 6315
f 6327 6331 6300
f 6326 6325 6327
f 6296 6300 6297
f 6298 6327 6296
f 6322 6389 6415
f 6311 6322 6318
f 6390 6388 6389
f 6389 6387 6421
f 6388 6397 6387
f 6310 6323 6311
f 6310 6311 6317
f 6317 6311 6320
f 6317 6320 6313
f 6315 6317 6316
f 6320 6318 6314
f 6300 6315 6305
f 6305 6315 6316
f 6305 6316 6309
f 6297 6300 6305
f 6302 6305 6301
f 6318 6415 6422
f 6415 6421 6420
f 6422 6415 6420
f 6422 6420 6424
f 6420 6425 6419
f 6421 6428 6425
f 6425 6416 6427
f 6416 6418 6429
f 6313 6314 6436
f 6314 6422 6438
f 6314 6438 6436
f 6436 6438 6431
f 6438 6422 6424
f 6438 6424 6440
f 6435 6431 6442
f 6437 6434 6433
f 6424 6419 6423
f 6427 6426 6417
f 6419 6427 6417
f 6423 6417 6496
f 6417 6426 6490
f 6427 6429 6426
f 6426 6480 6482
f 6480 6476 6482
f 6429 6406 6480
f 6480 6478 6476
f 6431 6440 6432
f 6431 6432 6430
f 6440 6424 6432
f 6432 6496 6497
f 6430 6497 6448
f 6445 6430 6447
f 6441 6442 6445
f 6496 6493 6498
f 6490 6482 6495
f 6498 6490 6502
f 6490 6495 6494
f 6494 6495 6503
f 6502 6494 6503
f 6495 6483 6479
f 6483 6486 6481
f 6497 6498 6499
f 6448 6499 6459
f 6499 6502 6501
f 6459 6501 6464
f 6446 6459 6451
f 6451 6459 6464
f 6447 6448 6446
f 6458 6447 6450
f 6102 6105 6219
f 6219 6220 6225
f 6103 6109 6105
f 6109 6103 6107
f 6105 6110 6220
f 6107 6106 6114
f 6119 6112 6122
f 6228 6214 6195
f 6104 6119 6122
f 6228 6231 6217
f 6228 6217 6214
f 6109 6107 6104
f 6220 6218 6231
f 6109 6104 6108
f 6108 6104 6097
f 6231 6227 6230
f 6109 6108 6096
f 6108 6097 6096
f 6109 6096 6110
f 6096 6083 6227
f 5714 5747 5748
f 6222 5744 5747
f 6123 6125 6117
f 6117 6121 6115
f 6217 6224 6213
f 6224 6229 6222
f 6222 6229 5744
f 6230 6227 6224
f 6224 6226 6229
f 6097 6085 6083
f 6083 6086 6227
f 6086 6088 6087
f 5747 5745 5748
f 5745 5741 5750
f 5745 5750 5749
f 6113 6131 6091
f 6091 6131 6128
f 5747 5744 5745
f 6089 6115 6113
f 5741 5753 5740
f 6117 6115 6089
f 6089 6113 6091
f 5743 5742 5753
f 5744 6087 5742
f 6085 6117 6084
f 6084 6089 6094
f 5742 6095 5751
f 6085 6084 6086
f 6084 6094 6088
f 6088 6095 6087
f 6088 6092 6095
f 5750 5741 5763
f 5763 5760 5764
f 5763 5764 5769
f 6128 6130 6129
f 5628 6132 5629
f 5740 5754 5760
f 6128 6129 6082
f 6082 6129 5628
f 5740 5753 5754
f 5754 5746 5760
f 5760 5746 5759
f 6094 6128 6082
f 5626 5628 5625
f 5753 5751 5752
f 5759 5746 5613
f 6094 6093 6092
f 6093 5626 6090
f 6092 6090 5751
f 6090 5624 5746
f 5764 5768 5766
f 5764 5766 5761
f 5629 5631 5622
f 5627 5629 5622
f 5764 5759 5768
f 5766 5614 5618
f 5628 5629 5627
f 5768 5610 5614
f 5759 5613 5610
f 5625 5627 5621
f 5625 5621 5611
f 5626 5625 5624
f 5625 5611 5617
f 5624 5617 5613
f 5617 5607 5605
f 5766 5854 5702
f 5854 5615 5849
f 5854 5849 5847
f 5622 5623 5620
f 5644 5638 5648
f 5766 5618 5854
f 5854 5618 5615
f 5615 5490 5492
f 5612 5646 5644
f 5615 5604 5490
f 5612 5644 5608
f 5490 5493 5487
f 5611 5621 5609
f 5609 5612 5616
f 5611 5609 5607
f 5607 5606 5604
f 5606 5486 5493
f 5849 5492 5495
f 5849 5495 5857
f 5648 5637 5634
f 5645 5636 5641
f 5492 5489 5491
f 5648 5634 5645
f 5490 5487 5489
f 5489 5488 5496
f 5608 5648 5460
f 5616 5608 5460
f 5616 5460 5486
f 5460 5456 5498
f 5486 5498 5487
f 5498 5483 5488
f 5495 5485 5831
f 5466 5514 5465
f 5491 5496 5485
f 5485 5475 5476
f 5467 5464 5466
f 5484 5494 5475
f 5484 5497 5494
f 5475 5480 5478
f 5467 5466 5468
f 5456 5468 5458
f 5456 5458 5457
f 5483 5457 5494
f 5457 5463 5455
f 5476 5477 5834
f 5482 5469 5474
f 5465 5514 5512
f 5459 5554 5547
f 5476 5478 5477
f 5477 5479 5482
f 5465 5512 5459
f 5482 5479 5472
f 5461 5465 5459
f 5478 5481 5479
f 5458 5459 5454
f 5480 5455 5481
f 5481 5455 5473
f 5458 5454 5463
f 5463 5462 5455
f 5469 5471 5474
f 5471 1340 1344
f 5547 5556 5558
f 5549 5557 5553
f 5482 5472 5469
f 5469 5470 5471
f 5471 1291 1340
f 5548 5553 5546
f 5472 5473 5470
f 5470 1296 1291
f 5454 5547 5550
f 5545 5548 5551
f 1296 1295 1294
f 5454 5545 5462
f 5545 5551 5555
f 5462 5555 5473
f 5555 1290 1296
f 1340 1338 1345
f 1338 1341 1337
f 1338 1337 1336
f 5553 5531 5536
f 5536 5535 1426
f 1340 1291 1341
f 1341 1300 1302
f 5546 5553 5536
f 1291 1294 1300
f 1300 1299 1302
f 5546 5536 1430
f 5551 5546 1427
f 1427 1430 1432
f 1294 1295 1299
f 5551 1427 1290
f 1427 1432 1297
f 1290 1297 1295
f 1297 1433 1293
f 6197 6194 6196
f 6196 6200 6198
f 6213 6214 6217
f 6195 6214 6194
f 6214 6203 6216
f 6216 6201 6207
f 6216 6207 6210
f 6194 6210 6187
f 5748 5720 5712
f 6215 5714 5715
f 5712 5720 5717
f 5712 5717 5722
f 6208 5715 5722
f 6215 6204 5747
f 6204 6215 6212
f 6212 6208 6206
f 6213 6224 6204
f 6213 6204 6203
f 6203 6212 6201
f 6201 6212 6207
f 6207 6206 6211
f 5748 5749 5720
f 5749 5762 5721
f 5721 5762 5757
f 5720 5721 5723
f 5721 5757 5710
f 5750 5767 5762
f 5762 5767 5755
f 5767 5769 5755
f 5762 5755 5757
f 5755 5758 5756
f 5758 5701 5695
f 5757 5756 5711
f 5756 5695 5696
f 5695 5701 5697
f 5769 5761 5765
f 5761 5702 5703
f 5765 5703 5701
f 5703 5705 5701
f 5701 5705 5698
f 5705 5706 5708
f 5702 5847 5700
f 5847 5848 5856
f 5700 5856 5707
f 5856 5846 5845
f 5706 5707 5709
f 5707 5845 5855
f 5848 5857 5846
f 5857 5842 5858
f 5846 5858 5844
f 5845 5844 5850
f 5844 5858 5852
f 5858 5840 5853
f 5842 5831 5832
f 5831 5834 5833
f 5833 5835 5836
f 5832 5833 5843
f 5833 5836 5843
f 5843 5836 5839
f 5834 5837 5835
f 5837 5474 5815
f 5830 5826 5828
f 5826 5815 5828
f 5836 5830 5821
f 5830 5828 5821
f 5474 1344 5824
f 1344 1345 1332
f 5815 5824 5822
f 5824 1339 5827
f 1339 1343 1334
f 1345 1336 1342
f 1332 1342 1333
f 1332 1333 1343
f 1333 1346 1355
f 1355 1354 1348
f 6198 6187 6193
f 6193 6679 6678
f 6187 6704 6679
f 6210 6205 6209
f 6187 6209 6704
f 6209 6205 6704
f 6205 6699 6704
f 6704 6700 6702
f 5722 5739 6644
f 6206 6208 6202
f 6202 6648 6707
f 6207 6211 6205
f 6206 6202 6211
f 6205 6211 6699
f 6211 6202 6712
f 6699 6712 6706
f 1343 1355 1349
f 6683 6681 6674
f 6679 6702 6680
f 6680 6702 6681
f 6681 6705 6674
f 6700 6709 6703
f 6702 6703 6705
f 6648 6649 6647
f 6707 6647 6710
f 6710 6652 6690
f 6690 6652 6698
f 6706 6712 6708
f 6708 6707 6710
f 6709 6711 6701
f 6701 6711 6684
f 6665 6667 6663
f 6674 6705 6667
f 6705 6696 6693
f 6696 6684 6697
f 6705 6693 6667
f 6693 6697 6686
f 6693 6686 6687
f 6652 6650 6627
f 6652 6627 6628
f 6698 6628 6691
f 6690 6698 6688
f 6684 6688 6685
f 6697 6685 6686
f 6685 6688 6691
f 6686 6685 6695
f 6666 6663 6668
f 6668 6655 6514
f 6668 6663 6655
f 6663 6689 6655
f 6687 6695 6689
f 6691 6629 6567
f 6567 6565 6574
f 6685 6691 6692
f 6695 6692 6694
f 6694 6692 6563
f 6692 6567 6563
f 6694 6563 6562
f 6563 6567 6574
f 6563 6574 6575
f 6514 6518 6513
f 6513 6552 6509
f 6655 6548 6518
f 6548 6562 6558
f 6548 6558 6552
f 6558 6560 6553
f 6560 6571 6549
f 6570 6605 6593
f 6570 6593 6568
f 6574 6570 6569
f 6569 6568 6573
f 6573 6568 6576
f 6562 6575 6561
f 6561 6575 6560
f 6575 6569 6572
f 6560 6572 6571
f 6572 6566 6571
f 6506 6551 6550
f 6550 6555 6360
f 6551 6554 6555
f 6552 6553 6554
f 6553 6549 6554
f 6554 6549 6556
f 6554 6556 6555
f 6556 6557 6559
f 6555 6556 6345
f 6556 6559 6345
f 6568 6594 6581
f 6576 6581 6588
f 6588 6578 6585
f 6571 6566 6564
f 6566 6576 6577
f 6577 6576 6588
f 6557 6577 6559
f 6559 6588 6585
f 6363 6354 6362
f 6362 6368 6355
f 6360 6346 6354
f 6345 6351 6353
f 6346 6349 6354
f 6346 6353 6349
f 6349 6344 6358
f 6578 6582 6586
f 6586 6583 6343
f 6585 6586 6341
f 6341 6586 6348
f 6559 6585 6351
f 6351 6341 6340
f 6353 6340 6344
f 6340 6341 6347
f 6355 6359 6385
f 6358 6342 6359
f 6358 6350 6342
f 6359 6342 6380
f 6342 6352 6383
f 6343 6299 6308
f 6348 6343 6339
f 6339 6308 6303
f 6344 6347 6350
f 6347 6348 6339
f 6350 6339 6352
f 6352 6339 6303
f 6352 6303 6383
f 6383 6303 6375
f 6399 6379 6384
f 6384 6372 6397
f 6379 6382 6372
f 6372 6382 6371
f 6380 6383 6381
f 6381 6375 6374
f 6382 6376 6371
f 6308 6298 6307
f 6307 6296 6294
f 6303 6307 6304
f 6304 6307 6295
f 6375 6304 6373
f 6374 6373 6376
f 6373 6295 6377
f 6397 6395 6396
f 6396 6395 6428
f 6372 6370 6395
f 6395 6413 6405
f 6371 6369 6370
f 6371 6376 6369
f 6370 6400 6413
f 6369 6408 6400
f 6400 6408 6401
f 6294 6297 6302
f 6301 6309 6437
f 6377 6295 6306
f 6295 6294 6306
f 6377 6306 6378
f 6378 6306 6408
f 6306 6301 6411
f 6418 6407 6429
f 6413 6401 6407
f 6401 6412 6402
f 6407 6402 6404
f 6402 6409 6410
f 6439 6437 6433
f 6439 6441 6444
f 6408 6411 6412
f 6411 6437 6443
f 6443 6437 6439
f 6412 6443 6409
f 6443 6439 6444
f 6443 6444 6409
f 6429 6407 6406
f 6406 6403 6478
f 6407 6404 6403
f 6404 6414 6403
f 6404 6410 6414
f 6403 6485 6478
f 6414 6457 6485
f 6444 6445 6460
f 6460 6458 6456
f 6409 6444 6410
f 6410 6460 6457
f 6478 6485 6486
f 6485 6455 6486
f 6486 6455 6454
f 6486 6454 6473
f 6454 6449 6473
f 6456 6450 6453
f 6453 6450 6452
f 6457 6456 6453
f 6502 6503 6500
f 6503 6484 6492
f 6484 6487 6492
f 6479 6489 6484
f 6484 6477 6487
f 6481 6488 6489
f 6487 6474 6461
f 6501 6500 6491
f 6492 6461 6491
f 6461 6475 6463
f 6451 6464 6471
f 6471 6464 6462
f 6471 6462 6469
f 6450 6451 6465
f 6477 6472 6474
f 6473 6467 6472
f 6465 6471 6466
f 6466 6471 6469
f 6468 6465 6467
f 383 384 380
f 2872 2704 2866
f 2866 2697 2836
f 3834 4161 4170
f 4170 4174 253
f 253 383 378
f 3829 3834 3821
f 2704 2708 2697
f 2697 2707 2694
f 251 253 243
f 2708 2702 2707
f 2707 2695 2696
f 380 382 379
f 379 386 377
f 2836 2694 2828
f 2828 2829 2830
f 378 380 379
f 376 379 377
f 2694 2698 2829
f 2829 2675 2677
f 243 378 376
f 213 376 211
f 2698 2696 2675
f 2675 2666 2679
f 392 390 395
f 2830 2678 2831
f 2831 2678 2676
f 393 391 392
f 2676 2665 2776
f 376 377 393
f 2677 2679 2678
f 2678 2670 2664
f 211 393 217
f 217 393 400
f 2679 2669 2670
f 2664 2671 2665
f 395 403 396
f 396 411 398
f 2774 2776 2775
f 400 394 397
f 397 396 399
f 2776 2612 2778
f 401 397 388
f 2665 2607 2612
f 2612 2619 2613
f 398 410 315
f 315 313 327
f 2770 2601 2777
f 314 398 315
f 2595 2596 2598
f 399 398 314
f 314 315 325
f 2778 2613 2601
f 2601 2593 2596
f 388 399 319
f 319 325 317
f 2596 2592 2590
f 2613 2605 2593
f 330 340 339
f 2600 2598 2597
f 2597 2604 2591
f 2598 2590 2604
f 325 327 324
f 335 330 336
f 2604 2602 2603
f 2603 2602 2599
f 317 324 316
f 2590 2564 2602
f 2602 2565 2571
f 339 337 328
f 2591 2599 2594
f 2594 2599 3349
f 3349 3351 3340
f 328 338 519
f 336 339 333
f 333 328 519
f 2599 2571 3350
f 3350 3352 3351
f 3351 3352 3346
f 331 336 341
f 329 336 331
f 2571 2574 3352
f 3352 3173 3348
f 3340 3346 3345
f 3345 3347 3311
f 519 518 508
f 520 519 521
f 521 508 513
f 333 519 520
f 3346 3348 3347
f 3347 3298 3306
f 334 333 515
f 515 521 522
f 3348 3165 3298
f 509 735 739
f 3313 3310 3312
f 513 510 509
f 3311 3306 3310
f 522 509 516
f 516 739 747
f 3294 3303 3307
f 3306 3299 3303
f 3303 3304 3307
f 514 522 512
f 512 516 511
f 3299 3305 3304
f 3304 3300 3301
f 739 736 740
f 744 760 761
f 740 738 737
f 737 738 744
f 3297 3307 3296
f 3296 3302 3295
f 747 740 737
f 3295 3269 3287
f 3307 3301 3302
f 517 747 748
f 748 737 743
f 761 759 754
f 774 754 773
f 643 635 639
f 772 754 774
f 639 635 641
f 744 761 746
f 746 761 772
f 745 744 746
f 771 774 773
f 670 663 635
f 746 772 771
f 635 644 648
f 743 745 746
f 770 746 771
f 663 658 669
f 669 645 644
f 773 753 638
f 766 638 648
f 765 773 766
f 3285 3291 3280
f 3287 3265 3289
f 3289 3265 3291
f 3287 3269 3265
f 3265 3278 3291
f 3291 3278 3293
f 3265 3271 3278
f 3265 3277 3271
f 2983 2986 2985
f 672 663 670
f 663 672 664
f 664 2983 2984
f 661 663 664
f 662 664 660
f 660 668 3286
f 3280 3293 3290
f 3293 3292 3290
f 3292 3279 3290
f 2984 2987 3290
f 3286 2984 3290
f 3833 3829 3830
f 3830 3827 241
f 241 251 244
f 2702 2705 2695
f 2695 2712 2696
f 2705 2713 2714
f 3822 3830 239
f 239 241 242
f 2706 2723 2705
f 2705 2723 2713
f 2714 2720 2712
f 2723 2719 2713
f 2713 2718 2720
f 244 243 249
f 249 213 212
f 2696 2712 2666
f 2666 2667 2669
f 242 244 246
f 246 249 219
f 2712 2721 2722
f 2668 2693 2672
f 2721 2709 2722
f 2722 2709 2681
f 212 211 223
f 223 217 209
f 209 221 210
f 2669 2674 2670
f 2670 2674 2673
f 219 212 223
f 2674 2685 2673
f 2673 2685 2671
f 2671 2684 2607
f 215 223 216
f 216 209 214
f 2672 2693 2674
f 2674 2693 2685
f 2685 2692 2684
f 210 401 387
f 387 402 389
f 2619 2611 2613
f 2613 2611 2605
f 2607 2684 2610
f 214 210 265
f 265 387 262
f 2610 2608 2611
f 2611 2617 2616
f 2684 2686 2608
f 389 319 322
f 2592 2572 2564
f 262 322 261
f 2605 2614 2572
f 2572 2561 2564
f 264 261 260
f 2616 2583 2614
f 2614 2582 2561
f 255 262 264
f 322 317 321
f 321 317 320
f 320 316 342
f 342 316 345
f 2565 2562 2574
f 2564 2561 2563
f 2562 2566 2573
f 260 321 348
f 348 342 354
f 2563 2566 2562
f 2561 2567 2566
f 345 331 350
f 350 341 332
f 2574 2573 3164
f 3164 3161 3173
f 3173 3171 3170
f 342 345 346
f 346 345 350
f 3164 3163 3161
f 3161 3167 3171
f 354 342 346
f 346 350 353
f 353 350 343
f 2573 2570 3163
f 3163 3174 3167
f 354 346 353
f 3167 3169 3166
f 332 334 463
f 463 515 464
f 464 515 514
f 3165 3168 3298
f 3298 3162 3305
f 3170 3171 3168
f 343 332 469
f 469 464 473
f 3168 3166 3162
f 3162 3146 3150
f 494 512 492
f 3304 3160 3300
f 473 512 494
f 3305 3150 3160
f 3300 3149 3274
f 500 494 503
f 3150 3158 3160
f 3160 3158 3149
f 3149 3152 3159
f 492 511 493
f 493 517 507
f 507 748 506
f 506 743 769
f 3301 3274 3267
f 3267 3266 3277
f 503 492 502
f 502 493 501
f 501 506 497
f 3274 3159 3276
f 3276 3272 3266
f 644 646 648
f 769 770 768
f 768 770 765
f 767 765 776
f 658 650 645
f 646 647 651
f 497 769 777
f 777 768 767
f 653 650 659
f 764 767 776
f 650 653 647
f 647 654 652
f 649 766 648
f 776 765 655
f 655 649 651
f 3278 3273 3279
f 3277 3268 3275
f 3275 3268 3273
f 3268 3251 3273
f 3273 3251 3263
f 3266 3270 3268
f 3268 3252 3251
f 3251 3261 3263
f 661 659 658
f 659 661 662
f 665 660 671
f 666 665 671
f 3273 3263 3288
f 3288 3262 3281
f 671 3286 3281
f 3820 3822 3831
f 3831 3822 239
f 239 242 240
f 2721 2720 2709
f 2720 2717 2709
f 252 239 240
f 2719 2715 2718
f 2718 2716 2717
f 2717 2724 2710
f 1453 3831 252
f 2716 2711 2724
f 1450 1453 1451
f 1451 252 250
f 2715 2640 2711
f 240 242 248
f 248 246 245
f 2709 2680 2681
f 247 248 245
f 250 240 247
f 2710 2724 2680
f 2680 2625 2690
f 233 247 229
f 2724 2626 2625
f 245 219 222
f 222 215 218
f 218 216 220
f 2693 2682 2692
f 2692 2689 2686
f 234 218 267
f 2682 2690 2688
f 2689 2687 2683
f 236 222 234
f 2688 2632 2687
f 2687 2691 2683
f 229 236 228
f 228 236 230
f 230 234 225
f 220 214 266
f 266 265 257
f 2686 2683 2609
f 2608 2618 2617
f 267 220 268
f 268 266 257
f 2609 2615 2618
f 2617 2606 2585
f 225 267 256
f 256 268 254
f 2615 2541 2606
f 257 255 258
f 258 264 260
f 258 260 272
f 2617 2585 2583
f 2583 2575 2582
f 2582 2579 2567
f 259 257 275
f 2579 2589 2586
f 2585 2576 2575
f 2575 2576 2589
f 254 259 281
f 281 275 279
f 2589 2588 2586
f 272 260 344
f 356 348 347
f 2566 2568 2570
f 2570 2569 2560
f 352 356 347
f 2579 2586 2568
f 2568 2587 2569
f 275 273 282
f 282 272 277
f 277 356 352
f 2569 2580 2560
f 274 352 351
f 2586 2577 2587
f 347 354 349
f 2570 2560 3174
f 3174 3172 3169
f 3169 3190 3183
f 479 353 471
f 3169 3179 3190
f 352 347 355
f 355 349 479
f 2560 3175 3172
f 3172 3175 3179
f 3190 3178 3184
f 351 355 485
f 485 355 478
f 478 479 480
f 3175 3176 3179
f 471 469 472
f 472 469 474
f 3166 3183 3146
f 3183 3188 3146
f 3146 3188 3154
f 3183 3184 3188
f 479 471 477
f 477 472 475
f 475 474 470
f 3184 3177 3188
f 3188 3185 3157
f 462 475 468
f 474 473 500
f 3150 3154 3158
f 3152 3156 3159
f 476 500 505
f 3154 3157 3155
f 3155 3151 3156
f 3156 3148 3153
f 468 470 467
f 467 476 465
f 3157 3185 3151
f 505 503 495
f 495 502 504
f 504 501 498
f 3272 3243 3270
f 3159 3153 3272
f 3270 3264 3252
f 465 505 496
f 496 504 499
f 3243 3246 3264
f 3153 3245 3243
f 459 496 460
f 460 496 461
f 461 499 447
f 498 497 777
f 456 777 764
f 653 704 654
f 458 764 775
f 654 705 657
f 499 498 456
f 712 696 692
f 696 712 704
f 447 456 448
f 448 456 458
f 775 776 656
f 656 655 657
f 715 656 716
f 451 775 715
f 3251 3250 3261
f 3252 3253 3250
f 3250 3256 3254
f 3253 3255 3256
f 3256 3255 3259
f 659 698 696
f 698 667 702
f 702 667 666
f 699 666 691
f 693 702 699
f 692 698 693
f 695 699 700
f 3263 3261 3262
f 3262 3257 3281
f 3261 3254 3257
f 3257 3258 690
f 3254 3259 3258
f 691 671 3281
f 700 691 690
f 1452 1450 1451
f 2711 2623 2626
f 1454 1451 1457
f 2640 2643 2623
f 2623 2627 2626
f 1440 1452 1454
f 1456 1457 1465
f 1445 1440 1438
f 1438 1454 1456
f 2641 2639 2643
f 2643 2638 2627
f 1457 250 232
f 232 233 229
f 2625 2634 2629
f 231 229 226
f 2626 2627 2634
f 2634 2628 2629
f 1465 232 231
f 1463 231 237
f 2627 2622 2628
f 2628 2621 2620
f 1462 1465 1463
f 227 230 225
f 2690 2629 2632
f 2691 2633 2536
f 226 228 235
f 235 228 227
f 2629 2630 2632
f 2632 2631 2633
f 2633 2533 2536
f 238 227 224
f 2630 2624 2631
f 237 226 235
f 2631 2624 2533
f 2533 2538 2537
f 311 238 300
f 224 225 285
f 285 256 263
f 2536 2537 2541
f 2541 2539 2540
f 298 224 285
f 291 285 287
f 2537 2534 2539
f 2539 2532 2535
f 300 298 291
f 263 254 276
f 276 281 269
f 2540 2535 2544
f 2588 2584 2577
f 2544 2543 2584
f 287 276 293
f 270 277 274
f 269 279 284
f 284 282 270
f 283 274 484
f 2577 2578 2580
f 2580 2581 3186
f 271 270 283
f 2584 2522 2578
f 280 269 284
f 2522 2521 2578
f 2578 2521 2581
f 2581 2521 3189
f 293 280 294
f 294 284 278
f 274 351 485
f 3175 3186 3176
f 3176 3187 3178
f 3178 3187 3177
f 484 485 481
f 481 485 488
f 3186 3189 3187
f 3187 3204 3181
f 608 484 481
f 3189 3196 3203
f 3203 3202 3204
f 3204 3202 3192
f 608 481 483
f 478 480 477
f 3177 3181 3182
f 488 478 490
f 490 462 466
f 3181 3192 3182
f 3182 3214 3180
f 486 488 491
f 491 490 487
f 3192 3220 3214
f 3214 3210 3207
f 3185 3180 3147
f 3151 3241 3148
f 3148 3241 3245
f 466 467 429
f 3147 3207 3241
f 3241 3244 3248
f 487 466 426
f 426 466 425
f 425 429 427
f 3207 3217 3244
f 3244 3236 3248
f 482 487 426
f 428 465 459
f 3245 3248 3247
f 428 459 446
f 446 461 450
f 427 428 421
f 3248 3249 3247
f 3247 3224 3229
f 418 446 454
f 454 446 455
f 3248 3237 3249
f 422 421 418
f 3249 3237 3224
f 712 711 703
f 703 717 716
f 450 447 449
f 449 451 452
f 457 449 452
f 455 450 457
f 711 707 718
f 718 709 717
f 717 709 708
f 453 457 452
f 454 455 453
f 452 451 715
f 713 715 714
f 439 452 441
f 441 713 708
f 3264 3229 3255
f 3255 3231 3259
f 3229 3234 3231
f 3231 3232 3222
f 694 692 693
f 692 694 711
f 694 693 695
f 694 710 711
f 710 694 689
f 689 694 697
f 697 695 688
f 706 710 689
f 710 706 707
f 3258 3260 701
f 3259 3222 3260
f 3260 684 673
f 688 700 701
f 680 688 673
f 1448 1445 1446
f 1446 1438 1444
f 1444 1438 1464
f 2639 2637 2638
f 2638 2646 2622
f 2637 2635 2646
f 2635 2645 2646
f 2646 2649 2661
f 1437 1446 1436
f 1436 1460 1455
f 2644 2648 2645
f 2649 2655 2656
f 1461 1463 1458
f 2622 2661 2621
f 2621 2657 2620
f 1460 1461 1458
f 2661 2656 2660
f 1455 1460 1459
f 1408 1459 1415
f 2656 2654 2663
f 1458 237 310
f 310 235 311
f 2620 2657 2624
f 2624 2651 2538
f 2538 2546 2534
f 309 311 302
f 2657 2652 2651
f 2652 2659 2651
f 2651 2548 2546
f 2546 2550 2557
f 1415 1406 1409
f 1409 310 305
f 305 309 306
f 2548 2559 2554
f 286 291 288
f 2534 2557 2532
f 2532 2558 2542
f 299 286 292
f 306 300 299
f 2557 2551 2558
f 2558 2552 2549
f 303 306 304
f 304 299 301
f 2552 2545 2549
f 288 287 293
f 2531 2542 2543
f 2543 2524 2530
f 292 293 295
f 2524 2517 2530
f 2524 2518 2517
f 301 292 289
f 289 292 296
f 2549 2526 2518
f 2521 3206 3196
f 295 294 297
f 609 612 604
f 2530 2517 2523
f 2517 2525 2523
f 2523 2525 3206
f 3206 3197 3205
f 296 295 290
f 290 297 598
f 598 609 599
f 2517 2520 2525
f 2520 2529 2525
f 2525 2528 3197
f 612 608 605
f 605 608 603
f 603 483 489
f 3196 3198 3202
f 3202 3193 3220
f 604 605 603
f 3198 3199 3195
f 3195 3191 3193
f 3193 3194 3221
f 599 604 607
f 607 604 606
f 606 603 588
f 489 486 491
f 3220 3221 3210
f 3210 3211 3217
f 586 491 585
f 585 482 584
f 3221 3209 3211
f 588 586 587
f 587 586 589
f 589 585 592
f 3194 3216 3209
f 3209 3208 3212
f 424 426 423
f 3217 3213 3236
f 3236 3242 3237
f 584 482 424
f 583 424 419
f 3213 3215 3242
f 3242 3238 3239
f 592 584 583
f 3212 3208 3215
f 3215 3218 3238
f 3208 3219 3215
f 420 418 432
f 432 454 444
f 3237 3223 3224
f 419 423 420
f 435 432 443
f 443 432 444
f 3237 3239 3223
f 3224 3228 3227
f 595 419 431
f 431 420 430
f 430 435 436
f 3239 3240 3233
f 545 436 543
f 444 454 453
f 709 722 708
f 728 707 706
f 707 728 709
f 709 728 727
f 445 453 439
f 727 726 719
f 443 444 437
f 437 445 438
f 438 439 442
f 730 728 721
f 727 728 726
f 436 443 437
f 726 725 719
f 543 437 434
f 434 438 433
f 730 732 726
f 442 439 440
f 440 441 722
f 433 442 440
f 3234 3227 3232
f 3232 3227 3230
f 3230 3235 678
f 3227 3225 3235
f 3225 3226 3235
f 3226 1562 677
f 682 697 685
f 721 706 682
f 683 682 685
f 734 721 733
f 733 683 687
f 3222 678 684
f 684 679 681
f 686 676 687
f 685 680 681
f 2645 2636 2655
f 1417 1437 1407
f 1407 1436 1414
f 2636 2658 2655
f 1416 1417 1418
f 1418 1407 1414
f 2658 2648 1324
f 1428 1421 1429
f 1429 1416 1410
f 1410 1418 1419
f 2663 2662 2659
f 1414 1455 1408
f 2655 2658 2654
f 2654 2650 2662
f 1413 1408 1381
f 2650 2658 1317
f 1419 1413 1398
f 1382 1409 1378
f 1378 305 312
f 2659 2662 2559
f 2559 2553 2554
f 1381 1382 1380
f 1380 1382 1389
f 2553 2662 1587
f 1398 1381 1394
f 1394 1380 1385
f 1385 1389 1387
f 2551 2555 2556
f 312 303 307
f 307 304 308
f 2554 2553 2551
f 1376 312 1379
f 1379 307 613
f 2555 2553 1599
f 2556 2555 1599
f 2547 2556 1610
f 1389 1376 1377
f 1377 1376 1379
f 1387 1377 1386
f 1386 1379 1372
f 2545 2547 2526
f 308 289 627
f 627 296 616
f 2526 2519 2520
f 613 627 626
f 2519 2547 1609
f 2527 2519 1604
f 1372 613 621
f 616 598 610
f 610 599 602
f 2529 2527 2528
f 2528 2527 3200
f 626 627 625
f 625 616 624
f 621 626 618
f 618 625 619
f 619 624 623
f 3197 3200 3199
f 3199 3200 3191
f 3191 3201 3194
f 602 607 600
f 600 606 593
f 611 602 601
f 600 593 594
f 3201 1576 1571
f 1554 3201 1541
f 623 611 622
f 622 601 577
f 3209 3216 3208
f 593 587 596
f 596 589 590
f 3216 1554 3208
f 1554 1555 3219
f 594 593 596
f 576 590 573
f 1555 1554 1543
f 577 594 574
f 574 576 568
f 3218 1542 3238
f 3238 1569 3240
f 590 583 591
f 3219 1555 1542
f 573 590 571
f 571 590 546
f 1542 1555 1550
f 1569 1542 1561
f 568 573 582
f 582 571 567
f 3226 3240 1557
f 591 595 544
f 544 430 545
f 546 591 548
f 548 544 549
f 549 544 550
f 550 545 551
f 567 546 540
f 540 549 542
f 732 723 726
f 726 723 725
f 552 434 433
f 732 729 723
f 551 543 552
f 547 551 539
f 539 552 537
f 527 529 534
f 529 527 1537
f 525 440 526
f 537 433 525
f 524 525 534
f 528 537 524
f 1324 1325 1321
f 1317 1324 1322
f 1317 1322 1330
f 1321 1326 1331
f 1322 1321 1328
f 1330 1328 1323
f 1328 1331 1323
f 1317 1329 2650
f 1329 1317 1319
f 2653 1329 1318
f 1318 1319 1320
f 1319 1330 1327
f 1320 1319 1327
f 1587 2653 1586
f 1598 1586 1600
f 1586 1320 1312
f 1599 1587 1598
f 1610 1597 1611
f 1597 1598 1596
f 1608 1611 1606
f 1611 1596 1593
f 1606 1611 1613
f 1609 1610 1608
f 1604 1609 1603
f 1607 1608 1605
f 1603 1607 1605
f 1605 1606 1614
f 1602 1605 1614
f 2527 1580 1576
f 1576 1580 1579
f 1580 1604 1601
f 1579 1601 1584
f 1601 1602 1615
f 1577 1584 1582
f 1571 1576 1573
f 1541 1571 1575
f 1573 1579 1581
f 1575 1581 1578
f 1546 1575 1551
f 1543 1541 1548
f 1550 1543 1547
f 1548 1546 1553
f 1553 1546 1551
f 1545 1553 1549
f 1547 1545 1552
f 1561 1566 1569
f 1566 1561 1564
f 1561 1550 1547
f 1559 1547 1556
f 1564 1559 1556
f 3226 1557 1562
f 3240 1569 1560
f 1560 1568 1570
f 1557 1560 1570
f 1557 1570 1562
f 1570 1567 1563
f 1562 1570 1563
f 1569 1568 1560
f 1569 1566 1568
f 1568 1566 1564
f 1568 1564 1567
f 1564 1556 1565
f 731 733 720
f 720 733 674
f 724 729 732
f 729 724 1529
f 1529 926 1534
f 926 720 674
f 1528 1529 1526
f 1526 1529 1534
f 1528 1537 729
f 1537 1528 1527
f 1527 1528 1526
f 1536 1527 1533
f 1533 1526 1530
f 1323 1331 1357
f 1358 1348 1357
f 1357 1352 1305
f 1352 1347 1310
f 1327 1323 1305
f 1312 1327 1314
f 1305 1313 1314
f 1594 1312 1315
f 1600 1594 1592
f 1314 1316 1315
f 1315 1303 1592
f 1316 1309 1303
f 1303 1264 1590
f 1593 1600 1592
f 1613 1593 1589
f 1591 1588 1589
f 1592 1585 1591
f 1591 1585 1588
f 1590 1263 1585
f 1614 1613 1589
f 1615 1614 1612
f 1589 1595 1612
f 1584 1615 1583
f 1582 1584 1583
f 1612 1624 1583
f 1583 1625 1572
f 1625 1627 1623
f 1581 1582 1572
f 1578 1581 1572
f 1551 1578 1574
f 1572 1622 1574
f 1623 1628 1622
f 1549 1551 1544
f 1574 1629 1544
f 1544 1466 1481
f 1481 1480 1479
f 1466 1468 1480
f 1552 1549 1479
f 1556 1552 1479
f 1556 1479 1477
f 1479 1472 1477
f 676 928 927
f 1558 930 928
f 927 928 940
f 928 930 940
f 927 940 931
f 935 874 932
f 930 935 932
f 940 930 933
f 935 1565 869
f 935 869 874
f 869 871 874
f 874 871 877
f 1477 1478 1565
f 1478 878 1565
f 1565 878 869
f 869 878 871
f 871 881 877
f 676 927 674
f 1534 926 939
f 929 931 937
f 939 937 905
f 1532 939 910
f 910 905 908
f 1531 1532 910
f 1530 1532 1531
f 1531 910 1538
f 1538 910 900
f 931 934 938
f 933 925 936
f 934 933 936
f 925 875 919
f 936 925 920
f 938 936 918
f 875 876 863
f 918 920 924
f 920 919 921
f 875 877 876
f 876 873 862
f 937 938 917
f 905 937 906
f 906 917 890
f 917 924 895
f 890 917 895
f 908 905 906
f 908 906 897
f 897 906 903
f 899 903 904
f 900 908 896
f 919 863 922
f 920 921 923
f 924 923 912
f 863 862 852
f 922 852 914
f 923 922 915
f 922 914 915
f 912 923 913
f 913 915 916
f 852 864 858
f 862 853 852
f 852 853 864
f 862 873 853
f 873 854 853
f 864 861 859
f 854 855 853
f 853 855 861
f 924 912 913
f 890 895 883
f 895 913 892
f 883 892 893
f 904 890 885
f 885 883 891
f 899 904 902
f 852 858 865
f 914 852 865
f 915 914 911
f 916 911 960
f 865 858 1014
f 911 950 951
f 951 950 954
f 950 1004 941
f 1014 1011 1004
f 1014 1015 1011
f 858 859 1015
f 859 857 1015
f 1015 1007 1006
f 857 1009 1015
f 1015 1008 1007
f 893 892 882
f 892 960 962
f 960 951 955
f 962 955 944
f 958 962 969
f 891 893 889
f 889 882 958
f 967 958 969
f 887 889 967
f 967 969 959
f 955 954 942
f 941 1000 945
f 942 948 943
f 947 945 952
f 946 943 953
f 943 952 949
f 1011 1006 1004
f 1004 1006 1000
f 1000 1013 998
f 1006 1001 1013
f 1013 1002 998
f 962 944 963
f 944 942 946
f 963 982 956
f 956 982 973
f 969 962 965
f 968 956 973
f 959 965 961
f 961 963 968
f 945 992 995
f 952 945 995
f 949 952 996
f 972 953 976
f 976 996 974
f 995 985 986
f 996 993 987
f 992 998 997
f 989 990 984
f 998 994 991
f 991 994 989
f 982 972 977
f 973 977 971
f 977 974 975
f 971 977 978
f 979 971 980
f 980 971 983
f 993 986 988
f 974 987 1147
f 1147 987 1132
f 988 986 1133
f 987 988 1133
f 1147 1132 1140
f 1132 1133 1134
f 1140 1132 1122
f 1047 1050 1049
f 1133 1047 1135
f 986 984 1047
f 1047 1060 1050
f 984 999 1060
f 984 990 999
f 978 975 1145
f 1142 1147 1140
f 1142 1140 1138
f 1140 1122 1137
f 1145 1138 1146
f 1144 1145 1148
f 1148 1145 1146
f 983 978 1143
f 1149 1144 1150
f 970 1143 1149
f 1134 1135 1136
f 1122 1134 1136
f 1122 1136 1137
f 1135 1049 1124
f 1137 1136 1123
f 1124 1068 1066
f 1049 1059 1068
f 1050 1051 1059
f 1059 1052 1070
f 1138 1137 1141
f 1141 1123 1131
f 1123 1126 1127
f 1139 1141 1131
f 1148 1146 1139
f 1150 1148 1117
f 1117 1139 1109
f 1124 1066 1125
f 1126 1124 1128
f 1128 1125 1130
f 1066 1074 1065
f 1130 1065 1064
f 1065 1069 1063
f 1074 1071 1067
f 1131 1127 1129
f 1127 1128 1129
f 1129 1130 1093
f 1104 1093 1095
f 1103 1131 1104
f 1102 1104 1096
f 1103 1104 1102
f 1109 1103 1100
f 1100 1102 1106
f 1064 1063 1170
f 1170 1063 1174
f 1174 1063 1169
f 1178 1174 1179
f 1069 1072 1061
f 1061 1062 1163
f 1067 1073 1072
f 1093 1064 1094
f 1094 1170 1178
f 1097 1094 1105
f 1105 1094 1178
f 1096 1095 1098
f 1099 1105 1184
f 1106 1096 1098
f 1106 1098 1107
f 1107 1098 1092
f 1092 1099 1184
f 1174 1169 1177
f 1169 1180 1168
f 1180 1154 1166
f 1177 1168 1175
f 1168 1166 1173
f 1168 1173 1167
f 1166 1155 1173
f 1180 1163 1154
f 1154 1165 1155
f 1179 1177 1176
f 1105 1176 1182
f 1176 1175 1171
f 1176 1171 1189
f 1182 1176 1189
f 1182 1189 1190
f 1184 1105 1183
f 1181 1182 1190
f 1187 1183 1181
f 1175 1167 1172
f 1173 1257 1246
f 1172 1173 1246
f 1171 1172 1199
f 1246 1254 1256
f 1257 1249 1254
f 1155 1161 1251
f 1249 1252 1243
f 1210 1199 1203
f 1190 1189 1191
f 1191 1202 1211
f 1181 1190 1194
f 1194 1191 1195
f 1195 1191 1211
f 1195 1211 1201
f 1199 1246 1204
f 1244 1256 1239
f 1204 1244 1206
f 1239 1241 1229
f 1227 1239 1229
f 1241 1233 1229
f 1241 1231 1233
f 1243 1242 1238
f 1202 1203 1208
f 1203 1204 1205
f 1208 1205 1197
f 1205 1206 1209
f 1207 1208 1200
f 1200 1197 1212
f 1201 1207 1200
f 1337 1289 1292
f 1337 1292 1360
f 1429 1410 1412
f 1302 1298 1289
f 1289 1301 1288
f 1430 1428 1431
f 1434 1429 1412
f 1302 1299 1298
f 1298 1293 1301
f 1301 1280 1282
f 1432 1434 1420
f 1293 1279 1280
f 1280 1279 1275
f 1432 1420 1433
f 1433 1425 1279
f 1292 1281 1278
f 1292 1278 1351
f 1397 1398 1399
f 1288 1282 1281
f 1281 1276 1284
f 1405 1419 1397
f 1282 1275 1276
f 1276 1283 1286
f 1405 1397 1402
f 1420 1434 1422
f 1283 1287 1286
f 1420 1422 1423
f 1422 1402 1277
f 1425 1423 1279
f 1423 1277 1279
f 1277 1404 1287
f 1278 1284 1261
f 1261 1268 1272
f 1261 1272 1273
f 1284 1285 1268
f 1401 1385 1383
f 1285 1274 1269
f 1402 1399 1400
f 1402 1400 1403
f 1403 1401 1393
f 1402 1403 1404
f 1403 1393 1390
f 1404 1390 1274
f 1272 1262 1674
f 1674 1662 1663
f 1388 1386 1371
f 1268 1269 1262
f 1662 1265 1651
f 1383 1387 1388
f 1384 1388 1367
f 1269 1270 1262
f 1262 1270 1265
f 1265 1395 1651
f 1393 1384 1392
f 1392 1384 1367
f 1393 1392 1390
f 1392 1367 1391
f 1390 1391 1395
f 1663 1660 1656
f 1663 1656 1667
f 1371 1372 1369
f 1369 621 618
f 1662 1651 1660
f 1660 1655 1658
f 1660 1647 1655
f 1367 1369 1368
f 1367 1368 1363
f 1647 1396 1649
f 1367 1363 1366
f 1391 1366 1396
f 1366 1375 1649
f 1656 1658 1659
f 1656 1659 1652
f 1659 1657 1646
f 1658 1648 1657
f 1658 1655 1648
f 1657 1653 1650
f 1373 619 617
f 1365 618 1373
f 1655 1649 1648
f 1653 1654 1634
f 1363 1365 1362
f 1362 1373 1361
f 1363 1362 1375
f 1362 1361 1364
f 1375 1364 1654
f 1364 1374 1636
f 1646 1650 1631
f 1646 1631 1645
f 1631 1632 1638
f 1631 1638 1643
f 1638 1637 1644
f 614 622 620
f 1650 1633 1631
f 1631 1633 1632
f 1632 1635 1640
f 615 620 569
f 1361 617 578
f 1634 1636 1635
f 1635 1636 1642
f 1361 578 1374
f 1374 1641 1636
f 1641 1506 1642
f 1637 1639 1473
f 1639 1509 1504
f 1639 1504 1484
f 620 577 575
f 575 577 574
f 1638 1640 1639
f 1509 1497 1505
f 572 568 581
f 1639 1510 1509
f 569 575 572
f 1640 1508 1510
f 1509 1510 1499
f 578 569 570
f 570 572 579
f 578 570 1506
f 570 579 1496
f 1506 1496 1508
f 1496 1500 1499
f 1505 1485 1483
f 1486 1494 1485
f 1505 1507 1486
f 1486 1490 1494
f 581 568 582
f 581 582 580
f 580 565 558
f 1497 1499 1507
f 579 580 558
f 1507 1498 1503
f 579 558 1502
f 1500 1502 1498
f 1502 561 1501
f 565 567 564
f 564 540 563
f 563 542 554
f 558 564 553
f 553 563 554
f 1490 1522 1489
f 1522 1514 1519
f 553 554 556
f 558 553 559
f 1515 557 1514
f 558 559 561
f 561 555 557
f 554 542 538
f 541 538 539
f 536 529 1523
f 529 536 523
f 541 539 528
f 562 538 541
f 541 528 532
f 559 556 562
f 532 562 541
f 1514 566 1511
f 1511 566 536
f 536 566 531
f 559 562 560
f 560 535 533
f 555 560 566
f 560 533 566
f 530 524 523
f 532 530 535
f 1336 1337 1353
f 1337 1360 1353
f 1336 1353 1346
f 1353 1360 1356
f 1346 1356 1354
f 1356 1360 1359
f 1360 1350 1359
f 1356 1359 1347
f 1359 1307 1347
f 1360 1351 1350
f 1351 1278 1308
f 1278 1260 1308
f 1350 1308 1307
f 1308 1260 1304
f 1307 1311 1306
f 1311 1304 1313
f 1278 1261 1260
f 1261 1273 1260
f 1260 1273 1258
f 1260 1258 1304
f 1259 1266 1264
f 1304 1258 1309
f 1273 1272 1267
f 1272 1674 1669
f 1267 1669 1271
f 1267 1271 1266
f 1669 1666 1671
f 1271 1671 1263
f 1263 1671 1585
f 1671 1661 1585
f 1670 1667 1673
f 1667 1652 1668
f 1666 1673 1661
f 1673 1668 1672
f 1661 1672 1595
f 1672 1664 1675
f 1668 1665 1664
f 1619 1616 1621
f 1664 1620 1624
f 1620 1621 1627
f 1645 1643 1616
f 1643 1644 1617
f 1616 1617 1618
f 1618 1630 1629
f 1644 1473 1474
f 1473 1484 1476
f 1474 1473 1467
f 1473 1476 1467
f 1630 1467 1629
f 1467 1476 1468
f 1476 1469 1480
f 1487 1494 1495
f 1484 1483 1488
f 1483 1487 1491
f 1488 1491 1469
f 1491 1487 1470
f 1470 1487 1475
f 1469 1470 1471
f 1487 1495 1482
f 1495 1492 1482
f 1519 1489 1522
f 1489 1519 1512
f 1519 1524 1517
f 1492 1520 1493
f 1512 1517 1520
f 1517 1521 1516
f 1523 1536 1535
f 1535 1533 1539
f 1519 1514 1523
f 1519 1523 1524
f 1523 1511 536
f 1521 1535 1539
f 1621 1626 1627
f 1471 1470 1472
f 1475 1482 1478
f 1482 1493 1478
f 878 868 881
f 1520 1525 1513
f 1520 1513 879
f 1513 1518 840
f 879 840 872
f 840 1518 849
f 840 849 839
f 1539 1538 1540
f 1540 900 898
f 1516 1539 1518
f 1518 1540 850
f 1518 850 849
f 881 870 867
f 867 856 854
f 867 870 856
f 868 872 870
f 872 839 838
f 872 838 870
f 839 848 851
f 870 838 847
f 856 847 866
f 851 843 846
f 898 896 907
f 850 898 848
f 848 907 843
f 843 907 842
f 854 866 855
f 847 846 845
f 846 843 842
f 846 842 844
f 866 845 860
f 844 909 884
f 845 844 841
f 844 884 841
f 901 899 902
f 886 891 887
f 907 901 909
f 909 886 894
f 894 886 888
f 884 894 888
f 1007 1008 1001
f 1008 1003 1001
f 860 841 1009
f 841 884 1033
f 841 1033 1010
f 1009 1010 1003
f 1033 1038 1031
f 1010 1033 1003
f 1033 1031 1044
f 957 967 959
f 888 887 1043
f 1043 957 1039
f 884 888 1037
f 1037 1043 1038
f 1043 1039 1038
f 1001 1005 1002
f 1002 1005 994
f 1003 1044 1032
f 1044 1031 1034
f 1031 1041 1042
f 1032 1034 1045
f 1005 1045 1029
f 1034 1035 1045
f 964 961 966
f 966 968 981
f 1039 964 1040
f 1040 966 1036
f 1038 1039 1041
f 1041 1036 1046
f 989 1028 990
f 1028 1018 990
f 994 1029 1028
f 1028 1019 1018
f 1045 1035 1030
f 1045 1030 1029
f 1035 1016 1030
f 1030 1016 1017
f 1029 1030 1019
f 1030 1017 1020
f 1036 981 1016
f 1020 1017 1026
f 1017 1024 1026
f 999 1018 1060
f 1060 1048 1051
f 1020 1026 1025
f 1021 1025 1023
f 1022 1057 1055
f 1022 1023 1057
f 1023 1027 1058
f 1055 1054 1053
f 1057 1058 1054
f 1058 1120 1056
f 1114 1150 1118
f 1024 970 1114
f 1024 1114 1112
f 1112 1114 1121
f 1025 1026 1027
f 1027 1112 1120
f 1051 1053 1052
f 1053 1054 1088
f 1054 1056 1081
f 1088 1082 1079
f 1082 1086 1091
f 1118 1117 1119
f 1119 1109 1111
f 1121 1118 1110
f 1110 1119 1113
f 1120 1121 1110
f 1056 1110 1086
f 1086 1113 1091
f 1071 1089 1073
f 1087 1090 1089
f 1089 1083 1080
f 1079 1091 1090
f 1091 1115 1077
f 1111 1100 1101
f 1101 1106 1107
f 1113 1111 1116
f 1116 1107 1108
f 1113 1116 1115
f 1073 1080 1072
f 1072 1084 1062
f 1084 1157 1152
f 1077 1108 1085
f 1080 1076 1084
f 1076 1085 1078
f 1085 1192 1151
f 1084 1078 1157
f 1108 1092 1192
f 1192 1193 1188
f 1062 1152 1163
f 1165 1159 1161
f 1152 1157 1159
f 1078 1151 1153
f 1153 1162 1160
f 1157 1160 1159
f 1162 1196 1156
f 1186 1194 1185
f 1151 1188 1164
f 1164 1188 1162
f 1188 1187 1186
f 1188 1186 1196
f 1196 1186 1185
f 1161 1159 1251
f 1252 1255 1243
f 1160 1156 1158
f 1159 1158 1252
f 1252 1248 1255
f 1248 1245 1250
f 1185 1195 1198
f 1196 1185 1156
f 1156 1198 1245
f 1243 1255 1242
f 1242 1237 1234
f 1248 1250 1255
f 1255 1250 1253
f 1250 1247 1253
f 1255 1253 1242
f 1253 1218 1219
f 1198 1200 1218
f 1218 1224 1222
f 1245 1198 1247
f 1209 1227 1217
f 1229 1230 1228
f 1228 1232 1216
f 1232 1236 1215
f 1230 1235 1232
f 1215 1236 1226
f 1233 1234 1235
f 1236 1220 1226
f 1197 1209 1214
f 1214 1217 1213
f 1213 1217 1216
f 1215 1226 1213
f 1212 1214 1225
f 1213 1226 1225
f 1224 1212 1223
f 1226 1223 1225
f 1234 1237 1235
f 1235 1240 1236
f 1236 1240 1220
f 1237 1219 1240
f 1219 1221 1220
