# stiff4 deterministic resolution asset; coordinates in metres
v -0.80000000000000004 0 -0.80000000000000004
v -0.77866666666666673 0 -0.80000000000000004
v -0.75733333333333341 0 -0.80000000000000004
v -0.73599999999999999 0 -0.80000000000000004
v -0.71466666666666667 0 -0.80000000000000004
v -0.69333333333333336 0 -0.80000000000000004
v -0.67200000000000004 0 -0.80000000000000004
v -0.65066666666666673 0 -0.80000000000000004
v -0.6293333333333333 0 -0.80000000000000004
v -0.6080000000000001 0 -0.80000000000000004
v -0.58666666666666667 0 -0.80000000000000004
v -0.56533333333333335 0 -0.80000000000000004
v -0.54400000000000004 0 -0.80000000000000004
v -0.52266666666666672 0 -0.80000000000000004
v -0.50133333333333341 0 -0.80000000000000004
v -0.48000000000000004 0 -0.80000000000000004
v -0.45866666666666667 0 -0.80000000000000004
v -0.43733333333333335 0 -0.80000000000000004
v -0.41600000000000004 0 -0.80000000000000004
v -0.39466666666666667 0 -0.80000000000000004
v -0.37333333333333335 0 -0.80000000000000004
v -0.35200000000000004 0 -0.80000000000000004
v -0.33066666666666666 0 -0.80000000000000004
v -0.30933333333333329 0 -0.80000000000000004
v -0.28799999999999992 0 -0.80000000000000004
v -0.26666666666666672 0 -0.80000000000000004
v -0.2453333333333334 0 -0.80000000000000004
v -0.22399999999999998 0 -0.80000000000000004
v -0.20266666666666666 0 -0.80000000000000004
v -0.18133333333333335 0 -0.80000000000000004
v -0.16000000000000003 0 -0.80000000000000004
v -0.13866666666666672 0 -0.80000000000000004
v -0.11733333333333329 0 -0.80000000000000004
v -0.095999999999999974 0 -0.80000000000000004
v -0.074666666666666659 0 -0.80000000000000004
v -0.053333333333333344 0 -0.80000000000000004
v -0.032000000000000028 0 -0.80000000000000004
v -0.010666666666666713 0 -0.80000000000000004
v 0.010666666666666713 0 -0.80000000000000004
v 0.032000000000000028 0 -0.80000000000000004
v 0.053333333333333344 0 -0.80000000000000004
v 0.07466666666666677 0 -0.80000000000000004
v 0.095999999999999974 0 -0.80000000000000004
v 0.11733333333333329 0 -0.80000000000000004
v 0.13866666666666672 0 -0.80000000000000004
v 0.15999999999999992 0 -0.80000000000000004
v 0.18133333333333346 0 -0.80000000000000004
v 0.20266666666666655 0 -0.80000000000000004
v 0.2240000000000002 0 -0.80000000000000004
v 0.2453333333333334 0 -0.80000000000000004
v 0.26666666666666661 0 -0.80000000000000004
v 0.28800000000000003 0 -0.80000000000000004
v 0.30933333333333324 0 -0.80000000000000004
v 0.33066666666666666 0 -0.80000000000000004
v 0.35200000000000009 0 -0.80000000000000004
v 0.37333333333333329 0 -0.80000000000000004
v 0.39466666666666672 0 -0.80000000000000004
v 0.41599999999999993 0 -0.80000000000000004
v 0.43733333333333335 0 -0.80000000000000004
v 0.45866666666666678 0 -0.80000000000000004
v 0.47999999999999998 0 -0.80000000000000004
v 0.50133333333333341 0 -0.80000000000000004
v 0.52266666666666661 0 -0.80000000000000004
v 0.54400000000000004 0 -0.80000000000000004
v 0.56533333333333347 0 -0.80000000000000004
v 0.58666666666666667 0 -0.80000000000000004
v 0.6080000000000001 0 -0.80000000000000004
v 0.6293333333333333 0 -0.80000000000000004
v 0.65066666666666673 0 -0.80000000000000004
v 0.67199999999999993 0 -0.80000000000000004
v 0.69333333333333336 0 -0.80000000000000004
v 0.71466666666666678 0 -0.80000000000000004
v 0.73599999999999999 0 -0.80000000000000004
v 0.75733333333333341 0 -0.80000000000000004
v 0.77866666666666662 0 -0.80000000000000004
v 0.80000000000000004 0 -0.80000000000000004
v -0.80000000000000004 0 -0.77866666666666673
v -0.77866666666666673 0 -0.77866666666666673
v -0.75733333333333341 0 -0.77866666666666673
v -0.73599999999999999 0 -0.77866666666666673
v -0.71466666666666667 0 -0.77866666666666673
v -0.69333333333333336 0 -0.77866666666666673
v -0.67200000000000004 0 -0.77866666666666673
v -0.65066666666666673 0 -0.77866666666666673
v -0.6293333333333333 0 -0.77866666666666673
v -0.6080000000000001 0 -0.77866666666666673
v -0.58666666666666667 0 -0.77866666666666673
v -0.56533333333333335 0 -0.77866666666666673
v -0.54400000000000004 0 -0.77866666666666673
v -0.52266666666666672 0 -0.77866666666666673
v -0.50133333333333341 0 -0.77866666666666673
v -0.48000000000000004 0 -0.77866666666666673
v -0.45866666666666667 0 -0.77866666666666673
v -0.43733333333333335 0 -0.77866666666666673
v -0.41600000000000004 0 -0.77866666666666673
v -0.39466666666666667 0 -0.77866666666666673
v -0.37333333333333335 0 -0.77866666666666673
v -0.35200000000000004 0 -0.77866666666666673
v -0.33066666666666666 0 -0.77866666666666673
v -0.30933333333333329 0 -0.77866666666666673
v -0.28799999999999992 0 -0.77866666666666673
v -0.26666666666666672 0 -0.77866666666666673
v -0.2453333333333334 0 -0.77866666666666673
v -0.22399999999999998 0 -0.77866666666666673
v -0.20266666666666666 0 -0.77866666666666673
v -0.18133333333333335 0 -0.77866666666666673
v -0.16000000000000003 0 -0.77866666666666673
v -0.13866666666666672 0 -0.77866666666666673
v -0.11733333333333329 0 -0.77866666666666673
v -0.095999999999999974 0 -0.77866666666666673
v -0.074666666666666659 0 -0.77866666666666673
v -0.053333333333333344 0 -0.77866666666666673
v -0.032000000000000028 0 -0.77866666666666673
v -0.010666666666666713 0 -0.77866666666666673
v 0.010666666666666713 0 -0.77866666666666673
v 0.032000000000000028 0 -0.77866666666666673
v 0.053333333333333344 0 -0.77866666666666673
v 0.07466666666666677 0 -0.77866666666666673
v 0.095999999999999974 0 -0.77866666666666673
v 0.11733333333333329 0 -0.77866666666666673
v 0.13866666666666672 0 -0.77866666666666673
v 0.15999999999999992 0 -0.77866666666666673
v 0.18133333333333346 0 -0.77866666666666673
v 0.20266666666666655 0 -0.77866666666666673
v 0.2240000000000002 0 -0.77866666666666673
v 0.2453333333333334 0 -0.77866666666666673
v 0.26666666666666661 0 -0.77866666666666673
v 0.28800000000000003 0 -0.77866666666666673
v 0.30933333333333324 0 -0.77866666666666673
v 0.33066666666666666 0 -0.77866666666666673
v 0.35200000000000009 0 -0.77866666666666673
v 0.37333333333333329 0 -0.77866666666666673
v 0.39466666666666672 0 -0.77866666666666673
v 0.41599999999999993 0 -0.77866666666666673
v 0.43733333333333335 0 -0.77866666666666673
v 0.45866666666666678 0 -0.77866666666666673
v 0.47999999999999998 0 -0.77866666666666673
v 0.50133333333333341 0 -0.77866666666666673
v 0.52266666666666661 0 -0.77866666666666673
v 0.54400000000000004 0 -0.77866666666666673
v 0.56533333333333347 0 -0.77866666666666673
v 0.58666666666666667 0 -0.77866666666666673
v 0.6080000000000001 0 -0.77866666666666673
v 0.6293333333333333 0 -0.77866666666666673
v 0.65066666666666673 0 -0.77866666666666673
v 0.67199999999999993 0 -0.77866666666666673
v 0.69333333333333336 0 -0.77866666666666673
v 0.71466666666666678 0 -0.77866666666666673
v 0.73599999999999999 0 -0.77866666666666673
v 0.75733333333333341 0 -0.77866666666666673
v 0.77866666666666662 0 -0.77866666666666673
v 0.80000000000000004 0 -0.77866666666666673
v -0.80000000000000004 0 -0.75733333333333341
v -0.77866666666666673 0 -0.75733333333333341
v -0.75733333333333341 0 -0.75733333333333341
v -0.73599999999999999 0 -0.75733333333333341
v -0.71466666666666667 0 -0.75733333333333341
v -0.69333333333333336 0 -0.75733333333333341
v -0.67200000000000004 0 -0.75733333333333341
v -0.65066666666666673 0 -0.75733333333333341
v -0.6293333333333333 0 -0.75733333333333341
v -0.6080000000000001 0 -0.75733333333333341
v -0.58666666666666667 0 -0.75733333333333341
v -0.56533333333333335 0 -0.75733333333333341
v -0.54400000000000004 0 -0.75733333333333341
v -0.52266666666666672 0 -0.75733333333333341
v -0.50133333333333341 0 -0.75733333333333341
v -0.48000000000000004 0 -0.75733333333333341
v -0.45866666666666667 0 -0.75733333333333341
v -0.43733333333333335 0 -0.75733333333333341
v -0.41600000000000004 0 -0.75733333333333341
v -0.39466666666666667 0 -0.75733333333333341
v -0.37333333333333335 0 -0.75733333333333341
v -0.35200000000000004 0 -0.75733333333333341
v -0.33066666666666666 0 -0.75733333333333341
v -0.30933333333333329 0 -0.75733333333333341
v -0.28799999999999992 0 -0.75733333333333341
v -0.26666666666666672 0 -0.75733333333333341
v -0.2453333333333334 0 -0.75733333333333341
v -0.22399999999999998 0 -0.75733333333333341
v -0.20266666666666666 0 -0.75733333333333341
v -0.18133333333333335 0 -0.75733333333333341
v -0.16000000000000003 0 -0.75733333333333341
v -0.13866666666666672 0 -0.75733333333333341
v -0.11733333333333329 0 -0.75733333333333341
v -0.095999999999999974 0 -0.75733333333333341
v -0.074666666666666659 0 -0.75733333333333341
v -0.053333333333333344 0 -0.75733333333333341
v -0.032000000000000028 0 -0.75733333333333341
v -0.010666666666666713 0 -0.75733333333333341
v 0.010666666666666713 0 -0.75733333333333341
v 0.032000000000000028 0 -0.75733333333333341
v 0.053333333333333344 0 -0.75733333333333341
v 0.07466666666666677 0 -0.75733333333333341
v 0.095999999999999974 0 -0.75733333333333341
v 0.11733333333333329 0 -0.75733333333333341
v 0.13866666666666672 0 -0.75733333333333341
v 0.15999999999999992 0 -0.75733333333333341
v 0.18133333333333346 0 -0.75733333333333341
v 0.20266666666666655 0 -0.75733333333333341
v 0.2240000000000002 0 -0.75733333333333341
v 0.2453333333333334 0 -0.75733333333333341
v 0.26666666666666661 0 -0.75733333333333341
v 0.28800000000000003 0 -0.75733333333333341
v 0.30933333333333324 0 -0.75733333333333341
v 0.33066666666666666 0 -0.75733333333333341
v 0.35200000000000009 0 -0.75733333333333341
v 0.37333333333333329 0 -0.75733333333333341
v 0.39466666666666672 0 -0.75733333333333341
v 0.41599999999999993 0 -0.75733333333333341
v 0.43733333333333335 0 -0.75733333333333341
v 0.45866666666666678 0 -0.75733333333333341
v 0.47999999999999998 0 -0.75733333333333341
v 0.50133333333333341 0 -0.75733333333333341
v 0.52266666666666661 0 -0.75733333333333341
v 0.54400000000000004 0 -0.75733333333333341
v 0.56533333333333347 0 -0.75733333333333341
v 0.58666666666666667 0 -0.75733333333333341
v 0.6080000000000001 0 -0.75733333333333341
v 0.6293333333333333 0 -0.75733333333333341
v 0.65066666666666673 0 -0.75733333333333341
v 0.67199999999999993 0 -0.75733333333333341
v 0.69333333333333336 0 -0.75733333333333341
v 0.71466666666666678 0 -0.75733333333333341
v 0.73599999999999999 0 -0.75733333333333341
v 0.75733333333333341 0 -0.75733333333333341
v 0.77866666666666662 0 -0.75733333333333341
v 0.80000000000000004 0 -0.75733333333333341
v -0.80000000000000004 0 -0.73599999999999999
v -0.77866666666666673 0 -0.73599999999999999
v -0.75733333333333341 0 -0.73599999999999999
v -0.73599999999999999 0 -0.73599999999999999
v -0.71466666666666667 0 -0.73599999999999999
v -0.69333333333333336 0 -0.73599999999999999
v -0.67200000000000004 0 -0.73599999999999999
v -0.65066666666666673 0 -0.73599999999999999
v -0.6293333333333333 0 -0.73599999999999999
v -0.6080000000000001 0 -0.73599999999999999
v -0.58666666666666667 0 -0.73599999999999999
v -0.56533333333333335 0 -0.73599999999999999
v -0.54400000000000004 0 -0.73599999999999999
v -0.52266666666666672 0 -0.73599999999999999
v -0.50133333333333341 0 -0.73599999999999999
v -0.48000000000000004 0 -0.73599999999999999
v -0.45866666666666667 0 -0.73599999999999999
v -0.43733333333333335 0 -0.73599999999999999
v -0.41600000000000004 0 -0.73599999999999999
v -0.39466666666666667 0 -0.73599999999999999
v -0.37333333333333335 0 -0.73599999999999999
v -0.35200000000000004 0 -0.73599999999999999
v -0.33066666666666666 0 -0.73599999999999999
v -0.30933333333333329 0 -0.73599999999999999
v -0.28799999999999992 0 -0.73599999999999999
v -0.26666666666666672 0 -0.73599999999999999
v -0.2453333333333334 0 -0.73599999999999999
v -0.22399999999999998 0 -0.73599999999999999
v -0.20266666666666666 0 -0.73599999999999999
v -0.18133333333333335 0 -0.73599999999999999
v -0.16000000000000003 0 -0.73599999999999999
v -0.13866666666666672 0 -0.73599999999999999
v -0.11733333333333329 0 -0.73599999999999999
v -0.095999999999999974 0 -0.73599999999999999
v -0.074666666666666659 0 -0.73599999999999999
v -0.053333333333333344 0 -0.73599999999999999
v -0.032000000000000028 0 -0.73599999999999999
v -0.010666666666666713 0 -0.73599999999999999
v 0.010666666666666713 0 -0.73599999999999999
v 0.032000000000000028 0 -0.73599999999999999
v 0.053333333333333344 0 -0.73599999999999999
v 0.07466666666666677 0 -0.73599999999999999
v 0.095999999999999974 0 -0.73599999999999999
v 0.11733333333333329 0 -0.73599999999999999
v 0.13866666666666672 0 -0.73599999999999999
v 0.15999999999999992 0 -0.73599999999999999
v 0.18133333333333346 0 -0.73599999999999999
v 0.20266666666666655 0 -0.73599999999999999
v 0.2240000000000002 0 -0.73599999999999999
v 0.2453333333333334 0 -0.73599999999999999
v 0.26666666666666661 0 -0.73599999999999999
v 0.28800000000000003 0 -0.73599999999999999
v 0.30933333333333324 0 -0.73599999999999999
v 0.33066666666666666 0 -0.73599999999999999
v 0.35200000000000009 0 -0.73599999999999999
v 0.37333333333333329 0 -0.73599999999999999
v 0.39466666666666672 0 -0.73599999999999999
v 0.41599999999999993 0 -0.73599999999999999
v 0.43733333333333335 0 -0.73599999999999999
v 0.45866666666666678 0 -0.73599999999999999
v 0.47999999999999998 0 -0.73599999999999999
v 0.50133333333333341 0 -0.73599999999999999
v 0.52266666666666661 0 -0.73599999999999999
v 0.54400000000000004 0 -0.73599999999999999
v 0.56533333333333347 0 -0.73599999999999999
v 0.58666666666666667 0 -0.73599999999999999
v 0.6080000000000001 0 -0.73599999999999999
v 0.6293333333333333 0 -0.73599999999999999
v 0.65066666666666673 0 -0.73599999999999999
v 0.67199999999999993 0 -0.73599999999999999
v 0.69333333333333336 0 -0.73599999999999999
v 0.71466666666666678 0 -0.73599999999999999
v 0.73599999999999999 0 -0.73599999999999999
v 0.75733333333333341 0 -0.73599999999999999
v 0.77866666666666662 0 -0.73599999999999999
v 0.80000000000000004 0 -0.73599999999999999
v -0.80000000000000004 0 -0.71466666666666667
v -0.77866666666666673 0 -0.71466666666666667
v -0.75733333333333341 0 -0.71466666666666667
v -0.73599999999999999 0 -0.71466666666666667
v -0.71466666666666667 0 -0.71466666666666667
v -0.69333333333333336 0 -0.71466666666666667
v -0.67200000000000004 0 -0.71466666666666667
v -0.65066666666666673 0 -0.71466666666666667
v -0.6293333333333333 0 -0.71466666666666667
v -0.6080000000000001 0 -0.71466666666666667
v -0.58666666666666667 0 -0.71466666666666667
v -0.56533333333333335 0 -0.71466666666666667
v -0.54400000000000004 0 -0.71466666666666667
v -0.52266666666666672 0 -0.71466666666666667
v -0.50133333333333341 0 -0.71466666666666667
v -0.48000000000000004 0 -0.71466666666666667
v -0.45866666666666667 0 -0.71466666666666667
v -0.43733333333333335 0 -0.71466666666666667
v -0.41600000000000004 0 -0.71466666666666667
v -0.39466666666666667 0 -0.71466666666666667
v -0.37333333333333335 0 -0.71466666666666667
v -0.35200000000000004 0 -0.71466666666666667
v -0.33066666666666666 0 -0.71466666666666667
v -0.30933333333333329 0 -0.71466666666666667
v -0.28799999999999992 0 -0.71466666666666667
v -0.26666666666666672 0 -0.71466666666666667
v -0.2453333333333334 0 -0.71466666666666667
v -0.22399999999999998 0 -0.71466666666666667
v -0.20266666666666666 0 -0.71466666666666667
v -0.18133333333333335 0 -0.71466666666666667
v -0.16000000000000003 0 -0.71466666666666667
v -0.13866666666666672 0 -0.71466666666666667
v -0.11733333333333329 0 -0.71466666666666667
v -0.095999999999999974 0 -0.71466666666666667
v -0.074666666666666659 0 -0.71466666666666667
v -0.053333333333333344 0 -0.71466666666666667
v -0.032000000000000028 0 -0.71466666666666667
v -0.010666666666666713 0 -0.71466666666666667
v 0.010666666666666713 0 -0.71466666666666667
v 0.032000000000000028 0 -0.71466666666666667
v 0.053333333333333344 0 -0.71466666666666667
v 0.07466666666666677 0 -0.71466666666666667
v 0.095999999999999974 0 -0.71466666666666667
v 0.11733333333333329 0 -0.71466666666666667
v 0.13866666666666672 0 -0.71466666666666667
v 0.15999999999999992 0 -0.71466666666666667
v 0.18133333333333346 0 -0.71466666666666667
v 0.20266666666666655 0 -0.71466666666666667
v 0.2240000000000002 0 -0.71466666666666667
v 0.2453333333333334 0 -0.71466666666666667
v 0.26666666666666661 0 -0.71466666666666667
v 0.28800000000000003 0 -0.71466666666666667
v 0.30933333333333324 0 -0.71466666666666667
v 0.33066666666666666 0 -0.71466666666666667
v 0.35200000000000009 0 -0.71466666666666667
v 0.37333333333333329 0 -0.71466666666666667
v 0.39466666666666672 0 -0.71466666666666667
v 0.41599999999999993 0 -0.71466666666666667
v 0.43733333333333335 0 -0.71466666666666667
v 0.45866666666666678 0 -0.71466666666666667
v 0.47999999999999998 0 -0.71466666666666667
v 0.50133333333333341 0 -0.71466666666666667
v 0.52266666666666661 0 -0.71466666666666667
v 0.54400000000000004 0 -0.71466666666666667
v 0.56533333333333347 0 -0.71466666666666667
v 0.58666666666666667 0 -0.71466666666666667
v 0.6080000000000001 0 -0.71466666666666667
v 0.6293333333333333 0 -0.71466666666666667
v 0.65066666666666673 0 -0.71466666666666667
v 0.67199999999999993 0 -0.71466666666666667
v 0.69333333333333336 0 -0.71466666666666667
v 0.71466666666666678 0 -0.71466666666666667
v 0.73599999999999999 0 -0.71466666666666667
v 0.75733333333333341 0 -0.71466666666666667
v 0.77866666666666662 0 -0.71466666666666667
v 0.80000000000000004 0 -0.71466666666666667
v -0.80000000000000004 0 -0.69333333333333336
v -0.77866666666666673 0 -0.69333333333333336
v -0.75733333333333341 0 -0.69333333333333336
v -0.73599999999999999 0 -0.69333333333333336
v -0.71466666666666667 0 -0.69333333333333336
v -0.69333333333333336 0 -0.69333333333333336
v -0.67200000000000004 0 -0.69333333333333336
v -0.65066666666666673 0 -0.69333333333333336
v -0.6293333333333333 0 -0.69333333333333336
v -0.6080000000000001 0 -0.69333333333333336
v -0.58666666666666667 0 -0.69333333333333336
v -0.56533333333333335 0 -0.69333333333333336
v -0.54400000000000004 0 -0.69333333333333336
v -0.52266666666666672 0 -0.69333333333333336
v -0.50133333333333341 0 -0.69333333333333336
v -0.48000000000000004 0 -0.69333333333333336
v -0.45866666666666667 0 -0.69333333333333336
v -0.43733333333333335 0 -0.69333333333333336
v -0.41600000000000004 0 -0.69333333333333336
v -0.39466666666666667 0 -0.69333333333333336
v -0.37333333333333335 0 -0.69333333333333336
v -0.35200000000000004 0 -0.69333333333333336
v -0.33066666666666666 0 -0.69333333333333336
v -0.30933333333333329 0 -0.69333333333333336
v -0.28799999999999992 0 -0.69333333333333336
v -0.26666666666666672 0 -0.69333333333333336
v -0.2453333333333334 0 -0.69333333333333336
v -0.22399999999999998 0 -0.69333333333333336
v -0.20266666666666666 0 -0.69333333333333336
v -0.18133333333333335 0 -0.69333333333333336
v -0.16000000000000003 0 -0.69333333333333336
v -0.13866666666666672 0 -0.69333333333333336
v -0.11733333333333329 0 -0.69333333333333336
v -0.095999999999999974 0 -0.69333333333333336
v -0.074666666666666659 0 -0.69333333333333336
v -0.053333333333333344 0 -0.69333333333333336
v -0.032000000000000028 0 -0.69333333333333336
v -0.010666666666666713 0 -0.69333333333333336
v 0.010666666666666713 0 -0.69333333333333336
v 0.032000000000000028 0 -0.69333333333333336
v 0.053333333333333344 0 -0.69333333333333336
v 0.07466666666666677 0 -0.69333333333333336
v 0.095999999999999974 0 -0.69333333333333336
v 0.11733333333333329 0 -0.69333333333333336
v 0.13866666666666672 0 -0.69333333333333336
v 0.15999999999999992 0 -0.69333333333333336
v 0.18133333333333346 0 -0.69333333333333336
v 0.20266666666666655 0 -0.69333333333333336
v 0.2240000000000002 0 -0.69333333333333336
v 0.2453333333333334 0 -0.69333333333333336
v 0.26666666666666661 0 -0.69333333333333336
v 0.28800000000000003 0 -0.69333333333333336
v 0.30933333333333324 0 -0.69333333333333336
v 0.33066666666666666 0 -0.69333333333333336
v 0.35200000000000009 0 -0.69333333333333336
v 0.37333333333333329 0 -0.69333333333333336
v 0.39466666666666672 0 -0.69333333333333336
v 0.41599999999999993 0 -0.69333333333333336
v 0.43733333333333335 0 -0.69333333333333336
v 0.45866666666666678 0 -0.69333333333333336
v 0.47999999999999998 0 -0.69333333333333336
v 0.50133333333333341 0 -0.69333333333333336
v 0.52266666666666661 0 -0.69333333333333336
v 0.54400000000000004 0 -0.69333333333333336
v 0.56533333333333347 0 -0.69333333333333336
v 0.58666666666666667 0 -0.69333333333333336
v 0.6080000000000001 0 -0.69333333333333336
v 0.6293333333333333 0 -0.69333333333333336
v 0.65066666666666673 0 -0.69333333333333336
v 0.67199999999999993 0 -0.69333333333333336
v 0.69333333333333336 0 -0.69333333333333336
v 0.71466666666666678 0 -0.69333333333333336
v 0.73599999999999999 0 -0.69333333333333336
v 0.75733333333333341 0 -0.69333333333333336
v 0.77866666666666662 0 -0.69333333333333336
v 0.80000000000000004 0 -0.69333333333333336
v -0.80000000000000004 0 -0.67200000000000004
v -0.77866666666666673 0 -0.67200000000000004
v -0.75733333333333341 0 -0.67200000000000004
v -0.73599999999999999 0 -0.67200000000000004
v -0.71466666666666667 0 -0.67200000000000004
v -0.69333333333333336 0 -0.67200000000000004
v -0.67200000000000004 0 -0.67200000000000004
v -0.65066666666666673 0 -0.67200000000000004
v -0.6293333333333333 0 -0.67200000000000004
v -0.6080000000000001 0 -0.67200000000000004
v -0.58666666666666667 0 -0.67200000000000004
v -0.56533333333333335 0 -0.67200000000000004
v -0.54400000000000004 0 -0.67200000000000004
v -0.52266666666666672 0 -0.67200000000000004
v -0.50133333333333341 0 -0.67200000000000004
v -0.48000000000000004 0 -0.67200000000000004
v -0.45866666666666667 0 -0.67200000000000004
v -0.43733333333333335 0 -0.67200000000000004
v -0.41600000000000004 0 -0.67200000000000004
v -0.39466666666666667 0 -0.67200000000000004
v -0.37333333333333335 0 -0.67200000000000004
v -0.35200000000000004 0 -0.67200000000000004
v -0.33066666666666666 0 -0.67200000000000004
v -0.30933333333333329 0 -0.67200000000000004
v -0.28799999999999992 0 -0.67200000000000004
v -0.26666666666666672 0 -0.67200000000000004
v -0.2453333333333334 0 -0.67200000000000004
v -0.22399999999999998 0 -0.67200000000000004
v -0.20266666666666666 0 -0.67200000000000004
v -0.18133333333333335 0 -0.67200000000000004
v -0.16000000000000003 0 -0.67200000000000004
v -0.13866666666666672 0 -0.67200000000000004
v -0.11733333333333329 0 -0.67200000000000004
v -0.095999999999999974 0 -0.67200000000000004
v -0.074666666666666659 0 -0.67200000000000004
v -0.053333333333333344 0 -0.67200000000000004
v -0.032000000000000028 0 -0.67200000000000004
v -0.010666666666666713 0 -0.67200000000000004
v 0.010666666666666713 0 -0.67200000000000004
v 0.032000000000000028 0 -0.67200000000000004
v 0.053333333333333344 0 -0.67200000000000004
v 0.07466666666666677 0 -0.67200000000000004
v 0.095999999999999974 0 -0.67200000000000004
v 0.11733333333333329 0 -0.67200000000000004
v 0.13866666666666672 0 -0.67200000000000004
v 0.15999999999999992 0 -0.67200000000000004
v 0.18133333333333346 0 -0.67200000000000004
v 0.20266666666666655 0 -0.67200000000000004
v 0.2240000000000002 0 -0.67200000000000004
v 0.2453333333333334 0 -0.67200000000000004
v 0.26666666666666661 0 -0.67200000000000004
v 0.28800000000000003 0 -0.67200000000000004
v 0.30933333333333324 0 -0.67200000000000004
v 0.33066666666666666 0 -0.67200000000000004
v 0.35200000000000009 0 -0.67200000000000004
v 0.37333333333333329 0 -0.67200000000000004
v 0.39466666666666672 0 -0.67200000000000004
v 0.41599999999999993 0 -0.67200000000000004
v 0.43733333333333335 0 -0.67200000000000004
v 0.45866666666666678 0 -0.67200000000000004
v 0.47999999999999998 0 -0.67200000000000004
v 0.50133333333333341 0 -0.67200000000000004
v 0.52266666666666661 0 -0.67200000000000004
v 0.54400000000000004 0 -0.67200000000000004
v 0.56533333333333347 0 -0.67200000000000004
v 0.58666666666666667 0 -0.67200000000000004
v 0.6080000000000001 0 -0.67200000000000004
v 0.6293333333333333 0 -0.67200000000000004
v 0.65066666666666673 0 -0.67200000000000004
v 0.67199999999999993 0 -0.67200000000000004
v 0.69333333333333336 0 -0.67200000000000004
v 0.71466666666666678 0 -0.67200000000000004
v 0.73599999999999999 0 -0.67200000000000004
v 0.75733333333333341 0 -0.67200000000000004
v 0.77866666666666662 0 -0.67200000000000004
v 0.80000000000000004 0 -0.67200000000000004
v -0.80000000000000004 0 -0.65066666666666673
v -0.77866666666666673 0 -0.65066666666666673
v -0.75733333333333341 0 -0.65066666666666673
v -0.73599999999999999 0 -0.65066666666666673
v -0.71466666666666667 0 -0.65066666666666673
v -0.69333333333333336 0 -0.65066666666666673
v -0.67200000000000004 0 -0.65066666666666673
v -0.65066666666666673 0 -0.65066666666666673
v -0.6293333333333333 0 -0.65066666666666673
v -0.6080000000000001 0 -0.65066666666666673
v -0.58666666666666667 0 -0.65066666666666673
v -0.56533333333333335 0 -0.65066666666666673
v -0.54400000000000004 0 -0.65066666666666673
v -0.52266666666666672 0 -0.65066666666666673
v -0.50133333333333341 0 -0.65066666666666673
v -0.48000000000000004 0 -0.65066666666666673
v -0.45866666666666667 0 -0.65066666666666673
v -0.43733333333333335 0 -0.65066666666666673
v -0.41600000000000004 0 -0.65066666666666673
v -0.39466666666666667 0 -0.65066666666666673
v -0.37333333333333335 0 -0.65066666666666673
v -0.35200000000000004 0 -0.65066666666666673
v -0.33066666666666666 0 -0.65066666666666673
v -0.30933333333333329 0 -0.65066666666666673
v -0.28799999999999992 0 -0.65066666666666673
v -0.26666666666666672 0 -0.65066666666666673
v -0.2453333333333334 0 -0.65066666666666673
v -0.22399999999999998 0 -0.65066666666666673
v -0.20266666666666666 0 -0.65066666666666673
v -0.18133333333333335 0 -0.65066666666666673
v -0.16000000000000003 0 -0.65066666666666673
v -0.13866666666666672 0 -0.65066666666666673
v -0.11733333333333329 0 -0.65066666666666673
v -0.095999999999999974 0 -0.65066666666666673
v -0.074666666666666659 0 -0.65066666666666673
v -0.053333333333333344 0 -0.65066666666666673
v -0.032000000000000028 0 -0.65066666666666673
v -0.010666666666666713 0 -0.65066666666666673
v 0.010666666666666713 0 -0.65066666666666673
v 0.032000000000000028 0 -0.65066666666666673
v 0.053333333333333344 0 -0.65066666666666673
v 0.07466666666666677 0 -0.65066666666666673
v 0.095999999999999974 0 -0.65066666666666673
v 0.11733333333333329 0 -0.65066666666666673
v 0.13866666666666672 0 -0.65066666666666673
v 0.15999999999999992 0 -0.65066666666666673
v 0.18133333333333346 0 -0.65066666666666673
v 0.20266666666666655 0 -0.65066666666666673
v 0.2240000000000002 0 -0.65066666666666673
v 0.2453333333333334 0 -0.65066666666666673
v 0.26666666666666661 0 -0.65066666666666673
v 0.28800000000000003 0 -0.65066666666666673
v 0.30933333333333324 0 -0.65066666666666673
v 0.33066666666666666 0 -0.65066666666666673
v 0.35200000000000009 0 -0.65066666666666673
v 0.37333333333333329 0 -0.65066666666666673
v 0.39466666666666672 0 -0.65066666666666673
v 0.41599999999999993 0 -0.65066666666666673
v 0.43733333333333335 0 -0.65066666666666673
v 0.45866666666666678 0 -0.65066666666666673
v 0.47999999999999998 0 -0.65066666666666673
v 0.50133333333333341 0 -0.65066666666666673
v 0.52266666666666661 0 -0.65066666666666673
v 0.54400000000000004 0 -0.65066666666666673
v 0.56533333333333347 0 -0.65066666666666673
v 0.58666666666666667 0 -0.65066666666666673
v 0.6080000000000001 0 -0.65066666666666673
v 0.6293333333333333 0 -0.65066666666666673
v 0.65066666666666673 0 -0.65066666666666673
v 0.67199999999999993 0 -0.65066666666666673
v 0.69333333333333336 0 -0.65066666666666673
v 0.71466666666666678 0 -0.65066666666666673
v 0.73599999999999999 0 -0.65066666666666673
v 0.75733333333333341 0 -0.65066666666666673
v 0.77866666666666662 0 -0.65066666666666673
v 0.80000000000000004 0 -0.65066666666666673
v -0.80000000000000004 0 -0.6293333333333333
v -0.77866666666666673 0 -0.6293333333333333
v -0.75733333333333341 0 -0.6293333333333333
v -0.73599999999999999 0 -0.6293333333333333
v -0.71466666666666667 0 -0.6293333333333333
v -0.69333333333333336 0 -0.6293333333333333
v -0.67200000000000004 0 -0.6293333333333333
v -0.65066666666666673 0 -0.6293333333333333
v -0.6293333333333333 0 -0.6293333333333333
v -0.6080000000000001 0 -0.6293333333333333
v -0.58666666666666667 0 -0.6293333333333333
v -0.56533333333333335 0 -0.6293333333333333
v -0.54400000000000004 0 -0.6293333333333333
v -0.52266666666666672 0 -0.6293333333333333
v -0.50133333333333341 0 -0.6293333333333333
v -0.48000000000000004 0 -0.6293333333333333
v -0.45866666666666667 0 -0.6293333333333333
v -0.43733333333333335 0 -0.6293333333333333
v -0.41600000000000004 0 -0.6293333333333333
v -0.39466666666666667 0 -0.6293333333333333
v -0.37333333333333335 0 -0.6293333333333333
v -0.35200000000000004 0 -0.6293333333333333
v -0.33066666666666666 0 -0.6293333333333333
v -0.30933333333333329 0 -0.6293333333333333
v -0.28799999999999992 0 -0.6293333333333333
v -0.26666666666666672 0 -0.6293333333333333
v -0.2453333333333334 0 -0.6293333333333333
v -0.22399999999999998 0 -0.6293333333333333
v -0.20266666666666666 0 -0.6293333333333333
v -0.18133333333333335 0 -0.6293333333333333
v -0.16000000000000003 0 -0.6293333333333333
v -0.13866666666666672 0 -0.6293333333333333
v -0.11733333333333329 0 -0.6293333333333333
v -0.095999999999999974 0 -0.6293333333333333
v -0.074666666666666659 0 -0.6293333333333333
v -0.053333333333333344 0 -0.6293333333333333
v -0.032000000000000028 0 -0.6293333333333333
v -0.010666666666666713 0 -0.6293333333333333
v 0.010666666666666713 0 -0.6293333333333333
v 0.032000000000000028 0 -0.6293333333333333
v 0.053333333333333344 0 -0.6293333333333333
v 0.07466666666666677 0 -0.6293333333333333
v 0.095999999999999974 0 -0.6293333333333333
v 0.11733333333333329 0 -0.6293333333333333
v 0.13866666666666672 0 -0.6293333333333333
v 0.15999999999999992 0 -0.6293333333333333
v 0.18133333333333346 0 -0.6293333333333333
v 0.20266666666666655 0 -0.6293333333333333
v 0.2240000000000002 0 -0.6293333333333333
v 0.2453333333333334 0 -0.6293333333333333
v 0.26666666666666661 0 -0.6293333333333333
v 0.28800000000000003 0 -0.6293333333333333
v 0.30933333333333324 0 -0.6293333333333333
v 0.33066666666666666 0 -0.6293333333333333
v 0.35200000000000009 0 -0.6293333333333333
v 0.37333333333333329 0 -0.6293333333333333
v 0.39466666666666672 0 -0.6293333333333333
v 0.41599999999999993 0 -0.6293333333333333
v 0.43733333333333335 0 -0.6293333333333333
v 0.45866666666666678 0 -0.6293333333333333
v 0.47999999999999998 0 -0.6293333333333333
v 0.50133333333333341 0 -0.6293333333333333
v 0.52266666666666661 0 -0.6293333333333333
v 0.54400000000000004 0 -0.6293333333333333
v 0.56533333333333347 0 -0.6293333333333333
v 0.58666666666666667 0 -0.6293333333333333
v 0.6080000000000001 0 -0.6293333333333333
v 0.6293333333333333 0 -0.6293333333333333
v 0.65066666666666673 0 -0.6293333333333333
v 0.67199999999999993 0 -0.6293333333333333
v 0.69333333333333336 0 -0.6293333333333333
v 0.71466666666666678 0 -0.6293333333333333
v 0.73599999999999999 0 -0.6293333333333333
v 0.75733333333333341 0 -0.6293333333333333
v 0.77866666666666662 0 -0.6293333333333333
v 0.80000000000000004 0 -0.6293333333333333
v -0.80000000000000004 0 -0.6080000000000001
v -0.77866666666666673 0 -0.6080000000000001
v -0.75733333333333341 0 -0.6080000000000001
v -0.73599999999999999 0 -0.6080000000000001
v -0.71466666666666667 0 -0.6080000000000001
v -0.69333333333333336 0 -0.6080000000000001
v -0.67200000000000004 0 -0.6080000000000001
v -0.65066666666666673 0 -0.6080000000000001
v -0.6293333333333333 0 -0.6080000000000001
v -0.6080000000000001 0 -0.6080000000000001
v -0.58666666666666667 0 -0.6080000000000001
v -0.56533333333333335 0 -0.6080000000000001
v -0.54400000000000004 0 -0.6080000000000001
v -0.52266666666666672 0 -0.6080000000000001
v -0.50133333333333341 0 -0.6080000000000001
v -0.48000000000000004 0 -0.6080000000000001
v -0.45866666666666667 0 -0.6080000000000001
v -0.43733333333333335 0 -0.6080000000000001
v -0.41600000000000004 0 -0.6080000000000001
v -0.39466666666666667 0 -0.6080000000000001
v -0.37333333333333335 0 -0.6080000000000001
v -0.35200000000000004 0 -0.6080000000000001
v -0.33066666666666666 0 -0.6080000000000001
v -0.30933333333333329 0 -0.6080000000000001
v -0.28799999999999992 0 -0.6080000000000001
v -0.26666666666666672 0 -0.6080000000000001
v -0.2453333333333334 0 -0.6080000000000001
v -0.22399999999999998 0 -0.6080000000000001
v -0.20266666666666666 0 -0.6080000000000001
v -0.18133333333333335 0 -0.6080000000000001
v -0.16000000000000003 0 -0.6080000000000001
v -0.13866666666666672 0 -0.6080000000000001
v -0.11733333333333329 0 -0.6080000000000001
v -0.095999999999999974 0 -0.6080000000000001
v -0.074666666666666659 0 -0.6080000000000001
v -0.053333333333333344 0 -0.6080000000000001
v -0.032000000000000028 0 -0.6080000000000001
v -0.010666666666666713 0 -0.6080000000000001
v 0.010666666666666713 0 -0.6080000000000001
v 0.032000000000000028 0 -0.6080000000000001
v 0.053333333333333344 0 -0.6080000000000001
v 0.07466666666666677 0 -0.6080000000000001
v 0.095999999999999974 0 -0.6080000000000001
v 0.11733333333333329 0 -0.6080000000000001
v 0.13866666666666672 0 -0.6080000000000001
v 0.15999999999999992 0 -0.6080000000000001
v 0.18133333333333346 0 -0.6080000000000001
v 0.20266666666666655 0 -0.6080000000000001
v 0.2240000000000002 0 -0.6080000000000001
v 0.2453333333333334 0 -0.6080000000000001
v 0.26666666666666661 0 -0.6080000000000001
v 0.28800000000000003 0 -0.6080000000000001
v 0.30933333333333324 0 -0.6080000000000001
v 0.33066666666666666 0 -0.6080000000000001
v 0.35200000000000009 0 -0.6080000000000001
v 0.37333333333333329 0 -0.6080000000000001
v 0.39466666666666672 0 -0.6080000000000001
v 0.41599999999999993 0 -0.6080000000000001
v 0.43733333333333335 0 -0.6080000000000001
v 0.45866666666666678 0 -0.6080000000000001
v 0.47999999999999998 0 -0.6080000000000001
v 0.50133333333333341 0 -0.6080000000000001
v 0.52266666666666661 0 -0.6080000000000001
v 0.54400000000000004 0 -0.6080000000000001
v 0.56533333333333347 0 -0.6080000000000001
v 0.58666666666666667 0 -0.6080000000000001
v 0.6080000000000001 0 -0.6080000000000001
v 0.6293333333333333 0 -0.6080000000000001
v 0.65066666666666673 0 -0.6080000000000001
v 0.67199999999999993 0 -0.6080000000000001
v 0.69333333333333336 0 -0.6080000000000001
v 0.71466666666666678 0 -0.6080000000000001
v 0.73599999999999999 0 -0.6080000000000001
v 0.75733333333333341 0 -0.6080000000000001
v 0.77866666666666662 0 -0.6080000000000001
v 0.80000000000000004 0 -0.6080000000000001
v -0.80000000000000004 0 -0.58666666666666667
v -0.77866666666666673 0 -0.58666666666666667
v -0.75733333333333341 0 -0.58666666666666667
v -0.73599999999999999 0 -0.58666666666666667
v -0.71466666666666667 0 -0.58666666666666667
v -0.69333333333333336 0 -0.58666666666666667
v -0.67200000000000004 0 -0.58666666666666667
v -0.65066666666666673 0 -0.58666666666666667
v -0.6293333333333333 0 -0.58666666666666667
v -0.6080000000000001 0 -0.58666666666666667
v -0.58666666666666667 0 -0.58666666666666667
v -0.56533333333333335 0 -0.58666666666666667
v -0.54400000000000004 0 -0.58666666666666667
v -0.52266666666666672 0 -0.58666666666666667
v -0.50133333333333341 0 -0.58666666666666667
v -0.48000000000000004 0 -0.58666666666666667
v -0.45866666666666667 0 -0.58666666666666667
v -0.43733333333333335 0 -0.58666666666666667
v -0.41600000000000004 0 -0.58666666666666667
v -0.39466666666666667 0 -0.58666666666666667
v -0.37333333333333335 0 -0.58666666666666667
v -0.35200000000000004 0 -0.58666666666666667
v -0.33066666666666666 0 -0.58666666666666667
v -0.30933333333333329 0 -0.58666666666666667
v -0.28799999999999992 0 -0.58666666666666667
v -0.26666666666666672 0 -0.58666666666666667
v -0.2453333333333334 0 -0.58666666666666667
v -0.22399999999999998 0 -0.58666666666666667
v -0.20266666666666666 0 -0.58666666666666667
v -0.18133333333333335 0 -0.58666666666666667
v -0.16000000000000003 0 -0.58666666666666667
v -0.13866666666666672 0 -0.58666666666666667
v -0.11733333333333329 0 -0.58666666666666667
v -0.095999999999999974 0 -0.58666666666666667
v -0.074666666666666659 0 -0.58666666666666667
v -0.053333333333333344 0 -0.58666666666666667
v -0.032000000000000028 0 -0.58666666666666667
v -0.010666666666666713 0 -0.58666666666666667
v 0.010666666666666713 0 -0.58666666666666667
v 0.032000000000000028 0 -0.58666666666666667
v 0.053333333333333344 0 -0.58666666666666667
v 0.07466666666666677 0 -0.58666666666666667
v 0.095999999999999974 0 -0.58666666666666667
v 0.11733333333333329 0 -0.58666666666666667
v 0.13866666666666672 0 -0.58666666666666667
v 0.15999999999999992 0 -0.58666666666666667
v 0.18133333333333346 0 -0.58666666666666667
v 0.20266666666666655 0 -0.58666666666666667
v 0.2240000000000002 0 -0.58666666666666667
v 0.2453333333333334 0 -0.58666666666666667
v 0.26666666666666661 0 -0.58666666666666667
v 0.28800000000000003 0 -0.58666666666666667
v 0.30933333333333324 0 -0.58666666666666667
v 0.33066666666666666 0 -0.58666666666666667
v 0.35200000000000009 0 -0.58666666666666667
v 0.37333333333333329 0 -0.58666666666666667
v 0.39466666666666672 0 -0.58666666666666667
v 0.41599999999999993 0 -0.58666666666666667
v 0.43733333333333335 0 -0.58666666666666667
v 0.45866666666666678 0 -0.58666666666666667
v 0.47999999999999998 0 -0.58666666666666667
v 0.50133333333333341 0 -0.58666666666666667
v 0.52266666666666661 0 -0.58666666666666667
v 0.54400000000000004 0 -0.58666666666666667
v 0.56533333333333347 0 -0.58666666666666667
v 0.58666666666666667 0 -0.58666666666666667
v 0.6080000000000001 0 -0.58666666666666667
v 0.6293333333333333 0 -0.58666666666666667
v 0.65066666666666673 0 -0.58666666666666667
v 0.67199999999999993 0 -0.58666666666666667
v 0.69333333333333336 0 -0.58666666666666667
v 0.71466666666666678 0 -0.58666666666666667
v 0.73599999999999999 0 -0.58666666666666667
v 0.75733333333333341 0 -0.58666666666666667
v 0.77866666666666662 0 -0.58666666666666667
v 0.80000000000000004 0 -0.58666666666666667
v -0.80000000000000004 0 -0.56533333333333335
v -0.77866666666666673 0 -0.56533333333333335
v -0.75733333333333341 0 -0.56533333333333335
v -0.73599999999999999 0 -0.56533333333333335
v -0.71466666666666667 0 -0.56533333333333335
v -0.69333333333333336 0 -0.56533333333333335
v -0.67200000000000004 0 -0.56533333333333335
v -0.65066666666666673 0 -0.56533333333333335
v -0.6293333333333333 0 -0.56533333333333335
v -0.6080000000000001 0 -0.56533333333333335
v -0.58666666666666667 0 -0.56533333333333335
v -0.56533333333333335 0 -0.56533333333333335
v -0.54400000000000004 0 -0.56533333333333335
v -0.52266666666666672 0 -0.56533333333333335
v -0.50133333333333341 0 -0.56533333333333335
v -0.48000000000000004 0 -0.56533333333333335
v -0.45866666666666667 0 -0.56533333333333335
v -0.43733333333333335 0 -0.56533333333333335
v -0.41600000000000004 0 -0.56533333333333335
v -0.39466666666666667 0 -0.56533333333333335
v -0.37333333333333335 0 -0.56533333333333335
v -0.35200000000000004 0 -0.56533333333333335
v -0.33066666666666666 0 -0.56533333333333335
v -0.30933333333333329 0 -0.56533333333333335
v -0.28799999999999992 0 -0.56533333333333335
v -0.26666666666666672 0 -0.56533333333333335
v -0.2453333333333334 0 -0.56533333333333335
v -0.22399999999999998 0 -0.56533333333333335
v -0.20266666666666666 0 -0.56533333333333335
v -0.18133333333333335 0 -0.56533333333333335
v -0.16000000000000003 0 -0.56533333333333335
v -0.13866666666666672 0 -0.56533333333333335
v -0.11733333333333329 0 -0.56533333333333335
v -0.095999999999999974 0 -0.56533333333333335
v -0.074666666666666659 0 -0.56533333333333335
v -0.053333333333333344 0 -0.56533333333333335
v -0.032000000000000028 0 -0.56533333333333335
v -0.010666666666666713 0 -0.56533333333333335
v 0.010666666666666713 0 -0.56533333333333335
v 0.032000000000000028 0 -0.56533333333333335
v 0.053333333333333344 0 -0.56533333333333335
v 0.07466666666666677 0 -0.56533333333333335
v 0.095999999999999974 0 -0.56533333333333335
v 0.11733333333333329 0 -0.56533333333333335
v 0.13866666666666672 0 -0.56533333333333335
v 0.15999999999999992 0 -0.56533333333333335
v 0.18133333333333346 0 -0.56533333333333335
v 0.20266666666666655 0 -0.56533333333333335
v 0.2240000000000002 0 -0.56533333333333335
v 0.2453333333333334 0 -0.56533333333333335
v 0.26666666666666661 0 -0.56533333333333335
v 0.28800000000000003 0 -0.56533333333333335
v 0.30933333333333324 0 -0.56533333333333335
v 0.33066666666666666 0 -0.56533333333333335
v 0.35200000000000009 0 -0.56533333333333335
v 0.37333333333333329 0 -0.56533333333333335
v 0.39466666666666672 0 -0.56533333333333335
v 0.41599999999999993 0 -0.56533333333333335
v 0.43733333333333335 0 -0.56533333333333335
v 0.45866666666666678 0 -0.56533333333333335
v 0.47999999999999998 0 -0.56533333333333335
v 0.50133333333333341 0 -0.56533333333333335
v 0.52266666666666661 0 -0.56533333333333335
v 0.54400000000000004 0 -0.56533333333333335
v 0.56533333333333347 0 -0.56533333333333335
v 0.58666666666666667 0 -0.56533333333333335
v 0.6080000000000001 0 -0.56533333333333335
v 0.6293333333333333 0 -0.56533333333333335
v 0.65066666666666673 0 -0.56533333333333335
v 0.67199999999999993 0 -0.56533333333333335
v 0.69333333333333336 0 -0.56533333333333335
v 0.71466666666666678 0 -0.56533333333333335
v 0.73599999999999999 0 -0.56533333333333335
v 0.75733333333333341 0 -0.56533333333333335
v 0.77866666666666662 0 -0.56533333333333335
v 0.80000000000000004 0 -0.56533333333333335
v -0.80000000000000004 0 -0.54400000000000004
v -0.77866666666666673 0 -0.54400000000000004
v -0.75733333333333341 0 -0.54400000000000004
v -0.73599999999999999 0 -0.54400000000000004
v -0.71466666666666667 0 -0.54400000000000004
v -0.69333333333333336 0 -0.54400000000000004
v -0.67200000000000004 0 -0.54400000000000004
v -0.65066666666666673 0 -0.54400000000000004
v -0.6293333333333333 0 -0.54400000000000004
v -0.6080000000000001 0 -0.54400000000000004
v -0.58666666666666667 0 -0.54400000000000004
v -0.56533333333333335 0 -0.54400000000000004
v -0.54400000000000004 0 -0.54400000000000004
v -0.52266666666666672 0 -0.54400000000000004
v -0.50133333333333341 0 -0.54400000000000004
v -0.48000000000000004 0 -0.54400000000000004
v -0.45866666666666667 0 -0.54400000000000004
v -0.43733333333333335 0 -0.54400000000000004
v -0.41600000000000004 0 -0.54400000000000004
v -0.39466666666666667 0 -0.54400000000000004
v -0.37333333333333335 0 -0.54400000000000004
v -0.35200000000000004 0 -0.54400000000000004
v -0.33066666666666666 0 -0.54400000000000004
v -0.30933333333333329 0 -0.54400000000000004
v -0.28799999999999992 0 -0.54400000000000004
v -0.26666666666666672 0 -0.54400000000000004
v -0.2453333333333334 0 -0.54400000000000004
v -0.22399999999999998 0 -0.54400000000000004
v -0.20266666666666666 0 -0.54400000000000004
v -0.18133333333333335 0 -0.54400000000000004
v -0.16000000000000003 0 -0.54400000000000004
v -0.13866666666666672 0 -0.54400000000000004
v -0.11733333333333329 0 -0.54400000000000004
v -0.095999999999999974 0 -0.54400000000000004
v -0.074666666666666659 0 -0.54400000000000004
v -0.053333333333333344 0 -0.54400000000000004
v -0.032000000000000028 0 -0.54400000000000004
v -0.010666666666666713 0 -0.54400000000000004
v 0.010666666666666713 0 -0.54400000000000004
v 0.032000000000000028 0 -0.54400000000000004
v 0.053333333333333344 0 -0.54400000000000004
v 0.07466666666666677 0 -0.54400000000000004
v 0.095999999999999974 0 -0.54400000000000004
v 0.11733333333333329 0 -0.54400000000000004
v 0.13866666666666672 0 -0.54400000000000004
v 0.15999999999999992 0 -0.54400000000000004
v 0.18133333333333346 0 -0.54400000000000004
v 0.20266666666666655 0 -0.54400000000000004
v 0.2240000000000002 0 -0.54400000000000004
v 0.2453333333333334 0 -0.54400000000000004
v 0.26666666666666661 0 -0.54400000000000004
v 0.28800000000000003 0 -0.54400000000000004
v 0.30933333333333324 0 -0.54400000000000004
v 0.33066666666666666 0 -0.54400000000000004
v 0.35200000000000009 0 -0.54400000000000004
v 0.37333333333333329 0 -0.54400000000000004
v 0.39466666666666672 0 -0.54400000000000004
v 0.41599999999999993 0 -0.54400000000000004
v 0.43733333333333335 0 -0.54400000000000004
v 0.45866666666666678 0 -0.54400000000000004
v 0.47999999999999998 0 -0.54400000000000004
v 0.50133333333333341 0 -0.54400000000000004
v 0.52266666666666661 0 -0.54400000000000004
v 0.54400000000000004 0 -0.54400000000000004
v 0.56533333333333347 0 -0.54400000000000004
v 0.58666666666666667 0 -0.54400000000000004
v 0.6080000000000001 0 -0.54400000000000004
v 0.6293333333333333 0 -0.54400000000000004
v 0.65066666666666673 0 -0.54400000000000004
v 0.67199999999999993 0 -0.54400000000000004
v 0.69333333333333336 0 -0.54400000000000004
v 0.71466666666666678 0 -0.54400000000000004
v 0.73599999999999999 0 -0.54400000000000004
v 0.75733333333333341 0 -0.54400000000000004
v 0.77866666666666662 0 -0.54400000000000004
v 0.80000000000000004 0 -0.54400000000000004
v -0.80000000000000004 0 -0.52266666666666672
v -0.77866666666666673 0 -0.52266666666666672
v -0.75733333333333341 0 -0.52266666666666672
v -0.73599999999999999 0 -0.52266666666666672
v -0.71466666666666667 0 -0.52266666666666672
v -0.69333333333333336 0 -0.52266666666666672
v -0.67200000000000004 0 -0.52266666666666672
v -0.65066666666666673 0 -0.52266666666666672
v -0.6293333333333333 0 -0.52266666666666672
v -0.6080000000000001 0 -0.52266666666666672
v -0.58666666666666667 0 -0.52266666666666672
v -0.56533333333333335 0 -0.52266666666666672
v -0.54400000000000004 0 -0.52266666666666672
v -0.52266666666666672 0 -0.52266666666666672
v -0.50133333333333341 0 -0.52266666666666672
v -0.48000000000000004 0 -0.52266666666666672
v -0.45866666666666667 0 -0.52266666666666672
v -0.43733333333333335 0 -0.52266666666666672
v -0.41600000000000004 0 -0.52266666666666672
v -0.39466666666666667 0 -0.52266666666666672
v -0.37333333333333335 0 -0.52266666666666672
v -0.35200000000000004 0 -0.52266666666666672
v -0.33066666666666666 0 -0.52266666666666672
v -0.30933333333333329 0 -0.52266666666666672
v -0.28799999999999992 0 -0.52266666666666672
v -0.26666666666666672 0 -0.52266666666666672
v -0.2453333333333334 0 -0.52266666666666672
v -0.22399999999999998 0 -0.52266666666666672
v -0.20266666666666666 0 -0.52266666666666672
v -0.18133333333333335 0 -0.52266666666666672
v -0.16000000000000003 0 -0.52266666666666672
v -0.13866666666666672 0 -0.52266666666666672
v -0.11733333333333329 0 -0.52266666666666672
v -0.095999999999999974 0 -0.52266666666666672
v -0.074666666666666659 0 -0.52266666666666672
v -0.053333333333333344 0 -0.52266666666666672
v -0.032000000000000028 0 -0.52266666666666672
v -0.010666666666666713 0 -0.52266666666666672
v 0.010666666666666713 0 -0.52266666666666672
v 0.032000000000000028 0 -0.52266666666666672
v 0.053333333333333344 0 -0.52266666666666672
v 0.07466666666666677 0 -0.52266666666666672
v 0.095999999999999974 0 -0.52266666666666672
v 0.11733333333333329 0 -0.52266666666666672
v 0.13866666666666672 0 -0.52266666666666672
v 0.15999999999999992 0 -0.52266666666666672
v 0.18133333333333346 0 -0.52266666666666672
v 0.20266666666666655 0 -0.52266666666666672
v 0.2240000000000002 0 -0.52266666666666672
v 0.2453333333333334 0 -0.52266666666666672
v 0.26666666666666661 0 -0.52266666666666672
v 0.28800000000000003 0 -0.52266666666666672
v 0.30933333333333324 0 -0.52266666666666672
v 0.33066666666666666 0 -0.52266666666666672
v 0.35200000000000009 0 -0.52266666666666672
v 0.37333333333333329 0 -0.52266666666666672
v 0.39466666666666672 0 -0.52266666666666672
v 0.41599999999999993 0 -0.52266666666666672
v 0.43733333333333335 0 -0.52266666666666672
v 0.45866666666666678 0 -0.52266666666666672
v 0.47999999999999998 0 -0.52266666666666672
v 0.50133333333333341 0 -0.52266666666666672
v 0.52266666666666661 0 -0.52266666666666672
v 0.54400000000000004 0 -0.52266666666666672
v 0.56533333333333347 0 -0.52266666666666672
v 0.58666666666666667 0 -0.52266666666666672
v 0.6080000000000001 0 -0.52266666666666672
v 0.6293333333333333 0 -0.52266666666666672
v 0.65066666666666673 0 -0.52266666666666672
v 0.67199999999999993 0 -0.52266666666666672
v 0.69333333333333336 0 -0.52266666666666672
v 0.71466666666666678 0 -0.52266666666666672
v 0.73599999999999999 0 -0.52266666666666672
v 0.75733333333333341 0 -0.52266666666666672
v 0.77866666666666662 0 -0.52266666666666672
v 0.80000000000000004 0 -0.52266666666666672
v -0.80000000000000004 0 -0.50133333333333341
v -0.77866666666666673 0 -0.50133333333333341
v -0.75733333333333341 0 -0.50133333333333341
v -0.73599999999999999 0 -0.50133333333333341
v -0.71466666666666667 0 -0.50133333333333341
v -0.69333333333333336 0 -0.50133333333333341
v -0.67200000000000004 0 -0.50133333333333341
v -0.65066666666666673 0 -0.50133333333333341
v -0.6293333333333333 0 -0.50133333333333341
v -0.6080000000000001 0 -0.50133333333333341
v -0.58666666666666667 0 -0.50133333333333341
v -0.56533333333333335 0 -0.50133333333333341
v -0.54400000000000004 0 -0.50133333333333341
v -0.52266666666666672 0 -0.50133333333333341
v -0.50133333333333341 0 -0.50133333333333341
v -0.48000000000000004 0 -0.50133333333333341
v -0.45866666666666667 0 -0.50133333333333341
v -0.43733333333333335 0 -0.50133333333333341
v -0.41600000000000004 0 -0.50133333333333341
v -0.39466666666666667 0 -0.50133333333333341
v -0.37333333333333335 0 -0.50133333333333341
v -0.35200000000000004 0 -0.50133333333333341
v -0.33066666666666666 0 -0.50133333333333341
v -0.30933333333333329 0 -0.50133333333333341
v -0.28799999999999992 0 -0.50133333333333341
v -0.26666666666666672 0 -0.50133333333333341
v -0.2453333333333334 0 -0.50133333333333341
v -0.22399999999999998 0 -0.50133333333333341
v -0.20266666666666666 0 -0.50133333333333341
v -0.18133333333333335 0 -0.50133333333333341
v -0.16000000000000003 0 -0.50133333333333341
v -0.13866666666666672 0 -0.50133333333333341
v -0.11733333333333329 0 -0.50133333333333341
v -0.095999999999999974 0 -0.50133333333333341
v -0.074666666666666659 0 -0.50133333333333341
v -0.053333333333333344 0 -0.50133333333333341
v -0.032000000000000028 0 -0.50133333333333341
v -0.010666666666666713 0 -0.50133333333333341
v 0.010666666666666713 0 -0.50133333333333341
v 0.032000000000000028 0 -0.50133333333333341
v 0.053333333333333344 0 -0.50133333333333341
v 0.07466666666666677 0 -0.50133333333333341
v 0.095999999999999974 0 -0.50133333333333341
v 0.11733333333333329 0 -0.50133333333333341
v 0.13866666666666672 0 -0.50133333333333341
v 0.15999999999999992 0 -0.50133333333333341
v 0.18133333333333346 0 -0.50133333333333341
v 0.20266666666666655 0 -0.50133333333333341
v 0.2240000000000002 0 -0.50133333333333341
v 0.2453333333333334 0 -0.50133333333333341
v 0.26666666666666661 0 -0.50133333333333341
v 0.28800000000000003 0 -0.50133333333333341
v 0.30933333333333324 0 -0.50133333333333341
v 0.33066666666666666 0 -0.50133333333333341
v 0.35200000000000009 0 -0.50133333333333341
v 0.37333333333333329 0 -0.50133333333333341
v 0.39466666666666672 0 -0.50133333333333341
v 0.41599999999999993 0 -0.50133333333333341
v 0.43733333333333335 0 -0.50133333333333341
v 0.45866666666666678 0 -0.50133333333333341
v 0.47999999999999998 0 -0.50133333333333341
v 0.50133333333333341 0 -0.50133333333333341
v 0.52266666666666661 0 -0.50133333333333341
v 0.54400000000000004 0 -0.50133333333333341
v 0.56533333333333347 0 -0.50133333333333341
v 0.58666666666666667 0 -0.50133333333333341
v 0.6080000000000001 0 -0.50133333333333341
v 0.6293333333333333 0 -0.50133333333333341
v 0.65066666666666673 0 -0.50133333333333341
v 0.67199999999999993 0 -0.50133333333333341
v 0.69333333333333336 0 -0.50133333333333341
v 0.71466666666666678 0 -0.50133333333333341
v 0.73599999999999999 0 -0.50133333333333341
v 0.75733333333333341 0 -0.50133333333333341
v 0.77866666666666662 0 -0.50133333333333341
v 0.80000000000000004 0 -0.50133333333333341
v -0.80000000000000004 0 -0.48000000000000004
v -0.77866666666666673 0 -0.48000000000000004
v -0.75733333333333341 0 -0.48000000000000004
v -0.73599999999999999 0 -0.48000000000000004
v -0.71466666666666667 0 -0.48000000000000004
v -0.69333333333333336 0 -0.48000000000000004
v -0.67200000000000004 0 -0.48000000000000004
v -0.65066666666666673 0 -0.48000000000000004
v -0.6293333333333333 0 -0.48000000000000004
v -0.6080000000000001 0 -0.48000000000000004
v -0.58666666666666667 0 -0.48000000000000004
v -0.56533333333333335 0 -0.48000000000000004
v -0.54400000000000004 0 -0.48000000000000004
v -0.52266666666666672 0 -0.48000000000000004
v -0.50133333333333341 0 -0.48000000000000004
v -0.48000000000000004 0 -0.48000000000000004
v -0.45866666666666667 0 -0.48000000000000004
v -0.43733333333333335 0 -0.48000000000000004
v -0.41600000000000004 0 -0.48000000000000004
v -0.39466666666666667 0 -0.48000000000000004
v -0.37333333333333335 0 -0.48000000000000004
v -0.35200000000000004 0 -0.48000000000000004
v -0.33066666666666666 0 -0.48000000000000004
v -0.30933333333333329 0 -0.48000000000000004
v -0.28799999999999992 0 -0.48000000000000004
v -0.26666666666666672 0 -0.48000000000000004
v -0.2453333333333334 0 -0.48000000000000004
v -0.22399999999999998 0 -0.48000000000000004
v -0.20266666666666666 0 -0.48000000000000004
v -0.18133333333333335 0 -0.48000000000000004
v -0.16000000000000003 0 -0.48000000000000004
v -0.13866666666666672 0 -0.48000000000000004
v -0.11733333333333329 0 -0.48000000000000004
v -0.095999999999999974 0 -0.48000000000000004
v -0.074666666666666659 0 -0.48000000000000004
v -0.053333333333333344 0 -0.48000000000000004
v -0.032000000000000028 0 -0.48000000000000004
v -0.010666666666666713 0 -0.48000000000000004
v 0.010666666666666713 0 -0.48000000000000004
v 0.032000000000000028 0 -0.48000000000000004
v 0.053333333333333344 0 -0.48000000000000004
v 0.07466666666666677 0 -0.48000000000000004
v 0.095999999999999974 0 -0.48000000000000004
v 0.11733333333333329 0 -0.48000000000000004
v 0.13866666666666672 0 -0.48000000000000004
v 0.15999999999999992 0 -0.48000000000000004
v 0.18133333333333346 0 -0.48000000000000004
v 0.20266666666666655 0 -0.48000000000000004
v 0.2240000000000002 0 -0.48000000000000004
v 0.2453333333333334 0 -0.48000000000000004
v 0.26666666666666661 0 -0.48000000000000004
v 0.28800000000000003 0 -0.48000000000000004
v 0.30933333333333324 0 -0.48000000000000004
v 0.33066666666666666 0 -0.48000000000000004
v 0.35200000000000009 0 -0.48000000000000004
v 0.37333333333333329 0 -0.48000000000000004
v 0.39466666666666672 0 -0.48000000000000004
v 0.41599999999999993 0 -0.48000000000000004
v 0.43733333333333335 0 -0.48000000000000004
v 0.45866666666666678 0 -0.48000000000000004
v 0.47999999999999998 0 -0.48000000000000004
v 0.50133333333333341 0 -0.48000000000000004
v 0.52266666666666661 0 -0.48000000000000004
v 0.54400000000000004 0 -0.48000000000000004
v 0.56533333333333347 0 -0.48000000000000004
v 0.58666666666666667 0 -0.48000000000000004
v 0.6080000000000001 0 -0.48000000000000004
v 0.6293333333333333 0 -0.48000000000000004
v 0.65066666666666673 0 -0.48000000000000004
v 0.67199999999999993 0 -0.48000000000000004
v 0.69333333333333336 0 -0.48000000000000004
v 0.71466666666666678 0 -0.48000000000000004
v 0.73599999999999999 0 -0.48000000000000004
v 0.75733333333333341 0 -0.48000000000000004
v 0.77866666666666662 0 -0.48000000000000004
v 0.80000000000000004 0 -0.48000000000000004
v -0.80000000000000004 0 -0.45866666666666667
v -0.77866666666666673 0 -0.45866666666666667
v -0.75733333333333341 0 -0.45866666666666667
v -0.73599999999999999 0 -0.45866666666666667
v -0.71466666666666667 0 -0.45866666666666667
v -0.69333333333333336 0 -0.45866666666666667
v -0.67200000000000004 0 -0.45866666666666667
v -0.65066666666666673 0 -0.45866666666666667
v -0.6293333333333333 0 -0.45866666666666667
v -0.6080000000000001 0 -0.45866666666666667
v -0.58666666666666667 0 -0.45866666666666667
v -0.56533333333333335 0 -0.45866666666666667
v -0.54400000000000004 0 -0.45866666666666667
v -0.52266666666666672 0 -0.45866666666666667
v -0.50133333333333341 0 -0.45866666666666667
v -0.48000000000000004 0 -0.45866666666666667
v -0.45866666666666667 0 -0.45866666666666667
v -0.43733333333333335 0 -0.45866666666666667
v -0.41600000000000004 0 -0.45866666666666667
v -0.39466666666666667 0 -0.45866666666666667
v -0.37333333333333335 0 -0.45866666666666667
v -0.35200000000000004 0 -0.45866666666666667
v -0.33066666666666666 0 -0.45866666666666667
v -0.30933333333333329 0 -0.45866666666666667
v -0.28799999999999992 0 -0.45866666666666667
v -0.26666666666666672 0 -0.45866666666666667
v -0.2453333333333334 0 -0.45866666666666667
v -0.22399999999999998 0 -0.45866666666666667
v -0.20266666666666666 0 -0.45866666666666667
v -0.18133333333333335 0 -0.45866666666666667
v -0.16000000000000003 0 -0.45866666666666667
v -0.13866666666666672 0 -0.45866666666666667
v -0.11733333333333329 0 -0.45866666666666667
v -0.095999999999999974 0 -0.45866666666666667
v -0.074666666666666659 0 -0.45866666666666667
v -0.053333333333333344 0 -0.45866666666666667
v -0.032000000000000028 0 -0.45866666666666667
v -0.010666666666666713 0 -0.45866666666666667
v 0.010666666666666713 0 -0.45866666666666667
v 0.032000000000000028 0 -0.45866666666666667
v 0.053333333333333344 0 -0.45866666666666667
v 0.07466666666666677 0 -0.45866666666666667
v 0.095999999999999974 0 -0.45866666666666667
v 0.11733333333333329 0 -0.45866666666666667
v 0.13866666666666672 0 -0.45866666666666667
v 0.15999999999999992 0 -0.45866666666666667
v 0.18133333333333346 0 -0.45866666666666667
v 0.20266666666666655 0 -0.45866666666666667
v 0.2240000000000002 0 -0.45866666666666667
v 0.2453333333333334 0 -0.45866666666666667
v 0.26666666666666661 0 -0.45866666666666667
v 0.28800000000000003 0 -0.45866666666666667
v 0.30933333333333324 0 -0.45866666666666667
v 0.33066666666666666 0 -0.45866666666666667
v 0.35200000000000009 0 -0.45866666666666667
v 0.37333333333333329 0 -0.45866666666666667
v 0.39466666666666672 0 -0.45866666666666667
v 0.41599999999999993 0 -0.45866666666666667
v 0.43733333333333335 0 -0.45866666666666667
v 0.45866666666666678 0 -0.45866666666666667
v 0.47999999999999998 0 -0.45866666666666667
v 0.50133333333333341 0 -0.45866666666666667
v 0.52266666666666661 0 -0.45866666666666667
v 0.54400000000000004 0 -0.45866666666666667
v 0.56533333333333347 0 -0.45866666666666667
v 0.58666666666666667 0 -0.45866666666666667
v 0.6080000000000001 0 -0.45866666666666667
v 0.6293333333333333 0 -0.45866666666666667
v 0.65066666666666673 0 -0.45866666666666667
v 0.67199999999999993 0 -0.45866666666666667
v 0.69333333333333336 0 -0.45866666666666667
v 0.71466666666666678 0 -0.45866666666666667
v 0.73599999999999999 0 -0.45866666666666667
v 0.75733333333333341 0 -0.45866666666666667
v 0.77866666666666662 0 -0.45866666666666667
v 0.80000000000000004 0 -0.45866666666666667
v -0.80000000000000004 0 -0.43733333333333335
v -0.77866666666666673 0 -0.43733333333333335
v -0.75733333333333341 0 -0.43733333333333335
v -0.73599999999999999 0 -0.43733333333333335
v -0.71466666666666667 0 -0.43733333333333335
v -0.69333333333333336 0 -0.43733333333333335
v -0.67200000000000004 0 -0.43733333333333335
v -0.65066666666666673 0 -0.43733333333333335
v -0.6293333333333333 0 -0.43733333333333335
v -0.6080000000000001 0 -0.43733333333333335
v -0.58666666666666667 0 -0.43733333333333335
v -0.56533333333333335 0 -0.43733333333333335
v -0.54400000000000004 0 -0.43733333333333335
v -0.52266666666666672 0 -0.43733333333333335
v -0.50133333333333341 0 -0.43733333333333335
v -0.48000000000000004 0 -0.43733333333333335
v -0.45866666666666667 0 -0.43733333333333335
v -0.43733333333333335 0 -0.43733333333333335
v -0.41600000000000004 0 -0.43733333333333335
v -0.39466666666666667 0 -0.43733333333333335
v -0.37333333333333335 0 -0.43733333333333335
v -0.35200000000000004 0 -0.43733333333333335
v -0.33066666666666666 0 -0.43733333333333335
v -0.30933333333333329 0 -0.43733333333333335
v -0.28799999999999992 0 -0.43733333333333335
v -0.26666666666666672 0 -0.43733333333333335
v -0.2453333333333334 0 -0.43733333333333335
v -0.22399999999999998 0 -0.43733333333333335
v -0.20266666666666666 0 -0.43733333333333335
v -0.18133333333333335 0 -0.43733333333333335
v -0.16000000000000003 0 -0.43733333333333335
v -0.13866666666666672 0 -0.43733333333333335
v -0.11733333333333329 0 -0.43733333333333335
v -0.095999999999999974 0 -0.43733333333333335
v -0.074666666666666659 0 -0.43733333333333335
v -0.053333333333333344 0 -0.43733333333333335
v -0.032000000000000028 0 -0.43733333333333335
v -0.010666666666666713 0 -0.43733333333333335
v 0.010666666666666713 0 -0.43733333333333335
v 0.032000000000000028 0 -0.43733333333333335
v 0.053333333333333344 0 -0.43733333333333335
v 0.07466666666666677 0 -0.43733333333333335
v 0.095999999999999974 0 -0.43733333333333335
v 0.11733333333333329 0 -0.43733333333333335
v 0.13866666666666672 0 -0.43733333333333335
v 0.15999999999999992 0 -0.43733333333333335
v 0.18133333333333346 0 -0.43733333333333335
v 0.20266666666666655 0 -0.43733333333333335
v 0.2240000000000002 0 -0.43733333333333335
v 0.2453333333333334 0 -0.43733333333333335
v 0.26666666666666661 0 -0.43733333333333335
v 0.28800000000000003 0 -0.43733333333333335
v 0.30933333333333324 0 -0.43733333333333335
v 0.33066666666666666 0 -0.43733333333333335
v 0.35200000000000009 0 -0.43733333333333335
v 0.37333333333333329 0 -0.43733333333333335
v 0.39466666666666672 0 -0.43733333333333335
v 0.41599999999999993 0 -0.43733333333333335
v 0.43733333333333335 0 -0.43733333333333335
v 0.45866666666666678 0 -0.43733333333333335
v 0.47999999999999998 0 -0.43733333333333335
v 0.50133333333333341 0 -0.43733333333333335
v 0.52266666666666661 0 -0.43733333333333335
v 0.54400000000000004 0 -0.43733333333333335
v 0.56533333333333347 0 -0.43733333333333335
v 0.58666666666666667 0 -0.43733333333333335
v 0.6080000000000001 0 -0.43733333333333335
v 0.6293333333333333 0 -0.43733333333333335
v 0.65066666666666673 0 -0.43733333333333335
v 0.67199999999999993 0 -0.43733333333333335
v 0.69333333333333336 0 -0.43733333333333335
v 0.71466666666666678 0 -0.43733333333333335
v 0.73599999999999999 0 -0.43733333333333335
v 0.75733333333333341 0 -0.43733333333333335
v 0.77866666666666662 0 -0.43733333333333335
v 0.80000000000000004 0 -0.43733333333333335
v -0.80000000000000004 0 -0.41600000000000004
v -0.77866666666666673 0 -0.41600000000000004
v -0.75733333333333341 0 -0.41600000000000004
v -0.73599999999999999 0 -0.41600000000000004
v -0.71466666666666667 0 -0.41600000000000004
v -0.69333333333333336 0 -0.41600000000000004
v -0.67200000000000004 0 -0.41600000000000004
v -0.65066666666666673 0 -0.41600000000000004
v -0.6293333333333333 0 -0.41600000000000004
v -0.6080000000000001 0 -0.41600000000000004
v -0.58666666666666667 0 -0.41600000000000004
v -0.56533333333333335 0 -0.41600000000000004
v -0.54400000000000004 0 -0.41600000000000004
v -0.52266666666666672 0 -0.41600000000000004
v -0.50133333333333341 0 -0.41600000000000004
v -0.48000000000000004 0 -0.41600000000000004
v -0.45866666666666667 0 -0.41600000000000004
v -0.43733333333333335 0 -0.41600000000000004
v -0.41600000000000004 0 -0.41600000000000004
v -0.39466666666666667 0 -0.41600000000000004
v -0.37333333333333335 0 -0.41600000000000004
v -0.35200000000000004 0 -0.41600000000000004
v -0.33066666666666666 0 -0.41600000000000004
v -0.30933333333333329 0 -0.41600000000000004
v -0.28799999999999992 0 -0.41600000000000004
v -0.26666666666666672 0 -0.41600000000000004
v -0.2453333333333334 0 -0.41600000000000004
v -0.22399999999999998 0 -0.41600000000000004
v -0.20266666666666666 0 -0.41600000000000004
v -0.18133333333333335 0 -0.41600000000000004
v -0.16000000000000003 0 -0.41600000000000004
v -0.13866666666666672 0 -0.41600000000000004
v -0.11733333333333329 0 -0.41600000000000004
v -0.095999999999999974 0 -0.41600000000000004
v -0.074666666666666659 0 -0.41600000000000004
v -0.053333333333333344 0 -0.41600000000000004
v -0.032000000000000028 0 -0.41600000000000004
v -0.010666666666666713 0 -0.41600000000000004
v 0.010666666666666713 0 -0.41600000000000004
v 0.032000000000000028 0 -0.41600000000000004
v 0.053333333333333344 0 -0.41600000000000004
v 0.07466666666666677 0 -0.41600000000000004
v 0.095999999999999974 0 -0.41600000000000004
v 0.11733333333333329 0 -0.41600000000000004
v 0.13866666666666672 0 -0.41600000000000004
v 0.15999999999999992 0 -0.41600000000000004
v 0.18133333333333346 0 -0.41600000000000004
v 0.20266666666666655 0 -0.41600000000000004
v 0.2240000000000002 0 -0.41600000000000004
v 0.2453333333333334 0 -0.41600000000000004
v 0.26666666666666661 0 -0.41600000000000004
v 0.28800000000000003 0 -0.41600000000000004
v 0.30933333333333324 0 -0.41600000000000004
v 0.33066666666666666 0 -0.41600000000000004
v 0.35200000000000009 0 -0.41600000000000004
v 0.37333333333333329 0 -0.41600000000000004
v 0.39466666666666672 0 -0.41600000000000004
v 0.41599999999999993 0 -0.41600000000000004
v 0.43733333333333335 0 -0.41600000000000004
v 0.45866666666666678 0 -0.41600000000000004
v 0.47999999999999998 0 -0.41600000000000004
v 0.50133333333333341 0 -0.41600000000000004
v 0.52266666666666661 0 -0.41600000000000004
v 0.54400000000000004 0 -0.41600000000000004
v 0.56533333333333347 0 -0.41600000000000004
v 0.58666666666666667 0 -0.41600000000000004
v 0.6080000000000001 0 -0.41600000000000004
v 0.6293333333333333 0 -0.41600000000000004
v 0.65066666666666673 0 -0.41600000000000004
v 0.67199999999999993 0 -0.41600000000000004
v 0.69333333333333336 0 -0.41600000000000004
v 0.71466666666666678 0 -0.41600000000000004
v 0.73599999999999999 0 -0.41600000000000004
v 0.75733333333333341 0 -0.41600000000000004
v 0.77866666666666662 0 -0.41600000000000004
v 0.80000000000000004 0 -0.41600000000000004
v -0.80000000000000004 0 -0.39466666666666667
v -0.77866666666666673 0 -0.39466666666666667
v -0.75733333333333341 0 -0.39466666666666667
v -0.73599999999999999 0 -0.39466666666666667
v -0.71466666666666667 0 -0.39466666666666667
v -0.69333333333333336 0 -0.39466666666666667
v -0.67200000000000004 0 -0.39466666666666667
v -0.65066666666666673 0 -0.39466666666666667
v -0.6293333333333333 0 -0.39466666666666667
v -0.6080000000000001 0 -0.39466666666666667
v -0.58666666666666667 0 -0.39466666666666667
v -0.56533333333333335 0 -0.39466666666666667
v -0.54400000000000004 0 -0.39466666666666667
v -0.52266666666666672 0 -0.39466666666666667
v -0.50133333333333341 0 -0.39466666666666667
v -0.48000000000000004 0 -0.39466666666666667
v -0.45866666666666667 0 -0.39466666666666667
v -0.43733333333333335 0 -0.39466666666666667
v -0.41600000000000004 0 -0.39466666666666667
v -0.39466666666666667 0 -0.39466666666666667
v -0.37333333333333335 0 -0.39466666666666667
v -0.35200000000000004 0 -0.39466666666666667
v -0.33066666666666666 0 -0.39466666666666667
v -0.30933333333333329 0 -0.39466666666666667
v -0.28799999999999992 0 -0.39466666666666667
v -0.26666666666666672 0 -0.39466666666666667
v -0.2453333333333334 0 -0.39466666666666667
v -0.22399999999999998 0 -0.39466666666666667
v -0.20266666666666666 0 -0.39466666666666667
v -0.18133333333333335 0 -0.39466666666666667
v -0.16000000000000003 0 -0.39466666666666667
v -0.13866666666666672 0 -0.39466666666666667
v -0.11733333333333329 0 -0.39466666666666667
v -0.095999999999999974 0 -0.39466666666666667
v -0.074666666666666659 0 -0.39466666666666667
v -0.053333333333333344 0 -0.39466666666666667
v -0.032000000000000028 0 -0.39466666666666667
v -0.010666666666666713 0 -0.39466666666666667
v 0.010666666666666713 0 -0.39466666666666667
v 0.032000000000000028 0 -0.39466666666666667
v 0.053333333333333344 0 -0.39466666666666667
v 0.07466666666666677 0 -0.39466666666666667
v 0.095999999999999974 0 -0.39466666666666667
v 0.11733333333333329 0 -0.39466666666666667
v 0.13866666666666672 0 -0.39466666666666667
v 0.15999999999999992 0 -0.39466666666666667
v 0.18133333333333346 0 -0.39466666666666667
v 0.20266666666666655 0 -0.39466666666666667
v 0.2240000000000002 0 -0.39466666666666667
v 0.2453333333333334 0 -0.39466666666666667
v 0.26666666666666661 0 -0.39466666666666667
v 0.28800000000000003 0 -0.39466666666666667
v 0.30933333333333324 0 -0.39466666666666667
v 0.33066666666666666 0 -0.39466666666666667
v 0.35200000000000009 0 -0.39466666666666667
v 0.37333333333333329 0 -0.39466666666666667
v 0.39466666666666672 0 -0.39466666666666667
v 0.41599999999999993 0 -0.39466666666666667
v 0.43733333333333335 0 -0.39466666666666667
v 0.45866666666666678 0 -0.39466666666666667
v 0.47999999999999998 0 -0.39466666666666667
v 0.50133333333333341 0 -0.39466666666666667
v 0.52266666666666661 0 -0.39466666666666667
v 0.54400000000000004 0 -0.39466666666666667
v 0.56533333333333347 0 -0.39466666666666667
v 0.58666666666666667 0 -0.39466666666666667
v 0.6080000000000001 0 -0.39466666666666667
v 0.6293333333333333 0 -0.39466666666666667
v 0.65066666666666673 0 -0.39466666666666667
v 0.67199999999999993 0 -0.39466666666666667
v 0.69333333333333336 0 -0.39466666666666667
v 0.71466666666666678 0 -0.39466666666666667
v 0.73599999999999999 0 -0.39466666666666667
v 0.75733333333333341 0 -0.39466666666666667
v 0.77866666666666662 0 -0.39466666666666667
v 0.80000000000000004 0 -0.39466666666666667
v -0.80000000000000004 0 -0.37333333333333335
v -0.77866666666666673 0 -0.37333333333333335
v -0.75733333333333341 0 -0.37333333333333335
v -0.73599999999999999 0 -0.37333333333333335
v -0.71466666666666667 0 -0.37333333333333335
v -0.69333333333333336 0 -0.37333333333333335
v -0.67200000000000004 0 -0.37333333333333335
v -0.65066666666666673 0 -0.37333333333333335
v -0.6293333333333333 0 -0.37333333333333335
v -0.6080000000000001 0 -0.37333333333333335
v -0.58666666666666667 0 -0.37333333333333335
v -0.56533333333333335 0 -0.37333333333333335
v -0.54400000000000004 0 -0.37333333333333335
v -0.52266666666666672 0 -0.37333333333333335
v -0.50133333333333341 0 -0.37333333333333335
v -0.48000000000000004 0 -0.37333333333333335
v -0.45866666666666667 0 -0.37333333333333335
v -0.43733333333333335 0 -0.37333333333333335
v -0.41600000000000004 0 -0.37333333333333335
v -0.39466666666666667 0 -0.37333333333333335
v -0.37333333333333335 0 -0.37333333333333335
v -0.35200000000000004 0 -0.37333333333333335
v -0.33066666666666666 0 -0.37333333333333335
v -0.30933333333333329 0 -0.37333333333333335
v -0.28799999999999992 0 -0.37333333333333335
v -0.26666666666666672 0 -0.37333333333333335
v -0.2453333333333334 0 -0.37333333333333335
v -0.22399999999999998 0 -0.37333333333333335
v -0.20266666666666666 0 -0.37333333333333335
v -0.18133333333333335 0 -0.37333333333333335
v -0.16000000000000003 0 -0.37333333333333335
v -0.13866666666666672 0 -0.37333333333333335
v -0.11733333333333329 0 -0.37333333333333335
v -0.095999999999999974 0 -0.37333333333333335
v -0.074666666666666659 0 -0.37333333333333335
v -0.053333333333333344 0 -0.37333333333333335
v -0.032000000000000028 0 -0.37333333333333335
v -0.010666666666666713 0 -0.37333333333333335
v 0.010666666666666713 0 -0.37333333333333335
v 0.032000000000000028 0 -0.37333333333333335
v 0.053333333333333344 0 -0.37333333333333335
v 0.07466666666666677 0 -0.37333333333333335
v 0.095999999999999974 0 -0.37333333333333335
v 0.11733333333333329 0 -0.37333333333333335
v 0.13866666666666672 0 -0.37333333333333335
v 0.15999999999999992 0 -0.37333333333333335
v 0.18133333333333346 0 -0.37333333333333335
v 0.20266666666666655 0 -0.37333333333333335
v 0.2240000000000002 0 -0.37333333333333335
v 0.2453333333333334 0 -0.37333333333333335
v 0.26666666666666661 0 -0.37333333333333335
v 0.28800000000000003 0 -0.37333333333333335
v 0.30933333333333324 0 -0.37333333333333335
v 0.33066666666666666 0 -0.37333333333333335
v 0.35200000000000009 0 -0.37333333333333335
v 0.37333333333333329 0 -0.37333333333333335
v 0.39466666666666672 0 -0.37333333333333335
v 0.41599999999999993 0 -0.37333333333333335
v 0.43733333333333335 0 -0.37333333333333335
v 0.45866666666666678 0 -0.37333333333333335
v 0.47999999999999998 0 -0.37333333333333335
v 0.50133333333333341 0 -0.37333333333333335
v 0.52266666666666661 0 -0.37333333333333335
v 0.54400000000000004 0 -0.37333333333333335
v 0.56533333333333347 0 -0.37333333333333335
v 0.58666666666666667 0 -0.37333333333333335
v 0.6080000000000001 0 -0.37333333333333335
v 0.6293333333333333 0 -0.37333333333333335
v 0.65066666666666673 0 -0.37333333333333335
v 0.67199999999999993 0 -0.37333333333333335
v 0.69333333333333336 0 -0.37333333333333335
v 0.71466666666666678 0 -0.37333333333333335
v 0.73599999999999999 0 -0.37333333333333335
v 0.75733333333333341 0 -0.37333333333333335
v 0.77866666666666662 0 -0.37333333333333335
v 0.80000000000000004 0 -0.37333333333333335
v -0.80000000000000004 0 -0.35200000000000004
v -0.77866666666666673 0 -0.35200000000000004
v -0.75733333333333341 0 -0.35200000000000004
v -0.73599999999999999 0 -0.35200000000000004
v -0.71466666666666667 0 -0.35200000000000004
v -0.69333333333333336 0 -0.35200000000000004
v -0.67200000000000004 0 -0.35200000000000004
v -0.65066666666666673 0 -0.35200000000000004
v -0.6293333333333333 0 -0.35200000000000004
v -0.6080000000000001 0 -0.35200000000000004
v -0.58666666666666667 0 -0.35200000000000004
v -0.56533333333333335 0 -0.35200000000000004
v -0.54400000000000004 0 -0.35200000000000004
v -0.52266666666666672 0 -0.35200000000000004
v -0.50133333333333341 0 -0.35200000000000004
v -0.48000000000000004 0 -0.35200000000000004
v -0.45866666666666667 0 -0.35200000000000004
v -0.43733333333333335 0 -0.35200000000000004
v -0.41600000000000004 0 -0.35200000000000004
v -0.39466666666666667 0 -0.35200000000000004
v -0.37333333333333335 0 -0.35200000000000004
v -0.35200000000000004 0 -0.35200000000000004
v -0.33066666666666666 0 -0.35200000000000004
v -0.30933333333333329 0 -0.35200000000000004
v -0.28799999999999992 0 -0.35200000000000004
v -0.26666666666666672 0 -0.35200000000000004
v -0.2453333333333334 0 -0.35200000000000004
v -0.22399999999999998 0 -0.35200000000000004
v -0.20266666666666666 0 -0.35200000000000004
v -0.18133333333333335 0 -0.35200000000000004
v -0.16000000000000003 0 -0.35200000000000004
v -0.13866666666666672 0 -0.35200000000000004
v -0.11733333333333329 0 -0.35200000000000004
v -0.095999999999999974 0 -0.35200000000000004
v -0.074666666666666659 0 -0.35200000000000004
v -0.053333333333333344 0 -0.35200000000000004
v -0.032000000000000028 0 -0.35200000000000004
v -0.010666666666666713 0 -0.35200000000000004
v 0.010666666666666713 0 -0.35200000000000004
v 0.032000000000000028 0 -0.35200000000000004
v 0.053333333333333344 0 -0.35200000000000004
v 0.07466666666666677 0 -0.35200000000000004
v 0.095999999999999974 0 -0.35200000000000004
v 0.11733333333333329 0 -0.35200000000000004
v 0.13866666666666672 0 -0.35200000000000004
v 0.15999999999999992 0 -0.35200000000000004
v 0.18133333333333346 0 -0.35200000000000004
v 0.20266666666666655 0 -0.35200000000000004
v 0.2240000000000002 0 -0.35200000000000004
v 0.2453333333333334 0 -0.35200000000000004
v 0.26666666666666661 0 -0.35200000000000004
v 0.28800000000000003 0 -0.35200000000000004
v 0.30933333333333324 0 -0.35200000000000004
v 0.33066666666666666 0 -0.35200000000000004
v 0.35200000000000009 0 -0.35200000000000004
v 0.37333333333333329 0 -0.35200000000000004
v 0.39466666666666672 0 -0.35200000000000004
v 0.41599999999999993 0 -0.35200000000000004
v 0.43733333333333335 0 -0.35200000000000004
v 0.45866666666666678 0 -0.35200000000000004
v 0.47999999999999998 0 -0.35200000000000004
v 0.50133333333333341 0 -0.35200000000000004
v 0.52266666666666661 0 -0.35200000000000004
v 0.54400000000000004 0 -0.35200000000000004
v 0.56533333333333347 0 -0.35200000000000004
v 0.58666666666666667 0 -0.35200000000000004
v 0.6080000000000001 0 -0.35200000000000004
v 0.6293333333333333 0 -0.35200000000000004
v 0.65066666666666673 0 -0.35200000000000004
v 0.67199999999999993 0 -0.35200000000000004
v 0.69333333333333336 0 -0.35200000000000004
v 0.71466666666666678 0 -0.35200000000000004
v 0.73599999999999999 0 -0.35200000000000004
v 0.75733333333333341 0 -0.35200000000000004
v 0.77866666666666662 0 -0.35200000000000004
v 0.80000000000000004 0 -0.35200000000000004
v -0.80000000000000004 0 -0.33066666666666666
v -0.77866666666666673 0 -0.33066666666666666
v -0.75733333333333341 0 -0.33066666666666666
v -0.73599999999999999 0 -0.33066666666666666
v -0.71466666666666667 0 -0.33066666666666666
v -0.69333333333333336 0 -0.33066666666666666
v -0.67200000000000004 0 -0.33066666666666666
v -0.65066666666666673 0 -0.33066666666666666
v -0.6293333333333333 0 -0.33066666666666666
v -0.6080000000000001 0 -0.33066666666666666
v -0.58666666666666667 0 -0.33066666666666666
v -0.56533333333333335 0 -0.33066666666666666
v -0.54400000000000004 0 -0.33066666666666666
v -0.52266666666666672 0 -0.33066666666666666
v -0.50133333333333341 0 -0.33066666666666666
v -0.48000000000000004 0 -0.33066666666666666
v -0.45866666666666667 0 -0.33066666666666666
v -0.43733333333333335 0 -0.33066666666666666
v -0.41600000000000004 0 -0.33066666666666666
v -0.39466666666666667 0 -0.33066666666666666
v -0.37333333333333335 0 -0.33066666666666666
v -0.35200000000000004 0 -0.33066666666666666
v -0.33066666666666666 0 -0.33066666666666666
v -0.30933333333333329 0 -0.33066666666666666
v -0.28799999999999992 0 -0.33066666666666666
v -0.26666666666666672 0 -0.33066666666666666
v -0.2453333333333334 0 -0.33066666666666666
v -0.22399999999999998 0 -0.33066666666666666
v -0.20266666666666666 0 -0.33066666666666666
v -0.18133333333333335 0 -0.33066666666666666
v -0.16000000000000003 0 -0.33066666666666666
v -0.13866666666666672 0 -0.33066666666666666
v -0.11733333333333329 0 -0.33066666666666666
v -0.095999999999999974 0 -0.33066666666666666
v -0.074666666666666659 0 -0.33066666666666666
v -0.053333333333333344 0 -0.33066666666666666
v -0.032000000000000028 0 -0.33066666666666666
v -0.010666666666666713 0 -0.33066666666666666
v 0.010666666666666713 0 -0.33066666666666666
v 0.032000000000000028 0 -0.33066666666666666
v 0.053333333333333344 0 -0.33066666666666666
v 0.07466666666666677 0 -0.33066666666666666
v 0.095999999999999974 0 -0.33066666666666666
v 0.11733333333333329 0 -0.33066666666666666
v 0.13866666666666672 0 -0.33066666666666666
v 0.15999999999999992 0 -0.33066666666666666
v 0.18133333333333346 0 -0.33066666666666666
v 0.20266666666666655 0 -0.33066666666666666
v 0.2240000000000002 0 -0.33066666666666666
v 0.2453333333333334 0 -0.33066666666666666
v 0.26666666666666661 0 -0.33066666666666666
v 0.28800000000000003 0 -0.33066666666666666
v 0.30933333333333324 0 -0.33066666666666666
v 0.33066666666666666 0 -0.33066666666666666
v 0.35200000000000009 0 -0.33066666666666666
v 0.37333333333333329 0 -0.33066666666666666
v 0.39466666666666672 0 -0.33066666666666666
v 0.41599999999999993 0 -0.33066666666666666
v 0.43733333333333335 0 -0.33066666666666666
v 0.45866666666666678 0 -0.33066666666666666
v 0.47999999999999998 0 -0.33066666666666666
v 0.50133333333333341 0 -0.33066666666666666
v 0.52266666666666661 0 -0.33066666666666666
v 0.54400000000000004 0 -0.33066666666666666
v 0.56533333333333347 0 -0.33066666666666666
v 0.58666666666666667 0 -0.33066666666666666
v 0.6080000000000001 0 -0.33066666666666666
v 0.6293333333333333 0 -0.33066666666666666
v 0.65066666666666673 0 -0.33066666666666666
v 0.67199999999999993 0 -0.33066666666666666
v 0.69333333333333336 0 -0.33066666666666666
v 0.71466666666666678 0 -0.33066666666666666
v 0.73599999999999999 0 -0.33066666666666666
v 0.75733333333333341 0 -0.33066666666666666
v 0.77866666666666662 0 -0.33066666666666666
v 0.80000000000000004 0 -0.33066666666666666
v -0.80000000000000004 0 -0.30933333333333329
v -0.77866666666666673 0 -0.30933333333333329
v -0.75733333333333341 0 -0.30933333333333329
v -0.73599999999999999 0 -0.30933333333333329
v -0.71466666666666667 0 -0.30933333333333329
v -0.69333333333333336 0 -0.30933333333333329
v -0.67200000000000004 0 -0.30933333333333329
v -0.65066666666666673 0 -0.30933333333333329
v -0.6293333333333333 0 -0.30933333333333329
v -0.6080000000000001 0 -0.30933333333333329
v -0.58666666666666667 0 -0.30933333333333329
v -0.56533333333333335 0 -0.30933333333333329
v -0.54400000000000004 0 -0.30933333333333329
v -0.52266666666666672 0 -0.30933333333333329
v -0.50133333333333341 0 -0.30933333333333329
v -0.48000000000000004 0 -0.30933333333333329
v -0.45866666666666667 0 -0.30933333333333329
v -0.43733333333333335 0 -0.30933333333333329
v -0.41600000000000004 0 -0.30933333333333329
v -0.39466666666666667 0 -0.30933333333333329
v -0.37333333333333335 0 -0.30933333333333329
v -0.35200000000000004 0 -0.30933333333333329
v -0.33066666666666666 0 -0.30933333333333329
v -0.30933333333333329 0 -0.30933333333333329
v -0.28799999999999992 0 -0.30933333333333329
v -0.26666666666666672 0 -0.30933333333333329
v -0.2453333333333334 0 -0.30933333333333329
v -0.22399999999999998 0 -0.30933333333333329
v -0.20266666666666666 0 -0.30933333333333329
v -0.18133333333333335 0 -0.30933333333333329
v -0.16000000000000003 0 -0.30933333333333329
v -0.13866666666666672 0 -0.30933333333333329
v -0.11733333333333329 0 -0.30933333333333329
v -0.095999999999999974 0 -0.30933333333333329
v -0.074666666666666659 0 -0.30933333333333329
v -0.053333333333333344 0 -0.30933333333333329
v -0.032000000000000028 0 -0.30933333333333329
v -0.010666666666666713 0 -0.30933333333333329
v 0.010666666666666713 0 -0.30933333333333329
v 0.032000000000000028 0 -0.30933333333333329
v 0.053333333333333344 0 -0.30933333333333329
v 0.07466666666666677 0 -0.30933333333333329
v 0.095999999999999974 0 -0.30933333333333329
v 0.11733333333333329 0 -0.30933333333333329
v 0.13866666666666672 0 -0.30933333333333329
v 0.15999999999999992 0 -0.30933333333333329
v 0.18133333333333346 0 -0.30933333333333329
v 0.20266666666666655 0 -0.30933333333333329
v 0.2240000000000002 0 -0.30933333333333329
v 0.2453333333333334 0 -0.30933333333333329
v 0.26666666666666661 0 -0.30933333333333329
v 0.28800000000000003 0 -0.30933333333333329
v 0.30933333333333324 0 -0.30933333333333329
v 0.33066666666666666 0 -0.30933333333333329
v 0.35200000000000009 0 -0.30933333333333329
v 0.37333333333333329 0 -0.30933333333333329
v 0.39466666666666672 0 -0.30933333333333329
v 0.41599999999999993 0 -0.30933333333333329
v 0.43733333333333335 0 -0.30933333333333329
v 0.45866666666666678 0 -0.30933333333333329
v 0.47999999999999998 0 -0.30933333333333329
v 0.50133333333333341 0 -0.30933333333333329
v 0.52266666666666661 0 -0.30933333333333329
v 0.54400000000000004 0 -0.30933333333333329
v 0.56533333333333347 0 -0.30933333333333329
v 0.58666666666666667 0 -0.30933333333333329
v 0.6080000000000001 0 -0.30933333333333329
v 0.6293333333333333 0 -0.30933333333333329
v 0.65066666666666673 0 -0.30933333333333329
v 0.67199999999999993 0 -0.30933333333333329
v 0.69333333333333336 0 -0.30933333333333329
v 0.71466666666666678 0 -0.30933333333333329
v 0.73599999999999999 0 -0.30933333333333329
v 0.75733333333333341 0 -0.30933333333333329
v 0.77866666666666662 0 -0.30933333333333329
v 0.80000000000000004 0 -0.30933333333333329
v -0.80000000000000004 0 -0.28799999999999992
v -0.77866666666666673 0 -0.28799999999999992
v -0.75733333333333341 0 -0.28799999999999992
v -0.73599999999999999 0 -0.28799999999999992
v -0.71466666666666667 0 -0.28799999999999992
v -0.69333333333333336 0 -0.28799999999999992
v -0.67200000000000004 0 -0.28799999999999992
v -0.65066666666666673 0 -0.28799999999999992
v -0.6293333333333333 0 -0.28799999999999992
v -0.6080000000000001 0 -0.28799999999999992
v -0.58666666666666667 0 -0.28799999999999992
v -0.56533333333333335 0 -0.28799999999999992
v -0.54400000000000004 0 -0.28799999999999992
v -0.52266666666666672 0 -0.28799999999999992
v -0.50133333333333341 0 -0.28799999999999992
v -0.48000000000000004 0 -0.28799999999999992
v -0.45866666666666667 0 -0.28799999999999992
v -0.43733333333333335 0 -0.28799999999999992
v -0.41600000000000004 0 -0.28799999999999992
v -0.39466666666666667 0 -0.28799999999999992
v -0.37333333333333335 0 -0.28799999999999992
v -0.35200000000000004 0 -0.28799999999999992
v -0.33066666666666666 0 -0.28799999999999992
v -0.30933333333333329 0 -0.28799999999999992
v -0.28799999999999992 0 -0.28799999999999992
v -0.26666666666666672 0 -0.28799999999999992
v -0.2453333333333334 0 -0.28799999999999992
v -0.22399999999999998 0 -0.28799999999999992
v -0.20266666666666666 0 -0.28799999999999992
v -0.18133333333333335 0 -0.28799999999999992
v -0.16000000000000003 0 -0.28799999999999992
v -0.13866666666666672 0 -0.28799999999999992
v -0.11733333333333329 0 -0.28799999999999992
v -0.095999999999999974 0 -0.28799999999999992
v -0.074666666666666659 0 -0.28799999999999992
v -0.053333333333333344 0 -0.28799999999999992
v -0.032000000000000028 0 -0.28799999999999992
v -0.010666666666666713 0 -0.28799999999999992
v 0.010666666666666713 0 -0.28799999999999992
v 0.032000000000000028 0 -0.28799999999999992
v 0.053333333333333344 0 -0.28799999999999992
v 0.07466666666666677 0 -0.28799999999999992
v 0.095999999999999974 0 -0.28799999999999992
v 0.11733333333333329 0 -0.28799999999999992
v 0.13866666666666672 0 -0.28799999999999992
v 0.15999999999999992 0 -0.28799999999999992
v 0.18133333333333346 0 -0.28799999999999992
v 0.20266666666666655 0 -0.28799999999999992
v 0.2240000000000002 0 -0.28799999999999992
v 0.2453333333333334 0 -0.28799999999999992
v 0.26666666666666661 0 -0.28799999999999992
v 0.28800000000000003 0 -0.28799999999999992
v 0.30933333333333324 0 -0.28799999999999992
v 0.33066666666666666 0 -0.28799999999999992
v 0.35200000000000009 0 -0.28799999999999992
v 0.37333333333333329 0 -0.28799999999999992
v 0.39466666666666672 0 -0.28799999999999992
v 0.41599999999999993 0 -0.28799999999999992
v 0.43733333333333335 0 -0.28799999999999992
v 0.45866666666666678 0 -0.28799999999999992
v 0.47999999999999998 0 -0.28799999999999992
v 0.50133333333333341 0 -0.28799999999999992
v 0.52266666666666661 0 -0.28799999999999992
v 0.54400000000000004 0 -0.28799999999999992
v 0.56533333333333347 0 -0.28799999999999992
v 0.58666666666666667 0 -0.28799999999999992
v 0.6080000000000001 0 -0.28799999999999992
v 0.6293333333333333 0 -0.28799999999999992
v 0.65066666666666673 0 -0.28799999999999992
v 0.67199999999999993 0 -0.28799999999999992
v 0.69333333333333336 0 -0.28799999999999992
v 0.71466666666666678 0 -0.28799999999999992
v 0.73599999999999999 0 -0.28799999999999992
v 0.75733333333333341 0 -0.28799999999999992
v 0.77866666666666662 0 -0.28799999999999992
v 0.80000000000000004 0 -0.28799999999999992
v -0.80000000000000004 0 -0.26666666666666672
v -0.77866666666666673 0 -0.26666666666666672
v -0.75733333333333341 0 -0.26666666666666672
v -0.73599999999999999 0 -0.26666666666666672
v -0.71466666666666667 0 -0.26666666666666672
v -0.69333333333333336 0 -0.26666666666666672
v -0.67200000000000004 0 -0.26666666666666672
v -0.65066666666666673 0 -0.26666666666666672
v -0.6293333333333333 0 -0.26666666666666672
v -0.6080000000000001 0 -0.26666666666666672
v -0.58666666666666667 0 -0.26666666666666672
v -0.56533333333333335 0 -0.26666666666666672
v -0.54400000000000004 0 -0.26666666666666672
v -0.52266666666666672 0 -0.26666666666666672
v -0.50133333333333341 0 -0.26666666666666672
v -0.48000000000000004 0 -0.26666666666666672
v -0.45866666666666667 0 -0.26666666666666672
v -0.43733333333333335 0 -0.26666666666666672
v -0.41600000000000004 0 -0.26666666666666672
v -0.39466666666666667 0 -0.26666666666666672
v -0.37333333333333335 0 -0.26666666666666672
v -0.35200000000000004 0 -0.26666666666666672
v -0.33066666666666666 0 -0.26666666666666672
v -0.30933333333333329 0 -0.26666666666666672
v -0.28799999999999992 0 -0.26666666666666672
v -0.26666666666666672 0 -0.26666666666666672
v -0.2453333333333334 0 -0.26666666666666672
v -0.22399999999999998 0 -0.26666666666666672
v -0.20266666666666666 0 -0.26666666666666672
v -0.18133333333333335 0 -0.26666666666666672
v -0.16000000000000003 0 -0.26666666666666672
v -0.13866666666666672 0 -0.26666666666666672
v -0.11733333333333329 0 -0.26666666666666672
v -0.095999999999999974 0 -0.26666666666666672
v -0.074666666666666659 0 -0.26666666666666672
v -0.053333333333333344 0 -0.26666666666666672
v -0.032000000000000028 0 -0.26666666666666672
v -0.010666666666666713 0 -0.26666666666666672
v 0.010666666666666713 0 -0.26666666666666672
v 0.032000000000000028 0 -0.26666666666666672
v 0.053333333333333344 0 -0.26666666666666672
v 0.07466666666666677 0 -0.26666666666666672
v 0.095999999999999974 0 -0.26666666666666672
v 0.11733333333333329 0 -0.26666666666666672
v 0.13866666666666672 0 -0.26666666666666672
v 0.15999999999999992 0 -0.26666666666666672
v 0.18133333333333346 0 -0.26666666666666672
v 0.20266666666666655 0 -0.26666666666666672
v 0.2240000000000002 0 -0.26666666666666672
v 0.2453333333333334 0 -0.26666666666666672
v 0.26666666666666661 0 -0.26666666666666672
v 0.28800000000000003 0 -0.26666666666666672
v 0.30933333333333324 0 -0.26666666666666672
v 0.33066666666666666 0 -0.26666666666666672
v 0.35200000000000009 0 -0.26666666666666672
v 0.37333333333333329 0 -0.26666666666666672
v 0.39466666666666672 0 -0.26666666666666672
v 0.41599999999999993 0 -0.26666666666666672
v 0.43733333333333335 0 -0.26666666666666672
v 0.45866666666666678 0 -0.26666666666666672
v 0.47999999999999998 0 -0.26666666666666672
v 0.50133333333333341 0 -0.26666666666666672
v 0.52266666666666661 0 -0.26666666666666672
v 0.54400000000000004 0 -0.26666666666666672
v 0.56533333333333347 0 -0.26666666666666672
v 0.58666666666666667 0 -0.26666666666666672
v 0.6080000000000001 0 -0.26666666666666672
v 0.6293333333333333 0 -0.26666666666666672
v 0.65066666666666673 0 -0.26666666666666672
v 0.67199999999999993 0 -0.26666666666666672
v 0.69333333333333336 0 -0.26666666666666672
v 0.71466666666666678 0 -0.26666666666666672
v 0.73599999999999999 0 -0.26666666666666672
v 0.75733333333333341 0 -0.26666666666666672
v 0.77866666666666662 0 -0.26666666666666672
v 0.80000000000000004 0 -0.26666666666666672
v -0.80000000000000004 0 -0.2453333333333334
v -0.77866666666666673 0 -0.2453333333333334
v -0.75733333333333341 0 -0.2453333333333334
v -0.73599999999999999 0 -0.2453333333333334
v -0.71466666666666667 0 -0.2453333333333334
v -0.69333333333333336 0 -0.2453333333333334
v -0.67200000000000004 0 -0.2453333333333334
v -0.65066666666666673 0 -0.2453333333333334
v -0.6293333333333333 0 -0.2453333333333334
v -0.6080000000000001 0 -0.2453333333333334
v -0.58666666666666667 0 -0.2453333333333334
v -0.56533333333333335 0 -0.2453333333333334
v -0.54400000000000004 0 -0.2453333333333334
v -0.52266666666666672 0 -0.2453333333333334
v -0.50133333333333341 0 -0.2453333333333334
v -0.48000000000000004 0 -0.2453333333333334
v -0.45866666666666667 0 -0.2453333333333334
v -0.43733333333333335 0 -0.2453333333333334
v -0.41600000000000004 0 -0.2453333333333334
v -0.39466666666666667 0 -0.2453333333333334
v -0.37333333333333335 0 -0.2453333333333334
v -0.35200000000000004 0 -0.2453333333333334
v -0.33066666666666666 0 -0.2453333333333334
v -0.30933333333333329 0 -0.2453333333333334
v -0.28799999999999992 0 -0.2453333333333334
v -0.26666666666666672 0 -0.2453333333333334
v -0.2453333333333334 0 -0.2453333333333334
v -0.22399999999999998 0 -0.2453333333333334
v -0.20266666666666666 0 -0.2453333333333334
v -0.18133333333333335 0 -0.2453333333333334
v -0.16000000000000003 0 -0.2453333333333334
v -0.13866666666666672 0 -0.2453333333333334
v -0.11733333333333329 0 -0.2453333333333334
v -0.095999999999999974 0 -0.2453333333333334
v -0.074666666666666659 0 -0.2453333333333334
v -0.053333333333333344 0 -0.2453333333333334
v -0.032000000000000028 0 -0.2453333333333334
v -0.010666666666666713 0 -0.2453333333333334
v 0.010666666666666713 0 -0.2453333333333334
v 0.032000000000000028 0 -0.2453333333333334
v 0.053333333333333344 0 -0.2453333333333334
v 0.07466666666666677 0 -0.2453333333333334
v 0.095999999999999974 0 -0.2453333333333334
v 0.11733333333333329 0 -0.2453333333333334
v 0.13866666666666672 0 -0.2453333333333334
v 0.15999999999999992 0 -0.2453333333333334
v 0.18133333333333346 0 -0.2453333333333334
v 0.20266666666666655 0 -0.2453333333333334
v 0.2240000000000002 0 -0.2453333333333334
v 0.2453333333333334 0 -0.2453333333333334
v 0.26666666666666661 0 -0.2453333333333334
v 0.28800000000000003 0 -0.2453333333333334
v 0.30933333333333324 0 -0.2453333333333334
v 0.33066666666666666 0 -0.2453333333333334
v 0.35200000000000009 0 -0.2453333333333334
v 0.37333333333333329 0 -0.2453333333333334
v 0.39466666666666672 0 -0.2453333333333334
v 0.41599999999999993 0 -0.2453333333333334
v 0.43733333333333335 0 -0.2453333333333334
v 0.45866666666666678 0 -0.2453333333333334
v 0.47999999999999998 0 -0.2453333333333334
v 0.50133333333333341 0 -0.2453333333333334
v 0.52266666666666661 0 -0.2453333333333334
v 0.54400000000000004 0 -0.2453333333333334
v 0.56533333333333347 0 -0.2453333333333334
v 0.58666666666666667 0 -0.2453333333333334
v 0.6080000000000001 0 -0.2453333333333334
v 0.6293333333333333 0 -0.2453333333333334
v 0.65066666666666673 0 -0.2453333333333334
v 0.67199999999999993 0 -0.2453333333333334
v 0.69333333333333336 0 -0.2453333333333334
v 0.71466666666666678 0 -0.2453333333333334
v 0.73599999999999999 0 -0.2453333333333334
v 0.75733333333333341 0 -0.2453333333333334
v 0.77866666666666662 0 -0.2453333333333334
v 0.80000000000000004 0 -0.2453333333333334
v -0.80000000000000004 0 -0.22399999999999998
v -0.77866666666666673 0 -0.22399999999999998
v -0.75733333333333341 0 -0.22399999999999998
v -0.73599999999999999 0 -0.22399999999999998
v -0.71466666666666667 0 -0.22399999999999998
v -0.69333333333333336 0 -0.22399999999999998
v -0.67200000000000004 0 -0.22399999999999998
v -0.65066666666666673 0 -0.22399999999999998
v -0.6293333333333333 0 -0.22399999999999998
v -0.6080000000000001 0 -0.22399999999999998
v -0.58666666666666667 0 -0.22399999999999998
v -0.56533333333333335 0 -0.22399999999999998
v -0.54400000000000004 0 -0.22399999999999998
v -0.52266666666666672 0 -0.22399999999999998
v -0.50133333333333341 0 -0.22399999999999998
v -0.48000000000000004 0 -0.22399999999999998
v -0.45866666666666667 0 -0.22399999999999998
v -0.43733333333333335 0 -0.22399999999999998
v -0.41600000000000004 0 -0.22399999999999998
v -0.39466666666666667 0 -0.22399999999999998
v -0.37333333333333335 0 -0.22399999999999998
v -0.35200000000000004 0 -0.22399999999999998
v -0.33066666666666666 0 -0.22399999999999998
v -0.30933333333333329 0 -0.22399999999999998
v -0.28799999999999992 0 -0.22399999999999998
v -0.26666666666666672 0 -0.22399999999999998
v -0.2453333333333334 0 -0.22399999999999998
v -0.22399999999999998 0 -0.22399999999999998
v -0.20266666666666666 0 -0.22399999999999998
v -0.18133333333333335 0 -0.22399999999999998
v -0.16000000000000003 0 -0.22399999999999998
v -0.13866666666666672 0 -0.22399999999999998
v -0.11733333333333329 0 -0.22399999999999998
v -0.095999999999999974 0 -0.22399999999999998
v -0.074666666666666659 0 -0.22399999999999998
v -0.053333333333333344 0 -0.22399999999999998
v -0.032000000000000028 0 -0.22399999999999998
v -0.010666666666666713 0 -0.22399999999999998
v 0.010666666666666713 0 -0.22399999999999998
v 0.032000000000000028 0 -0.22399999999999998
v 0.053333333333333344 0 -0.22399999999999998
v 0.07466666666666677 0 -0.22399999999999998
v 0.095999999999999974 0 -0.22399999999999998
v 0.11733333333333329 0 -0.22399999999999998
v 0.13866666666666672 0 -0.22399999999999998
v 0.15999999999999992 0 -0.22399999999999998
v 0.18133333333333346 0 -0.22399999999999998
v 0.20266666666666655 0 -0.22399999999999998
v 0.2240000000000002 0 -0.22399999999999998
v 0.2453333333333334 0 -0.22399999999999998
v 0.26666666666666661 0 -0.22399999999999998
v 0.28800000000000003 0 -0.22399999999999998
v 0.30933333333333324 0 -0.22399999999999998
v 0.33066666666666666 0 -0.22399999999999998
v 0.35200000000000009 0 -0.22399999999999998
v 0.37333333333333329 0 -0.22399999999999998
v 0.39466666666666672 0 -0.22399999999999998
v 0.41599999999999993 0 -0.22399999999999998
v 0.43733333333333335 0 -0.22399999999999998
v 0.45866666666666678 0 -0.22399999999999998
v 0.47999999999999998 0 -0.22399999999999998
v 0.50133333333333341 0 -0.22399999999999998
v 0.52266666666666661 0 -0.22399999999999998
v 0.54400000000000004 0 -0.22399999999999998
v 0.56533333333333347 0 -0.22399999999999998
v 0.58666666666666667 0 -0.22399999999999998
v 0.6080000000000001 0 -0.22399999999999998
v 0.6293333333333333 0 -0.22399999999999998
v 0.65066666666666673 0 -0.22399999999999998
v 0.67199999999999993 0 -0.22399999999999998
v 0.69333333333333336 0 -0.22399999999999998
v 0.71466666666666678 0 -0.22399999999999998
v 0.73599999999999999 0 -0.22399999999999998
v 0.75733333333333341 0 -0.22399999999999998
v 0.77866666666666662 0 -0.22399999999999998
v 0.80000000000000004 0 -0.22399999999999998
v -0.80000000000000004 0 -0.20266666666666666
v -0.77866666666666673 0 -0.20266666666666666
v -0.75733333333333341 0 -0.20266666666666666
v -0.73599999999999999 0 -0.20266666666666666
v -0.71466666666666667 0 -0.20266666666666666
v -0.69333333333333336 0 -0.20266666666666666
v -0.67200000000000004 0 -0.20266666666666666
v -0.65066666666666673 0 -0.20266666666666666
v -0.6293333333333333 0 -0.20266666666666666
v -0.6080000000000001 0 -0.20266666666666666
v -0.58666666666666667 0 -0.20266666666666666
v -0.56533333333333335 0 -0.20266666666666666
v -0.54400000000000004 0 -0.20266666666666666
v -0.52266666666666672 0 -0.20266666666666666
v -0.50133333333333341 0 -0.20266666666666666
v -0.48000000000000004 0 -0.20266666666666666
v -0.45866666666666667 0 -0.20266666666666666
v -0.43733333333333335 0 -0.20266666666666666
v -0.41600000000000004 0 -0.20266666666666666
v -0.39466666666666667 0 -0.20266666666666666
v -0.37333333333333335 0 -0.20266666666666666
v -0.35200000000000004 0 -0.20266666666666666
v -0.33066666666666666 0 -0.20266666666666666
v -0.30933333333333329 0 -0.20266666666666666
v -0.28799999999999992 0 -0.20266666666666666
v -0.26666666666666672 0 -0.20266666666666666
v -0.2453333333333334 0 -0.20266666666666666
v -0.22399999999999998 0 -0.20266666666666666
v -0.20266666666666666 0 -0.20266666666666666
v -0.18133333333333335 0 -0.20266666666666666
v -0.16000000000000003 0 -0.20266666666666666
v -0.13866666666666672 0 -0.20266666666666666
v -0.11733333333333329 0 -0.20266666666666666
v -0.095999999999999974 0 -0.20266666666666666
v -0.074666666666666659 0 -0.20266666666666666
v -0.053333333333333344 0 -0.20266666666666666
v -0.032000000000000028 0 -0.20266666666666666
v -0.010666666666666713 0 -0.20266666666666666
v 0.010666666666666713 0 -0.20266666666666666
v 0.032000000000000028 0 -0.20266666666666666
v 0.053333333333333344 0 -0.20266666666666666
v 0.07466666666666677 0 -0.20266666666666666
v 0.095999999999999974 0 -0.20266666666666666
v 0.11733333333333329 0 -0.20266666666666666
v 0.13866666666666672 0 -0.20266666666666666
v 0.15999999999999992 0 -0.20266666666666666
v 0.18133333333333346 0 -0.20266666666666666
v 0.20266666666666655 0 -0.20266666666666666
v 0.2240000000000002 0 -0.20266666666666666
v 0.2453333333333334 0 -0.20266666666666666
v 0.26666666666666661 0 -0.20266666666666666
v 0.28800000000000003 0 -0.20266666666666666
v 0.30933333333333324 0 -0.20266666666666666
v 0.33066666666666666 0 -0.20266666666666666
v 0.35200000000000009 0 -0.20266666666666666
v 0.37333333333333329 0 -0.20266666666666666
v 0.39466666666666672 0 -0.20266666666666666
v 0.41599999999999993 0 -0.20266666666666666
v 0.43733333333333335 0 -0.20266666666666666
v 0.45866666666666678 0 -0.20266666666666666
v 0.47999999999999998 0 -0.20266666666666666
v 0.50133333333333341 0 -0.20266666666666666
v 0.52266666666666661 0 -0.20266666666666666
v 0.54400000000000004 0 -0.20266666666666666
v 0.56533333333333347 0 -0.20266666666666666
v 0.58666666666666667 0 -0.20266666666666666
v 0.6080000000000001 0 -0.20266666666666666
v 0.6293333333333333 0 -0.20266666666666666
v 0.65066666666666673 0 -0.20266666666666666
v 0.67199999999999993 0 -0.20266666666666666
v 0.69333333333333336 0 -0.20266666666666666
v 0.71466666666666678 0 -0.20266666666666666
v 0.73599999999999999 0 -0.20266666666666666
v 0.75733333333333341 0 -0.20266666666666666
v 0.77866666666666662 0 -0.20266666666666666
v 0.80000000000000004 0 -0.20266666666666666
v -0.80000000000000004 0 -0.18133333333333335
v -0.77866666666666673 0 -0.18133333333333335
v -0.75733333333333341 0 -0.18133333333333335
v -0.73599999999999999 0 -0.18133333333333335
v -0.71466666666666667 0 -0.18133333333333335
v -0.69333333333333336 0 -0.18133333333333335
v -0.67200000000000004 0 -0.18133333333333335
v -0.65066666666666673 0 -0.18133333333333335
v -0.6293333333333333 0 -0.18133333333333335
v -0.6080000000000001 0 -0.18133333333333335
v -0.58666666666666667 0 -0.18133333333333335
v -0.56533333333333335 0 -0.18133333333333335
v -0.54400000000000004 0 -0.18133333333333335
v -0.52266666666666672 0 -0.18133333333333335
v -0.50133333333333341 0 -0.18133333333333335
v -0.48000000000000004 0 -0.18133333333333335
v -0.45866666666666667 0 -0.18133333333333335
v -0.43733333333333335 0 -0.18133333333333335
v -0.41600000000000004 0 -0.18133333333333335
v -0.39466666666666667 0 -0.18133333333333335
v -0.37333333333333335 0 -0.18133333333333335
v -0.35200000000000004 0 -0.18133333333333335
v -0.33066666666666666 0 -0.18133333333333335
v -0.30933333333333329 0 -0.18133333333333335
v -0.28799999999999992 0 -0.18133333333333335
v -0.26666666666666672 0 -0.18133333333333335
v -0.2453333333333334 0 -0.18133333333333335
v -0.22399999999999998 0 -0.18133333333333335
v -0.20266666666666666 0 -0.18133333333333335
v -0.18133333333333335 0 -0.18133333333333335
v -0.16000000000000003 0 -0.18133333333333335
v -0.13866666666666672 0 -0.18133333333333335
v -0.11733333333333329 0 -0.18133333333333335
v -0.095999999999999974 0 -0.18133333333333335
v -0.074666666666666659 0 -0.18133333333333335
v -0.053333333333333344 0 -0.18133333333333335
v -0.032000000000000028 0 -0.18133333333333335
v -0.010666666666666713 0 -0.18133333333333335
v 0.010666666666666713 0 -0.18133333333333335
v 0.032000000000000028 0 -0.18133333333333335
v 0.053333333333333344 0 -0.18133333333333335
v 0.07466666666666677 0 -0.18133333333333335
v 0.095999999999999974 0 -0.18133333333333335
v 0.11733333333333329 0 -0.18133333333333335
v 0.13866666666666672 0 -0.18133333333333335
v 0.15999999999999992 0 -0.18133333333333335
v 0.18133333333333346 0 -0.18133333333333335
v 0.20266666666666655 0 -0.18133333333333335
v 0.2240000000000002 0 -0.18133333333333335
v 0.2453333333333334 0 -0.18133333333333335
v 0.26666666666666661 0 -0.18133333333333335
v 0.28800000000000003 0 -0.18133333333333335
v 0.30933333333333324 0 -0.18133333333333335
v 0.33066666666666666 0 -0.18133333333333335
v 0.35200000000000009 0 -0.18133333333333335
v 0.37333333333333329 0 -0.18133333333333335
v 0.39466666666666672 0 -0.18133333333333335
v 0.41599999999999993 0 -0.18133333333333335
v 0.43733333333333335 0 -0.18133333333333335
v 0.45866666666666678 0 -0.18133333333333335
v 0.47999999999999998 0 -0.18133333333333335
v 0.50133333333333341 0 -0.18133333333333335
v 0.52266666666666661 0 -0.18133333333333335
v 0.54400000000000004 0 -0.18133333333333335
v 0.56533333333333347 0 -0.18133333333333335
v 0.58666666666666667 0 -0.18133333333333335
v 0.6080000000000001 0 -0.18133333333333335
v 0.6293333333333333 0 -0.18133333333333335
v 0.65066666666666673 0 -0.18133333333333335
v 0.67199999999999993 0 -0.18133333333333335
v 0.69333333333333336 0 -0.18133333333333335
v 0.71466666666666678 0 -0.18133333333333335
v 0.73599999999999999 0 -0.18133333333333335
v 0.75733333333333341 0 -0.18133333333333335
v 0.77866666666666662 0 -0.18133333333333335
v 0.80000000000000004 0 -0.18133333333333335
v -0.80000000000000004 0 -0.16000000000000003
v -0.77866666666666673 0 -0.16000000000000003
v -0.75733333333333341 0 -0.16000000000000003
v -0.73599999999999999 0 -0.16000000000000003
v -0.71466666666666667 0 -0.16000000000000003
v -0.69333333333333336 0 -0.16000000000000003
v -0.67200000000000004 0 -0.16000000000000003
v -0.65066666666666673 0 -0.16000000000000003
v -0.6293333333333333 0 -0.16000000000000003
v -0.6080000000000001 0 -0.16000000000000003
v -0.58666666666666667 0 -0.16000000000000003
v -0.56533333333333335 0 -0.16000000000000003
v -0.54400000000000004 0 -0.16000000000000003
v -0.52266666666666672 0 -0.16000000000000003
v -0.50133333333333341 0 -0.16000000000000003
v -0.48000000000000004 0 -0.16000000000000003
v -0.45866666666666667 0 -0.16000000000000003
v -0.43733333333333335 0 -0.16000000000000003
v -0.41600000000000004 0 -0.16000000000000003
v -0.39466666666666667 0 -0.16000000000000003
v -0.37333333333333335 0 -0.16000000000000003
v -0.35200000000000004 0 -0.16000000000000003
v -0.33066666666666666 0 -0.16000000000000003
v -0.30933333333333329 0 -0.16000000000000003
v -0.28799999999999992 0 -0.16000000000000003
v -0.26666666666666672 0 -0.16000000000000003
v -0.2453333333333334 0 -0.16000000000000003
v -0.22399999999999998 0 -0.16000000000000003
v -0.20266666666666666 0 -0.16000000000000003
v -0.18133333333333335 0 -0.16000000000000003
v -0.16000000000000003 0 -0.16000000000000003
v -0.13866666666666672 0 -0.16000000000000003
v -0.11733333333333329 0 -0.16000000000000003
v -0.095999999999999974 0 -0.16000000000000003
v -0.074666666666666659 0 -0.16000000000000003
v -0.053333333333333344 0 -0.16000000000000003
v -0.032000000000000028 0 -0.16000000000000003
v -0.010666666666666713 0 -0.16000000000000003
v 0.010666666666666713 0 -0.16000000000000003
v 0.032000000000000028 0 -0.16000000000000003
v 0.053333333333333344 0 -0.16000000000000003
v 0.07466666666666677 0 -0.16000000000000003
v 0.095999999999999974 0 -0.16000000000000003
v 0.11733333333333329 0 -0.16000000000000003
v 0.13866666666666672 0 -0.16000000000000003
v 0.15999999999999992 0 -0.16000000000000003
v 0.18133333333333346 0 -0.16000000000000003
v 0.20266666666666655 0 -0.16000000000000003
v 0.2240000000000002 0 -0.16000000000000003
v 0.2453333333333334 0 -0.16000000000000003
v 0.26666666666666661 0 -0.16000000000000003
v 0.28800000000000003 0 -0.16000000000000003
v 0.30933333333333324 0 -0.16000000000000003
v 0.33066666666666666 0 -0.16000000000000003
v 0.35200000000000009 0 -0.16000000000000003
v 0.37333333333333329 0 -0.16000000000000003
v 0.39466666666666672 0 -0.16000000000000003
v 0.41599999999999993 0 -0.16000000000000003
v 0.43733333333333335 0 -0.16000000000000003
v 0.45866666666666678 0 -0.16000000000000003
v 0.47999999999999998 0 -0.16000000000000003
v 0.50133333333333341 0 -0.16000000000000003
v 0.52266666666666661 0 -0.16000000000000003
v 0.54400000000000004 0 -0.16000000000000003
v 0.56533333333333347 0 -0.16000000000000003
v 0.58666666666666667 0 -0.16000000000000003
v 0.6080000000000001 0 -0.16000000000000003
v 0.6293333333333333 0 -0.16000000000000003
v 0.65066666666666673 0 -0.16000000000000003
v 0.67199999999999993 0 -0.16000000000000003
v 0.69333333333333336 0 -0.16000000000000003
v 0.71466666666666678 0 -0.16000000000000003
v 0.73599999999999999 0 -0.16000000000000003
v 0.75733333333333341 0 -0.16000000000000003
v 0.77866666666666662 0 -0.16000000000000003
v 0.80000000000000004 0 -0.16000000000000003
v -0.80000000000000004 0 -0.13866666666666672
v -0.77866666666666673 0 -0.13866666666666672
v -0.75733333333333341 0 -0.13866666666666672
v -0.73599999999999999 0 -0.13866666666666672
v -0.71466666666666667 0 -0.13866666666666672
v -0.69333333333333336 0 -0.13866666666666672
v -0.67200000000000004 0 -0.13866666666666672
v -0.65066666666666673 0 -0.13866666666666672
v -0.6293333333333333 0 -0.13866666666666672
v -0.6080000000000001 0 -0.13866666666666672
v -0.58666666666666667 0 -0.13866666666666672
v -0.56533333333333335 0 -0.13866666666666672
v -0.54400000000000004 0 -0.13866666666666672
v -0.52266666666666672 0 -0.13866666666666672
v -0.50133333333333341 0 -0.13866666666666672
v -0.48000000000000004 0 -0.13866666666666672
v -0.45866666666666667 0 -0.13866666666666672
v -0.43733333333333335 0 -0.13866666666666672
v -0.41600000000000004 0 -0.13866666666666672
v -0.39466666666666667 0 -0.13866666666666672
v -0.37333333333333335 0 -0.13866666666666672
v -0.35200000000000004 0 -0.13866666666666672
v -0.33066666666666666 0 -0.13866666666666672
v -0.30933333333333329 0 -0.13866666666666672
v -0.28799999999999992 0 -0.13866666666666672
v -0.26666666666666672 0 -0.13866666666666672
v -0.2453333333333334 0 -0.13866666666666672
v -0.22399999999999998 0 -0.13866666666666672
v -0.20266666666666666 0 -0.13866666666666672
v -0.18133333333333335 0 -0.13866666666666672
v -0.16000000000000003 0 -0.13866666666666672
v -0.13866666666666672 0 -0.13866666666666672
v -0.11733333333333329 0 -0.13866666666666672
v -0.095999999999999974 0 -0.13866666666666672
v -0.074666666666666659 0 -0.13866666666666672
v -0.053333333333333344 0 -0.13866666666666672
v -0.032000000000000028 0 -0.13866666666666672
v -0.010666666666666713 0 -0.13866666666666672
v 0.010666666666666713 0 -0.13866666666666672
v 0.032000000000000028 0 -0.13866666666666672
v 0.053333333333333344 0 -0.13866666666666672
v 0.07466666666666677 0 -0.13866666666666672
v 0.095999999999999974 0 -0.13866666666666672
v 0.11733333333333329 0 -0.13866666666666672
v 0.13866666666666672 0 -0.13866666666666672
v 0.15999999999999992 0 -0.13866666666666672
v 0.18133333333333346 0 -0.13866666666666672
v 0.20266666666666655 0 -0.13866666666666672
v 0.2240000000000002 0 -0.13866666666666672
v 0.2453333333333334 0 -0.13866666666666672
v 0.26666666666666661 0 -0.13866666666666672
v 0.28800000000000003 0 -0.13866666666666672
v 0.30933333333333324 0 -0.13866666666666672
v 0.33066666666666666 0 -0.13866666666666672
v 0.35200000000000009 0 -0.13866666666666672
v 0.37333333333333329 0 -0.13866666666666672
v 0.39466666666666672 0 -0.13866666666666672
v 0.41599999999999993 0 -0.13866666666666672
v 0.43733333333333335 0 -0.13866666666666672
v 0.45866666666666678 0 -0.13866666666666672
v 0.47999999999999998 0 -0.13866666666666672
v 0.50133333333333341 0 -0.13866666666666672
v 0.52266666666666661 0 -0.13866666666666672
v 0.54400000000000004 0 -0.13866666666666672
v 0.56533333333333347 0 -0.13866666666666672
v 0.58666666666666667 0 -0.13866666666666672
v 0.6080000000000001 0 -0.13866666666666672
v 0.6293333333333333 0 -0.13866666666666672
v 0.65066666666666673 0 -0.13866666666666672
v 0.67199999999999993 0 -0.13866666666666672
v 0.69333333333333336 0 -0.13866666666666672
v 0.71466666666666678 0 -0.13866666666666672
v 0.73599999999999999 0 -0.13866666666666672
v 0.75733333333333341 0 -0.13866666666666672
v 0.77866666666666662 0 -0.13866666666666672
v 0.80000000000000004 0 -0.13866666666666672
v -0.80000000000000004 0 -0.11733333333333329
v -0.77866666666666673 0 -0.11733333333333329
v -0.75733333333333341 0 -0.11733333333333329
v -0.73599999999999999 0 -0.11733333333333329
v -0.71466666666666667 0 -0.11733333333333329
v -0.69333333333333336 0 -0.11733333333333329
v -0.67200000000000004 0 -0.11733333333333329
v -0.65066666666666673 0 -0.11733333333333329
v -0.6293333333333333 0 -0.11733333333333329
v -0.6080000000000001 0 -0.11733333333333329
v -0.58666666666666667 0 -0.11733333333333329
v -0.56533333333333335 0 -0.11733333333333329
v -0.54400000000000004 0 -0.11733333333333329
v -0.52266666666666672 0 -0.11733333333333329
v -0.50133333333333341 0 -0.11733333333333329
v -0.48000000000000004 0 -0.11733333333333329
v -0.45866666666666667 0 -0.11733333333333329
v -0.43733333333333335 0 -0.11733333333333329
v -0.41600000000000004 0 -0.11733333333333329
v -0.39466666666666667 0 -0.11733333333333329
v -0.37333333333333335 0 -0.11733333333333329
v -0.35200000000000004 0 -0.11733333333333329
v -0.33066666666666666 0 -0.11733333333333329
v -0.30933333333333329 0 -0.11733333333333329
v -0.28799999999999992 0 -0.11733333333333329
v -0.26666666666666672 0 -0.11733333333333329
v -0.2453333333333334 0 -0.11733333333333329
v -0.22399999999999998 0 -0.11733333333333329
v -0.20266666666666666 0 -0.11733333333333329
v -0.18133333333333335 0 -0.11733333333333329
v -0.16000000000000003 0 -0.11733333333333329
v -0.13866666666666672 0 -0.11733333333333329
v -0.11733333333333329 0 -0.11733333333333329
v -0.095999999999999974 0 -0.11733333333333329
v -0.074666666666666659 0 -0.11733333333333329
v -0.053333333333333344 0 -0.11733333333333329
v -0.032000000000000028 0 -0.11733333333333329
v -0.010666666666666713 0 -0.11733333333333329
v 0.010666666666666713 0 -0.11733333333333329
v 0.032000000000000028 0 -0.11733333333333329
v 0.053333333333333344 0 -0.11733333333333329
v 0.07466666666666677 0 -0.11733333333333329
v 0.095999999999999974 0 -0.11733333333333329
v 0.11733333333333329 0 -0.11733333333333329
v 0.13866666666666672 0 -0.11733333333333329
v 0.15999999999999992 0 -0.11733333333333329
v 0.18133333333333346 0 -0.11733333333333329
v 0.20266666666666655 0 -0.11733333333333329
v 0.2240000000000002 0 -0.11733333333333329
v 0.2453333333333334 0 -0.11733333333333329
v 0.26666666666666661 0 -0.11733333333333329
v 0.28800000000000003 0 -0.11733333333333329
v 0.30933333333333324 0 -0.11733333333333329
v 0.33066666666666666 0 -0.11733333333333329
v 0.35200000000000009 0 -0.11733333333333329
v 0.37333333333333329 0 -0.11733333333333329
v 0.39466666666666672 0 -0.11733333333333329
v 0.41599999999999993 0 -0.11733333333333329
v 0.43733333333333335 0 -0.11733333333333329
v 0.45866666666666678 0 -0.11733333333333329
v 0.47999999999999998 0 -0.11733333333333329
v 0.50133333333333341 0 -0.11733333333333329
v 0.52266666666666661 0 -0.11733333333333329
v 0.54400000000000004 0 -0.11733333333333329
v 0.56533333333333347 0 -0.11733333333333329
v 0.58666666666666667 0 -0.11733333333333329
v 0.6080000000000001 0 -0.11733333333333329
v 0.6293333333333333 0 -0.11733333333333329
v 0.65066666666666673 0 -0.11733333333333329
v 0.67199999999999993 0 -0.11733333333333329
v 0.69333333333333336 0 -0.11733333333333329
v 0.71466666666666678 0 -0.11733333333333329
v 0.73599999999999999 0 -0.11733333333333329
v 0.75733333333333341 0 -0.11733333333333329
v 0.77866666666666662 0 -0.11733333333333329
v 0.80000000000000004 0 -0.11733333333333329
v -0.80000000000000004 0 -0.095999999999999974
v -0.77866666666666673 0 -0.095999999999999974
v -0.75733333333333341 0 -0.095999999999999974
v -0.73599999999999999 0 -0.095999999999999974
v -0.71466666666666667 0 -0.095999999999999974
v -0.69333333333333336 0 -0.095999999999999974
v -0.67200000000000004 0 -0.095999999999999974
v -0.65066666666666673 0 -0.095999999999999974
v -0.6293333333333333 0 -0.095999999999999974
v -0.6080000000000001 0 -0.095999999999999974
v -0.58666666666666667 0 -0.095999999999999974
v -0.56533333333333335 0 -0.095999999999999974
v -0.54400000000000004 0 -0.095999999999999974
v -0.52266666666666672 0 -0.095999999999999974
v -0.50133333333333341 0 -0.095999999999999974
v -0.48000000000000004 0 -0.095999999999999974
v -0.45866666666666667 0 -0.095999999999999974
v -0.43733333333333335 0 -0.095999999999999974
v -0.41600000000000004 0 -0.095999999999999974
v -0.39466666666666667 0 -0.095999999999999974
v -0.37333333333333335 0 -0.095999999999999974
v -0.35200000000000004 0 -0.095999999999999974
v -0.33066666666666666 0 -0.095999999999999974
v -0.30933333333333329 0 -0.095999999999999974
v -0.28799999999999992 0 -0.095999999999999974
v -0.26666666666666672 0 -0.095999999999999974
v -0.2453333333333334 0 -0.095999999999999974
v -0.22399999999999998 0 -0.095999999999999974
v -0.20266666666666666 0 -0.095999999999999974
v -0.18133333333333335 0 -0.095999999999999974
v -0.16000000000000003 0 -0.095999999999999974
v -0.13866666666666672 0 -0.095999999999999974
v -0.11733333333333329 0 -0.095999999999999974
v -0.095999999999999974 0 -0.095999999999999974
v -0.074666666666666659 0 -0.095999999999999974
v -0.053333333333333344 0 -0.095999999999999974
v -0.032000000000000028 0 -0.095999999999999974
v -0.010666666666666713 0 -0.095999999999999974
v 0.010666666666666713 0 -0.095999999999999974
v 0.032000000000000028 0 -0.095999999999999974
v 0.053333333333333344 0 -0.095999999999999974
v 0.07466666666666677 0 -0.095999999999999974
v 0.095999999999999974 0 -0.095999999999999974
v 0.11733333333333329 0 -0.095999999999999974
v 0.13866666666666672 0 -0.095999999999999974
v 0.15999999999999992 0 -0.095999999999999974
v 0.18133333333333346 0 -0.095999999999999974
v 0.20266666666666655 0 -0.095999999999999974
v 0.2240000000000002 0 -0.095999999999999974
v 0.2453333333333334 0 -0.095999999999999974
v 0.26666666666666661 0 -0.095999999999999974
v 0.28800000000000003 0 -0.095999999999999974
v 0.30933333333333324 0 -0.095999999999999974
v 0.33066666666666666 0 -0.095999999999999974
v 0.35200000000000009 0 -0.095999999999999974
v 0.37333333333333329 0 -0.095999999999999974
v 0.39466666666666672 0 -0.095999999999999974
v 0.41599999999999993 0 -0.095999999999999974
v 0.43733333333333335 0 -0.095999999999999974
v 0.45866666666666678 0 -0.095999999999999974
v 0.47999999999999998 0 -0.095999999999999974
v 0.50133333333333341 0 -0.095999999999999974
v 0.52266666666666661 0 -0.095999999999999974
v 0.54400000000000004 0 -0.095999999999999974
v 0.56533333333333347 0 -0.095999999999999974
v 0.58666666666666667 0 -0.095999999999999974
v 0.6080000000000001 0 -0.095999999999999974
v 0.6293333333333333 0 -0.095999999999999974
v 0.65066666666666673 0 -0.095999999999999974
v 0.67199999999999993 0 -0.095999999999999974
v 0.69333333333333336 0 -0.095999999999999974
v 0.71466666666666678 0 -0.095999999999999974
v 0.73599999999999999 0 -0.095999999999999974
v 0.75733333333333341 0 -0.095999999999999974
v 0.77866666666666662 0 -0.095999999999999974
v 0.80000000000000004 0 -0.095999999999999974
v -0.80000000000000004 0 -0.074666666666666659
v -0.77866666666666673 0 -0.074666666666666659
v -0.75733333333333341 0 -0.074666666666666659
v -0.73599999999999999 0 -0.074666666666666659
v -0.71466666666666667 0 -0.074666666666666659
v -0.69333333333333336 0 -0.074666666666666659
v -0.67200000000000004 0 -0.074666666666666659
v -0.65066666666666673 0 -0.074666666666666659
v -0.6293333333333333 0 -0.074666666666666659
v -0.6080000000000001 0 -0.074666666666666659
v -0.58666666666666667 0 -0.074666666666666659
v -0.56533333333333335 0 -0.074666666666666659
v -0.54400000000000004 0 -0.074666666666666659
v -0.52266666666666672 0 -0.074666666666666659
v -0.50133333333333341 0 -0.074666666666666659
v -0.48000000000000004 0 -0.074666666666666659
v -0.45866666666666667 0 -0.074666666666666659
v -0.43733333333333335 0 -0.074666666666666659
v -0.41600000000000004 0 -0.074666666666666659
v -0.39466666666666667 0 -0.074666666666666659
v -0.37333333333333335 0 -0.074666666666666659
v -0.35200000000000004 0 -0.074666666666666659
v -0.33066666666666666 0 -0.074666666666666659
v -0.30933333333333329 0 -0.074666666666666659
v -0.28799999999999992 0 -0.074666666666666659
v -0.26666666666666672 0 -0.074666666666666659
v -0.2453333333333334 0 -0.074666666666666659
v -0.22399999999999998 0 -0.074666666666666659
v -0.20266666666666666 0 -0.074666666666666659
v -0.18133333333333335 0 -0.074666666666666659
v -0.16000000000000003 0 -0.074666666666666659
v -0.13866666666666672 0 -0.074666666666666659
v -0.11733333333333329 0 -0.074666666666666659
v -0.095999999999999974 0 -0.074666666666666659
v -0.074666666666666659 0 -0.074666666666666659
v -0.053333333333333344 0 -0.074666666666666659
v -0.032000000000000028 0 -0.074666666666666659
v -0.010666666666666713 0 -0.074666666666666659
v 0.010666666666666713 0 -0.074666666666666659
v 0.032000000000000028 0 -0.074666666666666659
v 0.053333333333333344 0 -0.074666666666666659
v 0.07466666666666677 0 -0.074666666666666659
v 0.095999999999999974 0 -0.074666666666666659
v 0.11733333333333329 0 -0.074666666666666659
v 0.13866666666666672 0 -0.074666666666666659
v 0.15999999999999992 0 -0.074666666666666659
v 0.18133333333333346 0 -0.074666666666666659
v 0.20266666666666655 0 -0.074666666666666659
v 0.2240000000000002 0 -0.074666666666666659
v 0.2453333333333334 0 -0.074666666666666659
v 0.26666666666666661 0 -0.074666666666666659
v 0.28800000000000003 0 -0.074666666666666659
v 0.30933333333333324 0 -0.074666666666666659
v 0.33066666666666666 0 -0.074666666666666659
v 0.35200000000000009 0 -0.074666666666666659
v 0.37333333333333329 0 -0.074666666666666659
v 0.39466666666666672 0 -0.074666666666666659
v 0.41599999999999993 0 -0.074666666666666659
v 0.43733333333333335 0 -0.074666666666666659
v 0.45866666666666678 0 -0.074666666666666659
v 0.47999999999999998 0 -0.074666666666666659
v 0.50133333333333341 0 -0.074666666666666659
v 0.52266666666666661 0 -0.074666666666666659
v 0.54400000000000004 0 -0.074666666666666659
v 0.56533333333333347 0 -0.074666666666666659
v 0.58666666666666667 0 -0.074666666666666659
v 0.6080000000000001 0 -0.074666666666666659
v 0.6293333333333333 0 -0.074666666666666659
v 0.65066666666666673 0 -0.074666666666666659
v 0.67199999999999993 0 -0.074666666666666659
v 0.69333333333333336 0 -0.074666666666666659
v 0.71466666666666678 0 -0.074666666666666659
v 0.73599999999999999 0 -0.074666666666666659
v 0.75733333333333341 0 -0.074666666666666659
v 0.77866666666666662 0 -0.074666666666666659
v 0.80000000000000004 0 -0.074666666666666659
v -0.80000000000000004 0 -0.053333333333333344
v -0.77866666666666673 0 -0.053333333333333344
v -0.75733333333333341 0 -0.053333333333333344
v -0.73599999999999999 0 -0.053333333333333344
v -0.71466666666666667 0 -0.053333333333333344
v -0.69333333333333336 0 -0.053333333333333344
v -0.67200000000000004 0 -0.053333333333333344
v -0.65066666666666673 0 -0.053333333333333344
v -0.6293333333333333 0 -0.053333333333333344
v -0.6080000000000001 0 -0.053333333333333344
v -0.58666666666666667 0 -0.053333333333333344
v -0.56533333333333335 0 -0.053333333333333344
v -0.54400000000000004 0 -0.053333333333333344
v -0.52266666666666672 0 -0.053333333333333344
v -0.50133333333333341 0 -0.053333333333333344
v -0.48000000000000004 0 -0.053333333333333344
v -0.45866666666666667 0 -0.053333333333333344
v -0.43733333333333335 0 -0.053333333333333344
v -0.41600000000000004 0 -0.053333333333333344
v -0.39466666666666667 0 -0.053333333333333344
v -0.37333333333333335 0 -0.053333333333333344
v -0.35200000000000004 0 -0.053333333333333344
v -0.33066666666666666 0 -0.053333333333333344
v -0.30933333333333329 0 -0.053333333333333344
v -0.28799999999999992 0 -0.053333333333333344
v -0.26666666666666672 0 -0.053333333333333344
v -0.2453333333333334 0 -0.053333333333333344
v -0.22399999999999998 0 -0.053333333333333344
v -0.20266666666666666 0 -0.053333333333333344
v -0.18133333333333335 0 -0.053333333333333344
v -0.16000000000000003 0 -0.053333333333333344
v -0.13866666666666672 0 -0.053333333333333344
v -0.11733333333333329 0 -0.053333333333333344
v -0.095999999999999974 0 -0.053333333333333344
v -0.074666666666666659 0 -0.053333333333333344
v -0.053333333333333344 0 -0.053333333333333344
v -0.032000000000000028 0 -0.053333333333333344
v -0.010666666666666713 0 -0.053333333333333344
v 0.010666666666666713 0 -0.053333333333333344
v 0.032000000000000028 0 -0.053333333333333344
v 0.053333333333333344 0 -0.053333333333333344
v 0.07466666666666677 0 -0.053333333333333344
v 0.095999999999999974 0 -0.053333333333333344
v 0.11733333333333329 0 -0.053333333333333344
v 0.13866666666666672 0 -0.053333333333333344
v 0.15999999999999992 0 -0.053333333333333344
v 0.18133333333333346 0 -0.053333333333333344
v 0.20266666666666655 0 -0.053333333333333344
v 0.2240000000000002 0 -0.053333333333333344
v 0.2453333333333334 0 -0.053333333333333344
v 0.26666666666666661 0 -0.053333333333333344
v 0.28800000000000003 0 -0.053333333333333344
v 0.30933333333333324 0 -0.053333333333333344
v 0.33066666666666666 0 -0.053333333333333344
v 0.35200000000000009 0 -0.053333333333333344
v 0.37333333333333329 0 -0.053333333333333344
v 0.39466666666666672 0 -0.053333333333333344
v 0.41599999999999993 0 -0.053333333333333344
v 0.43733333333333335 0 -0.053333333333333344
v 0.45866666666666678 0 -0.053333333333333344
v 0.47999999999999998 0 -0.053333333333333344
v 0.50133333333333341 0 -0.053333333333333344
v 0.52266666666666661 0 -0.053333333333333344
v 0.54400000000000004 0 -0.053333333333333344
v 0.56533333333333347 0 -0.053333333333333344
v 0.58666666666666667 0 -0.053333333333333344
v 0.6080000000000001 0 -0.053333333333333344
v 0.6293333333333333 0 -0.053333333333333344
v 0.65066666666666673 0 -0.053333333333333344
v 0.67199999999999993 0 -0.053333333333333344
v 0.69333333333333336 0 -0.053333333333333344
v 0.71466666666666678 0 -0.053333333333333344
v 0.73599999999999999 0 -0.053333333333333344
v 0.75733333333333341 0 -0.053333333333333344
v 0.77866666666666662 0 -0.053333333333333344
v 0.80000000000000004 0 -0.053333333333333344
v -0.80000000000000004 0 -0.032000000000000028
v -0.77866666666666673 0 -0.032000000000000028
v -0.75733333333333341 0 -0.032000000000000028
v -0.73599999999999999 0 -0.032000000000000028
v -0.71466666666666667 0 -0.032000000000000028
v -0.69333333333333336 0 -0.032000000000000028
v -0.67200000000000004 0 -0.032000000000000028
v -0.65066666666666673 0 -0.032000000000000028
v -0.6293333333333333 0 -0.032000000000000028
v -0.6080000000000001 0 -0.032000000000000028
v -0.58666666666666667 0 -0.032000000000000028
v -0.56533333333333335 0 -0.032000000000000028
v -0.54400000000000004 0 -0.032000000000000028
v -0.52266666666666672 0 -0.032000000000000028
v -0.50133333333333341 0 -0.032000000000000028
v -0.48000000000000004 0 -0.032000000000000028
v -0.45866666666666667 0 -0.032000000000000028
v -0.43733333333333335 0 -0.032000000000000028
v -0.41600000000000004 0 -0.032000000000000028
v -0.39466666666666667 0 -0.032000000000000028
v -0.37333333333333335 0 -0.032000000000000028
v -0.35200000000000004 0 -0.032000000000000028
v -0.33066666666666666 0 -0.032000000000000028
v -0.30933333333333329 0 -0.032000000000000028
v -0.28799999999999992 0 -0.032000000000000028
v -0.26666666666666672 0 -0.032000000000000028
v -0.2453333333333334 0 -0.032000000000000028
v -0.22399999999999998 0 -0.032000000000000028
v -0.20266666666666666 0 -0.032000000000000028
v -0.18133333333333335 0 -0.032000000000000028
v -0.16000000000000003 0 -0.032000000000000028
v -0.13866666666666672 0 -0.032000000000000028
v -0.11733333333333329 0 -0.032000000000000028
v -0.095999999999999974 0 -0.032000000000000028
v -0.074666666666666659 0 -0.032000000000000028
v -0.053333333333333344 0 -0.032000000000000028
v -0.032000000000000028 0 -0.032000000000000028
v -0.010666666666666713 0 -0.032000000000000028
v 0.010666666666666713 0 -0.032000000000000028
v 0.032000000000000028 0 -0.032000000000000028
v 0.053333333333333344 0 -0.032000000000000028
v 0.07466666666666677 0 -0.032000000000000028
v 0.095999999999999974 0 -0.032000000000000028
v 0.11733333333333329 0 -0.032000000000000028
v 0.13866666666666672 0 -0.032000000000000028
v 0.15999999999999992 0 -0.032000000000000028
v 0.18133333333333346 0 -0.032000000000000028
v 0.20266666666666655 0 -0.032000000000000028
v 0.2240000000000002 0 -0.032000000000000028
v 0.2453333333333334 0 -0.032000000000000028
v 0.26666666666666661 0 -0.032000000000000028
v 0.28800000000000003 0 -0.032000000000000028
v 0.30933333333333324 0 -0.032000000000000028
v 0.33066666666666666 0 -0.032000000000000028
v 0.35200000000000009 0 -0.032000000000000028
v 0.37333333333333329 0 -0.032000000000000028
v 0.39466666666666672 0 -0.032000000000000028
v 0.41599999999999993 0 -0.032000000000000028
v 0.43733333333333335 0 -0.032000000000000028
v 0.45866666666666678 0 -0.032000000000000028
v 0.47999999999999998 0 -0.032000000000000028
v 0.50133333333333341 0 -0.032000000000000028
v 0.52266666666666661 0 -0.032000000000000028
v 0.54400000000000004 0 -0.032000000000000028
v 0.56533333333333347 0 -0.032000000000000028
v 0.58666666666666667 0 -0.032000000000000028
v 0.6080000000000001 0 -0.032000000000000028
v 0.6293333333333333 0 -0.032000000000000028
v 0.65066666666666673 0 -0.032000000000000028
v 0.67199999999999993 0 -0.032000000000000028
v 0.69333333333333336 0 -0.032000000000000028
v 0.71466666666666678 0 -0.032000000000000028
v 0.73599999999999999 0 -0.032000000000000028
v 0.75733333333333341 0 -0.032000000000000028
v 0.77866666666666662 0 -0.032000000000000028
v 0.80000000000000004 0 -0.032000000000000028
v -0.80000000000000004 0 -0.010666666666666713
v -0.77866666666666673 0 -0.010666666666666713
v -0.75733333333333341 0 -0.010666666666666713
v -0.73599999999999999 0 -0.010666666666666713
v -0.71466666666666667 0 -0.010666666666666713
v -0.69333333333333336 0 -0.010666666666666713
v -0.67200000000000004 0 -0.010666666666666713
v -0.65066666666666673 0 -0.010666666666666713
v -0.6293333333333333 0 -0.010666666666666713
v -0.6080000000000001 0 -0.010666666666666713
v -0.58666666666666667 0 -0.010666666666666713
v -0.56533333333333335 0 -0.010666666666666713
v -0.54400000000000004 0 -0.010666666666666713
v -0.52266666666666672 0 -0.010666666666666713
v -0.50133333333333341 0 -0.010666666666666713
v -0.48000000000000004 0 -0.010666666666666713
v -0.45866666666666667 0 -0.010666666666666713
v -0.43733333333333335 0 -0.010666666666666713
v -0.41600000000000004 0 -0.010666666666666713
v -0.39466666666666667 0 -0.010666666666666713
v -0.37333333333333335 0 -0.010666666666666713
v -0.35200000000000004 0 -0.010666666666666713
v -0.33066666666666666 0 -0.010666666666666713
v -0.30933333333333329 0 -0.010666666666666713
v -0.28799999999999992 0 -0.010666666666666713
v -0.26666666666666672 0 -0.010666666666666713
v -0.2453333333333334 0 -0.010666666666666713
v -0.22399999999999998 0 -0.010666666666666713
v -0.20266666666666666 0 -0.010666666666666713
v -0.18133333333333335 0 -0.010666666666666713
v -0.16000000000000003 0 -0.010666666666666713
v -0.13866666666666672 0 -0.010666666666666713
v -0.11733333333333329 0 -0.010666666666666713
v -0.095999999999999974 0 -0.010666666666666713
v -0.074666666666666659 0 -0.010666666666666713
v -0.053333333333333344 0 -0.010666666666666713
v -0.032000000000000028 0 -0.010666666666666713
v -0.010666666666666713 0 -0.010666666666666713
v 0.010666666666666713 0 -0.010666666666666713
v 0.032000000000000028 0 -0.010666666666666713
v 0.053333333333333344 0 -0.010666666666666713
v 0.07466666666666677 0 -0.010666666666666713
v 0.095999999999999974 0 -0.010666666666666713
v 0.11733333333333329 0 -0.010666666666666713
v 0.13866666666666672 0 -0.010666666666666713
v 0.15999999999999992 0 -0.010666666666666713
v 0.18133333333333346 0 -0.010666666666666713
v 0.20266666666666655 0 -0.010666666666666713
v 0.2240000000000002 0 -0.010666666666666713
v 0.2453333333333334 0 -0.010666666666666713
v 0.26666666666666661 0 -0.010666666666666713
v 0.28800000000000003 0 -0.010666666666666713
v 0.30933333333333324 0 -0.010666666666666713
v 0.33066666666666666 0 -0.010666666666666713
v 0.35200000000000009 0 -0.010666666666666713
v 0.37333333333333329 0 -0.010666666666666713
v 0.39466666666666672 0 -0.010666666666666713
v 0.41599999999999993 0 -0.010666666666666713
v 0.43733333333333335 0 -0.010666666666666713
v 0.45866666666666678 0 -0.010666666666666713
v 0.47999999999999998 0 -0.010666666666666713
v 0.50133333333333341 0 -0.010666666666666713
v 0.52266666666666661 0 -0.010666666666666713
v 0.54400000000000004 0 -0.010666666666666713
v 0.56533333333333347 0 -0.010666666666666713
v 0.58666666666666667 0 -0.010666666666666713
v 0.6080000000000001 0 -0.010666666666666713
v 0.6293333333333333 0 -0.010666666666666713
v 0.65066666666666673 0 -0.010666666666666713
v 0.67199999999999993 0 -0.010666666666666713
v 0.69333333333333336 0 -0.010666666666666713
v 0.71466666666666678 0 -0.010666666666666713
v 0.73599999999999999 0 -0.010666666666666713
v 0.75733333333333341 0 -0.010666666666666713
v 0.77866666666666662 0 -0.010666666666666713
v 0.80000000000000004 0 -0.010666666666666713
v -0.80000000000000004 0 0.010666666666666713
v -0.77866666666666673 0 0.010666666666666713
v -0.75733333333333341 0 0.010666666666666713
v -0.73599999999999999 0 0.010666666666666713
v -0.71466666666666667 0 0.010666666666666713
v -0.69333333333333336 0 0.010666666666666713
v -0.67200000000000004 0 0.010666666666666713
v -0.65066666666666673 0 0.010666666666666713
v -0.6293333333333333 0 0.010666666666666713
v -0.6080000000000001 0 0.010666666666666713
v -0.58666666666666667 0 0.010666666666666713
v -0.56533333333333335 0 0.010666666666666713
v -0.54400000000000004 0 0.010666666666666713
v -0.52266666666666672 0 0.010666666666666713
v -0.50133333333333341 0 0.010666666666666713
v -0.48000000000000004 0 0.010666666666666713
v -0.45866666666666667 0 0.010666666666666713
v -0.43733333333333335 0 0.010666666666666713
v -0.41600000000000004 0 0.010666666666666713
v -0.39466666666666667 0 0.010666666666666713
v -0.37333333333333335 0 0.010666666666666713
v -0.35200000000000004 0 0.010666666666666713
v -0.33066666666666666 0 0.010666666666666713
v -0.30933333333333329 0 0.010666666666666713
v -0.28799999999999992 0 0.010666666666666713
v -0.26666666666666672 0 0.010666666666666713
v -0.2453333333333334 0 0.010666666666666713
v -0.22399999999999998 0 0.010666666666666713
v -0.20266666666666666 0 0.010666666666666713
v -0.18133333333333335 0 0.010666666666666713
v -0.16000000000000003 0 0.010666666666666713
v -0.13866666666666672 0 0.010666666666666713
v -0.11733333333333329 0 0.010666666666666713
v -0.095999999999999974 0 0.010666666666666713
v -0.074666666666666659 0 0.010666666666666713
v -0.053333333333333344 0 0.010666666666666713
v -0.032000000000000028 0 0.010666666666666713
v -0.010666666666666713 0 0.010666666666666713
v 0.010666666666666713 0 0.010666666666666713
v 0.032000000000000028 0 0.010666666666666713
v 0.053333333333333344 0 0.010666666666666713
v 0.07466666666666677 0 0.010666666666666713
v 0.095999999999999974 0 0.010666666666666713
v 0.11733333333333329 0 0.010666666666666713
v 0.13866666666666672 0 0.010666666666666713
v 0.15999999999999992 0 0.010666666666666713
v 0.18133333333333346 0 0.010666666666666713
v 0.20266666666666655 0 0.010666666666666713
v 0.2240000000000002 0 0.010666666666666713
v 0.2453333333333334 0 0.010666666666666713
v 0.26666666666666661 0 0.010666666666666713
v 0.28800000000000003 0 0.010666666666666713
v 0.30933333333333324 0 0.010666666666666713
v 0.33066666666666666 0 0.010666666666666713
v 0.35200000000000009 0 0.010666666666666713
v 0.37333333333333329 0 0.010666666666666713
v 0.39466666666666672 0 0.010666666666666713
v 0.41599999999999993 0 0.010666666666666713
v 0.43733333333333335 0 0.010666666666666713
v 0.45866666666666678 0 0.010666666666666713
v 0.47999999999999998 0 0.010666666666666713
v 0.50133333333333341 0 0.010666666666666713
v 0.52266666666666661 0 0.010666666666666713
v 0.54400000000000004 0 0.010666666666666713
v 0.56533333333333347 0 0.010666666666666713
v 0.58666666666666667 0 0.010666666666666713
v 0.6080000000000001 0 0.010666666666666713
v 0.6293333333333333 0 0.010666666666666713
v 0.65066666666666673 0 0.010666666666666713
v 0.67199999999999993 0 0.010666666666666713
v 0.69333333333333336 0 0.010666666666666713
v 0.71466666666666678 0 0.010666666666666713
v 0.73599999999999999 0 0.010666666666666713
v 0.75733333333333341 0 0.010666666666666713
v 0.77866666666666662 0 0.010666666666666713
v 0.80000000000000004 0 0.010666666666666713
v -0.80000000000000004 0 0.032000000000000028
v -0.77866666666666673 0 0.032000000000000028
v -0.75733333333333341 0 0.032000000000000028
v -0.73599999999999999 0 0.032000000000000028
v -0.71466666666666667 0 0.032000000000000028
v -0.69333333333333336 0 0.032000000000000028
v -0.67200000000000004 0 0.032000000000000028
v -0.65066666666666673 0 0.032000000000000028
v -0.6293333333333333 0 0.032000000000000028
v -0.6080000000000001 0 0.032000000000000028
v -0.58666666666666667 0 0.032000000000000028
v -0.56533333333333335 0 0.032000000000000028
v -0.54400000000000004 0 0.032000000000000028
v -0.52266666666666672 0 0.032000000000000028
v -0.50133333333333341 0 0.032000000000000028
v -0.48000000000000004 0 0.032000000000000028
v -0.45866666666666667 0 0.032000000000000028
v -0.43733333333333335 0 0.032000000000000028
v -0.41600000000000004 0 0.032000000000000028
v -0.39466666666666667 0 0.032000000000000028
v -0.37333333333333335 0 0.032000000000000028
v -0.35200000000000004 0 0.032000000000000028
v -0.33066666666666666 0 0.032000000000000028
v -0.30933333333333329 0 0.032000000000000028
v -0.28799999999999992 0 0.032000000000000028
v -0.26666666666666672 0 0.032000000000000028
v -0.2453333333333334 0 0.032000000000000028
v -0.22399999999999998 0 0.032000000000000028
v -0.20266666666666666 0 0.032000000000000028
v -0.18133333333333335 0 0.032000000000000028
v -0.16000000000000003 0 0.032000000000000028
v -0.13866666666666672 0 0.032000000000000028
v -0.11733333333333329 0 0.032000000000000028
v -0.095999999999999974 0 0.032000000000000028
v -0.074666666666666659 0 0.032000000000000028
v -0.053333333333333344 0 0.032000000000000028
v -0.032000000000000028 0 0.032000000000000028
v -0.010666666666666713 0 0.032000000000000028
v 0.010666666666666713 0 0.032000000000000028
v 0.032000000000000028 0 0.032000000000000028
v 0.053333333333333344 0 0.032000000000000028
v 0.07466666666666677 0 0.032000000000000028
v 0.095999999999999974 0 0.032000000000000028
v 0.11733333333333329 0 0.032000000000000028
v 0.13866666666666672 0 0.032000000000000028
v 0.15999999999999992 0 0.032000000000000028
v 0.18133333333333346 0 0.032000000000000028
v 0.20266666666666655 0 0.032000000000000028
v 0.2240000000000002 0 0.032000000000000028
v 0.2453333333333334 0 0.032000000000000028
v 0.26666666666666661 0 0.032000000000000028
v 0.28800000000000003 0 0.032000000000000028
v 0.30933333333333324 0 0.032000000000000028
v 0.33066666666666666 0 0.032000000000000028
v 0.35200000000000009 0 0.032000000000000028
v 0.37333333333333329 0 0.032000000000000028
v 0.39466666666666672 0 0.032000000000000028
v 0.41599999999999993 0 0.032000000000000028
v 0.43733333333333335 0 0.032000000000000028
v 0.45866666666666678 0 0.032000000000000028
v 0.47999999999999998 0 0.032000000000000028
v 0.50133333333333341 0 0.032000000000000028
v 0.52266666666666661 0 0.032000000000000028
v 0.54400000000000004 0 0.032000000000000028
v 0.56533333333333347 0 0.032000000000000028
v 0.58666666666666667 0 0.032000000000000028
v 0.6080000000000001 0 0.032000000000000028
v 0.6293333333333333 0 0.032000000000000028
v 0.65066666666666673 0 0.032000000000000028
v 0.67199999999999993 0 0.032000000000000028
v 0.69333333333333336 0 0.032000000000000028
v 0.71466666666666678 0 0.032000000000000028
v 0.73599999999999999 0 0.032000000000000028
v 0.75733333333333341 0 0.032000000000000028
v 0.77866666666666662 0 0.032000000000000028
v 0.80000000000000004 0 0.032000000000000028
v -0.80000000000000004 0 0.053333333333333344
v -0.77866666666666673 0 0.053333333333333344
v -0.75733333333333341 0 0.053333333333333344
v -0.73599999999999999 0 0.053333333333333344
v -0.71466666666666667 0 0.053333333333333344
v -0.69333333333333336 0 0.053333333333333344
v -0.67200000000000004 0 0.053333333333333344
v -0.65066666666666673 0 0.053333333333333344
v -0.6293333333333333 0 0.053333333333333344
v -0.6080000000000001 0 0.053333333333333344
v -0.58666666666666667 0 0.053333333333333344
v -0.56533333333333335 0 0.053333333333333344
v -0.54400000000000004 0 0.053333333333333344
v -0.52266666666666672 0 0.053333333333333344
v -0.50133333333333341 0 0.053333333333333344
v -0.48000000000000004 0 0.053333333333333344
v -0.45866666666666667 0 0.053333333333333344
v -0.43733333333333335 0 0.053333333333333344
v -0.41600000000000004 0 0.053333333333333344
v -0.39466666666666667 0 0.053333333333333344
v -0.37333333333333335 0 0.053333333333333344
v -0.35200000000000004 0 0.053333333333333344
v -0.33066666666666666 0 0.053333333333333344
v -0.30933333333333329 0 0.053333333333333344
v -0.28799999999999992 0 0.053333333333333344
v -0.26666666666666672 0 0.053333333333333344
v -0.2453333333333334 0 0.053333333333333344
v -0.22399999999999998 0 0.053333333333333344
v -0.20266666666666666 0 0.053333333333333344
v -0.18133333333333335 0 0.053333333333333344
v -0.16000000000000003 0 0.053333333333333344
v -0.13866666666666672 0 0.053333333333333344
v -0.11733333333333329 0 0.053333333333333344
v -0.095999999999999974 0 0.053333333333333344
v -0.074666666666666659 0 0.053333333333333344
v -0.053333333333333344 0 0.053333333333333344
v -0.032000000000000028 0 0.053333333333333344
v -0.010666666666666713 0 0.053333333333333344
v 0.010666666666666713 0 0.053333333333333344
v 0.032000000000000028 0 0.053333333333333344
v 0.053333333333333344 0 0.053333333333333344
v 0.07466666666666677 0 0.053333333333333344
v 0.095999999999999974 0 0.053333333333333344
v 0.11733333333333329 0 0.053333333333333344
v 0.13866666666666672 0 0.053333333333333344
v 0.15999999999999992 0 0.053333333333333344
v 0.18133333333333346 0 0.053333333333333344
v 0.20266666666666655 0 0.053333333333333344
v 0.2240000000000002 0 0.053333333333333344
v 0.2453333333333334 0 0.053333333333333344
v 0.26666666666666661 0 0.053333333333333344
v 0.28800000000000003 0 0.053333333333333344
v 0.30933333333333324 0 0.053333333333333344
v 0.33066666666666666 0 0.053333333333333344
v 0.35200000000000009 0 0.053333333333333344
v 0.37333333333333329 0 0.053333333333333344
v 0.39466666666666672 0 0.053333333333333344
v 0.41599999999999993 0 0.053333333333333344
v 0.43733333333333335 0 0.053333333333333344
v 0.45866666666666678 0 0.053333333333333344
v 0.47999999999999998 0 0.053333333333333344
v 0.50133333333333341 0 0.053333333333333344
v 0.52266666666666661 0 0.053333333333333344
v 0.54400000000000004 0 0.053333333333333344
v 0.56533333333333347 0 0.053333333333333344
v 0.58666666666666667 0 0.053333333333333344
v 0.6080000000000001 0 0.053333333333333344
v 0.6293333333333333 0 0.053333333333333344
v 0.65066666666666673 0 0.053333333333333344
v 0.67199999999999993 0 0.053333333333333344
v 0.69333333333333336 0 0.053333333333333344
v 0.71466666666666678 0 0.053333333333333344
v 0.73599999999999999 0 0.053333333333333344
v 0.75733333333333341 0 0.053333333333333344
v 0.77866666666666662 0 0.053333333333333344
v 0.80000000000000004 0 0.053333333333333344
v -0.80000000000000004 0 0.07466666666666677
v -0.77866666666666673 0 0.07466666666666677
v -0.75733333333333341 0 0.07466666666666677
v -0.73599999999999999 0 0.07466666666666677
v -0.71466666666666667 0 0.07466666666666677
v -0.69333333333333336 0 0.07466666666666677
v -0.67200000000000004 0 0.07466666666666677
v -0.65066666666666673 0 0.07466666666666677
v -0.6293333333333333 0 0.07466666666666677
v -0.6080000000000001 0 0.07466666666666677
v -0.58666666666666667 0 0.07466666666666677
v -0.56533333333333335 0 0.07466666666666677
v -0.54400000000000004 0 0.07466666666666677
v -0.52266666666666672 0 0.07466666666666677
v -0.50133333333333341 0 0.07466666666666677
v -0.48000000000000004 0 0.07466666666666677
v -0.45866666666666667 0 0.07466666666666677
v -0.43733333333333335 0 0.07466666666666677
v -0.41600000000000004 0 0.07466666666666677
v -0.39466666666666667 0 0.07466666666666677
v -0.37333333333333335 0 0.07466666666666677
v -0.35200000000000004 0 0.07466666666666677
v -0.33066666666666666 0 0.07466666666666677
v -0.30933333333333329 0 0.07466666666666677
v -0.28799999999999992 0 0.07466666666666677
v -0.26666666666666672 0 0.07466666666666677
v -0.2453333333333334 0 0.07466666666666677
v -0.22399999999999998 0 0.07466666666666677
v -0.20266666666666666 0 0.07466666666666677
v -0.18133333333333335 0 0.07466666666666677
v -0.16000000000000003 0 0.07466666666666677
v -0.13866666666666672 0 0.07466666666666677
v -0.11733333333333329 0 0.07466666666666677
v -0.095999999999999974 0 0.07466666666666677
v -0.074666666666666659 0 0.07466666666666677
v -0.053333333333333344 0 0.07466666666666677
v -0.032000000000000028 0 0.07466666666666677
v -0.010666666666666713 0 0.07466666666666677
v 0.010666666666666713 0 0.07466666666666677
v 0.032000000000000028 0 0.07466666666666677
v 0.053333333333333344 0 0.07466666666666677
v 0.07466666666666677 0 0.07466666666666677
v 0.095999999999999974 0 0.07466666666666677
v 0.11733333333333329 0 0.07466666666666677
v 0.13866666666666672 0 0.07466666666666677
v 0.15999999999999992 0 0.07466666666666677
v 0.18133333333333346 0 0.07466666666666677
v 0.20266666666666655 0 0.07466666666666677
v 0.2240000000000002 0 0.07466666666666677
v 0.2453333333333334 0 0.07466666666666677
v 0.26666666666666661 0 0.07466666666666677
v 0.28800000000000003 0 0.07466666666666677
v 0.30933333333333324 0 0.07466666666666677
v 0.33066666666666666 0 0.07466666666666677
v 0.35200000000000009 0 0.07466666666666677
v 0.37333333333333329 0 0.07466666666666677
v 0.39466666666666672 0 0.07466666666666677
v 0.41599999999999993 0 0.07466666666666677
v 0.43733333333333335 0 0.07466666666666677
v 0.45866666666666678 0 0.07466666666666677
v 0.47999999999999998 0 0.07466666666666677
v 0.50133333333333341 0 0.07466666666666677
v 0.52266666666666661 0 0.07466666666666677
v 0.54400000000000004 0 0.07466666666666677
v 0.56533333333333347 0 0.07466666666666677
v 0.58666666666666667 0 0.07466666666666677
v 0.6080000000000001 0 0.07466666666666677
v 0.6293333333333333 0 0.07466666666666677
v 0.65066666666666673 0 0.07466666666666677
v 0.67199999999999993 0 0.07466666666666677
v 0.69333333333333336 0 0.07466666666666677
v 0.71466666666666678 0 0.07466666666666677
v 0.73599999999999999 0 0.07466666666666677
v 0.75733333333333341 0 0.07466666666666677
v 0.77866666666666662 0 0.07466666666666677
v 0.80000000000000004 0 0.07466666666666677
v -0.80000000000000004 0 0.095999999999999974
v -0.77866666666666673 0 0.095999999999999974
v -0.75733333333333341 0 0.095999999999999974
v -0.73599999999999999 0 0.095999999999999974
v -0.71466666666666667 0 0.095999999999999974
v -0.69333333333333336 0 0.095999999999999974
v -0.67200000000000004 0 0.095999999999999974
v -0.65066666666666673 0 0.095999999999999974
v -0.6293333333333333 0 0.095999999999999974
v -0.6080000000000001 0 0.095999999999999974
v -0.58666666666666667 0 0.095999999999999974
v -0.56533333333333335 0 0.095999999999999974
v -0.54400000000000004 0 0.095999999999999974
v -0.52266666666666672 0 0.095999999999999974
v -0.50133333333333341 0 0.095999999999999974
v -0.48000000000000004 0 0.095999999999999974
v -0.45866666666666667 0 0.095999999999999974
v -0.43733333333333335 0 0.095999999999999974
v -0.41600000000000004 0 0.095999999999999974
v -0.39466666666666667 0 0.095999999999999974
v -0.37333333333333335 0 0.095999999999999974
v -0.35200000000000004 0 0.095999999999999974
v -0.33066666666666666 0 0.095999999999999974
v -0.30933333333333329 0 0.095999999999999974
v -0.28799999999999992 0 0.095999999999999974
v -0.26666666666666672 0 0.095999999999999974
v -0.2453333333333334 0 0.095999999999999974
v -0.22399999999999998 0 0.095999999999999974
v -0.20266666666666666 0 0.095999999999999974
v -0.18133333333333335 0 0.095999999999999974
v -0.16000000000000003 0 0.095999999999999974
v -0.13866666666666672 0 0.095999999999999974
v -0.11733333333333329 0 0.095999999999999974
v -0.095999999999999974 0 0.095999999999999974
v -0.074666666666666659 0 0.095999999999999974
v -0.053333333333333344 0 0.095999999999999974
v -0.032000000000000028 0 0.095999999999999974
v -0.010666666666666713 0 0.095999999999999974
v 0.010666666666666713 0 0.095999999999999974
v 0.032000000000000028 0 0.095999999999999974
v 0.053333333333333344 0 0.095999999999999974
v 0.07466666666666677 0 0.095999999999999974
v 0.095999999999999974 0 0.095999999999999974
v 0.11733333333333329 0 0.095999999999999974
v 0.13866666666666672 0 0.095999999999999974
v 0.15999999999999992 0 0.095999999999999974
v 0.18133333333333346 0 0.095999999999999974
v 0.20266666666666655 0 0.095999999999999974
v 0.2240000000000002 0 0.095999999999999974
v 0.2453333333333334 0 0.095999999999999974
v 0.26666666666666661 0 0.095999999999999974
v 0.28800000000000003 0 0.095999999999999974
v 0.30933333333333324 0 0.095999999999999974
v 0.33066666666666666 0 0.095999999999999974
v 0.35200000000000009 0 0.095999999999999974
v 0.37333333333333329 0 0.095999999999999974
v 0.39466666666666672 0 0.095999999999999974
v 0.41599999999999993 0 0.095999999999999974
v 0.43733333333333335 0 0.095999999999999974
v 0.45866666666666678 0 0.095999999999999974
v 0.47999999999999998 0 0.095999999999999974
v 0.50133333333333341 0 0.095999999999999974
v 0.52266666666666661 0 0.095999999999999974
v 0.54400000000000004 0 0.095999999999999974
v 0.56533333333333347 0 0.095999999999999974
v 0.58666666666666667 0 0.095999999999999974
v 0.6080000000000001 0 0.095999999999999974
v 0.6293333333333333 0 0.095999999999999974
v 0.65066666666666673 0 0.095999999999999974
v 0.67199999999999993 0 0.095999999999999974
v 0.69333333333333336 0 0.095999999999999974
v 0.71466666666666678 0 0.095999999999999974
v 0.73599999999999999 0 0.095999999999999974
v 0.75733333333333341 0 0.095999999999999974
v 0.77866666666666662 0 0.095999999999999974
v 0.80000000000000004 0 0.095999999999999974
v -0.80000000000000004 0 0.11733333333333329
v -0.77866666666666673 0 0.11733333333333329
v -0.75733333333333341 0 0.11733333333333329
v -0.73599999999999999 0 0.11733333333333329
v -0.71466666666666667 0 0.11733333333333329
v -0.69333333333333336 0 0.11733333333333329
v -0.67200000000000004 0 0.11733333333333329
v -0.65066666666666673 0 0.11733333333333329
v -0.6293333333333333 0 0.11733333333333329
v -0.6080000000000001 0 0.11733333333333329
v -0.58666666666666667 0 0.11733333333333329
v -0.56533333333333335 0 0.11733333333333329
v -0.54400000000000004 0 0.11733333333333329
v -0.52266666666666672 0 0.11733333333333329
v -0.50133333333333341 0 0.11733333333333329
v -0.48000000000000004 0 0.11733333333333329
v -0.45866666666666667 0 0.11733333333333329
v -0.43733333333333335 0 0.11733333333333329
v -0.41600000000000004 0 0.11733333333333329
v -0.39466666666666667 0 0.11733333333333329
v -0.37333333333333335 0 0.11733333333333329
v -0.35200000000000004 0 0.11733333333333329
v -0.33066666666666666 0 0.11733333333333329
v -0.30933333333333329 0 0.11733333333333329
v -0.28799999999999992 0 0.11733333333333329
v -0.26666666666666672 0 0.11733333333333329
v -0.2453333333333334 0 0.11733333333333329
v -0.22399999999999998 0 0.11733333333333329
v -0.20266666666666666 0 0.11733333333333329
v -0.18133333333333335 0 0.11733333333333329
v -0.16000000000000003 0 0.11733333333333329
v -0.13866666666666672 0 0.11733333333333329
v -0.11733333333333329 0 0.11733333333333329
v -0.095999999999999974 0 0.11733333333333329
v -0.074666666666666659 0 0.11733333333333329
v -0.053333333333333344 0 0.11733333333333329
v -0.032000000000000028 0 0.11733333333333329
v -0.010666666666666713 0 0.11733333333333329
v 0.010666666666666713 0 0.11733333333333329
v 0.032000000000000028 0 0.11733333333333329
v 0.053333333333333344 0 0.11733333333333329
v 0.07466666666666677 0 0.11733333333333329
v 0.095999999999999974 0 0.11733333333333329
v 0.11733333333333329 0 0.11733333333333329
v 0.13866666666666672 0 0.11733333333333329
v 0.15999999999999992 0 0.11733333333333329
v 0.18133333333333346 0 0.11733333333333329
v 0.20266666666666655 0 0.11733333333333329
v 0.2240000000000002 0 0.11733333333333329
v 0.2453333333333334 0 0.11733333333333329
v 0.26666666666666661 0 0.11733333333333329
v 0.28800000000000003 0 0.11733333333333329
v 0.30933333333333324 0 0.11733333333333329
v 0.33066666666666666 0 0.11733333333333329
v 0.35200000000000009 0 0.11733333333333329
v 0.37333333333333329 0 0.11733333333333329
v 0.39466666666666672 0 0.11733333333333329
v 0.41599999999999993 0 0.11733333333333329
v 0.43733333333333335 0 0.11733333333333329
v 0.45866666666666678 0 0.11733333333333329
v 0.47999999999999998 0 0.11733333333333329
v 0.50133333333333341 0 0.11733333333333329
v 0.52266666666666661 0 0.11733333333333329
v 0.54400000000000004 0 0.11733333333333329
v 0.56533333333333347 0 0.11733333333333329
v 0.58666666666666667 0 0.11733333333333329
v 0.6080000000000001 0 0.11733333333333329
v 0.6293333333333333 0 0.11733333333333329
v 0.65066666666666673 0 0.11733333333333329
v 0.67199999999999993 0 0.11733333333333329
v 0.69333333333333336 0 0.11733333333333329
v 0.71466666666666678 0 0.11733333333333329
v 0.73599999999999999 0 0.11733333333333329
v 0.75733333333333341 0 0.11733333333333329
v 0.77866666666666662 0 0.11733333333333329
v 0.80000000000000004 0 0.11733333333333329
v -0.80000000000000004 0 0.13866666666666672
v -0.77866666666666673 0 0.13866666666666672
v -0.75733333333333341 0 0.13866666666666672
v -0.73599999999999999 0 0.13866666666666672
v -0.71466666666666667 0 0.13866666666666672
v -0.69333333333333336 0 0.13866666666666672
v -0.67200000000000004 0 0.13866666666666672
v -0.65066666666666673 0 0.13866666666666672
v -0.6293333333333333 0 0.13866666666666672
v -0.6080000000000001 0 0.13866666666666672
v -0.58666666666666667 0 0.13866666666666672
v -0.56533333333333335 0 0.13866666666666672
v -0.54400000000000004 0 0.13866666666666672
v -0.52266666666666672 0 0.13866666666666672
v -0.50133333333333341 0 0.13866666666666672
v -0.48000000000000004 0 0.13866666666666672
v -0.45866666666666667 0 0.13866666666666672
v -0.43733333333333335 0 0.13866666666666672
v -0.41600000000000004 0 0.13866666666666672
v -0.39466666666666667 0 0.13866666666666672
v -0.37333333333333335 0 0.13866666666666672
v -0.35200000000000004 0 0.13866666666666672
v -0.33066666666666666 0 0.13866666666666672
v -0.30933333333333329 0 0.13866666666666672
v -0.28799999999999992 0 0.13866666666666672
v -0.26666666666666672 0 0.13866666666666672
v -0.2453333333333334 0 0.13866666666666672
v -0.22399999999999998 0 0.13866666666666672
v -0.20266666666666666 0 0.13866666666666672
v -0.18133333333333335 0 0.13866666666666672
v -0.16000000000000003 0 0.13866666666666672
v -0.13866666666666672 0 0.13866666666666672
v -0.11733333333333329 0 0.13866666666666672
v -0.095999999999999974 0 0.13866666666666672
v -0.074666666666666659 0 0.13866666666666672
v -0.053333333333333344 0 0.13866666666666672
v -0.032000000000000028 0 0.13866666666666672
v -0.010666666666666713 0 0.13866666666666672
v 0.010666666666666713 0 0.13866666666666672
v 0.032000000000000028 0 0.13866666666666672
v 0.053333333333333344 0 0.13866666666666672
v 0.07466666666666677 0 0.13866666666666672
v 0.095999999999999974 0 0.13866666666666672
v 0.11733333333333329 0 0.13866666666666672
v 0.13866666666666672 0 0.13866666666666672
v 0.15999999999999992 0 0.13866666666666672
v 0.18133333333333346 0 0.13866666666666672
v 0.20266666666666655 0 0.13866666666666672
v 0.2240000000000002 0 0.13866666666666672
v 0.2453333333333334 0 0.13866666666666672
v 0.26666666666666661 0 0.13866666666666672
v 0.28800000000000003 0 0.13866666666666672
v 0.30933333333333324 0 0.13866666666666672
v 0.33066666666666666 0 0.13866666666666672
v 0.35200000000000009 0 0.13866666666666672
v 0.37333333333333329 0 0.13866666666666672
v 0.39466666666666672 0 0.13866666666666672
v 0.41599999999999993 0 0.13866666666666672
v 0.43733333333333335 0 0.13866666666666672
v 0.45866666666666678 0 0.13866666666666672
v 0.47999999999999998 0 0.13866666666666672
v 0.50133333333333341 0 0.13866666666666672
v 0.52266666666666661 0 0.13866666666666672
v 0.54400000000000004 0 0.13866666666666672
v 0.56533333333333347 0 0.13866666666666672
v 0.58666666666666667 0 0.13866666666666672
v 0.6080000000000001 0 0.13866666666666672
v 0.6293333333333333 0 0.13866666666666672
v 0.65066666666666673 0 0.13866666666666672
v 0.67199999999999993 0 0.13866666666666672
v 0.69333333333333336 0 0.13866666666666672
v 0.71466666666666678 0 0.13866666666666672
v 0.73599999999999999 0 0.13866666666666672
v 0.75733333333333341 0 0.13866666666666672
v 0.77866666666666662 0 0.13866666666666672
v 0.80000000000000004 0 0.13866666666666672
v -0.80000000000000004 0 0.15999999999999992
v -0.77866666666666673 0 0.15999999999999992
v -0.75733333333333341 0 0.15999999999999992
v -0.73599999999999999 0 0.15999999999999992
v -0.71466666666666667 0 0.15999999999999992
v -0.69333333333333336 0 0.15999999999999992
v -0.67200000000000004 0 0.15999999999999992
v -0.65066666666666673 0 0.15999999999999992
v -0.6293333333333333 0 0.15999999999999992
v -0.6080000000000001 0 0.15999999999999992
v -0.58666666666666667 0 0.15999999999999992
v -0.56533333333333335 0 0.15999999999999992
v -0.54400000000000004 0 0.15999999999999992
v -0.52266666666666672 0 0.15999999999999992
v -0.50133333333333341 0 0.15999999999999992
v -0.48000000000000004 0 0.15999999999999992
v -0.45866666666666667 0 0.15999999999999992
v -0.43733333333333335 0 0.15999999999999992
v -0.41600000000000004 0 0.15999999999999992
v -0.39466666666666667 0 0.15999999999999992
v -0.37333333333333335 0 0.15999999999999992
v -0.35200000000000004 0 0.15999999999999992
v -0.33066666666666666 0 0.15999999999999992
v -0.30933333333333329 0 0.15999999999999992
v -0.28799999999999992 0 0.15999999999999992
v -0.26666666666666672 0 0.15999999999999992
v -0.2453333333333334 0 0.15999999999999992
v -0.22399999999999998 0 0.15999999999999992
v -0.20266666666666666 0 0.15999999999999992
v -0.18133333333333335 0 0.15999999999999992
v -0.16000000000000003 0 0.15999999999999992
v -0.13866666666666672 0 0.15999999999999992
v -0.11733333333333329 0 0.15999999999999992
v -0.095999999999999974 0 0.15999999999999992
v -0.074666666666666659 0 0.15999999999999992
v -0.053333333333333344 0 0.15999999999999992
v -0.032000000000000028 0 0.15999999999999992
v -0.010666666666666713 0 0.15999999999999992
v 0.010666666666666713 0 0.15999999999999992
v 0.032000000000000028 0 0.15999999999999992
v 0.053333333333333344 0 0.15999999999999992
v 0.07466666666666677 0 0.15999999999999992
v 0.095999999999999974 0 0.15999999999999992
v 0.11733333333333329 0 0.15999999999999992
v 0.13866666666666672 0 0.15999999999999992
v 0.15999999999999992 0 0.15999999999999992
v 0.18133333333333346 0 0.15999999999999992
v 0.20266666666666655 0 0.15999999999999992
v 0.2240000000000002 0 0.15999999999999992
v 0.2453333333333334 0 0.15999999999999992
v 0.26666666666666661 0 0.15999999999999992
v 0.28800000000000003 0 0.15999999999999992
v 0.30933333333333324 0 0.15999999999999992
v 0.33066666666666666 0 0.15999999999999992
v 0.35200000000000009 0 0.15999999999999992
v 0.37333333333333329 0 0.15999999999999992
v 0.39466666666666672 0 0.15999999999999992
v 0.41599999999999993 0 0.15999999999999992
v 0.43733333333333335 0 0.15999999999999992
v 0.45866666666666678 0 0.15999999999999992
v 0.47999999999999998 0 0.15999999999999992
v 0.50133333333333341 0 0.15999999999999992
v 0.52266666666666661 0 0.15999999999999992
v 0.54400000000000004 0 0.15999999999999992
v 0.56533333333333347 0 0.15999999999999992
v 0.58666666666666667 0 0.15999999999999992
v 0.6080000000000001 0 0.15999999999999992
v 0.6293333333333333 0 0.15999999999999992
v 0.65066666666666673 0 0.15999999999999992
v 0.67199999999999993 0 0.15999999999999992
v 0.69333333333333336 0 0.15999999999999992
v 0.71466666666666678 0 0.15999999999999992
v 0.73599999999999999 0 0.15999999999999992
v 0.75733333333333341 0 0.15999999999999992
v 0.77866666666666662 0 0.15999999999999992
v 0.80000000000000004 0 0.15999999999999992
v -0.80000000000000004 0 0.18133333333333346
v -0.77866666666666673 0 0.18133333333333346
v -0.75733333333333341 0 0.18133333333333346
v -0.73599999999999999 0 0.18133333333333346
v -0.71466666666666667 0 0.18133333333333346
v -0.69333333333333336 0 0.18133333333333346
v -0.67200000000000004 0 0.18133333333333346
v -0.65066666666666673 0 0.18133333333333346
v -0.6293333333333333 0 0.18133333333333346
v -0.6080000000000001 0 0.18133333333333346
v -0.58666666666666667 0 0.18133333333333346
v -0.56533333333333335 0 0.18133333333333346
v -0.54400000000000004 0 0.18133333333333346
v -0.52266666666666672 0 0.18133333333333346
v -0.50133333333333341 0 0.18133333333333346
v -0.48000000000000004 0 0.18133333333333346
v -0.45866666666666667 0 0.18133333333333346
v -0.43733333333333335 0 0.18133333333333346
v -0.41600000000000004 0 0.18133333333333346
v -0.39466666666666667 0 0.18133333333333346
v -0.37333333333333335 0 0.18133333333333346
v -0.35200000000000004 0 0.18133333333333346
v -0.33066666666666666 0 0.18133333333333346
v -0.30933333333333329 0 0.18133333333333346
v -0.28799999999999992 0 0.18133333333333346
v -0.26666666666666672 0 0.18133333333333346
v -0.2453333333333334 0 0.18133333333333346
v -0.22399999999999998 0 0.18133333333333346
v -0.20266666666666666 0 0.18133333333333346
v -0.18133333333333335 0 0.18133333333333346
v -0.16000000000000003 0 0.18133333333333346
v -0.13866666666666672 0 0.18133333333333346
v -0.11733333333333329 0 0.18133333333333346
v -0.095999999999999974 0 0.18133333333333346
v -0.074666666666666659 0 0.18133333333333346
v -0.053333333333333344 0 0.18133333333333346
v -0.032000000000000028 0 0.18133333333333346
v -0.010666666666666713 0 0.18133333333333346
v 0.010666666666666713 0 0.18133333333333346
v 0.032000000000000028 0 0.18133333333333346
v 0.053333333333333344 0 0.18133333333333346
v 0.07466666666666677 0 0.18133333333333346
v 0.095999999999999974 0 0.18133333333333346
v 0.11733333333333329 0 0.18133333333333346
v 0.13866666666666672 0 0.18133333333333346
v 0.15999999999999992 0 0.18133333333333346
v 0.18133333333333346 0 0.18133333333333346
v 0.20266666666666655 0 0.18133333333333346
v 0.2240000000000002 0 0.18133333333333346
v 0.2453333333333334 0 0.18133333333333346
v 0.26666666666666661 0 0.18133333333333346
v 0.28800000000000003 0 0.18133333333333346
v 0.30933333333333324 0 0.18133333333333346
v 0.33066666666666666 0 0.18133333333333346
v 0.35200000000000009 0 0.18133333333333346
v 0.37333333333333329 0 0.18133333333333346
v 0.39466666666666672 0 0.18133333333333346
v 0.41599999999999993 0 0.18133333333333346
v 0.43733333333333335 0 0.18133333333333346
v 0.45866666666666678 0 0.18133333333333346
v 0.47999999999999998 0 0.18133333333333346
v 0.50133333333333341 0 0.18133333333333346
v 0.52266666666666661 0 0.18133333333333346
v 0.54400000000000004 0 0.18133333333333346
v 0.56533333333333347 0 0.18133333333333346
v 0.58666666666666667 0 0.18133333333333346
v 0.6080000000000001 0 0.18133333333333346
v 0.6293333333333333 0 0.18133333333333346
v 0.65066666666666673 0 0.18133333333333346
v 0.67199999999999993 0 0.18133333333333346
v 0.69333333333333336 0 0.18133333333333346
v 0.71466666666666678 0 0.18133333333333346
v 0.73599999999999999 0 0.18133333333333346
v 0.75733333333333341 0 0.18133333333333346
v 0.77866666666666662 0 0.18133333333333346
v 0.80000000000000004 0 0.18133333333333346
v -0.80000000000000004 0 0.20266666666666655
v -0.77866666666666673 0 0.20266666666666655
v -0.75733333333333341 0 0.20266666666666655
v -0.73599999999999999 0 0.20266666666666655
v -0.71466666666666667 0 0.20266666666666655
v -0.69333333333333336 0 0.20266666666666655
v -0.67200000000000004 0 0.20266666666666655
v -0.65066666666666673 0 0.20266666666666655
v -0.6293333333333333 0 0.20266666666666655
v -0.6080000000000001 0 0.20266666666666655
v -0.58666666666666667 0 0.20266666666666655
v -0.56533333333333335 0 0.20266666666666655
v -0.54400000000000004 0 0.20266666666666655
v -0.52266666666666672 0 0.20266666666666655
v -0.50133333333333341 0 0.20266666666666655
v -0.48000000000000004 0 0.20266666666666655
v -0.45866666666666667 0 0.20266666666666655
v -0.43733333333333335 0 0.20266666666666655
v -0.41600000000000004 0 0.20266666666666655
v -0.39466666666666667 0 0.20266666666666655
v -0.37333333333333335 0 0.20266666666666655
v -0.35200000000000004 0 0.20266666666666655
v -0.33066666666666666 0 0.20266666666666655
v -0.30933333333333329 0 0.20266666666666655
v -0.28799999999999992 0 0.20266666666666655
v -0.26666666666666672 0 0.20266666666666655
v -0.2453333333333334 0 0.20266666666666655
v -0.22399999999999998 0 0.20266666666666655
v -0.20266666666666666 0 0.20266666666666655
v -0.18133333333333335 0 0.20266666666666655
v -0.16000000000000003 0 0.20266666666666655
v -0.13866666666666672 0 0.20266666666666655
v -0.11733333333333329 0 0.20266666666666655
v -0.095999999999999974 0 0.20266666666666655
v -0.074666666666666659 0 0.20266666666666655
v -0.053333333333333344 0 0.20266666666666655
v -0.032000000000000028 0 0.20266666666666655
v -0.010666666666666713 0 0.20266666666666655
v 0.010666666666666713 0 0.20266666666666655
v 0.032000000000000028 0 0.20266666666666655
v 0.053333333333333344 0 0.20266666666666655
v 0.07466666666666677 0 0.20266666666666655
v 0.095999999999999974 0 0.20266666666666655
v 0.11733333333333329 0 0.20266666666666655
v 0.13866666666666672 0 0.20266666666666655
v 0.15999999999999992 0 0.20266666666666655
v 0.18133333333333346 0 0.20266666666666655
v 0.20266666666666655 0 0.20266666666666655
v 0.2240000000000002 0 0.20266666666666655
v 0.2453333333333334 0 0.20266666666666655
v 0.26666666666666661 0 0.20266666666666655
v 0.28800000000000003 0 0.20266666666666655
v 0.30933333333333324 0 0.20266666666666655
v 0.33066666666666666 0 0.20266666666666655
v 0.35200000000000009 0 0.20266666666666655
v 0.37333333333333329 0 0.20266666666666655
v 0.39466666666666672 0 0.20266666666666655
v 0.41599999999999993 0 0.20266666666666655
v 0.43733333333333335 0 0.20266666666666655
v 0.45866666666666678 0 0.20266666666666655
v 0.47999999999999998 0 0.20266666666666655
v 0.50133333333333341 0 0.20266666666666655
v 0.52266666666666661 0 0.20266666666666655
v 0.54400000000000004 0 0.20266666666666655
v 0.56533333333333347 0 0.20266666666666655
v 0.58666666666666667 0 0.20266666666666655
v 0.6080000000000001 0 0.20266666666666655
v 0.6293333333333333 0 0.20266666666666655
v 0.65066666666666673 0 0.20266666666666655
v 0.67199999999999993 0 0.20266666666666655
v 0.69333333333333336 0 0.20266666666666655
v 0.71466666666666678 0 0.20266666666666655
v 0.73599999999999999 0 0.20266666666666655
v 0.75733333333333341 0 0.20266666666666655
v 0.77866666666666662 0 0.20266666666666655
v 0.80000000000000004 0 0.20266666666666655
v -0.80000000000000004 0 0.2240000000000002
v -0.77866666666666673 0 0.2240000000000002
v -0.75733333333333341 0 0.2240000000000002
v -0.73599999999999999 0 0.2240000000000002
v -0.71466666666666667 0 0.2240000000000002
v -0.69333333333333336 0 0.2240000000000002
v -0.67200000000000004 0 0.2240000000000002
v -0.65066666666666673 0 0.2240000000000002
v -0.6293333333333333 0 0.2240000000000002
v -0.6080000000000001 0 0.2240000000000002
v -0.58666666666666667 0 0.2240000000000002
v -0.56533333333333335 0 0.2240000000000002
v -0.54400000000000004 0 0.2240000000000002
v -0.52266666666666672 0 0.2240000000000002
v -0.50133333333333341 0 0.2240000000000002
v -0.48000000000000004 0 0.2240000000000002
v -0.45866666666666667 0 0.2240000000000002
v -0.43733333333333335 0 0.2240000000000002
v -0.41600000000000004 0 0.2240000000000002
v -0.39466666666666667 0 0.2240000000000002
v -0.37333333333333335 0 0.2240000000000002
v -0.35200000000000004 0 0.2240000000000002
v -0.33066666666666666 0 0.2240000000000002
v -0.30933333333333329 0 0.2240000000000002
v -0.28799999999999992 0 0.2240000000000002
v -0.26666666666666672 0 0.2240000000000002
v -0.2453333333333334 0 0.2240000000000002
v -0.22399999999999998 0 0.2240000000000002
v -0.20266666666666666 0 0.2240000000000002
v -0.18133333333333335 0 0.2240000000000002
v -0.16000000000000003 0 0.2240000000000002
v -0.13866666666666672 0 0.2240000000000002
v -0.11733333333333329 0 0.2240000000000002
v -0.095999999999999974 0 0.2240000000000002
v -0.074666666666666659 0 0.2240000000000002
v -0.053333333333333344 0 0.2240000000000002
v -0.032000000000000028 0 0.2240000000000002
v -0.010666666666666713 0 0.2240000000000002
v 0.010666666666666713 0 0.2240000000000002
v 0.032000000000000028 0 0.2240000000000002
v 0.053333333333333344 0 0.2240000000000002
v 0.07466666666666677 0 0.2240000000000002
v 0.095999999999999974 0 0.2240000000000002
v 0.11733333333333329 0 0.2240000000000002
v 0.13866666666666672 0 0.2240000000000002
v 0.15999999999999992 0 0.2240000000000002
v 0.18133333333333346 0 0.2240000000000002
v 0.20266666666666655 0 0.2240000000000002
v 0.2240000000000002 0 0.2240000000000002
v 0.2453333333333334 0 0.2240000000000002
v 0.26666666666666661 0 0.2240000000000002
v 0.28800000000000003 0 0.2240000000000002
v 0.30933333333333324 0 0.2240000000000002
v 0.33066666666666666 0 0.2240000000000002
v 0.35200000000000009 0 0.2240000000000002
v 0.37333333333333329 0 0.2240000000000002
v 0.39466666666666672 0 0.2240000000000002
v 0.41599999999999993 0 0.2240000000000002
v 0.43733333333333335 0 0.2240000000000002
v 0.45866666666666678 0 0.2240000000000002
v 0.47999999999999998 0 0.2240000000000002
v 0.50133333333333341 0 0.2240000000000002
v 0.52266666666666661 0 0.2240000000000002
v 0.54400000000000004 0 0.2240000000000002
v 0.56533333333333347 0 0.2240000000000002
v 0.58666666666666667 0 0.2240000000000002
v 0.6080000000000001 0 0.2240000000000002
v 0.6293333333333333 0 0.2240000000000002
v 0.65066666666666673 0 0.2240000000000002
v 0.67199999999999993 0 0.2240000000000002
v 0.69333333333333336 0 0.2240000000000002
v 0.71466666666666678 0 0.2240000000000002
v 0.73599999999999999 0 0.2240000000000002
v 0.75733333333333341 0 0.2240000000000002
v 0.77866666666666662 0 0.2240000000000002
v 0.80000000000000004 0 0.2240000000000002
v -0.80000000000000004 0 0.2453333333333334
v -0.77866666666666673 0 0.2453333333333334
v -0.75733333333333341 0 0.2453333333333334
v -0.73599999999999999 0 0.2453333333333334
v -0.71466666666666667 0 0.2453333333333334
v -0.69333333333333336 0 0.2453333333333334
v -0.67200000000000004 0 0.2453333333333334
v -0.65066666666666673 0 0.2453333333333334
v -0.6293333333333333 0 0.2453333333333334
v -0.6080000000000001 0 0.2453333333333334
v -0.58666666666666667 0 0.2453333333333334
v -0.56533333333333335 0 0.2453333333333334
v -0.54400000000000004 0 0.2453333333333334
v -0.52266666666666672 0 0.2453333333333334
v -0.50133333333333341 0 0.2453333333333334
v -0.48000000000000004 0 0.2453333333333334
v -0.45866666666666667 0 0.2453333333333334
v -0.43733333333333335 0 0.2453333333333334
v -0.41600000000000004 0 0.2453333333333334
v -0.39466666666666667 0 0.2453333333333334
v -0.37333333333333335 0 0.2453333333333334
v -0.35200000000000004 0 0.2453333333333334
v -0.33066666666666666 0 0.2453333333333334
v -0.30933333333333329 0 0.2453333333333334
v -0.28799999999999992 0 0.2453333333333334
v -0.26666666666666672 0 0.2453333333333334
v -0.2453333333333334 0 0.2453333333333334
v -0.22399999999999998 0 0.2453333333333334
v -0.20266666666666666 0 0.2453333333333334
v -0.18133333333333335 0 0.2453333333333334
v -0.16000000000000003 0 0.2453333333333334
v -0.13866666666666672 0 0.2453333333333334
v -0.11733333333333329 0 0.2453333333333334
v -0.095999999999999974 0 0.2453333333333334
v -0.074666666666666659 0 0.2453333333333334
v -0.053333333333333344 0 0.2453333333333334
v -0.032000000000000028 0 0.2453333333333334
v -0.010666666666666713 0 0.2453333333333334
v 0.010666666666666713 0 0.2453333333333334
v 0.032000000000000028 0 0.2453333333333334
v 0.053333333333333344 0 0.2453333333333334
v 0.07466666666666677 0 0.2453333333333334
v 0.095999999999999974 0 0.2453333333333334
v 0.11733333333333329 0 0.2453333333333334
v 0.13866666666666672 0 0.2453333333333334
v 0.15999999999999992 0 0.2453333333333334
v 0.18133333333333346 0 0.2453333333333334
v 0.20266666666666655 0 0.2453333333333334
v 0.2240000000000002 0 0.2453333333333334
v 0.2453333333333334 0 0.2453333333333334
v 0.26666666666666661 0 0.2453333333333334
v 0.28800000000000003 0 0.2453333333333334
v 0.30933333333333324 0 0.2453333333333334
v 0.33066666666666666 0 0.2453333333333334
v 0.35200000000000009 0 0.2453333333333334
v 0.37333333333333329 0 0.2453333333333334
v 0.39466666666666672 0 0.2453333333333334
v 0.41599999999999993 0 0.2453333333333334
v 0.43733333333333335 0 0.2453333333333334
v 0.45866666666666678 0 0.2453333333333334
v 0.47999999999999998 0 0.2453333333333334
v 0.50133333333333341 0 0.2453333333333334
v 0.52266666666666661 0 0.2453333333333334
v 0.54400000000000004 0 0.2453333333333334
v 0.56533333333333347 0 0.2453333333333334
v 0.58666666666666667 0 0.2453333333333334
v 0.6080000000000001 0 0.2453333333333334
v 0.6293333333333333 0 0.2453333333333334
v 0.65066666666666673 0 0.2453333333333334
v 0.67199999999999993 0 0.2453333333333334
v 0.69333333333333336 0 0.2453333333333334
v 0.71466666666666678 0 0.2453333333333334
v 0.73599999999999999 0 0.2453333333333334
v 0.75733333333333341 0 0.2453333333333334
v 0.77866666666666662 0 0.2453333333333334
v 0.80000000000000004 0 0.2453333333333334
v -0.80000000000000004 0 0.26666666666666661
v -0.77866666666666673 0 0.26666666666666661
v -0.75733333333333341 0 0.26666666666666661
v -0.73599999999999999 0 0.26666666666666661
v -0.71466666666666667 0 0.26666666666666661
v -0.69333333333333336 0 0.26666666666666661
v -0.67200000000000004 0 0.26666666666666661
v -0.65066666666666673 0 0.26666666666666661
v -0.6293333333333333 0 0.26666666666666661
v -0.6080000000000001 0 0.26666666666666661
v -0.58666666666666667 0 0.26666666666666661
v -0.56533333333333335 0 0.26666666666666661
v -0.54400000000000004 0 0.26666666666666661
v -0.52266666666666672 0 0.26666666666666661
v -0.50133333333333341 0 0.26666666666666661
v -0.48000000000000004 0 0.26666666666666661
v -0.45866666666666667 0 0.26666666666666661
v -0.43733333333333335 0 0.26666666666666661
v -0.41600000000000004 0 0.26666666666666661
v -0.39466666666666667 0 0.26666666666666661
v -0.37333333333333335 0 0.26666666666666661
v -0.35200000000000004 0 0.26666666666666661
v -0.33066666666666666 0 0.26666666666666661
v -0.30933333333333329 0 0.26666666666666661
v -0.28799999999999992 0 0.26666666666666661
v -0.26666666666666672 0 0.26666666666666661
v -0.2453333333333334 0 0.26666666666666661
v -0.22399999999999998 0 0.26666666666666661
v -0.20266666666666666 0 0.26666666666666661
v -0.18133333333333335 0 0.26666666666666661
v -0.16000000000000003 0 0.26666666666666661
v -0.13866666666666672 0 0.26666666666666661
v -0.11733333333333329 0 0.26666666666666661
v -0.095999999999999974 0 0.26666666666666661
v -0.074666666666666659 0 0.26666666666666661
v -0.053333333333333344 0 0.26666666666666661
v -0.032000000000000028 0 0.26666666666666661
v -0.010666666666666713 0 0.26666666666666661
v 0.010666666666666713 0 0.26666666666666661
v 0.032000000000000028 0 0.26666666666666661
v 0.053333333333333344 0 0.26666666666666661
v 0.07466666666666677 0 0.26666666666666661
v 0.095999999999999974 0 0.26666666666666661
v 0.11733333333333329 0 0.26666666666666661
v 0.13866666666666672 0 0.26666666666666661
v 0.15999999999999992 0 0.26666666666666661
v 0.18133333333333346 0 0.26666666666666661
v 0.20266666666666655 0 0.26666666666666661
v 0.2240000000000002 0 0.26666666666666661
v 0.2453333333333334 0 0.26666666666666661
v 0.26666666666666661 0 0.26666666666666661
v 0.28800000000000003 0 0.26666666666666661
v 0.30933333333333324 0 0.26666666666666661
v 0.33066666666666666 0 0.26666666666666661
v 0.35200000000000009 0 0.26666666666666661
v 0.37333333333333329 0 0.26666666666666661
v 0.39466666666666672 0 0.26666666666666661
v 0.41599999999999993 0 0.26666666666666661
v 0.43733333333333335 0 0.26666666666666661
v 0.45866666666666678 0 0.26666666666666661
v 0.47999999999999998 0 0.26666666666666661
v 0.50133333333333341 0 0.26666666666666661
v 0.52266666666666661 0 0.26666666666666661
v 0.54400000000000004 0 0.26666666666666661
v 0.56533333333333347 0 0.26666666666666661
v 0.58666666666666667 0 0.26666666666666661
v 0.6080000000000001 0 0.26666666666666661
v 0.6293333333333333 0 0.26666666666666661
v 0.65066666666666673 0 0.26666666666666661
v 0.67199999999999993 0 0.26666666666666661
v 0.69333333333333336 0 0.26666666666666661
v 0.71466666666666678 0 0.26666666666666661
v 0.73599999999999999 0 0.26666666666666661
v 0.75733333333333341 0 0.26666666666666661
v 0.77866666666666662 0 0.26666666666666661
v 0.80000000000000004 0 0.26666666666666661
v -0.80000000000000004 0 0.28800000000000003
v -0.77866666666666673 0 0.28800000000000003
v -0.75733333333333341 0 0.28800000000000003
v -0.73599999999999999 0 0.28800000000000003
v -0.71466666666666667 0 0.28800000000000003
v -0.69333333333333336 0 0.28800000000000003
v -0.67200000000000004 0 0.28800000000000003
v -0.65066666666666673 0 0.28800000000000003
v -0.6293333333333333 0 0.28800000000000003
v -0.6080000000000001 0 0.28800000000000003
v -0.58666666666666667 0 0.28800000000000003
v -0.56533333333333335 0 0.28800000000000003
v -0.54400000000000004 0 0.28800000000000003
v -0.52266666666666672 0 0.28800000000000003
v -0.50133333333333341 0 0.28800000000000003
v -0.48000000000000004 0 0.28800000000000003
v -0.45866666666666667 0 0.28800000000000003
v -0.43733333333333335 0 0.28800000000000003
v -0.41600000000000004 0 0.28800000000000003
v -0.39466666666666667 0 0.28800000000000003
v -0.37333333333333335 0 0.28800000000000003
v -0.35200000000000004 0 0.28800000000000003
v -0.33066666666666666 0 0.28800000000000003
v -0.30933333333333329 0 0.28800000000000003
v -0.28799999999999992 0 0.28800000000000003
v -0.26666666666666672 0 0.28800000000000003
v -0.2453333333333334 0 0.28800000000000003
v -0.22399999999999998 0 0.28800000000000003
v -0.20266666666666666 0 0.28800000000000003
v -0.18133333333333335 0 0.28800000000000003
v -0.16000000000000003 0 0.28800000000000003
v -0.13866666666666672 0 0.28800000000000003
v -0.11733333333333329 0 0.28800000000000003
v -0.095999999999999974 0 0.28800000000000003
v -0.074666666666666659 0 0.28800000000000003
v -0.053333333333333344 0 0.28800000000000003
v -0.032000000000000028 0 0.28800000000000003
v -0.010666666666666713 0 0.28800000000000003
v 0.010666666666666713 0 0.28800000000000003
v 0.032000000000000028 0 0.28800000000000003
v 0.053333333333333344 0 0.28800000000000003
v 0.07466666666666677 0 0.28800000000000003
v 0.095999999999999974 0 0.28800000000000003
v 0.11733333333333329 0 0.28800000000000003
v 0.13866666666666672 0 0.28800000000000003
v 0.15999999999999992 0 0.28800000000000003
v 0.18133333333333346 0 0.28800000000000003
v 0.20266666666666655 0 0.28800000000000003
v 0.2240000000000002 0 0.28800000000000003
v 0.2453333333333334 0 0.28800000000000003
v 0.26666666666666661 0 0.28800000000000003
v 0.28800000000000003 0 0.28800000000000003
v 0.30933333333333324 0 0.28800000000000003
v 0.33066666666666666 0 0.28800000000000003
v 0.35200000000000009 0 0.28800000000000003
v 0.37333333333333329 0 0.28800000000000003
v 0.39466666666666672 0 0.28800000000000003
v 0.41599999999999993 0 0.28800000000000003
v 0.43733333333333335 0 0.28800000000000003
v 0.45866666666666678 0 0.28800000000000003
v 0.47999999999999998 0 0.28800000000000003
v 0.50133333333333341 0 0.28800000000000003
v 0.52266666666666661 0 0.28800000000000003
v 0.54400000000000004 0 0.28800000000000003
v 0.56533333333333347 0 0.28800000000000003
v 0.58666666666666667 0 0.28800000000000003
v 0.6080000000000001 0 0.28800000000000003
v 0.6293333333333333 0 0.28800000000000003
v 0.65066666666666673 0 0.28800000000000003
v 0.67199999999999993 0 0.28800000000000003
v 0.69333333333333336 0 0.28800000000000003
v 0.71466666666666678 0 0.28800000000000003
v 0.73599999999999999 0 0.28800000000000003
v 0.75733333333333341 0 0.28800000000000003
v 0.77866666666666662 0 0.28800000000000003
v 0.80000000000000004 0 0.28800000000000003
v -0.80000000000000004 0 0.30933333333333324
v -0.77866666666666673 0 0.30933333333333324
v -0.75733333333333341 0 0.30933333333333324
v -0.73599999999999999 0 0.30933333333333324
v -0.71466666666666667 0 0.30933333333333324
v -0.69333333333333336 0 0.30933333333333324
v -0.67200000000000004 0 0.30933333333333324
v -0.65066666666666673 0 0.30933333333333324
v -0.6293333333333333 0 0.30933333333333324
v -0.6080000000000001 0 0.30933333333333324
v -0.58666666666666667 0 0.30933333333333324
v -0.56533333333333335 0 0.30933333333333324
v -0.54400000000000004 0 0.30933333333333324
v -0.52266666666666672 0 0.30933333333333324
v -0.50133333333333341 0 0.30933333333333324
v -0.48000000000000004 0 0.30933333333333324
v -0.45866666666666667 0 0.30933333333333324
v -0.43733333333333335 0 0.30933333333333324
v -0.41600000000000004 0 0.30933333333333324
v -0.39466666666666667 0 0.30933333333333324
v -0.37333333333333335 0 0.30933333333333324
v -0.35200000000000004 0 0.30933333333333324
v -0.33066666666666666 0 0.30933333333333324
v -0.30933333333333329 0 0.30933333333333324
v -0.28799999999999992 0 0.30933333333333324
v -0.26666666666666672 0 0.30933333333333324
v -0.2453333333333334 0 0.30933333333333324
v -0.22399999999999998 0 0.30933333333333324
v -0.20266666666666666 0 0.30933333333333324
v -0.18133333333333335 0 0.30933333333333324
v -0.16000000000000003 0 0.30933333333333324
v -0.13866666666666672 0 0.30933333333333324
v -0.11733333333333329 0 0.30933333333333324
v -0.095999999999999974 0 0.30933333333333324
v -0.074666666666666659 0 0.30933333333333324
v -0.053333333333333344 0 0.30933333333333324
v -0.032000000000000028 0 0.30933333333333324
v -0.010666666666666713 0 0.30933333333333324
v 0.010666666666666713 0 0.30933333333333324
v 0.032000000000000028 0 0.30933333333333324
v 0.053333333333333344 0 0.30933333333333324
v 0.07466666666666677 0 0.30933333333333324
v 0.095999999999999974 0 0.30933333333333324
v 0.11733333333333329 0 0.30933333333333324
v 0.13866666666666672 0 0.30933333333333324
v 0.15999999999999992 0 0.30933333333333324
v 0.18133333333333346 0 0.30933333333333324
v 0.20266666666666655 0 0.30933333333333324
v 0.2240000000000002 0 0.30933333333333324
v 0.2453333333333334 0 0.30933333333333324
v 0.26666666666666661 0 0.30933333333333324
v 0.28800000000000003 0 0.30933333333333324
v 0.30933333333333324 0 0.30933333333333324
v 0.33066666666666666 0 0.30933333333333324
v 0.35200000000000009 0 0.30933333333333324
v 0.37333333333333329 0 0.30933333333333324
v 0.39466666666666672 0 0.30933333333333324
v 0.41599999999999993 0 0.30933333333333324
v 0.43733333333333335 0 0.30933333333333324
v 0.45866666666666678 0 0.30933333333333324
v 0.47999999999999998 0 0.30933333333333324
v 0.50133333333333341 0 0.30933333333333324
v 0.52266666666666661 0 0.30933333333333324
v 0.54400000000000004 0 0.30933333333333324
v 0.56533333333333347 0 0.30933333333333324
v 0.58666666666666667 0 0.30933333333333324
v 0.6080000000000001 0 0.30933333333333324
v 0.6293333333333333 0 0.30933333333333324
v 0.65066666666666673 0 0.30933333333333324
v 0.67199999999999993 0 0.30933333333333324
v 0.69333333333333336 0 0.30933333333333324
v 0.71466666666666678 0 0.30933333333333324
v 0.73599999999999999 0 0.30933333333333324
v 0.75733333333333341 0 0.30933333333333324
v 0.77866666666666662 0 0.30933333333333324
v 0.80000000000000004 0 0.30933333333333324
v -0.80000000000000004 0 0.33066666666666666
v -0.77866666666666673 0 0.33066666666666666
v -0.75733333333333341 0 0.33066666666666666
v -0.73599999999999999 0 0.33066666666666666
v -0.71466666666666667 0 0.33066666666666666
v -0.69333333333333336 0 0.33066666666666666
v -0.67200000000000004 0 0.33066666666666666
v -0.65066666666666673 0 0.33066666666666666
v -0.6293333333333333 0 0.33066666666666666
v -0.6080000000000001 0 0.33066666666666666
v -0.58666666666666667 0 0.33066666666666666
v -0.56533333333333335 0 0.33066666666666666
v -0.54400000000000004 0 0.33066666666666666
v -0.52266666666666672 0 0.33066666666666666
v -0.50133333333333341 0 0.33066666666666666
v -0.48000000000000004 0 0.33066666666666666
v -0.45866666666666667 0 0.33066666666666666
v -0.43733333333333335 0 0.33066666666666666
v -0.41600000000000004 0 0.33066666666666666
v -0.39466666666666667 0 0.33066666666666666
v -0.37333333333333335 0 0.33066666666666666
v -0.35200000000000004 0 0.33066666666666666
v -0.33066666666666666 0 0.33066666666666666
v -0.30933333333333329 0 0.33066666666666666
v -0.28799999999999992 0 0.33066666666666666
v -0.26666666666666672 0 0.33066666666666666
v -0.2453333333333334 0 0.33066666666666666
v -0.22399999999999998 0 0.33066666666666666
v -0.20266666666666666 0 0.33066666666666666
v -0.18133333333333335 0 0.33066666666666666
v -0.16000000000000003 0 0.33066666666666666
v -0.13866666666666672 0 0.33066666666666666
v -0.11733333333333329 0 0.33066666666666666
v -0.095999999999999974 0 0.33066666666666666
v -0.074666666666666659 0 0.33066666666666666
v -0.053333333333333344 0 0.33066666666666666
v -0.032000000000000028 0 0.33066666666666666
v -0.010666666666666713 0 0.33066666666666666
v 0.010666666666666713 0 0.33066666666666666
v 0.032000000000000028 0 0.33066666666666666
v 0.053333333333333344 0 0.33066666666666666
v 0.07466666666666677 0 0.33066666666666666
v 0.095999999999999974 0 0.33066666666666666
v 0.11733333333333329 0 0.33066666666666666
v 0.13866666666666672 0 0.33066666666666666
v 0.15999999999999992 0 0.33066666666666666
v 0.18133333333333346 0 0.33066666666666666
v 0.20266666666666655 0 0.33066666666666666
v 0.2240000000000002 0 0.33066666666666666
v 0.2453333333333334 0 0.33066666666666666
v 0.26666666666666661 0 0.33066666666666666
v 0.28800000000000003 0 0.33066666666666666
v 0.30933333333333324 0 0.33066666666666666
v 0.33066666666666666 0 0.33066666666666666
v 0.35200000000000009 0 0.33066666666666666
v 0.37333333333333329 0 0.33066666666666666
v 0.39466666666666672 0 0.33066666666666666
v 0.41599999999999993 0 0.33066666666666666
v 0.43733333333333335 0 0.33066666666666666
v 0.45866666666666678 0 0.33066666666666666
v 0.47999999999999998 0 0.33066666666666666
v 0.50133333333333341 0 0.33066666666666666
v 0.52266666666666661 0 0.33066666666666666
v 0.54400000000000004 0 0.33066666666666666
v 0.56533333333333347 0 0.33066666666666666
v 0.58666666666666667 0 0.33066666666666666
v 0.6080000000000001 0 0.33066666666666666
v 0.6293333333333333 0 0.33066666666666666
v 0.65066666666666673 0 0.33066666666666666
v 0.67199999999999993 0 0.33066666666666666
v 0.69333333333333336 0 0.33066666666666666
v 0.71466666666666678 0 0.33066666666666666
v 0.73599999999999999 0 0.33066666666666666
v 0.75733333333333341 0 0.33066666666666666
v 0.77866666666666662 0 0.33066666666666666
v 0.80000000000000004 0 0.33066666666666666
v -0.80000000000000004 0 0.35200000000000009
v -0.77866666666666673 0 0.35200000000000009
v -0.75733333333333341 0 0.35200000000000009
v -0.73599999999999999 0 0.35200000000000009
v -0.71466666666666667 0 0.35200000000000009
v -0.69333333333333336 0 0.35200000000000009
v -0.67200000000000004 0 0.35200000000000009
v -0.65066666666666673 0 0.35200000000000009
v -0.6293333333333333 0 0.35200000000000009
v -0.6080000000000001 0 0.35200000000000009
v -0.58666666666666667 0 0.35200000000000009
v -0.56533333333333335 0 0.35200000000000009
v -0.54400000000000004 0 0.35200000000000009
v -0.52266666666666672 0 0.35200000000000009
v -0.50133333333333341 0 0.35200000000000009
v -0.48000000000000004 0 0.35200000000000009
v -0.45866666666666667 0 0.35200000000000009
v -0.43733333333333335 0 0.35200000000000009
v -0.41600000000000004 0 0.35200000000000009
v -0.39466666666666667 0 0.35200000000000009
v -0.37333333333333335 0 0.35200000000000009
v -0.35200000000000004 0 0.35200000000000009
v -0.33066666666666666 0 0.35200000000000009
v -0.30933333333333329 0 0.35200000000000009
v -0.28799999999999992 0 0.35200000000000009
v -0.26666666666666672 0 0.35200000000000009
v -0.2453333333333334 0 0.35200000000000009
v -0.22399999999999998 0 0.35200000000000009
v -0.20266666666666666 0 0.35200000000000009
v -0.18133333333333335 0 0.35200000000000009
v -0.16000000000000003 0 0.35200000000000009
v -0.13866666666666672 0 0.35200000000000009
v -0.11733333333333329 0 0.35200000000000009
v -0.095999999999999974 0 0.35200000000000009
v -0.074666666666666659 0 0.35200000000000009
v -0.053333333333333344 0 0.35200000000000009
v -0.032000000000000028 0 0.35200000000000009
v -0.010666666666666713 0 0.35200000000000009
v 0.010666666666666713 0 0.35200000000000009
v 0.032000000000000028 0 0.35200000000000009
v 0.053333333333333344 0 0.35200000000000009
v 0.07466666666666677 0 0.35200000000000009
v 0.095999999999999974 0 0.35200000000000009
v 0.11733333333333329 0 0.35200000000000009
v 0.13866666666666672 0 0.35200000000000009
v 0.15999999999999992 0 0.35200000000000009
v 0.18133333333333346 0 0.35200000000000009
v 0.20266666666666655 0 0.35200000000000009
v 0.2240000000000002 0 0.35200000000000009
v 0.2453333333333334 0 0.35200000000000009
v 0.26666666666666661 0 0.35200000000000009
v 0.28800000000000003 0 0.35200000000000009
v 0.30933333333333324 0 0.35200000000000009
v 0.33066666666666666 0 0.35200000000000009
v 0.35200000000000009 0 0.35200000000000009
v 0.37333333333333329 0 0.35200000000000009
v 0.39466666666666672 0 0.35200000000000009
v 0.41599999999999993 0 0.35200000000000009
v 0.43733333333333335 0 0.35200000000000009
v 0.45866666666666678 0 0.35200000000000009
v 0.47999999999999998 0 0.35200000000000009
v 0.50133333333333341 0 0.35200000000000009
v 0.52266666666666661 0 0.35200000000000009
v 0.54400000000000004 0 0.35200000000000009
v 0.56533333333333347 0 0.35200000000000009
v 0.58666666666666667 0 0.35200000000000009
v 0.6080000000000001 0 0.35200000000000009
v 0.6293333333333333 0 0.35200000000000009
v 0.65066666666666673 0 0.35200000000000009
v 0.67199999999999993 0 0.35200000000000009
v 0.69333333333333336 0 0.35200000000000009
v 0.71466666666666678 0 0.35200000000000009
v 0.73599999999999999 0 0.35200000000000009
v 0.75733333333333341 0 0.35200000000000009
v 0.77866666666666662 0 0.35200000000000009
v 0.80000000000000004 0 0.35200000000000009
v -0.80000000000000004 0 0.37333333333333329
v -0.77866666666666673 0 0.37333333333333329
v -0.75733333333333341 0 0.37333333333333329
v -0.73599999999999999 0 0.37333333333333329
v -0.71466666666666667 0 0.37333333333333329
v -0.69333333333333336 0 0.37333333333333329
v -0.67200000000000004 0 0.37333333333333329
v -0.65066666666666673 0 0.37333333333333329
v -0.6293333333333333 0 0.37333333333333329
v -0.6080000000000001 0 0.37333333333333329
v -0.58666666666666667 0 0.37333333333333329
v -0.56533333333333335 0 0.37333333333333329
v -0.54400000000000004 0 0.37333333333333329
v -0.52266666666666672 0 0.37333333333333329
v -0.50133333333333341 0 0.37333333333333329
v -0.48000000000000004 0 0.37333333333333329
v -0.45866666666666667 0 0.37333333333333329
v -0.43733333333333335 0 0.37333333333333329
v -0.41600000000000004 0 0.37333333333333329
v -0.39466666666666667 0 0.37333333333333329
v -0.37333333333333335 0 0.37333333333333329
v -0.35200000000000004 0 0.37333333333333329
v -0.33066666666666666 0 0.37333333333333329
v -0.30933333333333329 0 0.37333333333333329
v -0.28799999999999992 0 0.37333333333333329
v -0.26666666666666672 0 0.37333333333333329
v -0.2453333333333334 0 0.37333333333333329
v -0.22399999999999998 0 0.37333333333333329
v -0.20266666666666666 0 0.37333333333333329
v -0.18133333333333335 0 0.37333333333333329
v -0.16000000000000003 0 0.37333333333333329
v -0.13866666666666672 0 0.37333333333333329
v -0.11733333333333329 0 0.37333333333333329
v -0.095999999999999974 0 0.37333333333333329
v -0.074666666666666659 0 0.37333333333333329
v -0.053333333333333344 0 0.37333333333333329
v -0.032000000000000028 0 0.37333333333333329
v -0.010666666666666713 0 0.37333333333333329
v 0.010666666666666713 0 0.37333333333333329
v 0.032000000000000028 0 0.37333333333333329
v 0.053333333333333344 0 0.37333333333333329
v 0.07466666666666677 0 0.37333333333333329
v 0.095999999999999974 0 0.37333333333333329
v 0.11733333333333329 0 0.37333333333333329
v 0.13866666666666672 0 0.37333333333333329
v 0.15999999999999992 0 0.37333333333333329
v 0.18133333333333346 0 0.37333333333333329
v 0.20266666666666655 0 0.37333333333333329
v 0.2240000000000002 0 0.37333333333333329
v 0.2453333333333334 0 0.37333333333333329
v 0.26666666666666661 0 0.37333333333333329
v 0.28800000000000003 0 0.37333333333333329
v 0.30933333333333324 0 0.37333333333333329
v 0.33066666666666666 0 0.37333333333333329
v 0.35200000000000009 0 0.37333333333333329
v 0.37333333333333329 0 0.37333333333333329
v 0.39466666666666672 0 0.37333333333333329
v 0.41599999999999993 0 0.37333333333333329
v 0.43733333333333335 0 0.37333333333333329
v 0.45866666666666678 0 0.37333333333333329
v 0.47999999999999998 0 0.37333333333333329
v 0.50133333333333341 0 0.37333333333333329
v 0.52266666666666661 0 0.37333333333333329
v 0.54400000000000004 0 0.37333333333333329
v 0.56533333333333347 0 0.37333333333333329
v 0.58666666666666667 0 0.37333333333333329
v 0.6080000000000001 0 0.37333333333333329
v 0.6293333333333333 0 0.37333333333333329
v 0.65066666666666673 0 0.37333333333333329
v 0.67199999999999993 0 0.37333333333333329
v 0.69333333333333336 0 0.37333333333333329
v 0.71466666666666678 0 0.37333333333333329
v 0.73599999999999999 0 0.37333333333333329
v 0.75733333333333341 0 0.37333333333333329
v 0.77866666666666662 0 0.37333333333333329
v 0.80000000000000004 0 0.37333333333333329
v -0.80000000000000004 0 0.39466666666666672
v -0.77866666666666673 0 0.39466666666666672
v -0.75733333333333341 0 0.39466666666666672
v -0.73599999999999999 0 0.39466666666666672
v -0.71466666666666667 0 0.39466666666666672
v -0.69333333333333336 0 0.39466666666666672
v -0.67200000000000004 0 0.39466666666666672
v -0.65066666666666673 0 0.39466666666666672
v -0.6293333333333333 0 0.39466666666666672
v -0.6080000000000001 0 0.39466666666666672
v -0.58666666666666667 0 0.39466666666666672
v -0.56533333333333335 0 0.39466666666666672
v -0.54400000000000004 0 0.39466666666666672
v -0.52266666666666672 0 0.39466666666666672
v -0.50133333333333341 0 0.39466666666666672
v -0.48000000000000004 0 0.39466666666666672
v -0.45866666666666667 0 0.39466666666666672
v -0.43733333333333335 0 0.39466666666666672
v -0.41600000000000004 0 0.39466666666666672
v -0.39466666666666667 0 0.39466666666666672
v -0.37333333333333335 0 0.39466666666666672
v -0.35200000000000004 0 0.39466666666666672
v -0.33066666666666666 0 0.39466666666666672
v -0.30933333333333329 0 0.39466666666666672
v -0.28799999999999992 0 0.39466666666666672
v -0.26666666666666672 0 0.39466666666666672
v -0.2453333333333334 0 0.39466666666666672
v -0.22399999999999998 0 0.39466666666666672
v -0.20266666666666666 0 0.39466666666666672
v -0.18133333333333335 0 0.39466666666666672
v -0.16000000000000003 0 0.39466666666666672
v -0.13866666666666672 0 0.39466666666666672
v -0.11733333333333329 0 0.39466666666666672
v -0.095999999999999974 0 0.39466666666666672
v -0.074666666666666659 0 0.39466666666666672
v -0.053333333333333344 0 0.39466666666666672
v -0.032000000000000028 0 0.39466666666666672
v -0.010666666666666713 0 0.39466666666666672
v 0.010666666666666713 0 0.39466666666666672
v 0.032000000000000028 0 0.39466666666666672
v 0.053333333333333344 0 0.39466666666666672
v 0.07466666666666677 0 0.39466666666666672
v 0.095999999999999974 0 0.39466666666666672
v 0.11733333333333329 0 0.39466666666666672
v 0.13866666666666672 0 0.39466666666666672
v 0.15999999999999992 0 0.39466666666666672
v 0.18133333333333346 0 0.39466666666666672
v 0.20266666666666655 0 0.39466666666666672
v 0.2240000000000002 0 0.39466666666666672
v 0.2453333333333334 0 0.39466666666666672
v 0.26666666666666661 0 0.39466666666666672
v 0.28800000000000003 0 0.39466666666666672
v 0.30933333333333324 0 0.39466666666666672
v 0.33066666666666666 0 0.39466666666666672
v 0.35200000000000009 0 0.39466666666666672
v 0.37333333333333329 0 0.39466666666666672
v 0.39466666666666672 0 0.39466666666666672
v 0.41599999999999993 0 0.39466666666666672
v 0.43733333333333335 0 0.39466666666666672
v 0.45866666666666678 0 0.39466666666666672
v 0.47999999999999998 0 0.39466666666666672
v 0.50133333333333341 0 0.39466666666666672
v 0.52266666666666661 0 0.39466666666666672
v 0.54400000000000004 0 0.39466666666666672
v 0.56533333333333347 0 0.39466666666666672
v 0.58666666666666667 0 0.39466666666666672
v 0.6080000000000001 0 0.39466666666666672
v 0.6293333333333333 0 0.39466666666666672
v 0.65066666666666673 0 0.39466666666666672
v 0.67199999999999993 0 0.39466666666666672
v 0.69333333333333336 0 0.39466666666666672
v 0.71466666666666678 0 0.39466666666666672
v 0.73599999999999999 0 0.39466666666666672
v 0.75733333333333341 0 0.39466666666666672
v 0.77866666666666662 0 0.39466666666666672
v 0.80000000000000004 0 0.39466666666666672
v -0.80000000000000004 0 0.41599999999999993
v -0.77866666666666673 0 0.41599999999999993
v -0.75733333333333341 0 0.41599999999999993
v -0.73599999999999999 0 0.41599999999999993
v -0.71466666666666667 0 0.41599999999999993
v -0.69333333333333336 0 0.41599999999999993
v -0.67200000000000004 0 0.41599999999999993
v -0.65066666666666673 0 0.41599999999999993
v -0.6293333333333333 0 0.41599999999999993
v -0.6080000000000001 0 0.41599999999999993
v -0.58666666666666667 0 0.41599999999999993
v -0.56533333333333335 0 0.41599999999999993
v -0.54400000000000004 0 0.41599999999999993
v -0.52266666666666672 0 0.41599999999999993
v -0.50133333333333341 0 0.41599999999999993
v -0.48000000000000004 0 0.41599999999999993
v -0.45866666666666667 0 0.41599999999999993
v -0.43733333333333335 0 0.41599999999999993
v -0.41600000000000004 0 0.41599999999999993
v -0.39466666666666667 0 0.41599999999999993
v -0.37333333333333335 0 0.41599999999999993
v -0.35200000000000004 0 0.41599999999999993
v -0.33066666666666666 0 0.41599999999999993
v -0.30933333333333329 0 0.41599999999999993
v -0.28799999999999992 0 0.41599999999999993
v -0.26666666666666672 0 0.41599999999999993
v -0.2453333333333334 0 0.41599999999999993
v -0.22399999999999998 0 0.41599999999999993
v -0.20266666666666666 0 0.41599999999999993
v -0.18133333333333335 0 0.41599999999999993
v -0.16000000000000003 0 0.41599999999999993
v -0.13866666666666672 0 0.41599999999999993
v -0.11733333333333329 0 0.41599999999999993
v -0.095999999999999974 0 0.41599999999999993
v -0.074666666666666659 0 0.41599999999999993
v -0.053333333333333344 0 0.41599999999999993
v -0.032000000000000028 0 0.41599999999999993
v -0.010666666666666713 0 0.41599999999999993
v 0.010666666666666713 0 0.41599999999999993
v 0.032000000000000028 0 0.41599999999999993
v 0.053333333333333344 0 0.41599999999999993
v 0.07466666666666677 0 0.41599999999999993
v 0.095999999999999974 0 0.41599999999999993
v 0.11733333333333329 0 0.41599999999999993
v 0.13866666666666672 0 0.41599999999999993
v 0.15999999999999992 0 0.41599999999999993
v 0.18133333333333346 0 0.41599999999999993
v 0.20266666666666655 0 0.41599999999999993
v 0.2240000000000002 0 0.41599999999999993
v 0.2453333333333334 0 0.41599999999999993
v 0.26666666666666661 0 0.41599999999999993
v 0.28800000000000003 0 0.41599999999999993
v 0.30933333333333324 0 0.41599999999999993
v 0.33066666666666666 0 0.41599999999999993
v 0.35200000000000009 0 0.41599999999999993
v 0.37333333333333329 0 0.41599999999999993
v 0.39466666666666672 0 0.41599999999999993
v 0.41599999999999993 0 0.41599999999999993
v 0.43733333333333335 0 0.41599999999999993
v 0.45866666666666678 0 0.41599999999999993
v 0.47999999999999998 0 0.41599999999999993
v 0.50133333333333341 0 0.41599999999999993
v 0.52266666666666661 0 0.41599999999999993
v 0.54400000000000004 0 0.41599999999999993
v 0.56533333333333347 0 0.41599999999999993
v 0.58666666666666667 0 0.41599999999999993
v 0.6080000000000001 0 0.41599999999999993
v 0.6293333333333333 0 0.41599999999999993
v 0.65066666666666673 0 0.41599999999999993
v 0.67199999999999993 0 0.41599999999999993
v 0.69333333333333336 0 0.41599999999999993
v 0.71466666666666678 0 0.41599999999999993
v 0.73599999999999999 0 0.41599999999999993
v 0.75733333333333341 0 0.41599999999999993
v 0.77866666666666662 0 0.41599999999999993
v 0.80000000000000004 0 0.41599999999999993
v -0.80000000000000004 0 0.43733333333333335
v -0.77866666666666673 0 0.43733333333333335
v -0.75733333333333341 0 0.43733333333333335
v -0.73599999999999999 0 0.43733333333333335
v -0.71466666666666667 0 0.43733333333333335
v -0.69333333333333336 0 0.43733333333333335
v -0.67200000000000004 0 0.43733333333333335
v -0.65066666666666673 0 0.43733333333333335
v -0.6293333333333333 0 0.43733333333333335
v -0.6080000000000001 0 0.43733333333333335
v -0.58666666666666667 0 0.43733333333333335
v -0.56533333333333335 0 0.43733333333333335
v -0.54400000000000004 0 0.43733333333333335
v -0.52266666666666672 0 0.43733333333333335
v -0.50133333333333341 0 0.43733333333333335
v -0.48000000000000004 0 0.43733333333333335
v -0.45866666666666667 0 0.43733333333333335
v -0.43733333333333335 0 0.43733333333333335
v -0.41600000000000004 0 0.43733333333333335
v -0.39466666666666667 0 0.43733333333333335
v -0.37333333333333335 0 0.43733333333333335
v -0.35200000000000004 0 0.43733333333333335
v -0.33066666666666666 0 0.43733333333333335
v -0.30933333333333329 0 0.43733333333333335
v -0.28799999999999992 0 0.43733333333333335
v -0.26666666666666672 0 0.43733333333333335
v -0.2453333333333334 0 0.43733333333333335
v -0.22399999999999998 0 0.43733333333333335
v -0.20266666666666666 0 0.43733333333333335
v -0.18133333333333335 0 0.43733333333333335
v -0.16000000000000003 0 0.43733333333333335
v -0.13866666666666672 0 0.43733333333333335
v -0.11733333333333329 0 0.43733333333333335
v -0.095999999999999974 0 0.43733333333333335
v -0.074666666666666659 0 0.43733333333333335
v -0.053333333333333344 0 0.43733333333333335
v -0.032000000000000028 0 0.43733333333333335
v -0.010666666666666713 0 0.43733333333333335
v 0.010666666666666713 0 0.43733333333333335
v 0.032000000000000028 0 0.43733333333333335
v 0.053333333333333344 0 0.43733333333333335
v 0.07466666666666677 0 0.43733333333333335
v 0.095999999999999974 0 0.43733333333333335
v 0.11733333333333329 0 0.43733333333333335
v 0.13866666666666672 0 0.43733333333333335
v 0.15999999999999992 0 0.43733333333333335
v 0.18133333333333346 0 0.43733333333333335
v 0.20266666666666655 0 0.43733333333333335
v 0.2240000000000002 0 0.43733333333333335
v 0.2453333333333334 0 0.43733333333333335
v 0.26666666666666661 0 0.43733333333333335
v 0.28800000000000003 0 0.43733333333333335
v 0.30933333333333324 0 0.43733333333333335
v 0.33066666666666666 0 0.43733333333333335
v 0.35200000000000009 0 0.43733333333333335
v 0.37333333333333329 0 0.43733333333333335
v 0.39466666666666672 0 0.43733333333333335
v 0.41599999999999993 0 0.43733333333333335
v 0.43733333333333335 0 0.43733333333333335
v 0.45866666666666678 0 0.43733333333333335
v 0.47999999999999998 0 0.43733333333333335
v 0.50133333333333341 0 0.43733333333333335
v 0.52266666666666661 0 0.43733333333333335
v 0.54400000000000004 0 0.43733333333333335
v 0.56533333333333347 0 0.43733333333333335
v 0.58666666666666667 0 0.43733333333333335
v 0.6080000000000001 0 0.43733333333333335
v 0.6293333333333333 0 0.43733333333333335
v 0.65066666666666673 0 0.43733333333333335
v 0.67199999999999993 0 0.43733333333333335
v 0.69333333333333336 0 0.43733333333333335
v 0.71466666666666678 0 0.43733333333333335
v 0.73599999999999999 0 0.43733333333333335
v 0.75733333333333341 0 0.43733333333333335
v 0.77866666666666662 0 0.43733333333333335
v 0.80000000000000004 0 0.43733333333333335
v -0.80000000000000004 0 0.45866666666666678
v -0.77866666666666673 0 0.45866666666666678
v -0.75733333333333341 0 0.45866666666666678
v -0.73599999999999999 0 0.45866666666666678
v -0.71466666666666667 0 0.45866666666666678
v -0.69333333333333336 0 0.45866666666666678
v -0.67200000000000004 0 0.45866666666666678
v -0.65066666666666673 0 0.45866666666666678
v -0.6293333333333333 0 0.45866666666666678
v -0.6080000000000001 0 0.45866666666666678
v -0.58666666666666667 0 0.45866666666666678
v -0.56533333333333335 0 0.45866666666666678
v -0.54400000000000004 0 0.45866666666666678
v -0.52266666666666672 0 0.45866666666666678
v -0.50133333333333341 0 0.45866666666666678
v -0.48000000000000004 0 0.45866666666666678
v -0.45866666666666667 0 0.45866666666666678
v -0.43733333333333335 0 0.45866666666666678
v -0.41600000000000004 0 0.45866666666666678
v -0.39466666666666667 0 0.45866666666666678
v -0.37333333333333335 0 0.45866666666666678
v -0.35200000000000004 0 0.45866666666666678
v -0.33066666666666666 0 0.45866666666666678
v -0.30933333333333329 0 0.45866666666666678
v -0.28799999999999992 0 0.45866666666666678
v -0.26666666666666672 0 0.45866666666666678
v -0.2453333333333334 0 0.45866666666666678
v -0.22399999999999998 0 0.45866666666666678
v -0.20266666666666666 0 0.45866666666666678
v -0.18133333333333335 0 0.45866666666666678
v -0.16000000000000003 0 0.45866666666666678
v -0.13866666666666672 0 0.45866666666666678
v -0.11733333333333329 0 0.45866666666666678
v -0.095999999999999974 0 0.45866666666666678
v -0.074666666666666659 0 0.45866666666666678
v -0.053333333333333344 0 0.45866666666666678
v -0.032000000000000028 0 0.45866666666666678
v -0.010666666666666713 0 0.45866666666666678
v 0.010666666666666713 0 0.45866666666666678
v 0.032000000000000028 0 0.45866666666666678
v 0.053333333333333344 0 0.45866666666666678
v 0.07466666666666677 0 0.45866666666666678
v 0.095999999999999974 0 0.45866666666666678
v 0.11733333333333329 0 0.45866666666666678
v 0.13866666666666672 0 0.45866666666666678
v 0.15999999999999992 0 0.45866666666666678
v 0.18133333333333346 0 0.45866666666666678
v 0.20266666666666655 0 0.45866666666666678
v 0.2240000000000002 0 0.45866666666666678
v 0.2453333333333334 0 0.45866666666666678
v 0.26666666666666661 0 0.45866666666666678
v 0.28800000000000003 0 0.45866666666666678
v 0.30933333333333324 0 0.45866666666666678
v 0.33066666666666666 0 0.45866666666666678
v 0.35200000000000009 0 0.45866666666666678
v 0.37333333333333329 0 0.45866666666666678
v 0.39466666666666672 0 0.45866666666666678
v 0.41599999999999993 0 0.45866666666666678
v 0.43733333333333335 0 0.45866666666666678
v 0.45866666666666678 0 0.45866666666666678
v 0.47999999999999998 0 0.45866666666666678
v 0.50133333333333341 0 0.45866666666666678
v 0.52266666666666661 0 0.45866666666666678
v 0.54400000000000004 0 0.45866666666666678
v 0.56533333333333347 0 0.45866666666666678
v 0.58666666666666667 0 0.45866666666666678
v 0.6080000000000001 0 0.45866666666666678
v 0.6293333333333333 0 0.45866666666666678
v 0.65066666666666673 0 0.45866666666666678
v 0.67199999999999993 0 0.45866666666666678
v 0.69333333333333336 0 0.45866666666666678
v 0.71466666666666678 0 0.45866666666666678
v 0.73599999999999999 0 0.45866666666666678
v 0.75733333333333341 0 0.45866666666666678
v 0.77866666666666662 0 0.45866666666666678
v 0.80000000000000004 0 0.45866666666666678
v -0.80000000000000004 0 0.47999999999999998
v -0.77866666666666673 0 0.47999999999999998
v -0.75733333333333341 0 0.47999999999999998
v -0.73599999999999999 0 0.47999999999999998
v -0.71466666666666667 0 0.47999999999999998
v -0.69333333333333336 0 0.47999999999999998
v -0.67200000000000004 0 0.47999999999999998
v -0.65066666666666673 0 0.47999999999999998
v -0.6293333333333333 0 0.47999999999999998
v -0.6080000000000001 0 0.47999999999999998
v -0.58666666666666667 0 0.47999999999999998
v -0.56533333333333335 0 0.47999999999999998
v -0.54400000000000004 0 0.47999999999999998
v -0.52266666666666672 0 0.47999999999999998
v -0.50133333333333341 0 0.47999999999999998
v -0.48000000000000004 0 0.47999999999999998
v -0.45866666666666667 0 0.47999999999999998
v -0.43733333333333335 0 0.47999999999999998
v -0.41600000000000004 0 0.47999999999999998
v -0.39466666666666667 0 0.47999999999999998
v -0.37333333333333335 0 0.47999999999999998
v -0.35200000000000004 0 0.47999999999999998
v -0.33066666666666666 0 0.47999999999999998
v -0.30933333333333329 0 0.47999999999999998
v -0.28799999999999992 0 0.47999999999999998
v -0.26666666666666672 0 0.47999999999999998
v -0.2453333333333334 0 0.47999999999999998
v -0.22399999999999998 0 0.47999999999999998
v -0.20266666666666666 0 0.47999999999999998
v -0.18133333333333335 0 0.47999999999999998
v -0.16000000000000003 0 0.47999999999999998
v -0.13866666666666672 0 0.47999999999999998
v -0.11733333333333329 0 0.47999999999999998
v -0.095999999999999974 0 0.47999999999999998
v -0.074666666666666659 0 0.47999999999999998
v -0.053333333333333344 0 0.47999999999999998
v -0.032000000000000028 0 0.47999999999999998
v -0.010666666666666713 0 0.47999999999999998
v 0.010666666666666713 0 0.47999999999999998
v 0.032000000000000028 0 0.47999999999999998
v 0.053333333333333344 0 0.47999999999999998
v 0.07466666666666677 0 0.47999999999999998
v 0.095999999999999974 0 0.47999999999999998
v 0.11733333333333329 0 0.47999999999999998
v 0.13866666666666672 0 0.47999999999999998
v 0.15999999999999992 0 0.47999999999999998
v 0.18133333333333346 0 0.47999999999999998
v 0.20266666666666655 0 0.47999999999999998
v 0.2240000000000002 0 0.47999999999999998
v 0.2453333333333334 0 0.47999999999999998
v 0.26666666666666661 0 0.47999999999999998
v 0.28800000000000003 0 0.47999999999999998
v 0.30933333333333324 0 0.47999999999999998
v 0.33066666666666666 0 0.47999999999999998
v 0.35200000000000009 0 0.47999999999999998
v 0.37333333333333329 0 0.47999999999999998
v 0.39466666666666672 0 0.47999999999999998
v 0.41599999999999993 0 0.47999999999999998
v 0.43733333333333335 0 0.47999999999999998
v 0.45866666666666678 0 0.47999999999999998
v 0.47999999999999998 0 0.47999999999999998
v 0.50133333333333341 0 0.47999999999999998
v 0.52266666666666661 0 0.47999999999999998
v 0.54400000000000004 0 0.47999999999999998
v 0.56533333333333347 0 0.47999999999999998
v 0.58666666666666667 0 0.47999999999999998
v 0.6080000000000001 0 0.47999999999999998
v 0.6293333333333333 0 0.47999999999999998
v 0.65066666666666673 0 0.47999999999999998
v 0.67199999999999993 0 0.47999999999999998
v 0.69333333333333336 0 0.47999999999999998
v 0.71466666666666678 0 0.47999999999999998
v 0.73599999999999999 0 0.47999999999999998
v 0.75733333333333341 0 0.47999999999999998
v 0.77866666666666662 0 0.47999999999999998
v 0.80000000000000004 0 0.47999999999999998
v -0.80000000000000004 0 0.50133333333333341
v -0.77866666666666673 0 0.50133333333333341
v -0.75733333333333341 0 0.50133333333333341
v -0.73599999999999999 0 0.50133333333333341
v -0.71466666666666667 0 0.50133333333333341
v -0.69333333333333336 0 0.50133333333333341
v -0.67200000000000004 0 0.50133333333333341
v -0.65066666666666673 0 0.50133333333333341
v -0.6293333333333333 0 0.50133333333333341
v -0.6080000000000001 0 0.50133333333333341
v -0.58666666666666667 0 0.50133333333333341
v -0.56533333333333335 0 0.50133333333333341
v -0.54400000000000004 0 0.50133333333333341
v -0.52266666666666672 0 0.50133333333333341
v -0.50133333333333341 0 0.50133333333333341
v -0.48000000000000004 0 0.50133333333333341
v -0.45866666666666667 0 0.50133333333333341
v -0.43733333333333335 0 0.50133333333333341
v -0.41600000000000004 0 0.50133333333333341
v -0.39466666666666667 0 0.50133333333333341
v -0.37333333333333335 0 0.50133333333333341
v -0.35200000000000004 0 0.50133333333333341
v -0.33066666666666666 0 0.50133333333333341
v -0.30933333333333329 0 0.50133333333333341
v -0.28799999999999992 0 0.50133333333333341
v -0.26666666666666672 0 0.50133333333333341
v -0.2453333333333334 0 0.50133333333333341
v -0.22399999999999998 0 0.50133333333333341
v -0.20266666666666666 0 0.50133333333333341
v -0.18133333333333335 0 0.50133333333333341
v -0.16000000000000003 0 0.50133333333333341
v -0.13866666666666672 0 0.50133333333333341
v -0.11733333333333329 0 0.50133333333333341
v -0.095999999999999974 0 0.50133333333333341
v -0.074666666666666659 0 0.50133333333333341
v -0.053333333333333344 0 0.50133333333333341
v -0.032000000000000028 0 0.50133333333333341
v -0.010666666666666713 0 0.50133333333333341
v 0.010666666666666713 0 0.50133333333333341
v 0.032000000000000028 0 0.50133333333333341
v 0.053333333333333344 0 0.50133333333333341
v 0.07466666666666677 0 0.50133333333333341
v 0.095999999999999974 0 0.50133333333333341
v 0.11733333333333329 0 0.50133333333333341
v 0.13866666666666672 0 0.50133333333333341
v 0.15999999999999992 0 0.50133333333333341
v 0.18133333333333346 0 0.50133333333333341
v 0.20266666666666655 0 0.50133333333333341
v 0.2240000000000002 0 0.50133333333333341
v 0.2453333333333334 0 0.50133333333333341
v 0.26666666666666661 0 0.50133333333333341
v 0.28800000000000003 0 0.50133333333333341
v 0.30933333333333324 0 0.50133333333333341
v 0.33066666666666666 0 0.50133333333333341
v 0.35200000000000009 0 0.50133333333333341
v 0.37333333333333329 0 0.50133333333333341
v 0.39466666666666672 0 0.50133333333333341
v 0.41599999999999993 0 0.50133333333333341
v 0.43733333333333335 0 0.50133333333333341
v 0.45866666666666678 0 0.50133333333333341
v 0.47999999999999998 0 0.50133333333333341
v 0.50133333333333341 0 0.50133333333333341
v 0.52266666666666661 0 0.50133333333333341
v 0.54400000000000004 0 0.50133333333333341
v 0.56533333333333347 0 0.50133333333333341
v 0.58666666666666667 0 0.50133333333333341
v 0.6080000000000001 0 0.50133333333333341
v 0.6293333333333333 0 0.50133333333333341
v 0.65066666666666673 0 0.50133333333333341
v 0.67199999999999993 0 0.50133333333333341
v 0.69333333333333336 0 0.50133333333333341
v 0.71466666666666678 0 0.50133333333333341
v 0.73599999999999999 0 0.50133333333333341
v 0.75733333333333341 0 0.50133333333333341
v 0.77866666666666662 0 0.50133333333333341
v 0.80000000000000004 0 0.50133333333333341
v -0.80000000000000004 0 0.52266666666666661
v -0.77866666666666673 0 0.52266666666666661
v -0.75733333333333341 0 0.52266666666666661
v -0.73599999999999999 0 0.52266666666666661
v -0.71466666666666667 0 0.52266666666666661
v -0.69333333333333336 0 0.52266666666666661
v -0.67200000000000004 0 0.52266666666666661
v -0.65066666666666673 0 0.52266666666666661
v -0.6293333333333333 0 0.52266666666666661
v -0.6080000000000001 0 0.52266666666666661
v -0.58666666666666667 0 0.52266666666666661
v -0.56533333333333335 0 0.52266666666666661
v -0.54400000000000004 0 0.52266666666666661
v -0.52266666666666672 0 0.52266666666666661
v -0.50133333333333341 0 0.52266666666666661
v -0.48000000000000004 0 0.52266666666666661
v -0.45866666666666667 0 0.52266666666666661
v -0.43733333333333335 0 0.52266666666666661
v -0.41600000000000004 0 0.52266666666666661
v -0.39466666666666667 0 0.52266666666666661
v -0.37333333333333335 0 0.52266666666666661
v -0.35200000000000004 0 0.52266666666666661
v -0.33066666666666666 0 0.52266666666666661
v -0.30933333333333329 0 0.52266666666666661
v -0.28799999999999992 0 0.52266666666666661
v -0.26666666666666672 0 0.52266666666666661
v -0.2453333333333334 0 0.52266666666666661
v -0.22399999999999998 0 0.52266666666666661
v -0.20266666666666666 0 0.52266666666666661
v -0.18133333333333335 0 0.52266666666666661
v -0.16000000000000003 0 0.52266666666666661
v -0.13866666666666672 0 0.52266666666666661
v -0.11733333333333329 0 0.52266666666666661
v -0.095999999999999974 0 0.52266666666666661
v -0.074666666666666659 0 0.52266666666666661
v -0.053333333333333344 0 0.52266666666666661
v -0.032000000000000028 0 0.52266666666666661
v -0.010666666666666713 0 0.52266666666666661
v 0.010666666666666713 0 0.52266666666666661
v 0.032000000000000028 0 0.52266666666666661
v 0.053333333333333344 0 0.52266666666666661
v 0.07466666666666677 0 0.52266666666666661
v 0.095999999999999974 0 0.52266666666666661
v 0.11733333333333329 0 0.52266666666666661
v 0.13866666666666672 0 0.52266666666666661
v 0.15999999999999992 0 0.52266666666666661
v 0.18133333333333346 0 0.52266666666666661
v 0.20266666666666655 0 0.52266666666666661
v 0.2240000000000002 0 0.52266666666666661
v 0.2453333333333334 0 0.52266666666666661
v 0.26666666666666661 0 0.52266666666666661
v 0.28800000000000003 0 0.52266666666666661
v 0.30933333333333324 0 0.52266666666666661
v 0.33066666666666666 0 0.52266666666666661
v 0.35200000000000009 0 0.52266666666666661
v 0.37333333333333329 0 0.52266666666666661
v 0.39466666666666672 0 0.52266666666666661
v 0.41599999999999993 0 0.52266666666666661
v 0.43733333333333335 0 0.52266666666666661
v 0.45866666666666678 0 0.52266666666666661
v 0.47999999999999998 0 0.52266666666666661
v 0.50133333333333341 0 0.52266666666666661
v 0.52266666666666661 0 0.52266666666666661
v 0.54400000000000004 0 0.52266666666666661
v 0.56533333333333347 0 0.52266666666666661
v 0.58666666666666667 0 0.52266666666666661
v 0.6080000000000001 0 0.52266666666666661
v 0.6293333333333333 0 0.52266666666666661
v 0.65066666666666673 0 0.52266666666666661
v 0.67199999999999993 0 0.52266666666666661
v 0.69333333333333336 0 0.52266666666666661
v 0.71466666666666678 0 0.52266666666666661
v 0.73599999999999999 0 0.52266666666666661
v 0.75733333333333341 0 0.52266666666666661
v 0.77866666666666662 0 0.52266666666666661
v 0.80000000000000004 0 0.52266666666666661
v -0.80000000000000004 0 0.54400000000000004
v -0.77866666666666673 0 0.54400000000000004
v -0.75733333333333341 0 0.54400000000000004
v -0.73599999999999999 0 0.54400000000000004
v -0.71466666666666667 0 0.54400000000000004
v -0.69333333333333336 0 0.54400000000000004
v -0.67200000000000004 0 0.54400000000000004
v -0.65066666666666673 0 0.54400000000000004
v -0.6293333333333333 0 0.54400000000000004
v -0.6080000000000001 0 0.54400000000000004
v -0.58666666666666667 0 0.54400000000000004
v -0.56533333333333335 0 0.54400000000000004
v -0.54400000000000004 0 0.54400000000000004
v -0.52266666666666672 0 0.54400000000000004
v -0.50133333333333341 0 0.54400000000000004
v -0.48000000000000004 0 0.54400000000000004
v -0.45866666666666667 0 0.54400000000000004
v -0.43733333333333335 0 0.54400000000000004
v -0.41600000000000004 0 0.54400000000000004
v -0.39466666666666667 0 0.54400000000000004
v -0.37333333333333335 0 0.54400000000000004
v -0.35200000000000004 0 0.54400000000000004
v -0.33066666666666666 0 0.54400000000000004
v -0.30933333333333329 0 0.54400000000000004
v -0.28799999999999992 0 0.54400000000000004
v -0.26666666666666672 0 0.54400000000000004
v -0.2453333333333334 0 0.54400000000000004
v -0.22399999999999998 0 0.54400000000000004
v -0.20266666666666666 0 0.54400000000000004
v -0.18133333333333335 0 0.54400000000000004
v -0.16000000000000003 0 0.54400000000000004
v -0.13866666666666672 0 0.54400000000000004
v -0.11733333333333329 0 0.54400000000000004
v -0.095999999999999974 0 0.54400000000000004
v -0.074666666666666659 0 0.54400000000000004
v -0.053333333333333344 0 0.54400000000000004
v -0.032000000000000028 0 0.54400000000000004
v -0.010666666666666713 0 0.54400000000000004
v 0.010666666666666713 0 0.54400000000000004
v 0.032000000000000028 0 0.54400000000000004
v 0.053333333333333344 0 0.54400000000000004
v 0.07466666666666677 0 0.54400000000000004
v 0.095999999999999974 0 0.54400000000000004
v 0.11733333333333329 0 0.54400000000000004
v 0.13866666666666672 0 0.54400000000000004
v 0.15999999999999992 0 0.54400000000000004
v 0.18133333333333346 0 0.54400000000000004
v 0.20266666666666655 0 0.54400000000000004
v 0.2240000000000002 0 0.54400000000000004
v 0.2453333333333334 0 0.54400000000000004
v 0.26666666666666661 0 0.54400000000000004
v 0.28800000000000003 0 0.54400000000000004
v 0.30933333333333324 0 0.54400000000000004
v 0.33066666666666666 0 0.54400000000000004
v 0.35200000000000009 0 0.54400000000000004
v 0.37333333333333329 0 0.54400000000000004
v 0.39466666666666672 0 0.54400000000000004
v 0.41599999999999993 0 0.54400000000000004
v 0.43733333333333335 0 0.54400000000000004
v 0.45866666666666678 0 0.54400000000000004
v 0.47999999999999998 0 0.54400000000000004
v 0.50133333333333341 0 0.54400000000000004
v 0.52266666666666661 0 0.54400000000000004
v 0.54400000000000004 0 0.54400000000000004
v 0.56533333333333347 0 0.54400000000000004
v 0.58666666666666667 0 0.54400000000000004
v 0.6080000000000001 0 0.54400000000000004
v 0.6293333333333333 0 0.54400000000000004
v 0.65066666666666673 0 0.54400000000000004
v 0.67199999999999993 0 0.54400000000000004
v 0.69333333333333336 0 0.54400000000000004
v 0.71466666666666678 0 0.54400000000000004
v 0.73599999999999999 0 0.54400000000000004
v 0.75733333333333341 0 0.54400000000000004
v 0.77866666666666662 0 0.54400000000000004
v 0.80000000000000004 0 0.54400000000000004
v -0.80000000000000004 0 0.56533333333333347
v -0.77866666666666673 0 0.56533333333333347
v -0.75733333333333341 0 0.56533333333333347
v -0.73599999999999999 0 0.56533333333333347
v -0.71466666666666667 0 0.56533333333333347
v -0.69333333333333336 0 0.56533333333333347
v -0.67200000000000004 0 0.56533333333333347
v -0.65066666666666673 0 0.56533333333333347
v -0.6293333333333333 0 0.56533333333333347
v -0.6080000000000001 0 0.56533333333333347
v -0.58666666666666667 0 0.56533333333333347
v -0.56533333333333335 0 0.56533333333333347
v -0.54400000000000004 0 0.56533333333333347
v -0.52266666666666672 0 0.56533333333333347
v -0.50133333333333341 0 0.56533333333333347
v -0.48000000000000004 0 0.56533333333333347
v -0.45866666666666667 0 0.56533333333333347
v -0.43733333333333335 0 0.56533333333333347
v -0.41600000000000004 0 0.56533333333333347
v -0.39466666666666667 0 0.56533333333333347
v -0.37333333333333335 0 0.56533333333333347
v -0.35200000000000004 0 0.56533333333333347
v -0.33066666666666666 0 0.56533333333333347
v -0.30933333333333329 0 0.56533333333333347
v -0.28799999999999992 0 0.56533333333333347
v -0.26666666666666672 0 0.56533333333333347
v -0.2453333333333334 0 0.56533333333333347
v -0.22399999999999998 0 0.56533333333333347
v -0.20266666666666666 0 0.56533333333333347
v -0.18133333333333335 0 0.56533333333333347
v -0.16000000000000003 0 0.56533333333333347
v -0.13866666666666672 0 0.56533333333333347
v -0.11733333333333329 0 0.56533333333333347
v -0.095999999999999974 0 0.56533333333333347
v -0.074666666666666659 0 0.56533333333333347
v -0.053333333333333344 0 0.56533333333333347
v -0.032000000000000028 0 0.56533333333333347
v -0.010666666666666713 0 0.56533333333333347
v 0.010666666666666713 0 0.56533333333333347
v 0.032000000000000028 0 0.56533333333333347
v 0.053333333333333344 0 0.56533333333333347
v 0.07466666666666677 0 0.56533333333333347
v 0.095999999999999974 0 0.56533333333333347
v 0.11733333333333329 0 0.56533333333333347
v 0.13866666666666672 0 0.56533333333333347
v 0.15999999999999992 0 0.56533333333333347
v 0.18133333333333346 0 0.56533333333333347
v 0.20266666666666655 0 0.56533333333333347
v 0.2240000000000002 0 0.56533333333333347
v 0.2453333333333334 0 0.56533333333333347
v 0.26666666666666661 0 0.56533333333333347
v 0.28800000000000003 0 0.56533333333333347
v 0.30933333333333324 0 0.56533333333333347
v 0.33066666666666666 0 0.56533333333333347
v 0.35200000000000009 0 0.56533333333333347
v 0.37333333333333329 0 0.56533333333333347
v 0.39466666666666672 0 0.56533333333333347
v 0.41599999999999993 0 0.56533333333333347
v 0.43733333333333335 0 0.56533333333333347
v 0.45866666666666678 0 0.56533333333333347
v 0.47999999999999998 0 0.56533333333333347
v 0.50133333333333341 0 0.56533333333333347
v 0.52266666666666661 0 0.56533333333333347
v 0.54400000000000004 0 0.56533333333333347
v 0.56533333333333347 0 0.56533333333333347
v 0.58666666666666667 0 0.56533333333333347
v 0.6080000000000001 0 0.56533333333333347
v 0.6293333333333333 0 0.56533333333333347
v 0.65066666666666673 0 0.56533333333333347
v 0.67199999999999993 0 0.56533333333333347
v 0.69333333333333336 0 0.56533333333333347
v 0.71466666666666678 0 0.56533333333333347
v 0.73599999999999999 0 0.56533333333333347
v 0.75733333333333341 0 0.56533333333333347
v 0.77866666666666662 0 0.56533333333333347
v 0.80000000000000004 0 0.56533333333333347
v -0.80000000000000004 0 0.58666666666666667
v -0.77866666666666673 0 0.58666666666666667
v -0.75733333333333341 0 0.58666666666666667
v -0.73599999999999999 0 0.58666666666666667
v -0.71466666666666667 0 0.58666666666666667
v -0.69333333333333336 0 0.58666666666666667
v -0.67200000000000004 0 0.58666666666666667
v -0.65066666666666673 0 0.58666666666666667
v -0.6293333333333333 0 0.58666666666666667
v -0.6080000000000001 0 0.58666666666666667
v -0.58666666666666667 0 0.58666666666666667
v -0.56533333333333335 0 0.58666666666666667
v -0.54400000000000004 0 0.58666666666666667
v -0.52266666666666672 0 0.58666666666666667
v -0.50133333333333341 0 0.58666666666666667
v -0.48000000000000004 0 0.58666666666666667
v -0.45866666666666667 0 0.58666666666666667
v -0.43733333333333335 0 0.58666666666666667
v -0.41600000000000004 0 0.58666666666666667
v -0.39466666666666667 0 0.58666666666666667
v -0.37333333333333335 0 0.58666666666666667
v -0.35200000000000004 0 0.58666666666666667
v -0.33066666666666666 0 0.58666666666666667
v -0.30933333333333329 0 0.58666666666666667
v -0.28799999999999992 0 0.58666666666666667
v -0.26666666666666672 0 0.58666666666666667
v -0.2453333333333334 0 0.58666666666666667
v -0.22399999999999998 0 0.58666666666666667
v -0.20266666666666666 0 0.58666666666666667
v -0.18133333333333335 0 0.58666666666666667
v -0.16000000000000003 0 0.58666666666666667
v -0.13866666666666672 0 0.58666666666666667
v -0.11733333333333329 0 0.58666666666666667
v -0.095999999999999974 0 0.58666666666666667
v -0.074666666666666659 0 0.58666666666666667
v -0.053333333333333344 0 0.58666666666666667
v -0.032000000000000028 0 0.58666666666666667
v -0.010666666666666713 0 0.58666666666666667
v 0.010666666666666713 0 0.58666666666666667
v 0.032000000000000028 0 0.58666666666666667
v 0.053333333333333344 0 0.58666666666666667
v 0.07466666666666677 0 0.58666666666666667
v 0.095999999999999974 0 0.58666666666666667
v 0.11733333333333329 0 0.58666666666666667
v 0.13866666666666672 0 0.58666666666666667
v 0.15999999999999992 0 0.58666666666666667
v 0.18133333333333346 0 0.58666666666666667
v 0.20266666666666655 0 0.58666666666666667
v 0.2240000000000002 0 0.58666666666666667
v 0.2453333333333334 0 0.58666666666666667
v 0.26666666666666661 0 0.58666666666666667
v 0.28800000000000003 0 0.58666666666666667
v 0.30933333333333324 0 0.58666666666666667
v 0.33066666666666666 0 0.58666666666666667
v 0.35200000000000009 0 0.58666666666666667
v 0.37333333333333329 0 0.58666666666666667
v 0.39466666666666672 0 0.58666666666666667
v 0.41599999999999993 0 0.58666666666666667
v 0.43733333333333335 0 0.58666666666666667
v 0.45866666666666678 0 0.58666666666666667
v 0.47999999999999998 0 0.58666666666666667
v 0.50133333333333341 0 0.58666666666666667
v 0.52266666666666661 0 0.58666666666666667
v 0.54400000000000004 0 0.58666666666666667
v 0.56533333333333347 0 0.58666666666666667
v 0.58666666666666667 0 0.58666666666666667
v 0.6080000000000001 0 0.58666666666666667
v 0.6293333333333333 0 0.58666666666666667
v 0.65066666666666673 0 0.58666666666666667
v 0.67199999999999993 0 0.58666666666666667
v 0.69333333333333336 0 0.58666666666666667
v 0.71466666666666678 0 0.58666666666666667
v 0.73599999999999999 0 0.58666666666666667
v 0.75733333333333341 0 0.58666666666666667
v 0.77866666666666662 0 0.58666666666666667
v 0.80000000000000004 0 0.58666666666666667
v -0.80000000000000004 0 0.6080000000000001
v -0.77866666666666673 0 0.6080000000000001
v -0.75733333333333341 0 0.6080000000000001
v -0.73599999999999999 0 0.6080000000000001
v -0.71466666666666667 0 0.6080000000000001
v -0.69333333333333336 0 0.6080000000000001
v -0.67200000000000004 0 0.6080000000000001
v -0.65066666666666673 0 0.6080000000000001
v -0.6293333333333333 0 0.6080000000000001
v -0.6080000000000001 0 0.6080000000000001
v -0.58666666666666667 0 0.6080000000000001
v -0.56533333333333335 0 0.6080000000000001
v -0.54400000000000004 0 0.6080000000000001
v -0.52266666666666672 0 0.6080000000000001
v -0.50133333333333341 0 0.6080000000000001
v -0.48000000000000004 0 0.6080000000000001
v -0.45866666666666667 0 0.6080000000000001
v -0.43733333333333335 0 0.6080000000000001
v -0.41600000000000004 0 0.6080000000000001
v -0.39466666666666667 0 0.6080000000000001
v -0.37333333333333335 0 0.6080000000000001
v -0.35200000000000004 0 0.6080000000000001
v -0.33066666666666666 0 0.6080000000000001
v -0.30933333333333329 0 0.6080000000000001
v -0.28799999999999992 0 0.6080000000000001
v -0.26666666666666672 0 0.6080000000000001
v -0.2453333333333334 0 0.6080000000000001
v -0.22399999999999998 0 0.6080000000000001
v -0.20266666666666666 0 0.6080000000000001
v -0.18133333333333335 0 0.6080000000000001
v -0.16000000000000003 0 0.6080000000000001
v -0.13866666666666672 0 0.6080000000000001
v -0.11733333333333329 0 0.6080000000000001
v -0.095999999999999974 0 0.6080000000000001
v -0.074666666666666659 0 0.6080000000000001
v -0.053333333333333344 0 0.6080000000000001
v -0.032000000000000028 0 0.6080000000000001
v -0.010666666666666713 0 0.6080000000000001
v 0.010666666666666713 0 0.6080000000000001
v 0.032000000000000028 0 0.6080000000000001
v 0.053333333333333344 0 0.6080000000000001
v 0.07466666666666677 0 0.6080000000000001
v 0.095999999999999974 0 0.6080000000000001
v 0.11733333333333329 0 0.6080000000000001
v 0.13866666666666672 0 0.6080000000000001
v 0.15999999999999992 0 0.6080000000000001
v 0.18133333333333346 0 0.6080000000000001
v 0.20266666666666655 0 0.6080000000000001
v 0.2240000000000002 0 0.6080000000000001
v 0.2453333333333334 0 0.6080000000000001
v 0.26666666666666661 0 0.6080000000000001
v 0.28800000000000003 0 0.6080000000000001
v 0.30933333333333324 0 0.6080000000000001
v 0.33066666666666666 0 0.6080000000000001
v 0.35200000000000009 0 0.6080000000000001
v 0.37333333333333329 0 0.6080000000000001
v 0.39466666666666672 0 0.6080000000000001
v 0.41599999999999993 0 0.6080000000000001
v 0.43733333333333335 0 0.6080000000000001
v 0.45866666666666678 0 0.6080000000000001
v 0.47999999999999998 0 0.6080000000000001
v 0.50133333333333341 0 0.6080000000000001
v 0.52266666666666661 0 0.6080000000000001
v 0.54400000000000004 0 0.6080000000000001
v 0.56533333333333347 0 0.6080000000000001
v 0.58666666666666667 0 0.6080000000000001
v 0.6080000000000001 0 0.6080000000000001
v 0.6293333333333333 0 0.6080000000000001
v 0.65066666666666673 0 0.6080000000000001
v 0.67199999999999993 0 0.6080000000000001
v 0.69333333333333336 0 0.6080000000000001
v 0.71466666666666678 0 0.6080000000000001
v 0.73599999999999999 0 0.6080000000000001
v 0.75733333333333341 0 0.6080000000000001
v 0.77866666666666662 0 0.6080000000000001
v 0.80000000000000004 0 0.6080000000000001
v -0.80000000000000004 0 0.6293333333333333
v -0.77866666666666673 0 0.6293333333333333
v -0.75733333333333341 0 0.6293333333333333
v -0.73599999999999999 0 0.6293333333333333
v -0.71466666666666667 0 0.6293333333333333
v -0.69333333333333336 0 0.6293333333333333
v -0.67200000000000004 0 0.6293333333333333
v -0.65066666666666673 0 0.6293333333333333
v -0.6293333333333333 0 0.6293333333333333
v -0.6080000000000001 0 0.6293333333333333
v -0.58666666666666667 0 0.6293333333333333
v -0.56533333333333335 0 0.6293333333333333
v -0.54400000000000004 0 0.6293333333333333
v -0.52266666666666672 0 0.6293333333333333
v -0.50133333333333341 0 0.6293333333333333
v -0.48000000000000004 0 0.6293333333333333
v -0.45866666666666667 0 0.6293333333333333
v -0.43733333333333335 0 0.6293333333333333
v -0.41600000000000004 0 0.6293333333333333
v -0.39466666666666667 0 0.6293333333333333
v -0.37333333333333335 0 0.6293333333333333
v -0.35200000000000004 0 0.6293333333333333
v -0.33066666666666666 0 0.6293333333333333
v -0.30933333333333329 0 0.6293333333333333
v -0.28799999999999992 0 0.6293333333333333
v -0.26666666666666672 0 0.6293333333333333
v -0.2453333333333334 0 0.6293333333333333
v -0.22399999999999998 0 0.6293333333333333
v -0.20266666666666666 0 0.6293333333333333
v -0.18133333333333335 0 0.6293333333333333
v -0.16000000000000003 0 0.6293333333333333
v -0.13866666666666672 0 0.6293333333333333
v -0.11733333333333329 0 0.6293333333333333
v -0.095999999999999974 0 0.6293333333333333
v -0.074666666666666659 0 0.6293333333333333
v -0.053333333333333344 0 0.6293333333333333
v -0.032000000000000028 0 0.6293333333333333
v -0.010666666666666713 0 0.6293333333333333
v 0.010666666666666713 0 0.6293333333333333
v 0.032000000000000028 0 0.6293333333333333
v 0.053333333333333344 0 0.6293333333333333
v 0.07466666666666677 0 0.6293333333333333
v 0.095999999999999974 0 0.6293333333333333
v 0.11733333333333329 0 0.6293333333333333
v 0.13866666666666672 0 0.6293333333333333
v 0.15999999999999992 0 0.6293333333333333
v 0.18133333333333346 0 0.6293333333333333
v 0.20266666666666655 0 0.6293333333333333
v 0.2240000000000002 0 0.6293333333333333
v 0.2453333333333334 0 0.6293333333333333
v 0.26666666666666661 0 0.6293333333333333
v 0.28800000000000003 0 0.6293333333333333
v 0.30933333333333324 0 0.6293333333333333
v 0.33066666666666666 0 0.6293333333333333
v 0.35200000000000009 0 0.6293333333333333
v 0.37333333333333329 0 0.6293333333333333
v 0.39466666666666672 0 0.6293333333333333
v 0.41599999999999993 0 0.6293333333333333
v 0.43733333333333335 0 0.6293333333333333
v 0.45866666666666678 0 0.6293333333333333
v 0.47999999999999998 0 0.6293333333333333
v 0.50133333333333341 0 0.6293333333333333
v 0.52266666666666661 0 0.6293333333333333
v 0.54400000000000004 0 0.6293333333333333
v 0.56533333333333347 0 0.6293333333333333
v 0.58666666666666667 0 0.6293333333333333
v 0.6080000000000001 0 0.6293333333333333
v 0.6293333333333333 0 0.6293333333333333
v 0.65066666666666673 0 0.6293333333333333
v 0.67199999999999993 0 0.6293333333333333
v 0.69333333333333336 0 0.6293333333333333
v 0.71466666666666678 0 0.6293333333333333
v 0.73599999999999999 0 0.6293333333333333
v 0.75733333333333341 0 0.6293333333333333
v 0.77866666666666662 0 0.6293333333333333
v 0.80000000000000004 0 0.6293333333333333
v -0.80000000000000004 0 0.65066666666666673
v -0.77866666666666673 0 0.65066666666666673
v -0.75733333333333341 0 0.65066666666666673
v -0.73599999999999999 0 0.65066666666666673
v -0.71466666666666667 0 0.65066666666666673
v -0.69333333333333336 0 0.65066666666666673
v -0.67200000000000004 0 0.65066666666666673
v -0.65066666666666673 0 0.65066666666666673
v -0.6293333333333333 0 0.65066666666666673
v -0.6080000000000001 0 0.65066666666666673
v -0.58666666666666667 0 0.65066666666666673
v -0.56533333333333335 0 0.65066666666666673
v -0.54400000000000004 0 0.65066666666666673
v -0.52266666666666672 0 0.65066666666666673
v -0.50133333333333341 0 0.65066666666666673
v -0.48000000000000004 0 0.65066666666666673
v -0.45866666666666667 0 0.65066666666666673
v -0.43733333333333335 0 0.65066666666666673
v -0.41600000000000004 0 0.65066666666666673
v -0.39466666666666667 0 0.65066666666666673
v -0.37333333333333335 0 0.65066666666666673
v -0.35200000000000004 0 0.65066666666666673
v -0.33066666666666666 0 0.65066666666666673
v -0.30933333333333329 0 0.65066666666666673
v -0.28799999999999992 0 0.65066666666666673
v -0.26666666666666672 0 0.65066666666666673
v -0.2453333333333334 0 0.65066666666666673
v -0.22399999999999998 0 0.65066666666666673
v -0.20266666666666666 0 0.65066666666666673
v -0.18133333333333335 0 0.65066666666666673
v -0.16000000000000003 0 0.65066666666666673
v -0.13866666666666672 0 0.65066666666666673
v -0.11733333333333329 0 0.65066666666666673
v -0.095999999999999974 0 0.65066666666666673
v -0.074666666666666659 0 0.65066666666666673
v -0.053333333333333344 0 0.65066666666666673
v -0.032000000000000028 0 0.65066666666666673
v -0.010666666666666713 0 0.65066666666666673
v 0.010666666666666713 0 0.65066666666666673
v 0.032000000000000028 0 0.65066666666666673
v 0.053333333333333344 0 0.65066666666666673
v 0.07466666666666677 0 0.65066666666666673
v 0.095999999999999974 0 0.65066666666666673
v 0.11733333333333329 0 0.65066666666666673
v 0.13866666666666672 0 0.65066666666666673
v 0.15999999999999992 0 0.65066666666666673
v 0.18133333333333346 0 0.65066666666666673
v 0.20266666666666655 0 0.65066666666666673
v 0.2240000000000002 0 0.65066666666666673
v 0.2453333333333334 0 0.65066666666666673
v 0.26666666666666661 0 0.65066666666666673
v 0.28800000000000003 0 0.65066666666666673
v 0.30933333333333324 0 0.65066666666666673
v 0.33066666666666666 0 0.65066666666666673
v 0.35200000000000009 0 0.65066666666666673
v 0.37333333333333329 0 0.65066666666666673
v 0.39466666666666672 0 0.65066666666666673
v 0.41599999999999993 0 0.65066666666666673
v 0.43733333333333335 0 0.65066666666666673
v 0.45866666666666678 0 0.65066666666666673
v 0.47999999999999998 0 0.65066666666666673
v 0.50133333333333341 0 0.65066666666666673
v 0.52266666666666661 0 0.65066666666666673
v 0.54400000000000004 0 0.65066666666666673
v 0.56533333333333347 0 0.65066666666666673
v 0.58666666666666667 0 0.65066666666666673
v 0.6080000000000001 0 0.65066666666666673
v 0.6293333333333333 0 0.65066666666666673
v 0.65066666666666673 0 0.65066666666666673
v 0.67199999999999993 0 0.65066666666666673
v 0.69333333333333336 0 0.65066666666666673
v 0.71466666666666678 0 0.65066666666666673
v 0.73599999999999999 0 0.65066666666666673
v 0.75733333333333341 0 0.65066666666666673
v 0.77866666666666662 0 0.65066666666666673
v 0.80000000000000004 0 0.65066666666666673
v -0.80000000000000004 0 0.67199999999999993
v -0.77866666666666673 0 0.67199999999999993
v -0.75733333333333341 0 0.67199999999999993
v -0.73599999999999999 0 0.67199999999999993
v -0.71466666666666667 0 0.67199999999999993
v -0.69333333333333336 0 0.67199999999999993
v -0.67200000000000004 0 0.67199999999999993
v -0.65066666666666673 0 0.67199999999999993
v -0.6293333333333333 0 0.67199999999999993
v -0.6080000000000001 0 0.67199999999999993
v -0.58666666666666667 0 0.67199999999999993
v -0.56533333333333335 0 0.67199999999999993
v -0.54400000000000004 0 0.67199999999999993
v -0.52266666666666672 0 0.67199999999999993
v -0.50133333333333341 0 0.67199999999999993
v -0.48000000000000004 0 0.67199999999999993
v -0.45866666666666667 0 0.67199999999999993
v -0.43733333333333335 0 0.67199999999999993
v -0.41600000000000004 0 0.67199999999999993
v -0.39466666666666667 0 0.67199999999999993
v -0.37333333333333335 0 0.67199999999999993
v -0.35200000000000004 0 0.67199999999999993
v -0.33066666666666666 0 0.67199999999999993
v -0.30933333333333329 0 0.67199999999999993
v -0.28799999999999992 0 0.67199999999999993
v -0.26666666666666672 0 0.67199999999999993
v -0.2453333333333334 0 0.67199999999999993
v -0.22399999999999998 0 0.67199999999999993
v -0.20266666666666666 0 0.67199999999999993
v -0.18133333333333335 0 0.67199999999999993
v -0.16000000000000003 0 0.67199999999999993
v -0.13866666666666672 0 0.67199999999999993
v -0.11733333333333329 0 0.67199999999999993
v -0.095999999999999974 0 0.67199999999999993
v -0.074666666666666659 0 0.67199999999999993
v -0.053333333333333344 0 0.67199999999999993
v -0.032000000000000028 0 0.67199999999999993
v -0.010666666666666713 0 0.67199999999999993
v 0.010666666666666713 0 0.67199999999999993
v 0.032000000000000028 0 0.67199999999999993
v 0.053333333333333344 0 0.67199999999999993
v 0.07466666666666677 0 0.67199999999999993
v 0.095999999999999974 0 0.67199999999999993
v 0.11733333333333329 0 0.67199999999999993
v 0.13866666666666672 0 0.67199999999999993
v 0.15999999999999992 0 0.67199999999999993
v 0.18133333333333346 0 0.67199999999999993
v 0.20266666666666655 0 0.67199999999999993
v 0.2240000000000002 0 0.67199999999999993
v 0.2453333333333334 0 0.67199999999999993
v 0.26666666666666661 0 0.67199999999999993
v 0.28800000000000003 0 0.67199999999999993
v 0.30933333333333324 0 0.67199999999999993
v 0.33066666666666666 0 0.67199999999999993
v 0.35200000000000009 0 0.67199999999999993
v 0.37333333333333329 0 0.67199999999999993
v 0.39466666666666672 0 0.67199999999999993
v 0.41599999999999993 0 0.67199999999999993
v 0.43733333333333335 0 0.67199999999999993
v 0.45866666666666678 0 0.67199999999999993
v 0.47999999999999998 0 0.67199999999999993
v 0.50133333333333341 0 0.67199999999999993
v 0.52266666666666661 0 0.67199999999999993
v 0.54400000000000004 0 0.67199999999999993
v 0.56533333333333347 0 0.67199999999999993
v 0.58666666666666667 0 0.67199999999999993
v 0.6080000000000001 0 0.67199999999999993
v 0.6293333333333333 0 0.67199999999999993
v 0.65066666666666673 0 0.67199999999999993
v 0.67199999999999993 0 0.67199999999999993
v 0.69333333333333336 0 0.67199999999999993
v 0.71466666666666678 0 0.67199999999999993
v 0.73599999999999999 0 0.67199999999999993
v 0.75733333333333341 0 0.67199999999999993
v 0.77866666666666662 0 0.67199999999999993
v 0.80000000000000004 0 0.67199999999999993
v -0.80000000000000004 0 0.69333333333333336
v -0.77866666666666673 0 0.69333333333333336
v -0.75733333333333341 0 0.69333333333333336
v -0.73599999999999999 0 0.69333333333333336
v -0.71466666666666667 0 0.69333333333333336
v -0.69333333333333336 0 0.69333333333333336
v -0.67200000000000004 0 0.69333333333333336
v -0.65066666666666673 0 0.69333333333333336
v -0.6293333333333333 0 0.69333333333333336
v -0.6080000000000001 0 0.69333333333333336
v -0.58666666666666667 0 0.69333333333333336
v -0.56533333333333335 0 0.69333333333333336
v -0.54400000000000004 0 0.69333333333333336
v -0.52266666666666672 0 0.69333333333333336
v -0.50133333333333341 0 0.69333333333333336
v -0.48000000000000004 0 0.69333333333333336
v -0.45866666666666667 0 0.69333333333333336
v -0.43733333333333335 0 0.69333333333333336
v -0.41600000000000004 0 0.69333333333333336
v -0.39466666666666667 0 0.69333333333333336
v -0.37333333333333335 0 0.69333333333333336
v -0.35200000000000004 0 0.69333333333333336
v -0.33066666666666666 0 0.69333333333333336
v -0.30933333333333329 0 0.69333333333333336
v -0.28799999999999992 0 0.69333333333333336
v -0.26666666666666672 0 0.69333333333333336
v -0.2453333333333334 0 0.69333333333333336
v -0.22399999999999998 0 0.69333333333333336
v -0.20266666666666666 0 0.69333333333333336
v -0.18133333333333335 0 0.69333333333333336
v -0.16000000000000003 0 0.69333333333333336
v -0.13866666666666672 0 0.69333333333333336
v -0.11733333333333329 0 0.69333333333333336
v -0.095999999999999974 0 0.69333333333333336
v -0.074666666666666659 0 0.69333333333333336
v -0.053333333333333344 0 0.69333333333333336
v -0.032000000000000028 0 0.69333333333333336
v -0.010666666666666713 0 0.69333333333333336
v 0.010666666666666713 0 0.69333333333333336
v 0.032000000000000028 0 0.69333333333333336
v 0.053333333333333344 0 0.69333333333333336
v 0.07466666666666677 0 0.69333333333333336
v 0.095999999999999974 0 0.69333333333333336
v 0.11733333333333329 0 0.69333333333333336
v 0.13866666666666672 0 0.69333333333333336
v 0.15999999999999992 0 0.69333333333333336
v 0.18133333333333346 0 0.69333333333333336
v 0.20266666666666655 0 0.69333333333333336
v 0.2240000000000002 0 0.69333333333333336
v 0.2453333333333334 0 0.69333333333333336
v 0.26666666666666661 0 0.69333333333333336
v 0.28800000000000003 0 0.69333333333333336
v 0.30933333333333324 0 0.69333333333333336
v 0.33066666666666666 0 0.69333333333333336
v 0.35200000000000009 0 0.69333333333333336
v 0.37333333333333329 0 0.69333333333333336
v 0.39466666666666672 0 0.69333333333333336
v 0.41599999999999993 0 0.69333333333333336
v 0.43733333333333335 0 0.69333333333333336
v 0.45866666666666678 0 0.69333333333333336
v 0.47999999999999998 0 0.69333333333333336
v 0.50133333333333341 0 0.69333333333333336
v 0.52266666666666661 0 0.69333333333333336
v 0.54400000000000004 0 0.69333333333333336
v 0.56533333333333347 0 0.69333333333333336
v 0.58666666666666667 0 0.69333333333333336
v 0.6080000000000001 0 0.69333333333333336
v 0.6293333333333333 0 0.69333333333333336
v 0.65066666666666673 0 0.69333333333333336
v 0.67199999999999993 0 0.69333333333333336
v 0.69333333333333336 0 0.69333333333333336
v 0.71466666666666678 0 0.69333333333333336
v 0.73599999999999999 0 0.69333333333333336
v 0.75733333333333341 0 0.69333333333333336
v 0.77866666666666662 0 0.69333333333333336
v 0.80000000000000004 0 0.69333333333333336
v -0.80000000000000004 0 0.71466666666666678
v -0.77866666666666673 0 0.71466666666666678
v -0.75733333333333341 0 0.71466666666666678
v -0.73599999999999999 0 0.71466666666666678
v -0.71466666666666667 0 0.71466666666666678
v -0.69333333333333336 0 0.71466666666666678
v -0.67200000000000004 0 0.71466666666666678
v -0.65066666666666673 0 0.71466666666666678
v -0.6293333333333333 0 0.71466666666666678
v -0.6080000000000001 0 0.71466666666666678
v -0.58666666666666667 0 0.71466666666666678
v -0.56533333333333335 0 0.71466666666666678
v -0.54400000000000004 0 0.71466666666666678
v -0.52266666666666672 0 0.71466666666666678
v -0.50133333333333341 0 0.71466666666666678
v -0.48000000000000004 0 0.71466666666666678
v -0.45866666666666667 0 0.71466666666666678
v -0.43733333333333335 0 0.71466666666666678
v -0.41600000000000004 0 0.71466666666666678
v -0.39466666666666667 0 0.71466666666666678
v -0.37333333333333335 0 0.71466666666666678
v -0.35200000000000004 0 0.71466666666666678
v -0.33066666666666666 0 0.71466666666666678
v -0.30933333333333329 0 0.71466666666666678
v -0.28799999999999992 0 0.71466666666666678
v -0.26666666666666672 0 0.71466666666666678
v -0.2453333333333334 0 0.71466666666666678
v -0.22399999999999998 0 0.71466666666666678
v -0.20266666666666666 0 0.71466666666666678
v -0.18133333333333335 0 0.71466666666666678
v -0.16000000000000003 0 0.71466666666666678
v -0.13866666666666672 0 0.71466666666666678
v -0.11733333333333329 0 0.71466666666666678
v -0.095999999999999974 0 0.71466666666666678
v -0.074666666666666659 0 0.71466666666666678
v -0.053333333333333344 0 0.71466666666666678
v -0.032000000000000028 0 0.71466666666666678
v -0.010666666666666713 0 0.71466666666666678
v 0.010666666666666713 0 0.71466666666666678
v 0.032000000000000028 0 0.71466666666666678
v 0.053333333333333344 0 0.71466666666666678
v 0.07466666666666677 0 0.71466666666666678
v 0.095999999999999974 0 0.71466666666666678
v 0.11733333333333329 0 0.71466666666666678
v 0.13866666666666672 0 0.71466666666666678
v 0.15999999999999992 0 0.71466666666666678
v 0.18133333333333346 0 0.71466666666666678
v 0.20266666666666655 0 0.71466666666666678
v 0.2240000000000002 0 0.71466666666666678
v 0.2453333333333334 0 0.71466666666666678
v 0.26666666666666661 0 0.71466666666666678
v 0.28800000000000003 0 0.71466666666666678
v 0.30933333333333324 0 0.71466666666666678
v 0.33066666666666666 0 0.71466666666666678
v 0.35200000000000009 0 0.71466666666666678
v 0.37333333333333329 0 0.71466666666666678
v 0.39466666666666672 0 0.71466666666666678
v 0.41599999999999993 0 0.71466666666666678
v 0.43733333333333335 0 0.71466666666666678
v 0.45866666666666678 0 0.71466666666666678
v 0.47999999999999998 0 0.71466666666666678
v 0.50133333333333341 0 0.71466666666666678
v 0.52266666666666661 0 0.71466666666666678
v 0.54400000000000004 0 0.71466666666666678
v 0.56533333333333347 0 0.71466666666666678
v 0.58666666666666667 0 0.71466666666666678
v 0.6080000000000001 0 0.71466666666666678
v 0.6293333333333333 0 0.71466666666666678
v 0.65066666666666673 0 0.71466666666666678
v 0.67199999999999993 0 0.71466666666666678
v 0.69333333333333336 0 0.71466666666666678
v 0.71466666666666678 0 0.71466666666666678
v 0.73599999999999999 0 0.71466666666666678
v 0.75733333333333341 0 0.71466666666666678
v 0.77866666666666662 0 0.71466666666666678
v 0.80000000000000004 0 0.71466666666666678
v -0.80000000000000004 0 0.73599999999999999
v -0.77866666666666673 0 0.73599999999999999
v -0.75733333333333341 0 0.73599999999999999
v -0.73599999999999999 0 0.73599999999999999
v -0.71466666666666667 0 0.73599999999999999
v -0.69333333333333336 0 0.73599999999999999
v -0.67200000000000004 0 0.73599999999999999
v -0.65066666666666673 0 0.73599999999999999
v -0.6293333333333333 0 0.73599999999999999
v -0.6080000000000001 0 0.73599999999999999
v -0.58666666666666667 0 0.73599999999999999
v -0.56533333333333335 0 0.73599999999999999
v -0.54400000000000004 0 0.73599999999999999
v -0.52266666666666672 0 0.73599999999999999
v -0.50133333333333341 0 0.73599999999999999
v -0.48000000000000004 0 0.73599999999999999
v -0.45866666666666667 0 0.73599999999999999
v -0.43733333333333335 0 0.73599999999999999
v -0.41600000000000004 0 0.73599999999999999
v -0.39466666666666667 0 0.73599999999999999
v -0.37333333333333335 0 0.73599999999999999
v -0.35200000000000004 0 0.73599999999999999
v -0.33066666666666666 0 0.73599999999999999
v -0.30933333333333329 0 0.73599999999999999
v -0.28799999999999992 0 0.73599999999999999
v -0.26666666666666672 0 0.73599999999999999
v -0.2453333333333334 0 0.73599999999999999
v -0.22399999999999998 0 0.73599999999999999
v -0.20266666666666666 0 0.73599999999999999
v -0.18133333333333335 0 0.73599999999999999
v -0.16000000000000003 0 0.73599999999999999
v -0.13866666666666672 0 0.73599999999999999
v -0.11733333333333329 0 0.73599999999999999
v -0.095999999999999974 0 0.73599999999999999
v -0.074666666666666659 0 0.73599999999999999
v -0.053333333333333344 0 0.73599999999999999
v -0.032000000000000028 0 0.73599999999999999
v -0.010666666666666713 0 0.73599999999999999
v 0.010666666666666713 0 0.73599999999999999
v 0.032000000000000028 0 0.73599999999999999
v 0.053333333333333344 0 0.73599999999999999
v 0.07466666666666677 0 0.73599999999999999
v 0.095999999999999974 0 0.73599999999999999
v 0.11733333333333329 0 0.73599999999999999
v 0.13866666666666672 0 0.73599999999999999
v 0.15999999999999992 0 0.73599999999999999
v 0.18133333333333346 0 0.73599999999999999
v 0.20266666666666655 0 0.73599999999999999
v 0.2240000000000002 0 0.73599999999999999
v 0.2453333333333334 0 0.73599999999999999
v 0.26666666666666661 0 0.73599999999999999
v 0.28800000000000003 0 0.73599999999999999
v 0.30933333333333324 0 0.73599999999999999
v 0.33066666666666666 0 0.73599999999999999
v 0.35200000000000009 0 0.73599999999999999
v 0.37333333333333329 0 0.73599999999999999
v 0.39466666666666672 0 0.73599999999999999
v 0.41599999999999993 0 0.73599999999999999
v 0.43733333333333335 0 0.73599999999999999
v 0.45866666666666678 0 0.73599999999999999
v 0.47999999999999998 0 0.73599999999999999
v 0.50133333333333341 0 0.73599999999999999
v 0.52266666666666661 0 0.73599999999999999
v 0.54400000000000004 0 0.73599999999999999
v 0.56533333333333347 0 0.73599999999999999
v 0.58666666666666667 0 0.73599999999999999
v 0.6080000000000001 0 0.73599999999999999
v 0.6293333333333333 0 0.73599999999999999
v 0.65066666666666673 0 0.73599999999999999
v 0.67199999999999993 0 0.73599999999999999
v 0.69333333333333336 0 0.73599999999999999
v 0.71466666666666678 0 0.73599999999999999
v 0.73599999999999999 0 0.73599999999999999
v 0.75733333333333341 0 0.73599999999999999
v 0.77866666666666662 0 0.73599999999999999
v 0.80000000000000004 0 0.73599999999999999
v -0.80000000000000004 0 0.75733333333333341
v -0.77866666666666673 0 0.75733333333333341
v -0.75733333333333341 0 0.75733333333333341
v -0.73599999999999999 0 0.75733333333333341
v -0.71466666666666667 0 0.75733333333333341
v -0.69333333333333336 0 0.75733333333333341
v -0.67200000000000004 0 0.75733333333333341
v -0.65066666666666673 0 0.75733333333333341
v -0.6293333333333333 0 0.75733333333333341
v -0.6080000000000001 0 0.75733333333333341
v -0.58666666666666667 0 0.75733333333333341
v -0.56533333333333335 0 0.75733333333333341
v -0.54400000000000004 0 0.75733333333333341
v -0.52266666666666672 0 0.75733333333333341
v -0.50133333333333341 0 0.75733333333333341
v -0.48000000000000004 0 0.75733333333333341
v -0.45866666666666667 0 0.75733333333333341
v -0.43733333333333335 0 0.75733333333333341
v -0.41600000000000004 0 0.75733333333333341
v -0.39466666666666667 0 0.75733333333333341
v -0.37333333333333335 0 0.75733333333333341
v -0.35200000000000004 0 0.75733333333333341
v -0.33066666666666666 0 0.75733333333333341
v -0.30933333333333329 0 0.75733333333333341
v -0.28799999999999992 0 0.75733333333333341
v -0.26666666666666672 0 0.75733333333333341
v -0.2453333333333334 0 0.75733333333333341
v -0.22399999999999998 0 0.75733333333333341
v -0.20266666666666666 0 0.75733333333333341
v -0.18133333333333335 0 0.75733333333333341
v -0.16000000000000003 0 0.75733333333333341
v -0.13866666666666672 0 0.75733333333333341
v -0.11733333333333329 0 0.75733333333333341
v -0.095999999999999974 0 0.75733333333333341
v -0.074666666666666659 0 0.75733333333333341
v -0.053333333333333344 0 0.75733333333333341
v -0.032000000000000028 0 0.75733333333333341
v -0.010666666666666713 0 0.75733333333333341
v 0.010666666666666713 0 0.75733333333333341
v 0.032000000000000028 0 0.75733333333333341
v 0.053333333333333344 0 0.75733333333333341
v 0.07466666666666677 0 0.75733333333333341
v 0.095999999999999974 0 0.75733333333333341
v 0.11733333333333329 0 0.75733333333333341
v 0.13866666666666672 0 0.75733333333333341
v 0.15999999999999992 0 0.75733333333333341
v 0.18133333333333346 0 0.75733333333333341
v 0.20266666666666655 0 0.75733333333333341
v 0.2240000000000002 0 0.75733333333333341
v 0.2453333333333334 0 0.75733333333333341
v 0.26666666666666661 0 0.75733333333333341
v 0.28800000000000003 0 0.75733333333333341
v 0.30933333333333324 0 0.75733333333333341
v 0.33066666666666666 0 0.75733333333333341
v 0.35200000000000009 0 0.75733333333333341
v 0.37333333333333329 0 0.75733333333333341
v 0.39466666666666672 0 0.75733333333333341
v 0.41599999999999993 0 0.75733333333333341
v 0.43733333333333335 0 0.75733333333333341
v 0.45866666666666678 0 0.75733333333333341
v 0.47999999999999998 0 0.75733333333333341
v 0.50133333333333341 0 0.75733333333333341
v 0.52266666666666661 0 0.75733333333333341
v 0.54400000000000004 0 0.75733333333333341
v 0.56533333333333347 0 0.75733333333333341
v 0.58666666666666667 0 0.75733333333333341
v 0.6080000000000001 0 0.75733333333333341
v 0.6293333333333333 0 0.75733333333333341
v 0.65066666666666673 0 0.75733333333333341
v 0.67199999999999993 0 0.75733333333333341
v 0.69333333333333336 0 0.75733333333333341
v 0.71466666666666678 0 0.75733333333333341
v 0.73599999999999999 0 0.75733333333333341
v 0.75733333333333341 0 0.75733333333333341
v 0.77866666666666662 0 0.75733333333333341
v 0.80000000000000004 0 0.75733333333333341
v -0.80000000000000004 0 0.77866666666666662
v -0.77866666666666673 0 0.77866666666666662
v -0.75733333333333341 0 0.77866666666666662
v -0.73599999999999999 0 0.77866666666666662
v -0.71466666666666667 0 0.77866666666666662
v -0.69333333333333336 0 0.77866666666666662
v -0.67200000000000004 0 0.77866666666666662
v -0.65066666666666673 0 0.77866666666666662
v -0.6293333333333333 0 0.77866666666666662
v -0.6080000000000001 0 0.77866666666666662
v -0.58666666666666667 0 0.77866666666666662
v -0.56533333333333335 0 0.77866666666666662
v -0.54400000000000004 0 0.77866666666666662
v -0.52266666666666672 0 0.77866666666666662
v -0.50133333333333341 0 0.77866666666666662
v -0.48000000000000004 0 0.77866666666666662
v -0.45866666666666667 0 0.77866666666666662
v -0.43733333333333335 0 0.77866666666666662
v -0.41600000000000004 0 0.77866666666666662
v -0.39466666666666667 0 0.77866666666666662
v -0.37333333333333335 0 0.77866666666666662
v -0.35200000000000004 0 0.77866666666666662
v -0.33066666666666666 0 0.77866666666666662
v -0.30933333333333329 0 0.77866666666666662
v -0.28799999999999992 0 0.77866666666666662
v -0.26666666666666672 0 0.77866666666666662
v -0.2453333333333334 0 0.77866666666666662
v -0.22399999999999998 0 0.77866666666666662
v -0.20266666666666666 0 0.77866666666666662
v -0.18133333333333335 0 0.77866666666666662
v -0.16000000000000003 0 0.77866666666666662
v -0.13866666666666672 0 0.77866666666666662
v -0.11733333333333329 0 0.77866666666666662
v -0.095999999999999974 0 0.77866666666666662
v -0.074666666666666659 0 0.77866666666666662
v -0.053333333333333344 0 0.77866666666666662
v -0.032000000000000028 0 0.77866666666666662
v -0.010666666666666713 0 0.77866666666666662
v 0.010666666666666713 0 0.77866666666666662
v 0.032000000000000028 0 0.77866666666666662
v 0.053333333333333344 0 0.77866666666666662
v 0.07466666666666677 0 0.77866666666666662
v 0.095999999999999974 0 0.77866666666666662
v 0.11733333333333329 0 0.77866666666666662
v 0.13866666666666672 0 0.77866666666666662
v 0.15999999999999992 0 0.77866666666666662
v 0.18133333333333346 0 0.77866666666666662
v 0.20266666666666655 0 0.77866666666666662
v 0.2240000000000002 0 0.77866666666666662
v 0.2453333333333334 0 0.77866666666666662
v 0.26666666666666661 0 0.77866666666666662
v 0.28800000000000003 0 0.77866666666666662
v 0.30933333333333324 0 0.77866666666666662
v 0.33066666666666666 0 0.77866666666666662
v 0.35200000000000009 0 0.77866666666666662
v 0.37333333333333329 0 0.77866666666666662
v 0.39466666666666672 0 0.77866666666666662
v 0.41599999999999993 0 0.77866666666666662
v 0.43733333333333335 0 0.77866666666666662
v 0.45866666666666678 0 0.77866666666666662
v 0.47999999999999998 0 0.77866666666666662
v 0.50133333333333341 0 0.77866666666666662
v 0.52266666666666661 0 0.77866666666666662
v 0.54400000000000004 0 0.77866666666666662
v 0.56533333333333347 0 0.77866666666666662
v 0.58666666666666667 0 0.77866666666666662
v 0.6080000000000001 0 0.77866666666666662
v 0.6293333333333333 0 0.77866666666666662
v 0.65066666666666673 0 0.77866666666666662
v 0.67199999999999993 0 0.77866666666666662
v 0.69333333333333336 0 0.77866666666666662
v 0.71466666666666678 0 0.77866666666666662
v 0.73599999999999999 0 0.77866666666666662
v 0.75733333333333341 0 0.77866666666666662
v 0.77866666666666662 0 0.77866666666666662
v 0.80000000000000004 0 0.77866666666666662
v -0.80000000000000004 0 0.80000000000000004
v -0.77866666666666673 0 0.80000000000000004
v -0.75733333333333341 0 0.80000000000000004
v -0.73599999999999999 0 0.80000000000000004
v -0.71466666666666667 0 0.80000000000000004
v -0.69333333333333336 0 0.80000000000000004
v -0.67200000000000004 0 0.80000000000000004
v -0.65066666666666673 0 0.80000000000000004
v -0.6293333333333333 0 0.80000000000000004
v -0.6080000000000001 0 0.80000000000000004
v -0.58666666666666667 0 0.80000000000000004
v -0.56533333333333335 0 0.80000000000000004
v -0.54400000000000004 0 0.80000000000000004
v -0.52266666666666672 0 0.80000000000000004
v -0.50133333333333341 0 0.80000000000000004
v -0.48000000000000004 0 0.80000000000000004
v -0.45866666666666667 0 0.80000000000000004
v -0.43733333333333335 0 0.80000000000000004
v -0.41600000000000004 0 0.80000000000000004
v -0.39466666666666667 0 0.80000000000000004
v -0.37333333333333335 0 0.80000000000000004
v -0.35200000000000004 0 0.80000000000000004
v -0.33066666666666666 0 0.80000000000000004
v -0.30933333333333329 0 0.80000000000000004
v -0.28799999999999992 0 0.80000000000000004
v -0.26666666666666672 0 0.80000000000000004
v -0.2453333333333334 0 0.80000000000000004
v -0.22399999999999998 0 0.80000000000000004
v -0.20266666666666666 0 0.80000000000000004
v -0.18133333333333335 0 0.80000000000000004
v -0.16000000000000003 0 0.80000000000000004
v -0.13866666666666672 0 0.80000000000000004
v -0.11733333333333329 0 0.80000000000000004
v -0.095999999999999974 0 0.80000000000000004
v -0.074666666666666659 0 0.80000000000000004
v -0.053333333333333344 0 0.80000000000000004
v -0.032000000000000028 0 0.80000000000000004
v -0.010666666666666713 0 0.80000000000000004
v 0.010666666666666713 0 0.80000000000000004
v 0.032000000000000028 0 0.80000000000000004
v 0.053333333333333344 0 0.80000000000000004
v 0.07466666666666677 0 0.80000000000000004
v 0.095999999999999974 0 0.80000000000000004
v 0.11733333333333329 0 0.80000000000000004
v 0.13866666666666672 0 0.80000000000000004
v 0.15999999999999992 0 0.80000000000000004
v 0.18133333333333346 0 0.80000000000000004
v 0.20266666666666655 0 0.80000000000000004
v 0.2240000000000002 0 0.80000000000000004
v 0.2453333333333334 0 0.80000000000000004
v 0.26666666666666661 0 0.80000000000000004
v 0.28800000000000003 0 0.80000000000000004
v 0.30933333333333324 0 0.80000000000000004
v 0.33066666666666666 0 0.80000000000000004
v 0.35200000000000009 0 0.80000000000000004
v 0.37333333333333329 0 0.80000000000000004
v 0.39466666666666672 0 0.80000000000000004
v 0.41599999999999993 0 0.80000000000000004
v 0.43733333333333335 0 0.80000000000000004
v 0.45866666666666678 0 0.80000000000000004
v 0.47999999999999998 0 0.80000000000000004
v 0.50133333333333341 0 0.80000000000000004
v 0.52266666666666661 0 0.80000000000000004
v 0.54400000000000004 0 0.80000000000000004
v 0.56533333333333347 0 0.80000000000000004
v 0.58666666666666667 0 0.80000000000000004
v 0.6080000000000001 0 0.80000000000000004
v 0.6293333333333333 0 0.80000000000000004
v 0.65066666666666673 0 0.80000000000000004
v 0.67199999999999993 0 0.80000000000000004
v 0.69333333333333336 0 0.80000000000000004
v 0.71466666666666678 0 0.80000000000000004
v 0.73599999999999999 0 0.80000000000000004
v 0.75733333333333341 0 0.80000000000000004
v 0.77866666666666662 0 0.80000000000000004
v 0.80000000000000004 0 0.80000000000000004
f 1 77 2
f 2 77 78
f 2 78 3
f 3 78 79
f 3 79 4
f 4 79 80
f 4 80 5
f 5 80 81
f 5 81 6
f 6 81 82
f 6 82 7
f 7 82 83
f 7 83 8
f 8 83 84
f 8 84 9
f 9 84 85
f 9 85 10
f 10 85 86
f 10 86 11
f 11 86 87
f 11 87 12
f 12 87 88
f 12 88 13
f 13 88 89
f 13 89 14
f 14 89 90
f 14 90 15
f 15 90 91
f 15 91 16
f 16 91 92
f 16 92 17
f 17 92 93
f 17 93 18
f 18 93 94
f 18 94 19
f 19 94 95
f 19 95 20
f 20 95 96
f 20 96 21
f 21 96 97
f 21 97 22
f 22 97 98
f 22 98 23
f 23 98 99
f 23 99 24
f 24 99 100
f 24 100 25
f 25 100 101
f 25 101 26
f 26 101 102
f 26 102 27
f 27 102 103
f 27 103 28
f 28 103 104
f 28 104 29
f 29 104 105
f 29 105 30
f 30 105 106
f 30 106 31
f 31 106 107
f 31 107 32
f 32 107 108
f 32 108 33
f 33 108 109
f 33 109 34
f 34 109 110
f 34 110 35
f 35 110 111
f 35 111 36
f 36 111 112
f 36 112 37
f 37 112 113
f 37 113 38
f 38 113 114
f 38 114 39
f 39 114 115
f 39 115 40
f 40 115 116
f 40 116 41
f 41 116 117
f 41 117 42
f 42 117 118
f 42 118 43
f 43 118 119
f 43 119 44
f 44 119 120
f 44 120 45
f 45 120 121
f 45 121 46
f 46 121 122
f 46 122 47
f 47 122 123
f 47 123 48
f 48 123 124
f 48 124 49
f 49 124 125
f 49 125 50
f 50 125 126
f 50 126 51
f 51 126 127
f 51 127 52
f 52 127 128
f 52 128 53
f 53 128 129
f 53 129 54
f 54 129 130
f 54 130 55
f 55 130 131
f 55 131 56
f 56 131 132
f 56 132 57
f 57 132 133
f 57 133 58
f 58 133 134
f 58 134 59
f 59 134 135
f 59 135 60
f 60 135 136
f 60 136 61
f 61 136 137
f 61 137 62
f 62 137 138
f 62 138 63
f 63 138 139
f 63 139 64
f 64 139 140
f 64 140 65
f 65 140 141
f 65 141 66
f 66 141 142
f 66 142 67
f 67 142 143
f 67 143 68
f 68 143 144
f 68 144 69
f 69 144 145
f 69 145 70
f 70 145 146
f 70 146 71
f 71 146 147
f 71 147 72
f 72 147 148
f 72 148 73
f 73 148 149
f 73 149 74
f 74 149 150
f 74 150 75
f 75 150 151
f 75 151 76
f 76 151 152
f 77 153 78
f 78 153 154
f 78 154 79
f 79 154 155
f 79 155 80
f 80 155 156
f 80 156 81
f 81 156 157
f 81 157 82
f 82 157 158
f 82 158 83
f 83 158 159
f 83 159 84
f 84 159 160
f 84 160 85
f 85 160 161
f 85 161 86
f 86 161 162
f 86 162 87
f 87 162 163
f 87 163 88
f 88 163 164
f 88 164 89
f 89 164 165
f 89 165 90
f 90 165 166
f 90 166 91
f 91 166 167
f 91 167 92
f 92 167 168
f 92 168 93
f 93 168 169
f 93 169 94
f 94 169 170
f 94 170 95
f 95 170 171
f 95 171 96
f 96 171 172
f 96 172 97
f 97 172 173
f 97 173 98
f 98 173 174
f 98 174 99
f 99 174 175
f 99 175 100
f 100 175 176
f 100 176 101
f 101 176 177
f 101 177 102
f 102 177 178
f 102 178 103
f 103 178 179
f 103 179 104
f 104 179 180
f 104 180 105
f 105 180 181
f 105 181 106
f 106 181 182
f 106 182 107
f 107 182 183
f 107 183 108
f 108 183 184
f 108 184 109
f 109 184 185
f 109 185 110
f 110 185 186
f 110 186 111
f 111 186 187
f 111 187 112
f 112 187 188
f 112 188 113
f 113 188 189
f 113 189 114
f 114 189 190
f 114 190 115
f 115 190 191
f 115 191 116
f 116 191 192
f 116 192 117
f 117 192 193
f 117 193 118
f 118 193 194
f 118 194 119
f 119 194 195
f 119 195 120
f 120 195 196
f 120 196 121
f 121 196 197
f 121 197 122
f 122 197 198
f 122 198 123
f 123 198 199
f 123 199 124
f 124 199 200
f 124 200 125
f 125 200 201
f 125 201 126
f 126 201 202
f 126 202 127
f 127 202 203
f 127 203 128
f 128 203 204
f 128 204 129
f 129 204 205
f 129 205 130
f 130 205 206
f 130 206 131
f 131 206 207
f 131 207 132
f 132 207 208
f 132 208 133
f 133 208 209
f 133 209 134
f 134 209 210
f 134 210 135
f 135 210 211
f 135 211 136
f 136 211 212
f 136 212 137
f 137 212 213
f 137 213 138
f 138 213 214
f 138 214 139
f 139 214 215
f 139 215 140
f 140 215 216
f 140 216 141
f 141 216 217
f 141 217 142
f 142 217 218
f 142 218 143
f 143 218 219
f 143 219 144
f 144 219 220
f 144 220 145
f 145 220 221
f 145 221 146
f 146 221 222
f 146 222 147
f 147 222 223
f 147 223 148
f 148 223 224
f 148 224 149
f 149 224 225
f 149 225 150
f 150 225 226
f 150 226 151
f 151 226 227
f 151 227 152
f 152 227 228
f 153 229 154
f 154 229 230
f 154 230 155
f 155 230 231
f 155 231 156
f 156 231 232
f 156 232 157
f 157 232 233
f 157 233 158
f 158 233 234
f 158 234 159
f 159 234 235
f 159 235 160
f 160 235 236
f 160 236 161
f 161 236 237
f 161 237 162
f 162 237 238
f 162 238 163
f 163 238 239
f 163 239 164
f 164 239 240
f 164 240 165
f 165 240 241
f 165 241 166
f 166 241 242
f 166 242 167
f 167 242 243
f 167 243 168
f 168 243 244
f 168 244 169
f 169 244 245
f 169 245 170
f 170 245 246
f 170 246 171
f 171 246 247
f 171 247 172
f 172 247 248
f 172 248 173
f 173 248 249
f 173 249 174
f 174 249 250
f 174 250 175
f 175 250 251
f 175 251 176
f 176 251 252
f 176 252 177
f 177 252 253
f 177 253 178
f 178 253 254
f 178 254 179
f 179 254 255
f 179 255 180
f 180 255 256
f 180 256 181
f 181 256 257
f 181 257 182
f 182 257 258
f 182 258 183
f 183 258 259
f 183 259 184
f 184 259 260
f 184 260 185
f 185 260 261
f 185 261 186
f 186 261 262
f 186 262 187
f 187 262 263
f 187 263 188
f 188 263 264
f 188 264 189
f 189 264 265
f 189 265 190
f 190 265 266
f 190 266 191
f 191 266 267
f 191 267 192
f 192 267 268
f 192 268 193
f 193 268 269
f 193 269 194
f 194 269 270
f 194 270 195
f 195 270 271
f 195 271 196
f 196 271 272
f 196 272 197
f 197 272 273
f 197 273 198
f 198 273 274
f 198 274 199
f 199 274 275
f 199 275 200
f 200 275 276
f 200 276 201
f 201 276 277
f 201 277 202
f 202 277 278
f 202 278 203
f 203 278 279
f 203 279 204
f 204 279 280
f 204 280 205
f 205 280 281
f 205 281 206
f 206 281 282
f 206 282 207
f 207 282 283
f 207 283 208
f 208 283 284
f 208 284 209
f 209 284 285
f 209 285 210
f 210 285 286
f 210 286 211
f 211 286 287
f 211 287 212
f 212 287 288
f 212 288 213
f 213 288 289
f 213 289 214
f 214 289 290
f 214 290 215
f 215 290 291
f 215 291 216
f 216 291 292
f 216 292 217
f 217 292 293
f 217 293 218
f 218 293 294
f 218 294 219
f 219 294 295
f 219 295 220
f 220 295 296
f 220 296 221
f 221 296 297
f 221 297 222
f 222 297 298
f 222 298 223
f 223 298 299
f 223 299 224
f 224 299 300
f 224 300 225
f 225 300 301
f 225 301 226
f 226 301 302
f 226 302 227
f 227 302 303
f 227 303 228
f 228 303 304
f 229 305 230
f 230 305 306
f 230 306 231
f 231 306 307
f 231 307 232
f 232 307 308
f 232 308 233
f 233 308 309
f 233 309 234
f 234 309 310
f 234 310 235
f 235 310 311
f 235 311 236
f 236 311 312
f 236 312 237
f 237 312 313
f 237 313 238
f 238 313 314
f 238 314 239
f 239 314 315
f 239 315 240
f 240 315 316
f 240 316 241
f 241 316 317
f 241 317 242
f 242 317 318
f 242 318 243
f 243 318 319
f 243 319 244
f 244 319 320
f 244 320 245
f 245 320 321
f 245 321 246
f 246 321 322
f 246 322 247
f 247 322 323
f 247 323 248
f 248 323 324
f 248 324 249
f 249 324 325
f 249 325 250
f 250 325 326
f 250 326 251
f 251 326 327
f 251 327 252
f 252 327 328
f 252 328 253
f 253 328 329
f 253 329 254
f 254 329 330
f 254 330 255
f 255 330 331
f 255 331 256
f 256 331 332
f 256 332 257
f 257 332 333
f 257 333 258
f 258 333 334
f 258 334 259
f 259 334 335
f 259 335 260
f 260 335 336
f 260 336 261
f 261 336 337
f 261 337 262
f 262 337 338
f 262 338 263
f 263 338 339
f 263 339 264
f 264 339 340
f 264 340 265
f 265 340 341
f 265 341 266
f 266 341 342
f 266 342 267
f 267 342 343
f 267 343 268
f 268 343 344
f 268 344 269
f 269 344 345
f 269 345 270
f 270 345 346
f 270 346 271
f 271 346 347
f 271 347 272
f 272 347 348
f 272 348 273
f 273 348 349
f 273 349 274
f 274 349 350
f 274 350 275
f 275 350 351
f 275 351 276
f 276 351 352
f 276 352 277
f 277 352 353
f 277 353 278
f 278 353 354
f 278 354 279
f 279 354 355
f 279 355 280
f 280 355 356
f 280 356 281
f 281 356 357
f 281 357 282
f 282 357 358
f 282 358 283
f 283 358 359
f 283 359 284
f 284 359 360
f 284 360 285
f 285 360 361
f 285 361 286
f 286 361 362
f 286 362 287
f 287 362 363
f 287 363 288
f 288 363 364
f 288 364 289
f 289 364 365
f 289 365 290
f 290 365 366
f 290 366 291
f 291 366 367
f 291 367 292
f 292 367 368
f 292 368 293
f 293 368 369
f 293 369 294
f 294 369 370
f 294 370 295
f 295 370 371
f 295 371 296
f 296 371 372
f 296 372 297
f 297 372 373
f 297 373 298
f 298 373 374
f 298 374 299
f 299 374 375
f 299 375 300
f 300 375 376
f 300 376 301
f 301 376 377
f 301 377 302
f 302 377 378
f 302 378 303
f 303 378 379
f 303 379 304
f 304 379 380
f 305 381 306
f 306 381 382
f 306 382 307
f 307 382 383
f 307 383 308
f 308 383 384
f 308 384 309
f 309 384 385
f 309 385 310
f 310 385 386
f 310 386 311
f 311 386 387
f 311 387 312
f 312 387 388
f 312 388 313
f 313 388 389
f 313 389 314
f 314 389 390
f 314 390 315
f 315 390 391
f 315 391 316
f 316 391 392
f 316 392 317
f 317 392 393
f 317 393 318
f 318 393 394
f 318 394 319
f 319 394 395
f 319 395 320
f 320 395 396
f 320 396 321
f 321 396 397
f 321 397 322
f 322 397 398
f 322 398 323
f 323 398 399
f 323 399 324
f 324 399 400
f 324 400 325
f 325 400 401
f 325 401 326
f 326 401 402
f 326 402 327
f 327 402 403
f 327 403 328
f 328 403 404
f 328 404 329
f 329 404 405
f 329 405 330
f 330 405 406
f 330 406 331
f 331 406 407
f 331 407 332
f 332 407 408
f 332 408 333
f 333 408 409
f 333 409 334
f 334 409 410
f 334 410 335
f 335 410 411
f 335 411 336
f 336 411 412
f 336 412 337
f 337 412 413
f 337 413 338
f 338 413 414
f 338 414 339
f 339 414 415
f 339 415 340
f 340 415 416
f 340 416 341
f 341 416 417
f 341 417 342
f 342 417 418
f 342 418 343
f 343 418 419
f 343 419 344
f 344 419 420
f 344 420 345
f 345 420 421
f 345 421 346
f 346 421 422
f 346 422 347
f 347 422 423
f 347 423 348
f 348 423 424
f 348 424 349
f 349 424 425
f 349 425 350
f 350 425 426
f 350 426 351
f 351 426 427
f 351 427 352
f 352 427 428
f 352 428 353
f 353 428 429
f 353 429 354
f 354 429 430
f 354 430 355
f 355 430 431
f 355 431 356
f 356 431 432
f 356 432 357
f 357 432 433
f 357 433 358
f 358 433 434
f 358 434 359
f 359 434 435
f 359 435 360
f 360 435 436
f 360 436 361
f 361 436 437
f 361 437 362
f 362 437 438
f 362 438 363
f 363 438 439
f 363 439 364
f 364 439 440
f 364 440 365
f 365 440 441
f 365 441 366
f 366 441 442
f 366 442 367
f 367 442 443
f 367 443 368
f 368 443 444
f 368 444 369
f 369 444 445
f 369 445 370
f 370 445 446
f 370 446 371
f 371 446 447
f 371 447 372
f 372 447 448
f 372 448 373
f 373 448 449
f 373 449 374
f 374 449 450
f 374 450 375
f 375 450 451
f 375 451 376
f 376 451 452
f 376 452 377
f 377 452 453
f 377 453 378
f 378 453 454
f 378 454 379
f 379 454 455
f 379 455 380
f 380 455 456
f 381 457 382
f 382 457 458
f 382 458 383
f 383 458 459
f 383 459 384
f 384 459 460
f 384 460 385
f 385 460 461
f 385 461 386
f 386 461 462
f 386 462 387
f 387 462 463
f 387 463 388
f 388 463 464
f 388 464 389
f 389 464 465
f 389 465 390
f 390 465 466
f 390 466 391
f 391 466 467
f 391 467 392
f 392 467 468
f 392 468 393
f 393 468 469
f 393 469 394
f 394 469 470
f 394 470 395
f 395 470 471
f 395 471 396
f 396 471 472
f 396 472 397
f 397 472 473
f 397 473 398
f 398 473 474
f 398 474 399
f 399 474 475
f 399 475 400
f 400 475 476
f 400 476 401
f 401 476 477
f 401 477 402
f 402 477 478
f 402 478 403
f 403 478 479
f 403 479 404
f 404 479 480
f 404 480 405
f 405 480 481
f 405 481 406
f 406 481 482
f 406 482 407
f 407 482 483
f 407 483 408
f 408 483 484
f 408 484 409
f 409 484 485
f 409 485 410
f 410 485 486
f 410 486 411
f 411 486 487
f 411 487 412
f 412 487 488
f 412 488 413
f 413 488 489
f 413 489 414
f 414 489 490
f 414 490 415
f 415 490 491
f 415 491 416
f 416 491 492
f 416 492 417
f 417 492 493
f 417 493 418
f 418 493 494
f 418 494 419
f 419 494 495
f 419 495 420
f 420 495 496
f 420 496 421
f 421 496 497
f 421 497 422
f 422 497 498
f 422 498 423
f 423 498 499
f 423 499 424
f 424 499 500
f 424 500 425
f 425 500 501
f 425 501 426
f 426 501 502
f 426 502 427
f 427 502 503
f 427 503 428
f 428 503 504
f 428 504 429
f 429 504 505
f 429 505 430
f 430 505 506
f 430 506 431
f 431 506 507
f 431 507 432
f 432 507 508
f 432 508 433
f 433 508 509
f 433 509 434
f 434 509 510
f 434 510 435
f 435 510 511
f 435 511 436
f 436 511 512
f 436 512 437
f 437 512 513
f 437 513 438
f 438 513 514
f 438 514 439
f 439 514 515
f 439 515 440
f 440 515 516
f 440 516 441
f 441 516 517
f 441 517 442
f 442 517 518
f 442 518 443
f 443 518 519
f 443 519 444
f 444 519 520
f 444 520 445
f 445 520 521
f 445 521 446
f 446 521 522
f 446 522 447
f 447 522 523
f 447 523 448
f 448 523 524
f 448 524 449
f 449 524 525
f 449 525 450
f 450 525 526
f 450 526 451
f 451 526 527
f 451 527 452
f 452 527 528
f 452 528 453
f 453 528 529
f 453 529 454
f 454 529 530
f 454 530 455
f 455 530 531
f 455 531 456
f 456 531 532
f 457 533 458
f 458 533 534
f 458 534 459
f 459 534 535
f 459 535 460
f 460 535 536
f 460 536 461
f 461 536 537
f 461 537 462
f 462 537 538
f 462 538 463
f 463 538 539
f 463 539 464
f 464 539 540
f 464 540 465
f 465 540 541
f 465 541 466
f 466 541 542
f 466 542 467
f 467 542 543
f 467 543 468
f 468 543 544
f 468 544 469
f 469 544 545
f 469 545 470
f 470 545 546
f 470 546 471
f 471 546 547
f 471 547 472
f 472 547 548
f 472 548 473
f 473 548 549
f 473 549 474
f 474 549 550
f 474 550 475
f 475 550 551
f 475 551 476
f 476 551 552
f 476 552 477
f 477 552 553
f 477 553 478
f 478 553 554
f 478 554 479
f 479 554 555
f 479 555 480
f 480 555 556
f 480 556 481
f 481 556 557
f 481 557 482
f 482 557 558
f 482 558 483
f 483 558 559
f 483 559 484
f 484 559 560
f 484 560 485
f 485 560 561
f 485 561 486
f 486 561 562
f 486 562 487
f 487 562 563
f 487 563 488
f 488 563 564
f 488 564 489
f 489 564 565
f 489 565 490
f 490 565 566
f 490 566 491
f 491 566 567
f 491 567 492
f 492 567 568
f 492 568 493
f 493 568 569
f 493 569 494
f 494 569 570
f 494 570 495
f 495 570 571
f 495 571 496
f 496 571 572
f 496 572 497
f 497 572 573
f 497 573 498
f 498 573 574
f 498 574 499
f 499 574 575
f 499 575 500
f 500 575 576
f 500 576 501
f 501 576 577
f 501 577 502
f 502 577 578
f 502 578 503
f 503 578 579
f 503 579 504
f 504 579 580
f 504 580 505
f 505 580 581
f 505 581 506
f 506 581 582
f 506 582 507
f 507 582 583
f 507 583 508
f 508 583 584
f 508 584 509
f 509 584 585
f 509 585 510
f 510 585 586
f 510 586 511
f 511 586 587
f 511 587 512
f 512 587 588
f 512 588 513
f 513 588 589
f 513 589 514
f 514 589 590
f 514 590 515
f 515 590 591
f 515 591 516
f 516 591 592
f 516 592 517
f 517 592 593
f 517 593 518
f 518 593 594
f 518 594 519
f 519 594 595
f 519 595 520
f 520 595 596
f 520 596 521
f 521 596 597
f 521 597 522
f 522 597 598
f 522 598 523
f 523 598 599
f 523 599 524
f 524 599 600
f 524 600 525
f 525 600 601
f 525 601 526
f 526 601 602
f 526 602 527
f 527 602 603
f 527 603 528
f 528 603 604
f 528 604 529
f 529 604 605
f 529 605 530
f 530 605 606
f 530 606 531
f 531 606 607
f 531 607 532
f 532 607 608
f 533 609 534
f 534 609 610
f 534 610 535
f 535 610 611
f 535 611 536
f 536 611 612
f 536 612 537
f 537 612 613
f 537 613 538
f 538 613 614
f 538 614 539
f 539 614 615
f 539 615 540
f 540 615 616
f 540 616 541
f 541 616 617
f 541 617 542
f 542 617 618
f 542 618 543
f 543 618 619
f 543 619 544
f 544 619 620
f 544 620 545
f 545 620 621
f 545 621 546
f 546 621 622
f 546 622 547
f 547 622 623
f 547 623 548
f 548 623 624
f 548 624 549
f 549 624 625
f 549 625 550
f 550 625 626
f 550 626 551
f 551 626 627
f 551 627 552
f 552 627 628
f 552 628 553
f 553 628 629
f 553 629 554
f 554 629 630
f 554 630 555
f 555 630 631
f 555 631 556
f 556 631 632
f 556 632 557
f 557 632 633
f 557 633 558
f 558 633 634
f 558 634 559
f 559 634 635
f 559 635 560
f 560 635 636
f 560 636 561
f 561 636 637
f 561 637 562
f 562 637 638
f 562 638 563
f 563 638 639
f 563 639 564
f 564 639 640
f 564 640 565
f 565 640 641
f 565 641 566
f 566 641 642
f 566 642 567
f 567 642 643
f 567 643 568
f 568 643 644
f 568 644 569
f 569 644 645
f 569 645 570
f 570 645 646
f 570 646 571
f 571 646 647
f 571 647 572
f 572 647 648
f 572 648 573
f 573 648 649
f 573 649 574
f 574 649 650
f 574 650 575
f 575 650 651
f 575 651 576
f 576 651 652
f 576 652 577
f 577 652 653
f 577 653 578
f 578 653 654
f 578 654 579
f 579 654 655
f 579 655 580
f 580 655 656
f 580 656 581
f 581 656 657
f 581 657 582
f 582 657 658
f 582 658 583
f 583 658 659
f 583 659 584
f 584 659 660
f 584 660 585
f 585 660 661
f 585 661 586
f 586 661 662
f 586 662 587
f 587 662 663
f 587 663 588
f 588 663 664
f 588 664 589
f 589 664 665
f 589 665 590
f 590 665 666
f 590 666 591
f 591 666 667
f 591 667 592
f 592 667 668
f 592 668 593
f 593 668 669
f 593 669 594
f 594 669 670
f 594 670 595
f 595 670 671
f 595 671 596
f 596 671 672
f 596 672 597
f 597 672 673
f 597 673 598
f 598 673 674
f 598 674 599
f 599 674 675
f 599 675 600
f 600 675 676
f 600 676 601
f 601 676 677
f 601 677 602
f 602 677 678
f 602 678 603
f 603 678 679
f 603 679 604
f 604 679 680
f 604 680 605
f 605 680 681
f 605 681 606
f 606 681 682
f 606 682 607
f 607 682 683
f 607 683 608
f 608 683 684
f 609 685 610
f 610 685 686
f 610 686 611
f 611 686 687
f 611 687 612
f 612 687 688
f 612 688 613
f 613 688 689
f 613 689 614
f 614 689 690
f 614 690 615
f 615 690 691
f 615 691 616
f 616 691 692
f 616 692 617
f 617 692 693
f 617 693 618
f 618 693 694
f 618 694 619
f 619 694 695
f 619 695 620
f 620 695 696
f 620 696 621
f 621 696 697
f 621 697 622
f 622 697 698
f 622 698 623
f 623 698 699
f 623 699 624
f 624 699 700
f 624 700 625
f 625 700 701
f 625 701 626
f 626 701 702
f 626 702 627
f 627 702 703
f 627 703 628
f 628 703 704
f 628 704 629
f 629 704 705
f 629 705 630
f 630 705 706
f 630 706 631
f 631 706 707
f 631 707 632
f 632 707 708
f 632 708 633
f 633 708 709
f 633 709 634
f 634 709 710
f 634 710 635
f 635 710 711
f 635 711 636
f 636 711 712
f 636 712 637
f 637 712 713
f 637 713 638
f 638 713 714
f 638 714 639
f 639 714 715
f 639 715 640
f 640 715 716
f 640 716 641
f 641 716 717
f 641 717 642
f 642 717 718
f 642 718 643
f 643 718 719
f 643 719 644
f 644 719 720
f 644 720 645
f 645 720 721
f 645 721 646
f 646 721 722
f 646 722 647
f 647 722 723
f 647 723 648
f 648 723 724
f 648 724 649
f 649 724 725
f 649 725 650
f 650 725 726
f 650 726 651
f 651 726 727
f 651 727 652
f 652 727 728
f 652 728 653
f 653 728 729
f 653 729 654
f 654 729 730
f 654 730 655
f 655 730 731
f 655 731 656
f 656 731 732
f 656 732 657
f 657 732 733
f 657 733 658
f 658 733 734
f 658 734 659
f 659 734 735
f 659 735 660
f 660 735 736
f 660 736 661
f 661 736 737
f 661 737 662
f 662 737 738
f 662 738 663
f 663 738 739
f 663 739 664
f 664 739 740
f 664 740 665
f 665 740 741
f 665 741 666
f 666 741 742
f 666 742 667
f 667 742 743
f 667 743 668
f 668 743 744
f 668 744 669
f 669 744 745
f 669 745 670
f 670 745 746
f 670 746 671
f 671 746 747
f 671 747 672
f 672 747 748
f 672 748 673
f 673 748 749
f 673 749 674
f 674 749 750
f 674 750 675
f 675 750 751
f 675 751 676
f 676 751 752
f 676 752 677
f 677 752 753
f 677 753 678
f 678 753 754
f 678 754 679
f 679 754 755
f 679 755 680
f 680 755 756
f 680 756 681
f 681 756 757
f 681 757 682
f 682 757 758
f 682 758 683
f 683 758 759
f 683 759 684
f 684 759 760
f 685 761 686
f 686 761 762
f 686 762 687
f 687 762 763
f 687 763 688
f 688 763 764
f 688 764 689
f 689 764 765
f 689 765 690
f 690 765 766
f 690 766 691
f 691 766 767
f 691 767 692
f 692 767 768
f 692 768 693
f 693 768 769
f 693 769 694
f 694 769 770
f 694 770 695
f 695 770 771
f 695 771 696
f 696 771 772
f 696 772 697
f 697 772 773
f 697 773 698
f 698 773 774
f 698 774 699
f 699 774 775
f 699 775 700
f 700 775 776
f 700 776 701
f 701 776 777
f 701 777 702
f 702 777 778
f 702 778 703
f 703 778 779
f 703 779 704
f 704 779 780
f 704 780 705
f 705 780 781
f 705 781 706
f 706 781 782
f 706 782 707
f 707 782 783
f 707 783 708
f 708 783 784
f 708 784 709
f 709 784 785
f 709 785 710
f 710 785 786
f 710 786 711
f 711 786 787
f 711 787 712
f 712 787 788
f 712 788 713
f 713 788 789
f 713 789 714
f 714 789 790
f 714 790 715
f 715 790 791
f 715 791 716
f 716 791 792
f 716 792 717
f 717 792 793
f 717 793 718
f 718 793 794
f 718 794 719
f 719 794 795
f 719 795 720
f 720 795 796
f 720 796 721
f 721 796 797
f 721 797 722
f 722 797 798
f 722 798 723
f 723 798 799
f 723 799 724
f 724 799 800
f 724 800 725
f 725 800 801
f 725 801 726
f 726 801 802
f 726 802 727
f 727 802 803
f 727 803 728
f 728 803 804
f 728 804 729
f 729 804 805
f 729 805 730
f 730 805 806
f 730 806 731
f 731 806 807
f 731 807 732
f 732 807 808
f 732 808 733
f 733 808 809
f 733 809 734
f 734 809 810
f 734 810 735
f 735 810 811
f 735 811 736
f 736 811 812
f 736 812 737
f 737 812 813
f 737 813 738
f 738 813 814
f 738 814 739
f 739 814 815
f 739 815 740
f 740 815 816
f 740 816 741
f 741 816 817
f 741 817 742
f 742 817 818
f 742 818 743
f 743 818 819
f 743 819 744
f 744 819 820
f 744 820 745
f 745 820 821
f 745 821 746
f 746 821 822
f 746 822 747
f 747 822 823
f 747 823 748
f 748 823 824
f 748 824 749
f 749 824 825
f 749 825 750
f 750 825 826
f 750 826 751
f 751 826 827
f 751 827 752
f 752 827 828
f 752 828 753
f 753 828 829
f 753 829 754
f 754 829 830
f 754 830 755
f 755 830 831
f 755 831 756
f 756 831 832
f 756 832 757
f 757 832 833
f 757 833 758
f 758 833 834
f 758 834 759
f 759 834 835
f 759 835 760
f 760 835 836
f 761 837 762
f 762 837 838
f 762 838 763
f 763 838 839
f 763 839 764
f 764 839 840
f 764 840 765
f 765 840 841
f 765 841 766
f 766 841 842
f 766 842 767
f 767 842 843
f 767 843 768
f 768 843 844
f 768 844 769
f 769 844 845
f 769 845 770
f 770 845 846
f 770 846 771
f 771 846 847
f 771 847 772
f 772 847 848
f 772 848 773
f 773 848 849
f 773 849 774
f 774 849 850
f 774 850 775
f 775 850 851
f 775 851 776
f 776 851 852
f 776 852 777
f 777 852 853
f 777 853 778
f 778 853 854
f 778 854 779
f 779 854 855
f 779 855 780
f 780 855 856
f 780 856 781
f 781 856 857
f 781 857 782
f 782 857 858
f 782 858 783
f 783 858 859
f 783 859 784
f 784 859 860
f 784 860 785
f 785 860 861
f 785 861 786
f 786 861 862
f 786 862 787
f 787 862 863
f 787 863 788
f 788 863 864
f 788 864 789
f 789 864 865
f 789 865 790
f 790 865 866
f 790 866 791
f 791 866 867
f 791 867 792
f 792 867 868
f 792 868 793
f 793 868 869
f 793 869 794
f 794 869 870
f 794 870 795
f 795 870 871
f 795 871 796
f 796 871 872
f 796 872 797
f 797 872 873
f 797 873 798
f 798 873 874
f 798 874 799
f 799 874 875
f 799 875 800
f 800 875 876
f 800 876 801
f 801 876 877
f 801 877 802
f 802 877 878
f 802 878 803
f 803 878 879
f 803 879 804
f 804 879 880
f 804 880 805
f 805 880 881
f 805 881 806
f 806 881 882
f 806 882 807
f 807 882 883
f 807 883 808
f 808 883 884
f 808 884 809
f 809 884 885
f 809 885 810
f 810 885 886
f 810 886 811
f 811 886 887
f 811 887 812
f 812 887 888
f 812 888 813
f 813 888 889
f 813 889 814
f 814 889 890
f 814 890 815
f 815 890 891
f 815 891 816
f 816 891 892
f 816 892 817
f 817 892 893
f 817 893 818
f 818 893 894
f 818 894 819
f 819 894 895
f 819 895 820
f 820 895 896
f 820 896 821
f 821 896 897
f 821 897 822
f 822 897 898
f 822 898 823
f 823 898 899
f 823 899 824
f 824 899 900
f 824 900 825
f 825 900 901
f 825 901 826
f 826 901 902
f 826 902 827
f 827 902 903
f 827 903 828
f 828 903 904
f 828 904 829
f 829 904 905
f 829 905 830
f 830 905 906
f 830 906 831
f 831 906 907
f 831 907 832
f 832 907 908
f 832 908 833
f 833 908 909
f 833 909 834
f 834 909 910
f 834 910 835
f 835 910 911
f 835 911 836
f 836 911 912
f 837 913 838
f 838 913 914
f 838 914 839
f 839 914 915
f 839 915 840
f 840 915 916
f 840 916 841
f 841 916 917
f 841 917 842
f 842 917 918
f 842 918 843
f 843 918 919
f 843 919 844
f 844 919 920
f 844 920 845
f 845 920 921
f 845 921 846
f 846 921 922
f 846 922 847
f 847 922 923
f 847 923 848
f 848 923 924
f 848 924 849
f 849 924 925
f 849 925 850
f 850 925 926
f 850 926 851
f 851 926 927
f 851 927 852
f 852 927 928
f 852 928 853
f 853 928 929
f 853 929 854
f 854 929 930
f 854 930 855
f 855 930 931
f 855 931 856
f 856 931 932
f 856 932 857
f 857 932 933
f 857 933 858
f 858 933 934
f 858 934 859
f 859 934 935
f 859 935 860
f 860 935 936
f 860 936 861
f 861 936 937
f 861 937 862
f 862 937 938
f 862 938 863
f 863 938 939
f 863 939 864
f 864 939 940
f 864 940 865
f 865 940 941
f 865 941 866
f 866 941 942
f 866 942 867
f 867 942 943
f 867 943 868
f 868 943 944
f 868 944 869
f 869 944 945
f 869 945 870
f 870 945 946
f 870 946 871
f 871 946 947
f 871 947 872
f 872 947 948
f 872 948 873
f 873 948 949
f 873 949 874
f 874 949 950
f 874 950 875
f 875 950 951
f 875 951 876
f 876 951 952
f 876 952 877
f 877 952 953
f 877 953 878
f 878 953 954
f 878 954 879
f 879 954 955
f 879 955 880
f 880 955 956
f 880 956 881
f 881 956 957
f 881 957 882
f 882 957 958
f 882 958 883
f 883 958 959
f 883 959 884
f 884 959 960
f 884 960 885
f 885 960 961
f 885 961 886
f 886 961 962
f 886 962 887
f 887 962 963
f 887 963 888
f 888 963 964
f 888 964 889
f 889 964 965
f 889 965 890
f 890 965 966
f 890 966 891
f 891 966 967
f 891 967 892
f 892 967 968
f 892 968 893
f 893 968 969
f 893 969 894
f 894 969 970
f 894 970 895
f 895 970 971
f 895 971 896
f 896 971 972
f 896 972 897
f 897 972 973
f 897 973 898
f 898 973 974
f 898 974 899
f 899 974 975
f 899 975 900
f 900 975 976
f 900 976 901
f 901 976 977
f 901 977 902
f 902 977 978
f 902 978 903
f 903 978 979
f 903 979 904
f 904 979 980
f 904 980 905
f 905 980 981
f 905 981 906
f 906 981 982
f 906 982 907
f 907 982 983
f 907 983 908
f 908 983 984
f 908 984 909
f 909 984 985
f 909 985 910
f 910 985 986
f 910 986 911
f 911 986 987
f 911 987 912
f 912 987 988
f 913 989 914
f 914 989 990
f 914 990 915
f 915 990 991
f 915 991 916
f 916 991 992
f 916 992 917
f 917 992 993
f 917 993 918
f 918 993 994
f 918 994 919
f 919 994 995
f 919 995 920
f 920 995 996
f 920 996 921
f 921 996 997
f 921 997 922
f 922 997 998
f 922 998 923
f 923 998 999
f 923 999 924
f 924 999 1000
f 924 1000 925
f 925 1000 1001
f 925 1001 926
f 926 1001 1002
f 926 1002 927
f 927 1002 1003
f 927 1003 928
f 928 1003 1004
f 928 1004 929
f 929 1004 1005
f 929 1005 930
f 930 1005 1006
f 930 1006 931
f 931 1006 1007
f 931 1007 932
f 932 1007 1008
f 932 1008 933
f 933 1008 1009
f 933 1009 934
f 934 1009 1010
f 934 1010 935
f 935 1010 1011
f 935 1011 936
f 936 1011 1012
f 936 1012 937
f 937 1012 1013
f 937 1013 938
f 938 1013 1014
f 938 1014 939
f 939 1014 1015
f 939 1015 940
f 940 1015 1016
f 940 1016 941
f 941 1016 1017
f 941 1017 942
f 942 1017 1018
f 942 1018 943
f 943 1018 1019
f 943 1019 944
f 944 1019 1020
f 944 1020 945
f 945 1020 1021
f 945 1021 946
f 946 1021 1022
f 946 1022 947
f 947 1022 1023
f 947 1023 948
f 948 1023 1024
f 948 1024 949
f 949 1024 1025
f 949 1025 950
f 950 1025 1026
f 950 1026 951
f 951 1026 1027
f 951 1027 952
f 952 1027 1028
f 952 1028 953
f 953 1028 1029
f 953 1029 954
f 954 1029 1030
f 954 1030 955
f 955 1030 1031
f 955 1031 956
f 956 1031 1032
f 956 1032 957
f 957 1032 1033
f 957 1033 958
f 958 1033 1034
f 958 1034 959
f 959 1034 1035
f 959 1035 960
f 960 1035 1036
f 960 1036 961
f 961 1036 1037
f 961 1037 962
f 962 1037 1038
f 962 1038 963
f 963 1038 1039
f 963 1039 964
f 964 1039 1040
f 964 1040 965
f 965 1040 1041
f 965 1041 966
f 966 1041 1042
f 966 1042 967
f 967 1042 1043
f 967 1043 968
f 968 1043 1044
f 968 1044 969
f 969 1044 1045
f 969 1045 970
f 970 1045 1046
f 970 1046 971
f 971 1046 1047
f 971 1047 972
f 972 1047 1048
f 972 1048 973
f 973 1048 1049
f 973 1049 974
f 974 1049 1050
f 974 1050 975
f 975 1050 1051
f 975 1051 976
f 976 1051 1052
f 976 1052 977
f 977 1052 1053
f 977 1053 978
f 978 1053 1054
f 978 1054 979
f 979 1054 1055
f 979 1055 980
f 980 1055 1056
f 980 1056 981
f 981 1056 1057
f 981 1057 982
f 982 1057 1058
f 982 1058 983
f 983 1058 1059
f 983 1059 984
f 984 1059 1060
f 984 1060 985
f 985 1060 1061
f 985 1061 986
f 986 1061 1062
f 986 1062 987
f 987 1062 1063
f 987 1063 988
f 988 1063 1064
f 989 1065 990
f 990 1065 1066
f 990 1066 991
f 991 1066 1067
f 991 1067 992
f 992 1067 1068
f 992 1068 993
f 993 1068 1069
f 993 1069 994
f 994 1069 1070
f 994 1070 995
f 995 1070 1071
f 995 1071 996
f 996 1071 1072
f 996 1072 997
f 997 1072 1073
f 997 1073 998
f 998 1073 1074
f 998 1074 999
f 999 1074 1075
f 999 1075 1000
f 1000 1075 1076
f 1000 1076 1001
f 1001 1076 1077
f 1001 1077 1002
f 1002 1077 1078
f 1002 1078 1003
f 1003 1078 1079
f 1003 1079 1004
f 1004 1079 1080
f 1004 1080 1005
f 1005 1080 1081
f 1005 1081 1006
f 1006 1081 1082
f 1006 1082 1007
f 1007 1082 1083
f 1007 1083 1008
f 1008 1083 1084
f 1008 1084 1009
f 1009 1084 1085
f 1009 1085 1010
f 1010 1085 1086
f 1010 1086 1011
f 1011 1086 1087
f 1011 1087 1012
f 1012 1087 1088
f 1012 1088 1013
f 1013 1088 1089
f 1013 1089 1014
f 1014 1089 1090
f 1014 1090 1015
f 1015 1090 1091
f 1015 1091 1016
f 1016 1091 1092
f 1016 1092 1017
f 1017 1092 1093
f 1017 1093 1018
f 1018 1093 1094
f 1018 1094 1019
f 1019 1094 1095
f 1019 1095 1020
f 1020 1095 1096
f 1020 1096 1021
f 1021 1096 1097
f 1021 1097 1022
f 1022 1097 1098
f 1022 1098 1023
f 1023 1098 1099
f 1023 1099 1024
f 1024 1099 1100
f 1024 1100 1025
f 1025 1100 1101
f 1025 1101 1026
f 1026 1101 1102
f 1026 1102 1027
f 1027 1102 1103
f 1027 1103 1028
f 1028 1103 1104
f 1028 1104 1029
f 1029 1104 1105
f 1029 1105 1030
f 1030 1105 1106
f 1030 1106 1031
f 1031 1106 1107
f 1031 1107 1032
f 1032 1107 1108
f 1032 1108 1033
f 1033 1108 1109
f 1033 1109 1034
f 1034 1109 1110
f 1034 1110 1035
f 1035 1110 1111
f 1035 1111 1036
f 1036 1111 1112
f 1036 1112 1037
f 1037 1112 1113
f 1037 1113 1038
f 1038 1113 1114
f 1038 1114 1039
f 1039 1114 1115
f 1039 1115 1040
f 1040 1115 1116
f 1040 1116 1041
f 1041 1116 1117
f 1041 1117 1042
f 1042 1117 1118
f 1042 1118 1043
f 1043 1118 1119
f 1043 1119 1044
f 1044 1119 1120
f 1044 1120 1045
f 1045 1120 1121
f 1045 1121 1046
f 1046 1121 1122
f 1046 1122 1047
f 1047 1122 1123
f 1047 1123 1048
f 1048 1123 1124
f 1048 1124 1049
f 1049 1124 1125
f 1049 1125 1050
f 1050 1125 1126
f 1050 1126 1051
f 1051 1126 1127
f 1051 1127 1052
f 1052 1127 1128
f 1052 1128 1053
f 1053 1128 1129
f 1053 1129 1054
f 1054 1129 1130
f 1054 1130 1055
f 1055 1130 1131
f 1055 1131 1056
f 1056 1131 1132
f 1056 1132 1057
f 1057 1132 1133
f 1057 1133 1058
f 1058 1133 1134
f 1058 1134 1059
f 1059 1134 1135
f 1059 1135 1060
f 1060 1135 1136
f 1060 1136 1061
f 1061 1136 1137
f 1061 1137 1062
f 1062 1137 1138
f 1062 1138 1063
f 1063 1138 1139
f 1063 1139 1064
f 1064 1139 1140
f 1065 1141 1066
f 1066 1141 1142
f 1066 1142 1067
f 1067 1142 1143
f 1067 1143 1068
f 1068 1143 1144
f 1068 1144 1069
f 1069 1144 1145
f 1069 1145 1070
f 1070 1145 1146
f 1070 1146 1071
f 1071 1146 1147
f 1071 1147 1072
f 1072 1147 1148
f 1072 1148 1073
f 1073 1148 1149
f 1073 1149 1074
f 1074 1149 1150
f 1074 1150 1075
f 1075 1150 1151
f 1075 1151 1076
f 1076 1151 1152
f 1076 1152 1077
f 1077 1152 1153
f 1077 1153 1078
f 1078 1153 1154
f 1078 1154 1079
f 1079 1154 1155
f 1079 1155 1080
f 1080 1155 1156
f 1080 1156 1081
f 1081 1156 1157
f 1081 1157 1082
f 1082 1157 1158
f 1082 1158 1083
f 1083 1158 1159
f 1083 1159 1084
f 1084 1159 1160
f 1084 1160 1085
f 1085 1160 1161
f 1085 1161 1086
f 1086 1161 1162
f 1086 1162 1087
f 1087 1162 1163
f 1087 1163 1088
f 1088 1163 1164
f 1088 1164 1089
f 1089 1164 1165
f 1089 1165 1090
f 1090 1165 1166
f 1090 1166 1091
f 1091 1166 1167
f 1091 1167 1092
f 1092 1167 1168
f 1092 1168 1093
f 1093 1168 1169
f 1093 1169 1094
f 1094 1169 1170
f 1094 1170 1095
f 1095 1170 1171
f 1095 1171 1096
f 1096 1171 1172
f 1096 1172 1097
f 1097 1172 1173
f 1097 1173 1098
f 1098 1173 1174
f 1098 1174 1099
f 1099 1174 1175
f 1099 1175 1100
f 1100 1175 1176
f 1100 1176 1101
f 1101 1176 1177
f 1101 1177 1102
f 1102 1177 1178
f 1102 1178 1103
f 1103 1178 1179
f 1103 1179 1104
f 1104 1179 1180
f 1104 1180 1105
f 1105 1180 1181
f 1105 1181 1106
f 1106 1181 1182
f 1106 1182 1107
f 1107 1182 1183
f 1107 1183 1108
f 1108 1183 1184
f 1108 1184 1109
f 1109 1184 1185
f 1109 1185 1110
f 1110 1185 1186
f 1110 1186 1111
f 1111 1186 1187
f 1111 1187 1112
f 1112 1187 1188
f 1112 1188 1113
f 1113 1188 1189
f 1113 1189 1114
f 1114 1189 1190
f 1114 1190 1115
f 1115 1190 1191
f 1115 1191 1116
f 1116 1191 1192
f 1116 1192 1117
f 1117 1192 1193
f 1117 1193 1118
f 1118 1193 1194
f 1118 1194 1119
f 1119 1194 1195
f 1119 1195 1120
f 1120 1195 1196
f 1120 1196 1121
f 1121 1196 1197
f 1121 1197 1122
f 1122 1197 1198
f 1122 1198 1123
f 1123 1198 1199
f 1123 1199 1124
f 1124 1199 1200
f 1124 1200 1125
f 1125 1200 1201
f 1125 1201 1126
f 1126 1201 1202
f 1126 1202 1127
f 1127 1202 1203
f 1127 1203 1128
f 1128 1203 1204
f 1128 1204 1129
f 1129 1204 1205
f 1129 1205 1130
f 1130 1205 1206
f 1130 1206 1131
f 1131 1206 1207
f 1131 1207 1132
f 1132 1207 1208
f 1132 1208 1133
f 1133 1208 1209
f 1133 1209 1134
f 1134 1209 1210
f 1134 1210 1135
f 1135 1210 1211
f 1135 1211 1136
f 1136 1211 1212
f 1136 1212 1137
f 1137 1212 1213
f 1137 1213 1138
f 1138 1213 1214
f 1138 1214 1139
f 1139 1214 1215
f 1139 1215 1140
f 1140 1215 1216
f 1141 1217 1142
f 1142 1217 1218
f 1142 1218 1143
f 1143 1218 1219
f 1143 1219 1144
f 1144 1219 1220
f 1144 1220 1145
f 1145 1220 1221
f 1145 1221 1146
f 1146 1221 1222
f 1146 1222 1147
f 1147 1222 1223
f 1147 1223 1148
f 1148 1223 1224
f 1148 1224 1149
f 1149 1224 1225
f 1149 1225 1150
f 1150 1225 1226
f 1150 1226 1151
f 1151 1226 1227
f 1151 1227 1152
f 1152 1227 1228
f 1152 1228 1153
f 1153 1228 1229
f 1153 1229 1154
f 1154 1229 1230
f 1154 1230 1155
f 1155 1230 1231
f 1155 1231 1156
f 1156 1231 1232
f 1156 1232 1157
f 1157 1232 1233
f 1157 1233 1158
f 1158 1233 1234
f 1158 1234 1159
f 1159 1234 1235
f 1159 1235 1160
f 1160 1235 1236
f 1160 1236 1161
f 1161 1236 1237
f 1161 1237 1162
f 1162 1237 1238
f 1162 1238 1163
f 1163 1238 1239
f 1163 1239 1164
f 1164 1239 1240
f 1164 1240 1165
f 1165 1240 1241
f 1165 1241 1166
f 1166 1241 1242
f 1166 1242 1167
f 1167 1242 1243
f 1167 1243 1168
f 1168 1243 1244
f 1168 1244 1169
f 1169 1244 1245
f 1169 1245 1170
f 1170 1245 1246
f 1170 1246 1171
f 1171 1246 1247
f 1171 1247 1172
f 1172 1247 1248
f 1172 1248 1173
f 1173 1248 1249
f 1173 1249 1174
f 1174 1249 1250
f 1174 1250 1175
f 1175 1250 1251
f 1175 1251 1176
f 1176 1251 1252
f 1176 1252 1177
f 1177 1252 1253
f 1177 1253 1178
f 1178 1253 1254
f 1178 1254 1179
f 1179 1254 1255
f 1179 1255 1180
f 1180 1255 1256
f 1180 1256 1181
f 1181 1256 1257
f 1181 1257 1182
f 1182 1257 1258
f 1182 1258 1183
f 1183 1258 1259
f 1183 1259 1184
f 1184 1259 1260
f 1184 1260 1185
f 1185 1260 1261
f 1185 1261 1186
f 1186 1261 1262
f 1186 1262 1187
f 1187 1262 1263
f 1187 1263 1188
f 1188 1263 1264
f 1188 1264 1189
f 1189 1264 1265
f 1189 1265 1190
f 1190 1265 1266
f 1190 1266 1191
f 1191 1266 1267
f 1191 1267 1192
f 1192 1267 1268
f 1192 1268 1193
f 1193 1268 1269
f 1193 1269 1194
f 1194 1269 1270
f 1194 1270 1195
f 1195 1270 1271
f 1195 1271 1196
f 1196 1271 1272
f 1196 1272 1197
f 1197 1272 1273
f 1197 1273 1198
f 1198 1273 1274
f 1198 1274 1199
f 1199 1274 1275
f 1199 1275 1200
f 1200 1275 1276
f 1200 1276 1201
f 1201 1276 1277
f 1201 1277 1202
f 1202 1277 1278
f 1202 1278 1203
f 1203 1278 1279
f 1203 1279 1204
f 1204 1279 1280
f 1204 1280 1205
f 1205 1280 1281
f 1205 1281 1206
f 1206 1281 1282
f 1206 1282 1207
f 1207 1282 1283
f 1207 1283 1208
f 1208 1283 1284
f 1208 1284 1209
f 1209 1284 1285
f 1209 1285 1210
f 1210 1285 1286
f 1210 1286 1211
f 1211 1286 1287
f 1211 1287 1212
f 1212 1287 1288
f 1212 1288 1213
f 1213 1288 1289
f 1213 1289 1214
f 1214 1289 1290
f 1214 1290 1215
f 1215 1290 1291
f 1215 1291 1216
f 1216 1291 1292
f 1217 1293 1218
f 1218 1293 1294
f 1218 1294 1219
f 1219 1294 1295
f 1219 1295 1220
f 1220 1295 1296
f 1220 1296 1221
f 1221 1296 1297
f 1221 1297 1222
f 1222 1297 1298
f 1222 1298 1223
f 1223 1298 1299
f 1223 1299 1224
f 1224 1299 1300
f 1224 1300 1225
f 1225 1300 1301
f 1225 1301 1226
f 1226 1301 1302
f 1226 1302 1227
f 1227 1302 1303
f 1227 1303 1228
f 1228 1303 1304
f 1228 1304 1229
f 1229 1304 1305
f 1229 1305 1230
f 1230 1305 1306
f 1230 1306 1231
f 1231 1306 1307
f 1231 1307 1232
f 1232 1307 1308
f 1232 1308 1233
f 1233 1308 1309
f 1233 1309 1234
f 1234 1309 1310
f 1234 1310 1235
f 1235 1310 1311
f 1235 1311 1236
f 1236 1311 1312
f 1236 1312 1237
f 1237 1312 1313
f 1237 1313 1238
f 1238 1313 1314
f 1238 1314 1239
f 1239 1314 1315
f 1239 1315 1240
f 1240 1315 1316
f 1240 1316 1241
f 1241 1316 1317
f 1241 1317 1242
f 1242 1317 1318
f 1242 1318 1243
f 1243 1318 1319
f 1243 1319 1244
f 1244 1319 1320
f 1244 1320 1245
f 1245 1320 1321
f 1245 1321 1246
f 1246 1321 1322
f 1246 1322 1247
f 1247 1322 1323
f 1247 1323 1248
f 1248 1323 1324
f 1248 1324 1249
f 1249 1324 1325
f 1249 1325 1250
f 1250 1325 1326
f 1250 1326 1251
f 1251 1326 1327
f 1251 1327 1252
f 1252 1327 1328
f 1252 1328 1253
f 1253 1328 1329
f 1253 1329 1254
f 1254 1329 1330
f 1254 1330 1255
f 1255 1330 1331
f 1255 1331 1256
f 1256 1331 1332
f 1256 1332 1257
f 1257 1332 1333
f 1257 1333 1258
f 1258 1333 1334
f 1258 1334 1259
f 1259 1334 1335
f 1259 1335 1260
f 1260 1335 1336
f 1260 1336 1261
f 1261 1336 1337
f 1261 1337 1262
f 1262 1337 1338
f 1262 1338 1263
f 1263 1338 1339
f 1263 1339 1264
f 1264 1339 1340
f 1264 1340 1265
f 1265 1340 1341
f 1265 1341 1266
f 1266 1341 1342
f 1266 1342 1267
f 1267 1342 1343
f 1267 1343 1268
f 1268 1343 1344
f 1268 1344 1269
f 1269 1344 1345
f 1269 1345 1270
f 1270 1345 1346
f 1270 1346 1271
f 1271 1346 1347
f 1271 1347 1272
f 1272 1347 1348
f 1272 1348 1273
f 1273 1348 1349
f 1273 1349 1274
f 1274 1349 1350
f 1274 1350 1275
f 1275 1350 1351
f 1275 1351 1276
f 1276 1351 1352
f 1276 1352 1277
f 1277 1352 1353
f 1277 1353 1278
f 1278 1353 1354
f 1278 1354 1279
f 1279 1354 1355
f 1279 1355 1280
f 1280 1355 1356
f 1280 1356 1281
f 1281 1356 1357
f 1281 1357 1282
f 1282 1357 1358
f 1282 1358 1283
f 1283 1358 1359
f 1283 1359 1284
f 1284 1359 1360
f 1284 1360 1285
f 1285 1360 1361
f 1285 1361 1286
f 1286 1361 1362
f 1286 1362 1287
f 1287 1362 1363
f 1287 1363 1288
f 1288 1363 1364
f 1288 1364 1289
f 1289 1364 1365
f 1289 1365 1290
f 1290 1365 1366
f 1290 1366 1291
f 1291 1366 1367
f 1291 1367 1292
f 1292 1367 1368
f 1293 1369 1294
f 1294 1369 1370
f 1294 1370 1295
f 1295 1370 1371
f 1295 1371 1296
f 1296 1371 1372
f 1296 1372 1297
f 1297 1372 1373
f 1297 1373 1298
f 1298 1373 1374
f 1298 1374 1299
f 1299 1374 1375
f 1299 1375 1300
f 1300 1375 1376
f 1300 1376 1301
f 1301 1376 1377
f 1301 1377 1302
f 1302 1377 1378
f 1302 1378 1303
f 1303 1378 1379
f 1303 1379 1304
f 1304 1379 1380
f 1304 1380 1305
f 1305 1380 1381
f 1305 1381 1306
f 1306 1381 1382
f 1306 1382 1307
f 1307 1382 1383
f 1307 1383 1308
f 1308 1383 1384
f 1308 1384 1309
f 1309 1384 1385
f 1309 1385 1310
f 1310 1385 1386
f 1310 1386 1311
f 1311 1386 1387
f 1311 1387 1312
f 1312 1387 1388
f 1312 1388 1313
f 1313 1388 1389
f 1313 1389 1314
f 1314 1389 1390
f 1314 1390 1315
f 1315 1390 1391
f 1315 1391 1316
f 1316 1391 1392
f 1316 1392 1317
f 1317 1392 1393
f 1317 1393 1318
f 1318 1393 1394
f 1318 1394 1319
f 1319 1394 1395
f 1319 1395 1320
f 1320 1395 1396
f 1320 1396 1321
f 1321 1396 1397
f 1321 1397 1322
f 1322 1397 1398
f 1322 1398 1323
f 1323 1398 1399
f 1323 1399 1324
f 1324 1399 1400
f 1324 1400 1325
f 1325 1400 1401
f 1325 1401 1326
f 1326 1401 1402
f 1326 1402 1327
f 1327 1402 1403
f 1327 1403 1328
f 1328 1403 1404
f 1328 1404 1329
f 1329 1404 1405
f 1329 1405 1330
f 1330 1405 1406
f 1330 1406 1331
f 1331 1406 1407
f 1331 1407 1332
f 1332 1407 1408
f 1332 1408 1333
f 1333 1408 1409
f 1333 1409 1334
f 1334 1409 1410
f 1334 1410 1335
f 1335 1410 1411
f 1335 1411 1336
f 1336 1411 1412
f 1336 1412 1337
f 1337 1412 1413
f 1337 1413 1338
f 1338 1413 1414
f 1338 1414 1339
f 1339 1414 1415
f 1339 1415 1340
f 1340 1415 1416
f 1340 1416 1341
f 1341 1416 1417
f 1341 1417 1342
f 1342 1417 1418
f 1342 1418 1343
f 1343 1418 1419
f 1343 1419 1344
f 1344 1419 1420
f 1344 1420 1345
f 1345 1420 1421
f 1345 1421 1346
f 1346 1421 1422
f 1346 1422 1347
f 1347 1422 1423
f 1347 1423 1348
f 1348 1423 1424
f 1348 1424 1349
f 1349 1424 1425
f 1349 1425 1350
f 1350 1425 1426
f 1350 1426 1351
f 1351 1426 1427
f 1351 1427 1352
f 1352 1427 1428
f 1352 1428 1353
f 1353 1428 1429
f 1353 1429 1354
f 1354 1429 1430
f 1354 1430 1355
f 1355 1430 1431
f 1355 1431 1356
f 1356 1431 1432
f 1356 1432 1357
f 1357 1432 1433
f 1357 1433 1358
f 1358 1433 1434
f 1358 1434 1359
f 1359 1434 1435
f 1359 1435 1360
f 1360 1435 1436
f 1360 1436 1361
f 1361 1436 1437
f 1361 1437 1362
f 1362 1437 1438
f 1362 1438 1363
f 1363 1438 1439
f 1363 1439 1364
f 1364 1439 1440
f 1364 1440 1365
f 1365 1440 1441
f 1365 1441 1366
f 1366 1441 1442
f 1366 1442 1367
f 1367 1442 1443
f 1367 1443 1368
f 1368 1443 1444
f 1369 1445 1370
f 1370 1445 1446
f 1370 1446 1371
f 1371 1446 1447
f 1371 1447 1372
f 1372 1447 1448
f 1372 1448 1373
f 1373 1448 1449
f 1373 1449 1374
f 1374 1449 1450
f 1374 1450 1375
f 1375 1450 1451
f 1375 1451 1376
f 1376 1451 1452
f 1376 1452 1377
f 1377 1452 1453
f 1377 1453 1378
f 1378 1453 1454
f 1378 1454 1379
f 1379 1454 1455
f 1379 1455 1380
f 1380 1455 1456
f 1380 1456 1381
f 1381 1456 1457
f 1381 1457 1382
f 1382 1457 1458
f 1382 1458 1383
f 1383 1458 1459
f 1383 1459 1384
f 1384 1459 1460
f 1384 1460 1385
f 1385 1460 1461
f 1385 1461 1386
f 1386 1461 1462
f 1386 1462 1387
f 1387 1462 1463
f 1387 1463 1388
f 1388 1463 1464
f 1388 1464 1389
f 1389 1464 1465
f 1389 1465 1390
f 1390 1465 1466
f 1390 1466 1391
f 1391 1466 1467
f 1391 1467 1392
f 1392 1467 1468
f 1392 1468 1393
f 1393 1468 1469
f 1393 1469 1394
f 1394 1469 1470
f 1394 1470 1395
f 1395 1470 1471
f 1395 1471 1396
f 1396 1471 1472
f 1396 1472 1397
f 1397 1472 1473
f 1397 1473 1398
f 1398 1473 1474
f 1398 1474 1399
f 1399 1474 1475
f 1399 1475 1400
f 1400 1475 1476
f 1400 1476 1401
f 1401 1476 1477
f 1401 1477 1402
f 1402 1477 1478
f 1402 1478 1403
f 1403 1478 1479
f 1403 1479 1404
f 1404 1479 1480
f 1404 1480 1405
f 1405 1480 1481
f 1405 1481 1406
f 1406 1481 1482
f 1406 1482 1407
f 1407 1482 1483
f 1407 1483 1408
f 1408 1483 1484
f 1408 1484 1409
f 1409 1484 1485
f 1409 1485 1410
f 1410 1485 1486
f 1410 1486 1411
f 1411 1486 1487
f 1411 1487 1412
f 1412 1487 1488
f 1412 1488 1413
f 1413 1488 1489
f 1413 1489 1414
f 1414 1489 1490
f 1414 1490 1415
f 1415 1490 1491
f 1415 1491 1416
f 1416 1491 1492
f 1416 1492 1417
f 1417 1492 1493
f 1417 1493 1418
f 1418 1493 1494
f 1418 1494 1419
f 1419 1494 1495
f 1419 1495 1420
f 1420 1495 1496
f 1420 1496 1421
f 1421 1496 1497
f 1421 1497 1422
f 1422 1497 1498
f 1422 1498 1423
f 1423 1498 1499
f 1423 1499 1424
f 1424 1499 1500
f 1424 1500 1425
f 1425 1500 1501
f 1425 1501 1426
f 1426 1501 1502
f 1426 1502 1427
f 1427 1502 1503
f 1427 1503 1428
f 1428 1503 1504
f 1428 1504 1429
f 1429 1504 1505
f 1429 1505 1430
f 1430 1505 1506
f 1430 1506 1431
f 1431 1506 1507
f 1431 1507 1432
f 1432 1507 1508
f 1432 1508 1433
f 1433 1508 1509
f 1433 1509 1434
f 1434 1509 1510
f 1434 1510 1435
f 1435 1510 1511
f 1435 1511 1436
f 1436 1511 1512
f 1436 1512 1437
f 1437 1512 1513
f 1437 1513 1438
f 1438 1513 1514
f 1438 1514 1439
f 1439 1514 1515
f 1439 1515 1440
f 1440 1515 1516
f 1440 1516 1441
f 1441 1516 1517
f 1441 1517 1442
f 1442 1517 1518
f 1442 1518 1443
f 1443 1518 1519
f 1443 1519 1444
f 1444 1519 1520
f 1445 1521 1446
f 1446 1521 1522
f 1446 1522 1447
f 1447 1522 1523
f 1447 1523 1448
f 1448 1523 1524
f 1448 1524 1449
f 1449 1524 1525
f 1449 1525 1450
f 1450 1525 1526
f 1450 1526 1451
f 1451 1526 1527
f 1451 1527 1452
f 1452 1527 1528
f 1452 1528 1453
f 1453 1528 1529
f 1453 1529 1454
f 1454 1529 1530
f 1454 1530 1455
f 1455 1530 1531
f 1455 1531 1456
f 1456 1531 1532
f 1456 1532 1457
f 1457 1532 1533
f 1457 1533 1458
f 1458 1533 1534
f 1458 1534 1459
f 1459 1534 1535
f 1459 1535 1460
f 1460 1535 1536
f 1460 1536 1461
f 1461 1536 1537
f 1461 1537 1462
f 1462 1537 1538
f 1462 1538 1463
f 1463 1538 1539
f 1463 1539 1464
f 1464 1539 1540
f 1464 1540 1465
f 1465 1540 1541
f 1465 1541 1466
f 1466 1541 1542
f 1466 1542 1467
f 1467 1542 1543
f 1467 1543 1468
f 1468 1543 1544
f 1468 1544 1469
f 1469 1544 1545
f 1469 1545 1470
f 1470 1545 1546
f 1470 1546 1471
f 1471 1546 1547
f 1471 1547 1472
f 1472 1547 1548
f 1472 1548 1473
f 1473 1548 1549
f 1473 1549 1474
f 1474 1549 1550
f 1474 1550 1475
f 1475 1550 1551
f 1475 1551 1476
f 1476 1551 1552
f 1476 1552 1477
f 1477 1552 1553
f 1477 1553 1478
f 1478 1553 1554
f 1478 1554 1479
f 1479 1554 1555
f 1479 1555 1480
f 1480 1555 1556
f 1480 1556 1481
f 1481 1556 1557
f 1481 1557 1482
f 1482 1557 1558
f 1482 1558 1483
f 1483 1558 1559
f 1483 1559 1484
f 1484 1559 1560
f 1484 1560 1485
f 1485 1560 1561
f 1485 1561 1486
f 1486 1561 1562
f 1486 1562 1487
f 1487 1562 1563
f 1487 1563 1488
f 1488 1563 1564
f 1488 1564 1489
f 1489 1564 1565
f 1489 1565 1490
f 1490 1565 1566
f 1490 1566 1491
f 1491 1566 1567
f 1491 1567 1492
f 1492 1567 1568
f 1492 1568 1493
f 1493 1568 1569
f 1493 1569 1494
f 1494 1569 1570
f 1494 1570 1495
f 1495 1570 1571
f 1495 1571 1496
f 1496 1571 1572
f 1496 1572 1497
f 1497 1572 1573
f 1497 1573 1498
f 1498 1573 1574
f 1498 1574 1499
f 1499 1574 1575
f 1499 1575 1500
f 1500 1575 1576
f 1500 1576 1501
f 1501 1576 1577
f 1501 1577 1502
f 1502 1577 1578
f 1502 1578 1503
f 1503 1578 1579
f 1503 1579 1504
f 1504 1579 1580
f 1504 1580 1505
f 1505 1580 1581
f 1505 1581 1506
f 1506 1581 1582
f 1506 1582 1507
f 1507 1582 1583
f 1507 1583 1508
f 1508 1583 1584
f 1508 1584 1509
f 1509 1584 1585
f 1509 1585 1510
f 1510 1585 1586
f 1510 1586 1511
f 1511 1586 1587
f 1511 1587 1512
f 1512 1587 1588
f 1512 1588 1513
f 1513 1588 1589
f 1513 1589 1514
f 1514 1589 1590
f 1514 1590 1515
f 1515 1590 1591
f 1515 1591 1516
f 1516 1591 1592
f 1516 1592 1517
f 1517 1592 1593
f 1517 1593 1518
f 1518 1593 1594
f 1518 1594 1519
f 1519 1594 1595
f 1519 1595 1520
f 1520 1595 1596
f 1521 1597 1522
f 1522 1597 1598
f 1522 1598 1523
f 1523 1598 1599
f 1523 1599 1524
f 1524 1599 1600
f 1524 1600 1525
f 1525 1600 1601
f 1525 1601 1526
f 1526 1601 1602
f 1526 1602 1527
f 1527 1602 1603
f 1527 1603 1528
f 1528 1603 1604
f 1528 1604 1529
f 1529 1604 1605
f 1529 1605 1530
f 1530 1605 1606
f 1530 1606 1531
f 1531 1606 1607
f 1531 1607 1532
f 1532 1607 1608
f 1532 1608 1533
f 1533 1608 1609
f 1533 1609 1534
f 1534 1609 1610
f 1534 1610 1535
f 1535 1610 1611
f 1535 1611 1536
f 1536 1611 1612
f 1536 1612 1537
f 1537 1612 1613
f 1537 1613 1538
f 1538 1613 1614
f 1538 1614 1539
f 1539 1614 1615
f 1539 1615 1540
f 1540 1615 1616
f 1540 1616 1541
f 1541 1616 1617
f 1541 1617 1542
f 1542 1617 1618
f 1542 1618 1543
f 1543 1618 1619
f 1543 1619 1544
f 1544 1619 1620
f 1544 1620 1545
f 1545 1620 1621
f 1545 1621 1546
f 1546 1621 1622
f 1546 1622 1547
f 1547 1622 1623
f 1547 1623 1548
f 1548 1623 1624
f 1548 1624 1549
f 1549 1624 1625
f 1549 1625 1550
f 1550 1625 1626
f 1550 1626 1551
f 1551 1626 1627
f 1551 1627 1552
f 1552 1627 1628
f 1552 1628 1553
f 1553 1628 1629
f 1553 1629 1554
f 1554 1629 1630
f 1554 1630 1555
f 1555 1630 1631
f 1555 1631 1556
f 1556 1631 1632
f 1556 1632 1557
f 1557 1632 1633
f 1557 1633 1558
f 1558 1633 1634
f 1558 1634 1559
f 1559 1634 1635
f 1559 1635 1560
f 1560 1635 1636
f 1560 1636 1561
f 1561 1636 1637
f 1561 1637 1562
f 1562 1637 1638
f 1562 1638 1563
f 1563 1638 1639
f 1563 1639 1564
f 1564 1639 1640
f 1564 1640 1565
f 1565 1640 1641
f 1565 1641 1566
f 1566 1641 1642
f 1566 1642 1567
f 1567 1642 1643
f 1567 1643 1568
f 1568 1643 1644
f 1568 1644 1569
f 1569 1644 1645
f 1569 1645 1570
f 1570 1645 1646
f 1570 1646 1571
f 1571 1646 1647
f 1571 1647 1572
f 1572 1647 1648
f 1572 1648 1573
f 1573 1648 1649
f 1573 1649 1574
f 1574 1649 1650
f 1574 1650 1575
f 1575 1650 1651
f 1575 1651 1576
f 1576 1651 1652
f 1576 1652 1577
f 1577 1652 1653
f 1577 1653 1578
f 1578 1653 1654
f 1578 1654 1579
f 1579 1654 1655
f 1579 1655 1580
f 1580 1655 1656
f 1580 1656 1581
f 1581 1656 1657
f 1581 1657 1582
f 1582 1657 1658
f 1582 1658 1583
f 1583 1658 1659
f 1583 1659 1584
f 1584 1659 1660
f 1584 1660 1585
f 1585 1660 1661
f 1585 1661 1586
f 1586 1661 1662
f 1586 1662 1587
f 1587 1662 1663
f 1587 1663 1588
f 1588 1663 1664
f 1588 1664 1589
f 1589 1664 1665
f 1589 1665 1590
f 1590 1665 1666
f 1590 1666 1591
f 1591 1666 1667
f 1591 1667 1592
f 1592 1667 1668
f 1592 1668 1593
f 1593 1668 1669
f 1593 1669 1594
f 1594 1669 1670
f 1594 1670 1595
f 1595 1670 1671
f 1595 1671 1596
f 1596 1671 1672
f 1597 1673 1598
f 1598 1673 1674
f 1598 1674 1599
f 1599 1674 1675
f 1599 1675 1600
f 1600 1675 1676
f 1600 1676 1601
f 1601 1676 1677
f 1601 1677 1602
f 1602 1677 1678
f 1602 1678 1603
f 1603 1678 1679
f 1603 1679 1604
f 1604 1679 1680
f 1604 1680 1605
f 1605 1680 1681
f 1605 1681 1606
f 1606 1681 1682
f 1606 1682 1607
f 1607 1682 1683
f 1607 1683 1608
f 1608 1683 1684
f 1608 1684 1609
f 1609 1684 1685
f 1609 1685 1610
f 1610 1685 1686
f 1610 1686 1611
f 1611 1686 1687
f 1611 1687 1612
f 1612 1687 1688
f 1612 1688 1613
f 1613 1688 1689
f 1613 1689 1614
f 1614 1689 1690
f 1614 1690 1615
f 1615 1690 1691
f 1615 1691 1616
f 1616 1691 1692
f 1616 1692 1617
f 1617 1692 1693
f 1617 1693 1618
f 1618 1693 1694
f 1618 1694 1619
f 1619 1694 1695
f 1619 1695 1620
f 1620 1695 1696
f 1620 1696 1621
f 1621 1696 1697
f 1621 1697 1622
f 1622 1697 1698
f 1622 1698 1623
f 1623 1698 1699
f 1623 1699 1624
f 1624 1699 1700
f 1624 1700 1625
f 1625 1700 1701
f 1625 1701 1626
f 1626 1701 1702
f 1626 1702 1627
f 1627 1702 1703
f 1627 1703 1628
f 1628 1703 1704
f 1628 1704 1629
f 1629 1704 1705
f 1629 1705 1630
f 1630 1705 1706
f 1630 1706 1631
f 1631 1706 1707
f 1631 1707 1632
f 1632 1707 1708
f 1632 1708 1633
f 1633 1708 1709
f 1633 1709 1634
f 1634 1709 1710
f 1634 1710 1635
f 1635 1710 1711
f 1635 1711 1636
f 1636 1711 1712
f 1636 1712 1637
f 1637 1712 1713
f 1637 1713 1638
f 1638 1713 1714
f 1638 1714 1639
f 1639 1714 1715
f 1639 1715 1640
f 1640 1715 1716
f 1640 1716 1641
f 1641 1716 1717
f 1641 1717 1642
f 1642 1717 1718
f 1642 1718 1643
f 1643 1718 1719
f 1643 1719 1644
f 1644 1719 1720
f 1644 1720 1645
f 1645 1720 1721
f 1645 1721 1646
f 1646 1721 1722
f 1646 1722 1647
f 1647 1722 1723
f 1647 1723 1648
f 1648 1723 1724
f 1648 1724 1649
f 1649 1724 1725
f 1649 1725 1650
f 1650 1725 1726
f 1650 1726 1651
f 1651 1726 1727
f 1651 1727 1652
f 1652 1727 1728
f 1652 1728 1653
f 1653 1728 1729
f 1653 1729 1654
f 1654 1729 1730
f 1654 1730 1655
f 1655 1730 1731
f 1655 1731 1656
f 1656 1731 1732
f 1656 1732 1657
f 1657 1732 1733
f 1657 1733 1658
f 1658 1733 1734
f 1658 1734 1659
f 1659 1734 1735
f 1659 1735 1660
f 1660 1735 1736
f 1660 1736 1661
f 1661 1736 1737
f 1661 1737 1662
f 1662 1737 1738
f 1662 1738 1663
f 1663 1738 1739
f 1663 1739 1664
f 1664 1739 1740
f 1664 1740 1665
f 1665 1740 1741
f 1665 1741 1666
f 1666 1741 1742
f 1666 1742 1667
f 1667 1742 1743
f 1667 1743 1668
f 1668 1743 1744
f 1668 1744 1669
f 1669 1744 1745
f 1669 1745 1670
f 1670 1745 1746
f 1670 1746 1671
f 1671 1746 1747
f 1671 1747 1672
f 1672 1747 1748
f 1673 1749 1674
f 1674 1749 1750
f 1674 1750 1675
f 1675 1750 1751
f 1675 1751 1676
f 1676 1751 1752
f 1676 1752 1677
f 1677 1752 1753
f 1677 1753 1678
f 1678 1753 1754
f 1678 1754 1679
f 1679 1754 1755
f 1679 1755 1680
f 1680 1755 1756
f 1680 1756 1681
f 1681 1756 1757
f 1681 1757 1682
f 1682 1757 1758
f 1682 1758 1683
f 1683 1758 1759
f 1683 1759 1684
f 1684 1759 1760
f 1684 1760 1685
f 1685 1760 1761
f 1685 1761 1686
f 1686 1761 1762
f 1686 1762 1687
f 1687 1762 1763
f 1687 1763 1688
f 1688 1763 1764
f 1688 1764 1689
f 1689 1764 1765
f 1689 1765 1690
f 1690 1765 1766
f 1690 1766 1691
f 1691 1766 1767
f 1691 1767 1692
f 1692 1767 1768
f 1692 1768 1693
f 1693 1768 1769
f 1693 1769 1694
f 1694 1769 1770
f 1694 1770 1695
f 1695 1770 1771
f 1695 1771 1696
f 1696 1771 1772
f 1696 1772 1697
f 1697 1772 1773
f 1697 1773 1698
f 1698 1773 1774
f 1698 1774 1699
f 1699 1774 1775
f 1699 1775 1700
f 1700 1775 1776
f 1700 1776 1701
f 1701 1776 1777
f 1701 1777 1702
f 1702 1777 1778
f 1702 1778 1703
f 1703 1778 1779
f 1703 1779 1704
f 1704 1779 1780
f 1704 1780 1705
f 1705 1780 1781
f 1705 1781 1706
f 1706 1781 1782
f 1706 1782 1707
f 1707 1782 1783
f 1707 1783 1708
f 1708 1783 1784
f 1708 1784 1709
f 1709 1784 1785
f 1709 1785 1710
f 1710 1785 1786
f 1710 1786 1711
f 1711 1786 1787
f 1711 1787 1712
f 1712 1787 1788
f 1712 1788 1713
f 1713 1788 1789
f 1713 1789 1714
f 1714 1789 1790
f 1714 1790 1715
f 1715 1790 1791
f 1715 1791 1716
f 1716 1791 1792
f 1716 1792 1717
f 1717 1792 1793
f 1717 1793 1718
f 1718 1793 1794
f 1718 1794 1719
f 1719 1794 1795
f 1719 1795 1720
f 1720 1795 1796
f 1720 1796 1721
f 1721 1796 1797
f 1721 1797 1722
f 1722 1797 1798
f 1722 1798 1723
f 1723 1798 1799
f 1723 1799 1724
f 1724 1799 1800
f 1724 1800 1725
f 1725 1800 1801
f 1725 1801 1726
f 1726 1801 1802
f 1726 1802 1727
f 1727 1802 1803
f 1727 1803 1728
f 1728 1803 1804
f 1728 1804 1729
f 1729 1804 1805
f 1729 1805 1730
f 1730 1805 1806
f 1730 1806 1731
f 1731 1806 1807
f 1731 1807 1732
f 1732 1807 1808
f 1732 1808 1733
f 1733 1808 1809
f 1733 1809 1734
f 1734 1809 1810
f 1734 1810 1735
f 1735 1810 1811
f 1735 1811 1736
f 1736 1811 1812
f 1736 1812 1737
f 1737 1812 1813
f 1737 1813 1738
f 1738 1813 1814
f 1738 1814 1739
f 1739 1814 1815
f 1739 1815 1740
f 1740 1815 1816
f 1740 1816 1741
f 1741 1816 1817
f 1741 1817 1742
f 1742 1817 1818
f 1742 1818 1743
f 1743 1818 1819
f 1743 1819 1744
f 1744 1819 1820
f 1744 1820 1745
f 1745 1820 1821
f 1745 1821 1746
f 1746 1821 1822
f 1746 1822 1747
f 1747 1822 1823
f 1747 1823 1748
f 1748 1823 1824
f 1749 1825 1750
f 1750 1825 1826
f 1750 1826 1751
f 1751 1826 1827
f 1751 1827 1752
f 1752 1827 1828
f 1752 1828 1753
f 1753 1828 1829
f 1753 1829 1754
f 1754 1829 1830
f 1754 1830 1755
f 1755 1830 1831
f 1755 1831 1756
f 1756 1831 1832
f 1756 1832 1757
f 1757 1832 1833
f 1757 1833 1758
f 1758 1833 1834
f 1758 1834 1759
f 1759 1834 1835
f 1759 1835 1760
f 1760 1835 1836
f 1760 1836 1761
f 1761 1836 1837
f 1761 1837 1762
f 1762 1837 1838
f 1762 1838 1763
f 1763 1838 1839
f 1763 1839 1764
f 1764 1839 1840
f 1764 1840 1765
f 1765 1840 1841
f 1765 1841 1766
f 1766 1841 1842
f 1766 1842 1767
f 1767 1842 1843
f 1767 1843 1768
f 1768 1843 1844
f 1768 1844 1769
f 1769 1844 1845
f 1769 1845 1770
f 1770 1845 1846
f 1770 1846 1771
f 1771 1846 1847
f 1771 1847 1772
f 1772 1847 1848
f 1772 1848 1773
f 1773 1848 1849
f 1773 1849 1774
f 1774 1849 1850
f 1774 1850 1775
f 1775 1850 1851
f 1775 1851 1776
f 1776 1851 1852
f 1776 1852 1777
f 1777 1852 1853
f 1777 1853 1778
f 1778 1853 1854
f 1778 1854 1779
f 1779 1854 1855
f 1779 1855 1780
f 1780 1855 1856
f 1780 1856 1781
f 1781 1856 1857
f 1781 1857 1782
f 1782 1857 1858
f 1782 1858 1783
f 1783 1858 1859
f 1783 1859 1784
f 1784 1859 1860
f 1784 1860 1785
f 1785 1860 1861
f 1785 1861 1786
f 1786 1861 1862
f 1786 1862 1787
f 1787 1862 1863
f 1787 1863 1788
f 1788 1863 1864
f 1788 1864 1789
f 1789 1864 1865
f 1789 1865 1790
f 1790 1865 1866
f 1790 1866 1791
f 1791 1866 1867
f 1791 1867 1792
f 1792 1867 1868
f 1792 1868 1793
f 1793 1868 1869
f 1793 1869 1794
f 1794 1869 1870
f 1794 1870 1795
f 1795 1870 1871
f 1795 1871 1796
f 1796 1871 1872
f 1796 1872 1797
f 1797 1872 1873
f 1797 1873 1798
f 1798 1873 1874
f 1798 1874 1799
f 1799 1874 1875
f 1799 1875 1800
f 1800 1875 1876
f 1800 1876 1801
f 1801 1876 1877
f 1801 1877 1802
f 1802 1877 1878
f 1802 1878 1803
f 1803 1878 1879
f 1803 1879 1804
f 1804 1879 1880
f 1804 1880 1805
f 1805 1880 1881
f 1805 1881 1806
f 1806 1881 1882
f 1806 1882 1807
f 1807 1882 1883
f 1807 1883 1808
f 1808 1883 1884
f 1808 1884 1809
f 1809 1884 1885
f 1809 1885 1810
f 1810 1885 1886
f 1810 1886 1811
f 1811 1886 1887
f 1811 1887 1812
f 1812 1887 1888
f 1812 1888 1813
f 1813 1888 1889
f 1813 1889 1814
f 1814 1889 1890
f 1814 1890 1815
f 1815 1890 1891
f 1815 1891 1816
f 1816 1891 1892
f 1816 1892 1817
f 1817 1892 1893
f 1817 1893 1818
f 1818 1893 1894
f 1818 1894 1819
f 1819 1894 1895
f 1819 1895 1820
f 1820 1895 1896
f 1820 1896 1821
f 1821 1896 1897
f 1821 1897 1822
f 1822 1897 1898
f 1822 1898 1823
f 1823 1898 1899
f 1823 1899 1824
f 1824 1899 1900
f 1825 1901 1826
f 1826 1901 1902
f 1826 1902 1827
f 1827 1902 1903
f 1827 1903 1828
f 1828 1903 1904
f 1828 1904 1829
f 1829 1904 1905
f 1829 1905 1830
f 1830 1905 1906
f 1830 1906 1831
f 1831 1906 1907
f 1831 1907 1832
f 1832 1907 1908
f 1832 1908 1833
f 1833 1908 1909
f 1833 1909 1834
f 1834 1909 1910
f 1834 1910 1835
f 1835 1910 1911
f 1835 1911 1836
f 1836 1911 1912
f 1836 1912 1837
f 1837 1912 1913
f 1837 1913 1838
f 1838 1913 1914
f 1838 1914 1839
f 1839 1914 1915
f 1839 1915 1840
f 1840 1915 1916
f 1840 1916 1841
f 1841 1916 1917
f 1841 1917 1842
f 1842 1917 1918
f 1842 1918 1843
f 1843 1918 1919
f 1843 1919 1844
f 1844 1919 1920
f 1844 1920 1845
f 1845 1920 1921
f 1845 1921 1846
f 1846 1921 1922
f 1846 1922 1847
f 1847 1922 1923
f 1847 1923 1848
f 1848 1923 1924
f 1848 1924 1849
f 1849 1924 1925
f 1849 1925 1850
f 1850 1925 1926
f 1850 1926 1851
f 1851 1926 1927
f 1851 1927 1852
f 1852 1927 1928
f 1852 1928 1853
f 1853 1928 1929
f 1853 1929 1854
f 1854 1929 1930
f 1854 1930 1855
f 1855 1930 1931
f 1855 1931 1856
f 1856 1931 1932
f 1856 1932 1857
f 1857 1932 1933
f 1857 1933 1858
f 1858 1933 1934
f 1858 1934 1859
f 1859 1934 1935
f 1859 1935 1860
f 1860 1935 1936
f 1860 1936 1861
f 1861 1936 1937
f 1861 1937 1862
f 1862 1937 1938
f 1862 1938 1863
f 1863 1938 1939
f 1863 1939 1864
f 1864 1939 1940
f 1864 1940 1865
f 1865 1940 1941
f 1865 1941 1866
f 1866 1941 1942
f 1866 1942 1867
f 1867 1942 1943
f 1867 1943 1868
f 1868 1943 1944
f 1868 1944 1869
f 1869 1944 1945
f 1869 1945 1870
f 1870 1945 1946
f 1870 1946 1871
f 1871 1946 1947
f 1871 1947 1872
f 1872 1947 1948
f 1872 1948 1873
f 1873 1948 1949
f 1873 1949 1874
f 1874 1949 1950
f 1874 1950 1875
f 1875 1950 1951
f 1875 1951 1876
f 1876 1951 1952
f 1876 1952 1877
f 1877 1952 1953
f 1877 1953 1878
f 1878 1953 1954
f 1878 1954 1879
f 1879 1954 1955
f 1879 1955 1880
f 1880 1955 1956
f 1880 1956 1881
f 1881 1956 1957
f 1881 1957 1882
f 1882 1957 1958
f 1882 1958 1883
f 1883 1958 1959
f 1883 1959 1884
f 1884 1959 1960
f 1884 1960 1885
f 1885 1960 1961
f 1885 1961 1886
f 1886 1961 1962
f 1886 1962 1887
f 1887 1962 1963
f 1887 1963 1888
f 1888 1963 1964
f 1888 1964 1889
f 1889 1964 1965
f 1889 1965 1890
f 1890 1965 1966
f 1890 1966 1891
f 1891 1966 1967
f 1891 1967 1892
f 1892 1967 1968
f 1892 1968 1893
f 1893 1968 1969
f 1893 1969 1894
f 1894 1969 1970
f 1894 1970 1895
f 1895 1970 1971
f 1895 1971 1896
f 1896 1971 1972
f 1896 1972 1897
f 1897 1972 1973
f 1897 1973 1898
f 1898 1973 1974
f 1898 1974 1899
f 1899 1974 1975
f 1899 1975 1900
f 1900 1975 1976
f 1901 1977 1902
f 1902 1977 1978
f 1902 1978 1903
f 1903 1978 1979
f 1903 1979 1904
f 1904 1979 1980
f 1904 1980 1905
f 1905 1980 1981
f 1905 1981 1906
f 1906 1981 1982
f 1906 1982 1907
f 1907 1982 1983
f 1907 1983 1908
f 1908 1983 1984
f 1908 1984 1909
f 1909 1984 1985
f 1909 1985 1910
f 1910 1985 1986
f 1910 1986 1911
f 1911 1986 1987
f 1911 1987 1912
f 1912 1987 1988
f 1912 1988 1913
f 1913 1988 1989
f 1913 1989 1914
f 1914 1989 1990
f 1914 1990 1915
f 1915 1990 1991
f 1915 1991 1916
f 1916 1991 1992
f 1916 1992 1917
f 1917 1992 1993
f 1917 1993 1918
f 1918 1993 1994
f 1918 1994 1919
f 1919 1994 1995
f 1919 1995 1920
f 1920 1995 1996
f 1920 1996 1921
f 1921 1996 1997
f 1921 1997 1922
f 1922 1997 1998
f 1922 1998 1923
f 1923 1998 1999
f 1923 1999 1924
f 1924 1999 2000
f 1924 2000 1925
f 1925 2000 2001
f 1925 2001 1926
f 1926 2001 2002
f 1926 2002 1927
f 1927 2002 2003
f 1927 2003 1928
f 1928 2003 2004
f 1928 2004 1929
f 1929 2004 2005
f 1929 2005 1930
f 1930 2005 2006
f 1930 2006 1931
f 1931 2006 2007
f 1931 2007 1932
f 1932 2007 2008
f 1932 2008 1933
f 1933 2008 2009
f 1933 2009 1934
f 1934 2009 2010
f 1934 2010 1935
f 1935 2010 2011
f 1935 2011 1936
f 1936 2011 2012
f 1936 2012 1937
f 1937 2012 2013
f 1937 2013 1938
f 1938 2013 2014
f 1938 2014 1939
f 1939 2014 2015
f 1939 2015 1940
f 1940 2015 2016
f 1940 2016 1941
f 1941 2016 2017
f 1941 2017 1942
f 1942 2017 2018
f 1942 2018 1943
f 1943 2018 2019
f 1943 2019 1944
f 1944 2019 2020
f 1944 2020 1945
f 1945 2020 2021
f 1945 2021 1946
f 1946 2021 2022
f 1946 2022 1947
f 1947 2022 2023
f 1947 2023 1948
f 1948 2023 2024
f 1948 2024 1949
f 1949 2024 2025
f 1949 2025 1950
f 1950 2025 2026
f 1950 2026 1951
f 1951 2026 2027
f 1951 2027 1952
f 1952 2027 2028
f 1952 2028 1953
f 1953 2028 2029
f 1953 2029 1954
f 1954 2029 2030
f 1954 2030 1955
f 1955 2030 2031
f 1955 2031 1956
f 1956 2031 2032
f 1956 2032 1957
f 1957 2032 2033
f 1957 2033 1958
f 1958 2033 2034
f 1958 2034 1959
f 1959 2034 2035
f 1959 2035 1960
f 1960 2035 2036
f 1960 2036 1961
f 1961 2036 2037
f 1961 2037 1962
f 1962 2037 2038
f 1962 2038 1963
f 1963 2038 2039
f 1963 2039 1964
f 1964 2039 2040
f 1964 2040 1965
f 1965 2040 2041
f 1965 2041 1966
f 1966 2041 2042
f 1966 2042 1967
f 1967 2042 2043
f 1967 2043 1968
f 1968 2043 2044
f 1968 2044 1969
f 1969 2044 2045
f 1969 2045 1970
f 1970 2045 2046
f 1970 2046 1971
f 1971 2046 2047
f 1971 2047 1972
f 1972 2047 2048
f 1972 2048 1973
f 1973 2048 2049
f 1973 2049 1974
f 1974 2049 2050
f 1974 2050 1975
f 1975 2050 2051
f 1975 2051 1976
f 1976 2051 2052
f 1977 2053 1978
f 1978 2053 2054
f 1978 2054 1979
f 1979 2054 2055
f 1979 2055 1980
f 1980 2055 2056
f 1980 2056 1981
f 1981 2056 2057
f 1981 2057 1982
f 1982 2057 2058
f 1982 2058 1983
f 1983 2058 2059
f 1983 2059 1984
f 1984 2059 2060
f 1984 2060 1985
f 1985 2060 2061
f 1985 2061 1986
f 1986 2061 2062
f 1986 2062 1987
f 1987 2062 2063
f 1987 2063 1988
f 1988 2063 2064
f 1988 2064 1989
f 1989 2064 2065
f 1989 2065 1990
f 1990 2065 2066
f 1990 2066 1991
f 1991 2066 2067
f 1991 2067 1992
f 1992 2067 2068
f 1992 2068 1993
f 1993 2068 2069
f 1993 2069 1994
f 1994 2069 2070
f 1994 2070 1995
f 1995 2070 2071
f 1995 2071 1996
f 1996 2071 2072
f 1996 2072 1997
f 1997 2072 2073
f 1997 2073 1998
f 1998 2073 2074
f 1998 2074 1999
f 1999 2074 2075
f 1999 2075 2000
f 2000 2075 2076
f 2000 2076 2001
f 2001 2076 2077
f 2001 2077 2002
f 2002 2077 2078
f 2002 2078 2003
f 2003 2078 2079
f 2003 2079 2004
f 2004 2079 2080
f 2004 2080 2005
f 2005 2080 2081
f 2005 2081 2006
f 2006 2081 2082
f 2006 2082 2007
f 2007 2082 2083
f 2007 2083 2008
f 2008 2083 2084
f 2008 2084 2009
f 2009 2084 2085
f 2009 2085 2010
f 2010 2085 2086
f 2010 2086 2011
f 2011 2086 2087
f 2011 2087 2012
f 2012 2087 2088
f 2012 2088 2013
f 2013 2088 2089
f 2013 2089 2014
f 2014 2089 2090
f 2014 2090 2015
f 2015 2090 2091
f 2015 2091 2016
f 2016 2091 2092
f 2016 2092 2017
f 2017 2092 2093
f 2017 2093 2018
f 2018 2093 2094
f 2018 2094 2019
f 2019 2094 2095
f 2019 2095 2020
f 2020 2095 2096
f 2020 2096 2021
f 2021 2096 2097
f 2021 2097 2022
f 2022 2097 2098
f 2022 2098 2023
f 2023 2098 2099
f 2023 2099 2024
f 2024 2099 2100
f 2024 2100 2025
f 2025 2100 2101
f 2025 2101 2026
f 2026 2101 2102
f 2026 2102 2027
f 2027 2102 2103
f 2027 2103 2028
f 2028 2103 2104
f 2028 2104 2029
f 2029 2104 2105
f 2029 2105 2030
f 2030 2105 2106
f 2030 2106 2031
f 2031 2106 2107
f 2031 2107 2032
f 2032 2107 2108
f 2032 2108 2033
f 2033 2108 2109
f 2033 2109 2034
f 2034 2109 2110
f 2034 2110 2035
f 2035 2110 2111
f 2035 2111 2036
f 2036 2111 2112
f 2036 2112 2037
f 2037 2112 2113
f 2037 2113 2038
f 2038 2113 2114
f 2038 2114 2039
f 2039 2114 2115
f 2039 2115 2040
f 2040 2115 2116
f 2040 2116 2041
f 2041 2116 2117
f 2041 2117 2042
f 2042 2117 2118
f 2042 2118 2043
f 2043 2118 2119
f 2043 2119 2044
f 2044 2119 2120
f 2044 2120 2045
f 2045 2120 2121
f 2045 2121 2046
f 2046 2121 2122
f 2046 2122 2047
f 2047 2122 2123
f 2047 2123 2048
f 2048 2123 2124
f 2048 2124 2049
f 2049 2124 2125
f 2049 2125 2050
f 2050 2125 2126
f 2050 2126 2051
f 2051 2126 2127
f 2051 2127 2052
f 2052 2127 2128
f 2053 2129 2054
f 2054 2129 2130
f 2054 2130 2055
f 2055 2130 2131
f 2055 2131 2056
f 2056 2131 2132
f 2056 2132 2057
f 2057 2132 2133
f 2057 2133 2058
f 2058 2133 2134
f 2058 2134 2059
f 2059 2134 2135
f 2059 2135 2060
f 2060 2135 2136
f 2060 2136 2061
f 2061 2136 2137
f 2061 2137 2062
f 2062 2137 2138
f 2062 2138 2063
f 2063 2138 2139
f 2063 2139 2064
f 2064 2139 2140
f 2064 2140 2065
f 2065 2140 2141
f 2065 2141 2066
f 2066 2141 2142
f 2066 2142 2067
f 2067 2142 2143
f 2067 2143 2068
f 2068 2143 2144
f 2068 2144 2069
f 2069 2144 2145
f 2069 2145 2070
f 2070 2145 2146
f 2070 2146 2071
f 2071 2146 2147
f 2071 2147 2072
f 2072 2147 2148
f 2072 2148 2073
f 2073 2148 2149
f 2073 2149 2074
f 2074 2149 2150
f 2074 2150 2075
f 2075 2150 2151
f 2075 2151 2076
f 2076 2151 2152
f 2076 2152 2077
f 2077 2152 2153
f 2077 2153 2078
f 2078 2153 2154
f 2078 2154 2079
f 2079 2154 2155
f 2079 2155 2080
f 2080 2155 2156
f 2080 2156 2081
f 2081 2156 2157
f 2081 2157 2082
f 2082 2157 2158
f 2082 2158 2083
f 2083 2158 2159
f 2083 2159 2084
f 2084 2159 2160
f 2084 2160 2085
f 2085 2160 2161
f 2085 2161 2086
f 2086 2161 2162
f 2086 2162 2087
f 2087 2162 2163
f 2087 2163 2088
f 2088 2163 2164
f 2088 2164 2089
f 2089 2164 2165
f 2089 2165 2090
f 2090 2165 2166
f 2090 2166 2091
f 2091 2166 2167
f 2091 2167 2092
f 2092 2167 2168
f 2092 2168 2093
f 2093 2168 2169
f 2093 2169 2094
f 2094 2169 2170
f 2094 2170 2095
f 2095 2170 2171
f 2095 2171 2096
f 2096 2171 2172
f 2096 2172 2097
f 2097 2172 2173
f 2097 2173 2098
f 2098 2173 2174
f 2098 2174 2099
f 2099 2174 2175
f 2099 2175 2100
f 2100 2175 2176
f 2100 2176 2101
f 2101 2176 2177
f 2101 2177 2102
f 2102 2177 2178
f 2102 2178 2103
f 2103 2178 2179
f 2103 2179 2104
f 2104 2179 2180
f 2104 2180 2105
f 2105 2180 2181
f 2105 2181 2106
f 2106 2181 2182
f 2106 2182 2107
f 2107 2182 2183
f 2107 2183 2108
f 2108 2183 2184
f 2108 2184 2109
f 2109 2184 2185
f 2109 2185 2110
f 2110 2185 2186
f 2110 2186 2111
f 2111 2186 2187
f 2111 2187 2112
f 2112 2187 2188
f 2112 2188 2113
f 2113 2188 2189
f 2113 2189 2114
f 2114 2189 2190
f 2114 2190 2115
f 2115 2190 2191
f 2115 2191 2116
f 2116 2191 2192
f 2116 2192 2117
f 2117 2192 2193
f 2117 2193 2118
f 2118 2193 2194
f 2118 2194 2119
f 2119 2194 2195
f 2119 2195 2120
f 2120 2195 2196
f 2120 2196 2121
f 2121 2196 2197
f 2121 2197 2122
f 2122 2197 2198
f 2122 2198 2123
f 2123 2198 2199
f 2123 2199 2124
f 2124 2199 2200
f 2124 2200 2125
f 2125 2200 2201
f 2125 2201 2126
f 2126 2201 2202
f 2126 2202 2127
f 2127 2202 2203
f 2127 2203 2128
f 2128 2203 2204
f 2129 2205 2130
f 2130 2205 2206
f 2130 2206 2131
f 2131 2206 2207
f 2131 2207 2132
f 2132 2207 2208
f 2132 2208 2133
f 2133 2208 2209
f 2133 2209 2134
f 2134 2209 2210
f 2134 2210 2135
f 2135 2210 2211
f 2135 2211 2136
f 2136 2211 2212
f 2136 2212 2137
f 2137 2212 2213
f 2137 2213 2138
f 2138 2213 2214
f 2138 2214 2139
f 2139 2214 2215
f 2139 2215 2140
f 2140 2215 2216
f 2140 2216 2141
f 2141 2216 2217
f 2141 2217 2142
f 2142 2217 2218
f 2142 2218 2143
f 2143 2218 2219
f 2143 2219 2144
f 2144 2219 2220
f 2144 2220 2145
f 2145 2220 2221
f 2145 2221 2146
f 2146 2221 2222
f 2146 2222 2147
f 2147 2222 2223
f 2147 2223 2148
f 2148 2223 2224
f 2148 2224 2149
f 2149 2224 2225
f 2149 2225 2150
f 2150 2225 2226
f 2150 2226 2151
f 2151 2226 2227
f 2151 2227 2152
f 2152 2227 2228
f 2152 2228 2153
f 2153 2228 2229
f 2153 2229 2154
f 2154 2229 2230
f 2154 2230 2155
f 2155 2230 2231
f 2155 2231 2156
f 2156 2231 2232
f 2156 2232 2157
f 2157 2232 2233
f 2157 2233 2158
f 2158 2233 2234
f 2158 2234 2159
f 2159 2234 2235
f 2159 2235 2160
f 2160 2235 2236
f 2160 2236 2161
f 2161 2236 2237
f 2161 2237 2162
f 2162 2237 2238
f 2162 2238 2163
f 2163 2238 2239
f 2163 2239 2164
f 2164 2239 2240
f 2164 2240 2165
f 2165 2240 2241
f 2165 2241 2166
f 2166 2241 2242
f 2166 2242 2167
f 2167 2242 2243
f 2167 2243 2168
f 2168 2243 2244
f 2168 2244 2169
f 2169 2244 2245
f 2169 2245 2170
f 2170 2245 2246
f 2170 2246 2171
f 2171 2246 2247
f 2171 2247 2172
f 2172 2247 2248
f 2172 2248 2173
f 2173 2248 2249
f 2173 2249 2174
f 2174 2249 2250
f 2174 2250 2175
f 2175 2250 2251
f 2175 2251 2176
f 2176 2251 2252
f 2176 2252 2177
f 2177 2252 2253
f 2177 2253 2178
f 2178 2253 2254
f 2178 2254 2179
f 2179 2254 2255
f 2179 2255 2180
f 2180 2255 2256
f 2180 2256 2181
f 2181 2256 2257
f 2181 2257 2182
f 2182 2257 2258
f 2182 2258 2183
f 2183 2258 2259
f 2183 2259 2184
f 2184 2259 2260
f 2184 2260 2185
f 2185 2260 2261
f 2185 2261 2186
f 2186 2261 2262
f 2186 2262 2187
f 2187 2262 2263
f 2187 2263 2188
f 2188 2263 2264
f 2188 2264 2189
f 2189 2264 2265
f 2189 2265 2190
f 2190 2265 2266
f 2190 2266 2191
f 2191 2266 2267
f 2191 2267 2192
f 2192 2267 2268
f 2192 2268 2193
f 2193 2268 2269
f 2193 2269 2194
f 2194 2269 2270
f 2194 2270 2195
f 2195 2270 2271
f 2195 2271 2196
f 2196 2271 2272
f 2196 2272 2197
f 2197 2272 2273
f 2197 2273 2198
f 2198 2273 2274
f 2198 2274 2199
f 2199 2274 2275
f 2199 2275 2200
f 2200 2275 2276
f 2200 2276 2201
f 2201 2276 2277
f 2201 2277 2202
f 2202 2277 2278
f 2202 2278 2203
f 2203 2278 2279
f 2203 2279 2204
f 2204 2279 2280
f 2205 2281 2206
f 2206 2281 2282
f 2206 2282 2207
f 2207 2282 2283
f 2207 2283 2208
f 2208 2283 2284
f 2208 2284 2209
f 2209 2284 2285
f 2209 2285 2210
f 2210 2285 2286
f 2210 2286 2211
f 2211 2286 2287
f 2211 2287 2212
f 2212 2287 2288
f 2212 2288 2213
f 2213 2288 2289
f 2213 2289 2214
f 2214 2289 2290
f 2214 2290 2215
f 2215 2290 2291
f 2215 2291 2216
f 2216 2291 2292
f 2216 2292 2217
f 2217 2292 2293
f 2217 2293 2218
f 2218 2293 2294
f 2218 2294 2219
f 2219 2294 2295
f 2219 2295 2220
f 2220 2295 2296
f 2220 2296 2221
f 2221 2296 2297
f 2221 2297 2222
f 2222 2297 2298
f 2222 2298 2223
f 2223 2298 2299
f 2223 2299 2224
f 2224 2299 2300
f 2224 2300 2225
f 2225 2300 2301
f 2225 2301 2226
f 2226 2301 2302
f 2226 2302 2227
f 2227 2302 2303
f 2227 2303 2228
f 2228 2303 2304
f 2228 2304 2229
f 2229 2304 2305
f 2229 2305 2230
f 2230 2305 2306
f 2230 2306 2231
f 2231 2306 2307
f 2231 2307 2232
f 2232 2307 2308
f 2232 2308 2233
f 2233 2308 2309
f 2233 2309 2234
f 2234 2309 2310
f 2234 2310 2235
f 2235 2310 2311
f 2235 2311 2236
f 2236 2311 2312
f 2236 2312 2237
f 2237 2312 2313
f 2237 2313 2238
f 2238 2313 2314
f 2238 2314 2239
f 2239 2314 2315
f 2239 2315 2240
f 2240 2315 2316
f 2240 2316 2241
f 2241 2316 2317
f 2241 2317 2242
f 2242 2317 2318
f 2242 2318 2243
f 2243 2318 2319
f 2243 2319 2244
f 2244 2319 2320
f 2244 2320 2245
f 2245 2320 2321
f 2245 2321 2246
f 2246 2321 2322
f 2246 2322 2247
f 2247 2322 2323
f 2247 2323 2248
f 2248 2323 2324
f 2248 2324 2249
f 2249 2324 2325
f 2249 2325 2250
f 2250 2325 2326
f 2250 2326 2251
f 2251 2326 2327
f 2251 2327 2252
f 2252 2327 2328
f 2252 2328 2253
f 2253 2328 2329
f 2253 2329 2254
f 2254 2329 2330
f 2254 2330 2255
f 2255 2330 2331
f 2255 2331 2256
f 2256 2331 2332
f 2256 2332 2257
f 2257 2332 2333
f 2257 2333 2258
f 2258 2333 2334
f 2258 2334 2259
f 2259 2334 2335
f 2259 2335 2260
f 2260 2335 2336
f 2260 2336 2261
f 2261 2336 2337
f 2261 2337 2262
f 2262 2337 2338
f 2262 2338 2263
f 2263 2338 2339
f 2263 2339 2264
f 2264 2339 2340
f 2264 2340 2265
f 2265 2340 2341
f 2265 2341 2266
f 2266 2341 2342
f 2266 2342 2267
f 2267 2342 2343
f 2267 2343 2268
f 2268 2343 2344
f 2268 2344 2269
f 2269 2344 2345
f 2269 2345 2270
f 2270 2345 2346
f 2270 2346 2271
f 2271 2346 2347
f 2271 2347 2272
f 2272 2347 2348
f 2272 2348 2273
f 2273 2348 2349
f 2273 2349 2274
f 2274 2349 2350
f 2274 2350 2275
f 2275 2350 2351
f 2275 2351 2276
f 2276 2351 2352
f 2276 2352 2277
f 2277 2352 2353
f 2277 2353 2278
f 2278 2353 2354
f 2278 2354 2279
f 2279 2354 2355
f 2279 2355 2280
f 2280 2355 2356
f 2281 2357 2282
f 2282 2357 2358
f 2282 2358 2283
f 2283 2358 2359
f 2283 2359 2284
f 2284 2359 2360
f 2284 2360 2285
f 2285 2360 2361
f 2285 2361 2286
f 2286 2361 2362
f 2286 2362 2287
f 2287 2362 2363
f 2287 2363 2288
f 2288 2363 2364
f 2288 2364 2289
f 2289 2364 2365
f 2289 2365 2290
f 2290 2365 2366
f 2290 2366 2291
f 2291 2366 2367
f 2291 2367 2292
f 2292 2367 2368
f 2292 2368 2293
f 2293 2368 2369
f 2293 2369 2294
f 2294 2369 2370
f 2294 2370 2295
f 2295 2370 2371
f 2295 2371 2296
f 2296 2371 2372
f 2296 2372 2297
f 2297 2372 2373
f 2297 2373 2298
f 2298 2373 2374
f 2298 2374 2299
f 2299 2374 2375
f 2299 2375 2300
f 2300 2375 2376
f 2300 2376 2301
f 2301 2376 2377
f 2301 2377 2302
f 2302 2377 2378
f 2302 2378 2303
f 2303 2378 2379
f 2303 2379 2304
f 2304 2379 2380
f 2304 2380 2305
f 2305 2380 2381
f 2305 2381 2306
f 2306 2381 2382
f 2306 2382 2307
f 2307 2382 2383
f 2307 2383 2308
f 2308 2383 2384
f 2308 2384 2309
f 2309 2384 2385
f 2309 2385 2310
f 2310 2385 2386
f 2310 2386 2311
f 2311 2386 2387
f 2311 2387 2312
f 2312 2387 2388
f 2312 2388 2313
f 2313 2388 2389
f 2313 2389 2314
f 2314 2389 2390
f 2314 2390 2315
f 2315 2390 2391
f 2315 2391 2316
f 2316 2391 2392
f 2316 2392 2317
f 2317 2392 2393
f 2317 2393 2318
f 2318 2393 2394
f 2318 2394 2319
f 2319 2394 2395
f 2319 2395 2320
f 2320 2395 2396
f 2320 2396 2321
f 2321 2396 2397
f 2321 2397 2322
f 2322 2397 2398
f 2322 2398 2323
f 2323 2398 2399
f 2323 2399 2324
f 2324 2399 2400
f 2324 2400 2325
f 2325 2400 2401
f 2325 2401 2326
f 2326 2401 2402
f 2326 2402 2327
f 2327 2402 2403
f 2327 2403 2328
f 2328 2403 2404
f 2328 2404 2329
f 2329 2404 2405
f 2329 2405 2330
f 2330 2405 2406
f 2330 2406 2331
f 2331 2406 2407
f 2331 2407 2332
f 2332 2407 2408
f 2332 2408 2333
f 2333 2408 2409
f 2333 2409 2334
f 2334 2409 2410
f 2334 2410 2335
f 2335 2410 2411
f 2335 2411 2336
f 2336 2411 2412
f 2336 2412 2337
f 2337 2412 2413
f 2337 2413 2338
f 2338 2413 2414
f 2338 2414 2339
f 2339 2414 2415
f 2339 2415 2340
f 2340 2415 2416
f 2340 2416 2341
f 2341 2416 2417
f 2341 2417 2342
f 2342 2417 2418
f 2342 2418 2343
f 2343 2418 2419
f 2343 2419 2344
f 2344 2419 2420
f 2344 2420 2345
f 2345 2420 2421
f 2345 2421 2346
f 2346 2421 2422
f 2346 2422 2347
f 2347 2422 2423
f 2347 2423 2348
f 2348 2423 2424
f 2348 2424 2349
f 2349 2424 2425
f 2349 2425 2350
f 2350 2425 2426
f 2350 2426 2351
f 2351 2426 2427
f 2351 2427 2352
f 2352 2427 2428
f 2352 2428 2353
f 2353 2428 2429
f 2353 2429 2354
f 2354 2429 2430
f 2354 2430 2355
f 2355 2430 2431
f 2355 2431 2356
f 2356 2431 2432
f 2357 2433 2358
f 2358 2433 2434
f 2358 2434 2359
f 2359 2434 2435
f 2359 2435 2360
f 2360 2435 2436
f 2360 2436 2361
f 2361 2436 2437
f 2361 2437 2362
f 2362 2437 2438
f 2362 2438 2363
f 2363 2438 2439
f 2363 2439 2364
f 2364 2439 2440
f 2364 2440 2365
f 2365 2440 2441
f 2365 2441 2366
f 2366 2441 2442
f 2366 2442 2367
f 2367 2442 2443
f 2367 2443 2368
f 2368 2443 2444
f 2368 2444 2369
f 2369 2444 2445
f 2369 2445 2370
f 2370 2445 2446
f 2370 2446 2371
f 2371 2446 2447
f 2371 2447 2372
f 2372 2447 2448
f 2372 2448 2373
f 2373 2448 2449
f 2373 2449 2374
f 2374 2449 2450
f 2374 2450 2375
f 2375 2450 2451
f 2375 2451 2376
f 2376 2451 2452
f 2376 2452 2377
f 2377 2452 2453
f 2377 2453 2378
f 2378 2453 2454
f 2378 2454 2379
f 2379 2454 2455
f 2379 2455 2380
f 2380 2455 2456
f 2380 2456 2381
f 2381 2456 2457
f 2381 2457 2382
f 2382 2457 2458
f 2382 2458 2383
f 2383 2458 2459
f 2383 2459 2384
f 2384 2459 2460
f 2384 2460 2385
f 2385 2460 2461
f 2385 2461 2386
f 2386 2461 2462
f 2386 2462 2387
f 2387 2462 2463
f 2387 2463 2388
f 2388 2463 2464
f 2388 2464 2389
f 2389 2464 2465
f 2389 2465 2390
f 2390 2465 2466
f 2390 2466 2391
f 2391 2466 2467
f 2391 2467 2392
f 2392 2467 2468
f 2392 2468 2393
f 2393 2468 2469
f 2393 2469 2394
f 2394 2469 2470
f 2394 2470 2395
f 2395 2470 2471
f 2395 2471 2396
f 2396 2471 2472
f 2396 2472 2397
f 2397 2472 2473
f 2397 2473 2398
f 2398 2473 2474
f 2398 2474 2399
f 2399 2474 2475
f 2399 2475 2400
f 2400 2475 2476
f 2400 2476 2401
f 2401 2476 2477
f 2401 2477 2402
f 2402 2477 2478
f 2402 2478 2403
f 2403 2478 2479
f 2403 2479 2404
f 2404 2479 2480
f 2404 2480 2405
f 2405 2480 2481
f 2405 2481 2406
f 2406 2481 2482
f 2406 2482 2407
f 2407 2482 2483
f 2407 2483 2408
f 2408 2483 2484
f 2408 2484 2409
f 2409 2484 2485
f 2409 2485 2410
f 2410 2485 2486
f 2410 2486 2411
f 2411 2486 2487
f 2411 2487 2412
f 2412 2487 2488
f 2412 2488 2413
f 2413 2488 2489
f 2413 2489 2414
f 2414 2489 2490
f 2414 2490 2415
f 2415 2490 2491
f 2415 2491 2416
f 2416 2491 2492
f 2416 2492 2417
f 2417 2492 2493
f 2417 2493 2418
f 2418 2493 2494
f 2418 2494 2419
f 2419 2494 2495
f 2419 2495 2420
f 2420 2495 2496
f 2420 2496 2421
f 2421 2496 2497
f 2421 2497 2422
f 2422 2497 2498
f 2422 2498 2423
f 2423 2498 2499
f 2423 2499 2424
f 2424 2499 2500
f 2424 2500 2425
f 2425 2500 2501
f 2425 2501 2426
f 2426 2501 2502
f 2426 2502 2427
f 2427 2502 2503
f 2427 2503 2428
f 2428 2503 2504
f 2428 2504 2429
f 2429 2504 2505
f 2429 2505 2430
f 2430 2505 2506
f 2430 2506 2431
f 2431 2506 2507
f 2431 2507 2432
f 2432 2507 2508
f 2433 2509 2434
f 2434 2509 2510
f 2434 2510 2435
f 2435 2510 2511
f 2435 2511 2436
f 2436 2511 2512
f 2436 2512 2437
f 2437 2512 2513
f 2437 2513 2438
f 2438 2513 2514
f 2438 2514 2439
f 2439 2514 2515
f 2439 2515 2440
f 2440 2515 2516
f 2440 2516 2441
f 2441 2516 2517
f 2441 2517 2442
f 2442 2517 2518
f 2442 2518 2443
f 2443 2518 2519
f 2443 2519 2444
f 2444 2519 2520
f 2444 2520 2445
f 2445 2520 2521
f 2445 2521 2446
f 2446 2521 2522
f 2446 2522 2447
f 2447 2522 2523
f 2447 2523 2448
f 2448 2523 2524
f 2448 2524 2449
f 2449 2524 2525
f 2449 2525 2450
f 2450 2525 2526
f 2450 2526 2451
f 2451 2526 2527
f 2451 2527 2452
f 2452 2527 2528
f 2452 2528 2453
f 2453 2528 2529
f 2453 2529 2454
f 2454 2529 2530
f 2454 2530 2455
f 2455 2530 2531
f 2455 2531 2456
f 2456 2531 2532
f 2456 2532 2457
f 2457 2532 2533
f 2457 2533 2458
f 2458 2533 2534
f 2458 2534 2459
f 2459 2534 2535
f 2459 2535 2460
f 2460 2535 2536
f 2460 2536 2461
f 2461 2536 2537
f 2461 2537 2462
f 2462 2537 2538
f 2462 2538 2463
f 2463 2538 2539
f 2463 2539 2464
f 2464 2539 2540
f 2464 2540 2465
f 2465 2540 2541
f 2465 2541 2466
f 2466 2541 2542
f 2466 2542 2467
f 2467 2542 2543
f 2467 2543 2468
f 2468 2543 2544
f 2468 2544 2469
f 2469 2544 2545
f 2469 2545 2470
f 2470 2545 2546
f 2470 2546 2471
f 2471 2546 2547
f 2471 2547 2472
f 2472 2547 2548
f 2472 2548 2473
f 2473 2548 2549
f 2473 2549 2474
f 2474 2549 2550
f 2474 2550 2475
f 2475 2550 2551
f 2475 2551 2476
f 2476 2551 2552
f 2476 2552 2477
f 2477 2552 2553
f 2477 2553 2478
f 2478 2553 2554
f 2478 2554 2479
f 2479 2554 2555
f 2479 2555 2480
f 2480 2555 2556
f 2480 2556 2481
f 2481 2556 2557
f 2481 2557 2482
f 2482 2557 2558
f 2482 2558 2483
f 2483 2558 2559
f 2483 2559 2484
f 2484 2559 2560
f 2484 2560 2485
f 2485 2560 2561
f 2485 2561 2486
f 2486 2561 2562
f 2486 2562 2487
f 2487 2562 2563
f 2487 2563 2488
f 2488 2563 2564
f 2488 2564 2489
f 2489 2564 2565
f 2489 2565 2490
f 2490 2565 2566
f 2490 2566 2491
f 2491 2566 2567
f 2491 2567 2492
f 2492 2567 2568
f 2492 2568 2493
f 2493 2568 2569
f 2493 2569 2494
f 2494 2569 2570
f 2494 2570 2495
f 2495 2570 2571
f 2495 2571 2496
f 2496 2571 2572
f 2496 2572 2497
f 2497 2572 2573
f 2497 2573 2498
f 2498 2573 2574
f 2498 2574 2499
f 2499 2574 2575
f 2499 2575 2500
f 2500 2575 2576
f 2500 2576 2501
f 2501 2576 2577
f 2501 2577 2502
f 2502 2577 2578
f 2502 2578 2503
f 2503 2578 2579
f 2503 2579 2504
f 2504 2579 2580
f 2504 2580 2505
f 2505 2580 2581
f 2505 2581 2506
f 2506 2581 2582
f 2506 2582 2507
f 2507 2582 2583
f 2507 2583 2508
f 2508 2583 2584
f 2509 2585 2510
f 2510 2585 2586
f 2510 2586 2511
f 2511 2586 2587
f 2511 2587 2512
f 2512 2587 2588
f 2512 2588 2513
f 2513 2588 2589
f 2513 2589 2514
f 2514 2589 2590
f 2514 2590 2515
f 2515 2590 2591
f 2515 2591 2516
f 2516 2591 2592
f 2516 2592 2517
f 2517 2592 2593
f 2517 2593 2518
f 2518 2593 2594
f 2518 2594 2519
f 2519 2594 2595
f 2519 2595 2520
f 2520 2595 2596
f 2520 2596 2521
f 2521 2596 2597
f 2521 2597 2522
f 2522 2597 2598
f 2522 2598 2523
f 2523 2598 2599
f 2523 2599 2524
f 2524 2599 2600
f 2524 2600 2525
f 2525 2600 2601
f 2525 2601 2526
f 2526 2601 2602
f 2526 2602 2527
f 2527 2602 2603
f 2527 2603 2528
f 2528 2603 2604
f 2528 2604 2529
f 2529 2604 2605
f 2529 2605 2530
f 2530 2605 2606
f 2530 2606 2531
f 2531 2606 2607
f 2531 2607 2532
f 2532 2607 2608
f 2532 2608 2533
f 2533 2608 2609
f 2533 2609 2534
f 2534 2609 2610
f 2534 2610 2535
f 2535 2610 2611
f 2535 2611 2536
f 2536 2611 2612
f 2536 2612 2537
f 2537 2612 2613
f 2537 2613 2538
f 2538 2613 2614
f 2538 2614 2539
f 2539 2614 2615
f 2539 2615 2540
f 2540 2615 2616
f 2540 2616 2541
f 2541 2616 2617
f 2541 2617 2542
f 2542 2617 2618
f 2542 2618 2543
f 2543 2618 2619
f 2543 2619 2544
f 2544 2619 2620
f 2544 2620 2545
f 2545 2620 2621
f 2545 2621 2546
f 2546 2621 2622
f 2546 2622 2547
f 2547 2622 2623
f 2547 2623 2548
f 2548 2623 2624
f 2548 2624 2549
f 2549 2624 2625
f 2549 2625 2550
f 2550 2625 2626
f 2550 2626 2551
f 2551 2626 2627
f 2551 2627 2552
f 2552 2627 2628
f 2552 2628 2553
f 2553 2628 2629
f 2553 2629 2554
f 2554 2629 2630
f 2554 2630 2555
f 2555 2630 2631
f 2555 2631 2556
f 2556 2631 2632
f 2556 2632 2557
f 2557 2632 2633
f 2557 2633 2558
f 2558 2633 2634
f 2558 2634 2559
f 2559 2634 2635
f 2559 2635 2560
f 2560 2635 2636
f 2560 2636 2561
f 2561 2636 2637
f 2561 2637 2562
f 2562 2637 2638
f 2562 2638 2563
f 2563 2638 2639
f 2563 2639 2564
f 2564 2639 2640
f 2564 2640 2565
f 2565 2640 2641
f 2565 2641 2566
f 2566 2641 2642
f 2566 2642 2567
f 2567 2642 2643
f 2567 2643 2568
f 2568 2643 2644
f 2568 2644 2569
f 2569 2644 2645
f 2569 2645 2570
f 2570 2645 2646
f 2570 2646 2571
f 2571 2646 2647
f 2571 2647 2572
f 2572 2647 2648
f 2572 2648 2573
f 2573 2648 2649
f 2573 2649 2574
f 2574 2649 2650
f 2574 2650 2575
f 2575 2650 2651
f 2575 2651 2576
f 2576 2651 2652
f 2576 2652 2577
f 2577 2652 2653
f 2577 2653 2578
f 2578 2653 2654
f 2578 2654 2579
f 2579 2654 2655
f 2579 2655 2580
f 2580 2655 2656
f 2580 2656 2581
f 2581 2656 2657
f 2581 2657 2582
f 2582 2657 2658
f 2582 2658 2583
f 2583 2658 2659
f 2583 2659 2584
f 2584 2659 2660
f 2585 2661 2586
f 2586 2661 2662
f 2586 2662 2587
f 2587 2662 2663
f 2587 2663 2588
f 2588 2663 2664
f 2588 2664 2589
f 2589 2664 2665
f 2589 2665 2590
f 2590 2665 2666
f 2590 2666 2591
f 2591 2666 2667
f 2591 2667 2592
f 2592 2667 2668
f 2592 2668 2593
f 2593 2668 2669
f 2593 2669 2594
f 2594 2669 2670
f 2594 2670 2595
f 2595 2670 2671
f 2595 2671 2596
f 2596 2671 2672
f 2596 2672 2597
f 2597 2672 2673
f 2597 2673 2598
f 2598 2673 2674
f 2598 2674 2599
f 2599 2674 2675
f 2599 2675 2600
f 2600 2675 2676
f 2600 2676 2601
f 2601 2676 2677
f 2601 2677 2602
f 2602 2677 2678
f 2602 2678 2603
f 2603 2678 2679
f 2603 2679 2604
f 2604 2679 2680
f 2604 2680 2605
f 2605 2680 2681
f 2605 2681 2606
f 2606 2681 2682
f 2606 2682 2607
f 2607 2682 2683
f 2607 2683 2608
f 2608 2683 2684
f 2608 2684 2609
f 2609 2684 2685
f 2609 2685 2610
f 2610 2685 2686
f 2610 2686 2611
f 2611 2686 2687
f 2611 2687 2612
f 2612 2687 2688
f 2612 2688 2613
f 2613 2688 2689
f 2613 2689 2614
f 2614 2689 2690
f 2614 2690 2615
f 2615 2690 2691
f 2615 2691 2616
f 2616 2691 2692
f 2616 2692 2617
f 2617 2692 2693
f 2617 2693 2618
f 2618 2693 2694
f 2618 2694 2619
f 2619 2694 2695
f 2619 2695 2620
f 2620 2695 2696
f 2620 2696 2621
f 2621 2696 2697
f 2621 2697 2622
f 2622 2697 2698
f 2622 2698 2623
f 2623 2698 2699
f 2623 2699 2624
f 2624 2699 2700
f 2624 2700 2625
f 2625 2700 2701
f 2625 2701 2626
f 2626 2701 2702
f 2626 2702 2627
f 2627 2702 2703
f 2627 2703 2628
f 2628 2703 2704
f 2628 2704 2629
f 2629 2704 2705
f 2629 2705 2630
f 2630 2705 2706
f 2630 2706 2631
f 2631 2706 2707
f 2631 2707 2632
f 2632 2707 2708
f 2632 2708 2633
f 2633 2708 2709
f 2633 2709 2634
f 2634 2709 2710
f 2634 2710 2635
f 2635 2710 2711
f 2635 2711 2636
f 2636 2711 2712
f 2636 2712 2637
f 2637 2712 2713
f 2637 2713 2638
f 2638 2713 2714
f 2638 2714 2639
f 2639 2714 2715
f 2639 2715 2640
f 2640 2715 2716
f 2640 2716 2641
f 2641 2716 2717
f 2641 2717 2642
f 2642 2717 2718
f 2642 2718 2643
f 2643 2718 2719
f 2643 2719 2644
f 2644 2719 2720
f 2644 2720 2645
f 2645 2720 2721
f 2645 2721 2646
f 2646 2721 2722
f 2646 2722 2647
f 2647 2722 2723
f 2647 2723 2648
f 2648 2723 2724
f 2648 2724 2649
f 2649 2724 2725
f 2649 2725 2650
f 2650 2725 2726
f 2650 2726 2651
f 2651 2726 2727
f 2651 2727 2652
f 2652 2727 2728
f 2652 2728 2653
f 2653 2728 2729
f 2653 2729 2654
f 2654 2729 2730
f 2654 2730 2655
f 2655 2730 2731
f 2655 2731 2656
f 2656 2731 2732
f 2656 2732 2657
f 2657 2732 2733
f 2657 2733 2658
f 2658 2733 2734
f 2658 2734 2659
f 2659 2734 2735
f 2659 2735 2660
f 2660 2735 2736
f 2661 2737 2662
f 2662 2737 2738
f 2662 2738 2663
f 2663 2738 2739
f 2663 2739 2664
f 2664 2739 2740
f 2664 2740 2665
f 2665 2740 2741
f 2665 2741 2666
f 2666 2741 2742
f 2666 2742 2667
f 2667 2742 2743
f 2667 2743 2668
f 2668 2743 2744
f 2668 2744 2669
f 2669 2744 2745
f 2669 2745 2670
f 2670 2745 2746
f 2670 2746 2671
f 2671 2746 2747
f 2671 2747 2672
f 2672 2747 2748
f 2672 2748 2673
f 2673 2748 2749
f 2673 2749 2674
f 2674 2749 2750
f 2674 2750 2675
f 2675 2750 2751
f 2675 2751 2676
f 2676 2751 2752
f 2676 2752 2677
f 2677 2752 2753
f 2677 2753 2678
f 2678 2753 2754
f 2678 2754 2679
f 2679 2754 2755
f 2679 2755 2680
f 2680 2755 2756
f 2680 2756 2681
f 2681 2756 2757
f 2681 2757 2682
f 2682 2757 2758
f 2682 2758 2683
f 2683 2758 2759
f 2683 2759 2684
f 2684 2759 2760
f 2684 2760 2685
f 2685 2760 2761
f 2685 2761 2686
f 2686 2761 2762
f 2686 2762 2687
f 2687 2762 2763
f 2687 2763 2688
f 2688 2763 2764
f 2688 2764 2689
f 2689 2764 2765
f 2689 2765 2690
f 2690 2765 2766
f 2690 2766 2691
f 2691 2766 2767
f 2691 2767 2692
f 2692 2767 2768
f 2692 2768 2693
f 2693 2768 2769
f 2693 2769 2694
f 2694 2769 2770
f 2694 2770 2695
f 2695 2770 2771
f 2695 2771 2696
f 2696 2771 2772
f 2696 2772 2697
f 2697 2772 2773
f 2697 2773 2698
f 2698 2773 2774
f 2698 2774 2699
f 2699 2774 2775
f 2699 2775 2700
f 2700 2775 2776
f 2700 2776 2701
f 2701 2776 2777
f 2701 2777 2702
f 2702 2777 2778
f 2702 2778 2703
f 2703 2778 2779
f 2703 2779 2704
f 2704 2779 2780
f 2704 2780 2705
f 2705 2780 2781
f 2705 2781 2706
f 2706 2781 2782
f 2706 2782 2707
f 2707 2782 2783
f 2707 2783 2708
f 2708 2783 2784
f 2708 2784 2709
f 2709 2784 2785
f 2709 2785 2710
f 2710 2785 2786
f 2710 2786 2711
f 2711 2786 2787
f 2711 2787 2712
f 2712 2787 2788
f 2712 2788 2713
f 2713 2788 2789
f 2713 2789 2714
f 2714 2789 2790
f 2714 2790 2715
f 2715 2790 2791
f 2715 2791 2716
f 2716 2791 2792
f 2716 2792 2717
f 2717 2792 2793
f 2717 2793 2718
f 2718 2793 2794
f 2718 2794 2719
f 2719 2794 2795
f 2719 2795 2720
f 2720 2795 2796
f 2720 2796 2721
f 2721 2796 2797
f 2721 2797 2722
f 2722 2797 2798
f 2722 2798 2723
f 2723 2798 2799
f 2723 2799 2724
f 2724 2799 2800
f 2724 2800 2725
f 2725 2800 2801
f 2725 2801 2726
f 2726 2801 2802
f 2726 2802 2727
f 2727 2802 2803
f 2727 2803 2728
f 2728 2803 2804
f 2728 2804 2729
f 2729 2804 2805
f 2729 2805 2730
f 2730 2805 2806
f 2730 2806 2731
f 2731 2806 2807
f 2731 2807 2732
f 2732 2807 2808
f 2732 2808 2733
f 2733 2808 2809
f 2733 2809 2734
f 2734 2809 2810
f 2734 2810 2735
f 2735 2810 2811
f 2735 2811 2736
f 2736 2811 2812
f 2737 2813 2738
f 2738 2813 2814
f 2738 2814 2739
f 2739 2814 2815
f 2739 2815 2740
f 2740 2815 2816
f 2740 2816 2741
f 2741 2816 2817
f 2741 2817 2742
f 2742 2817 2818
f 2742 2818 2743
f 2743 2818 2819
f 2743 2819 2744
f 2744 2819 2820
f 2744 2820 2745
f 2745 2820 2821
f 2745 2821 2746
f 2746 2821 2822
f 2746 2822 2747
f 2747 2822 2823
f 2747 2823 2748
f 2748 2823 2824
f 2748 2824 2749
f 2749 2824 2825
f 2749 2825 2750
f 2750 2825 2826
f 2750 2826 2751
f 2751 2826 2827
f 2751 2827 2752
f 2752 2827 2828
f 2752 2828 2753
f 2753 2828 2829
f 2753 2829 2754
f 2754 2829 2830
f 2754 2830 2755
f 2755 2830 2831
f 2755 2831 2756
f 2756 2831 2832
f 2756 2832 2757
f 2757 2832 2833
f 2757 2833 2758
f 2758 2833 2834
f 2758 2834 2759
f 2759 2834 2835
f 2759 2835 2760
f 2760 2835 2836
f 2760 2836 2761
f 2761 2836 2837
f 2761 2837 2762
f 2762 2837 2838
f 2762 2838 2763
f 2763 2838 2839
f 2763 2839 2764
f 2764 2839 2840
f 2764 2840 2765
f 2765 2840 2841
f 2765 2841 2766
f 2766 2841 2842
f 2766 2842 2767
f 2767 2842 2843
f 2767 2843 2768
f 2768 2843 2844
f 2768 2844 2769
f 2769 2844 2845
f 2769 2845 2770
f 2770 2845 2846
f 2770 2846 2771
f 2771 2846 2847
f 2771 2847 2772
f 2772 2847 2848
f 2772 2848 2773
f 2773 2848 2849
f 2773 2849 2774
f 2774 2849 2850
f 2774 2850 2775
f 2775 2850 2851
f 2775 2851 2776
f 2776 2851 2852
f 2776 2852 2777
f 2777 2852 2853
f 2777 2853 2778
f 2778 2853 2854
f 2778 2854 2779
f 2779 2854 2855
f 2779 2855 2780
f 2780 2855 2856
f 2780 2856 2781
f 2781 2856 2857
f 2781 2857 2782
f 2782 2857 2858
f 2782 2858 2783
f 2783 2858 2859
f 2783 2859 2784
f 2784 2859 2860
f 2784 2860 2785
f 2785 2860 2861
f 2785 2861 2786
f 2786 2861 2862
f 2786 2862 2787
f 2787 2862 2863
f 2787 2863 2788
f 2788 2863 2864
f 2788 2864 2789
f 2789 2864 2865
f 2789 2865 2790
f 2790 2865 2866
f 2790 2866 2791
f 2791 2866 2867
f 2791 2867 2792
f 2792 2867 2868
f 2792 2868 2793
f 2793 2868 2869
f 2793 2869 2794
f 2794 2869 2870
f 2794 2870 2795
f 2795 2870 2871
f 2795 2871 2796
f 2796 2871 2872
f 2796 2872 2797
f 2797 2872 2873
f 2797 2873 2798
f 2798 2873 2874
f 2798 2874 2799
f 2799 2874 2875
f 2799 2875 2800
f 2800 2875 2876
f 2800 2876 2801
f 2801 2876 2877
f 2801 2877 2802
f 2802 2877 2878
f 2802 2878 2803
f 2803 2878 2879
f 2803 2879 2804
f 2804 2879 2880
f 2804 2880 2805
f 2805 2880 2881
f 2805 2881 2806
f 2806 2881 2882
f 2806 2882 2807
f 2807 2882 2883
f 2807 2883 2808
f 2808 2883 2884
f 2808 2884 2809
f 2809 2884 2885
f 2809 2885 2810
f 2810 2885 2886
f 2810 2886 2811
f 2811 2886 2887
f 2811 2887 2812
f 2812 2887 2888
f 2813 2889 2814
f 2814 2889 2890
f 2814 2890 2815
f 2815 2890 2891
f 2815 2891 2816
f 2816 2891 2892
f 2816 2892 2817
f 2817 2892 2893
f 2817 2893 2818
f 2818 2893 2894
f 2818 2894 2819
f 2819 2894 2895
f 2819 2895 2820
f 2820 2895 2896
f 2820 2896 2821
f 2821 2896 2897
f 2821 2897 2822
f 2822 2897 2898
f 2822 2898 2823
f 2823 2898 2899
f 2823 2899 2824
f 2824 2899 2900
f 2824 2900 2825
f 2825 2900 2901
f 2825 2901 2826
f 2826 2901 2902
f 2826 2902 2827
f 2827 2902 2903
f 2827 2903 2828
f 2828 2903 2904
f 2828 2904 2829
f 2829 2904 2905
f 2829 2905 2830
f 2830 2905 2906
f 2830 2906 2831
f 2831 2906 2907
f 2831 2907 2832
f 2832 2907 2908
f 2832 2908 2833
f 2833 2908 2909
f 2833 2909 2834
f 2834 2909 2910
f 2834 2910 2835
f 2835 2910 2911
f 2835 2911 2836
f 2836 2911 2912
f 2836 2912 2837
f 2837 2912 2913
f 2837 2913 2838
f 2838 2913 2914
f 2838 2914 2839
f 2839 2914 2915
f 2839 2915 2840
f 2840 2915 2916
f 2840 2916 2841
f 2841 2916 2917
f 2841 2917 2842
f 2842 2917 2918
f 2842 2918 2843
f 2843 2918 2919
f 2843 2919 2844
f 2844 2919 2920
f 2844 2920 2845
f 2845 2920 2921
f 2845 2921 2846
f 2846 2921 2922
f 2846 2922 2847
f 2847 2922 2923
f 2847 2923 2848
f 2848 2923 2924
f 2848 2924 2849
f 2849 2924 2925
f 2849 2925 2850
f 2850 2925 2926
f 2850 2926 2851
f 2851 2926 2927
f 2851 2927 2852
f 2852 2927 2928
f 2852 2928 2853
f 2853 2928 2929
f 2853 2929 2854
f 2854 2929 2930
f 2854 2930 2855
f 2855 2930 2931
f 2855 2931 2856
f 2856 2931 2932
f 2856 2932 2857
f 2857 2932 2933
f 2857 2933 2858
f 2858 2933 2934
f 2858 2934 2859
f 2859 2934 2935
f 2859 2935 2860
f 2860 2935 2936
f 2860 2936 2861
f 2861 2936 2937
f 2861 2937 2862
f 2862 2937 2938
f 2862 2938 2863
f 2863 2938 2939
f 2863 2939 2864
f 2864 2939 2940
f 2864 2940 2865
f 2865 2940 2941
f 2865 2941 2866
f 2866 2941 2942
f 2866 2942 2867
f 2867 2942 2943
f 2867 2943 2868
f 2868 2943 2944
f 2868 2944 2869
f 2869 2944 2945
f 2869 2945 2870
f 2870 2945 2946
f 2870 2946 2871
f 2871 2946 2947
f 2871 2947 2872
f 2872 2947 2948
f 2872 2948 2873
f 2873 2948 2949
f 2873 2949 2874
f 2874 2949 2950
f 2874 2950 2875
f 2875 2950 2951
f 2875 2951 2876
f 2876 2951 2952
f 2876 2952 2877
f 2877 2952 2953
f 2877 2953 2878
f 2878 2953 2954
f 2878 2954 2879
f 2879 2954 2955
f 2879 2955 2880
f 2880 2955 2956
f 2880 2956 2881
f 2881 2956 2957
f 2881 2957 2882
f 2882 2957 2958
f 2882 2958 2883
f 2883 2958 2959
f 2883 2959 2884
f 2884 2959 2960
f 2884 2960 2885
f 2885 2960 2961
f 2885 2961 2886
f 2886 2961 2962
f 2886 2962 2887
f 2887 2962 2963
f 2887 2963 2888
f 2888 2963 2964
f 2889 2965 2890
f 2890 2965 2966
f 2890 2966 2891
f 2891 2966 2967
f 2891 2967 2892
f 2892 2967 2968
f 2892 2968 2893
f 2893 2968 2969
f 2893 2969 2894
f 2894 2969 2970
f 2894 2970 2895
f 2895 2970 2971
f 2895 2971 2896
f 2896 2971 2972
f 2896 2972 2897
f 2897 2972 2973
f 2897 2973 2898
f 2898 2973 2974
f 2898 2974 2899
f 2899 2974 2975
f 2899 2975 2900
f 2900 2975 2976
f 2900 2976 2901
f 2901 2976 2977
f 2901 2977 2902
f 2902 2977 2978
f 2902 2978 2903
f 2903 2978 2979
f 2903 2979 2904
f 2904 2979 2980
f 2904 2980 2905
f 2905 2980 2981
f 2905 2981 2906
f 2906 2981 2982
f 2906 2982 2907
f 2907 2982 2983
f 2907 2983 2908
f 2908 2983 2984
f 2908 2984 2909
f 2909 2984 2985
f 2909 2985 2910
f 2910 2985 2986
f 2910 2986 2911
f 2911 2986 2987
f 2911 2987 2912
f 2912 2987 2988
f 2912 2988 2913
f 2913 2988 2989
f 2913 2989 2914
f 2914 2989 2990
f 2914 2990 2915
f 2915 2990 2991
f 2915 2991 2916
f 2916 2991 2992
f 2916 2992 2917
f 2917 2992 2993
f 2917 2993 2918
f 2918 2993 2994
f 2918 2994 2919
f 2919 2994 2995
f 2919 2995 2920
f 2920 2995 2996
f 2920 2996 2921
f 2921 2996 2997
f 2921 2997 2922
f 2922 2997 2998
f 2922 2998 2923
f 2923 2998 2999
f 2923 2999 2924
f 2924 2999 3000
f 2924 3000 2925
f 2925 3000 3001
f 2925 3001 2926
f 2926 3001 3002
f 2926 3002 2927
f 2927 3002 3003
f 2927 3003 2928
f 2928 3003 3004
f 2928 3004 2929
f 2929 3004 3005
f 2929 3005 2930
f 2930 3005 3006
f 2930 3006 2931
f 2931 3006 3007
f 2931 3007 2932
f 2932 3007 3008
f 2932 3008 2933
f 2933 3008 3009
f 2933 3009 2934
f 2934 3009 3010
f 2934 3010 2935
f 2935 3010 3011
f 2935 3011 2936
f 2936 3011 3012
f 2936 3012 2937
f 2937 3012 3013
f 2937 3013 2938
f 2938 3013 3014
f 2938 3014 2939
f 2939 3014 3015
f 2939 3015 2940
f 2940 3015 3016
f 2940 3016 2941
f 2941 3016 3017
f 2941 3017 2942
f 2942 3017 3018
f 2942 3018 2943
f 2943 3018 3019
f 2943 3019 2944
f 2944 3019 3020
f 2944 3020 2945
f 2945 3020 3021
f 2945 3021 2946
f 2946 3021 3022
f 2946 3022 2947
f 2947 3022 3023
f 2947 3023 2948
f 2948 3023 3024
f 2948 3024 2949
f 2949 3024 3025
f 2949 3025 2950
f 2950 3025 3026
f 2950 3026 2951
f 2951 3026 3027
f 2951 3027 2952
f 2952 3027 3028
f 2952 3028 2953
f 2953 3028 3029
f 2953 3029 2954
f 2954 3029 3030
f 2954 3030 2955
f 2955 3030 3031
f 2955 3031 2956
f 2956 3031 3032
f 2956 3032 2957
f 2957 3032 3033
f 2957 3033 2958
f 2958 3033 3034
f 2958 3034 2959
f 2959 3034 3035
f 2959 3035 2960
f 2960 3035 3036
f 2960 3036 2961
f 2961 3036 3037
f 2961 3037 2962
f 2962 3037 3038
f 2962 3038 2963
f 2963 3038 3039
f 2963 3039 2964
f 2964 3039 3040
f 2965 3041 2966
f 2966 3041 3042
f 2966 3042 2967
f 2967 3042 3043
f 2967 3043 2968
f 2968 3043 3044
f 2968 3044 2969
f 2969 3044 3045
f 2969 3045 2970
f 2970 3045 3046
f 2970 3046 2971
f 2971 3046 3047
f 2971 3047 2972
f 2972 3047 3048
f 2972 3048 2973
f 2973 3048 3049
f 2973 3049 2974
f 2974 3049 3050
f 2974 3050 2975
f 2975 3050 3051
f 2975 3051 2976
f 2976 3051 3052
f 2976 3052 2977
f 2977 3052 3053
f 2977 3053 2978
f 2978 3053 3054
f 2978 3054 2979
f 2979 3054 3055
f 2979 3055 2980
f 2980 3055 3056
f 2980 3056 2981
f 2981 3056 3057
f 2981 3057 2982
f 2982 3057 3058
f 2982 3058 2983
f 2983 3058 3059
f 2983 3059 2984
f 2984 3059 3060
f 2984 3060 2985
f 2985 3060 3061
f 2985 3061 2986
f 2986 3061 3062
f 2986 3062 2987
f 2987 3062 3063
f 2987 3063 2988
f 2988 3063 3064
f 2988 3064 2989
f 2989 3064 3065
f 2989 3065 2990
f 2990 3065 3066
f 2990 3066 2991
f 2991 3066 3067
f 2991 3067 2992
f 2992 3067 3068
f 2992 3068 2993
f 2993 3068 3069
f 2993 3069 2994
f 2994 3069 3070
f 2994 3070 2995
f 2995 3070 3071
f 2995 3071 2996
f 2996 3071 3072
f 2996 3072 2997
f 2997 3072 3073
f 2997 3073 2998
f 2998 3073 3074
f 2998 3074 2999
f 2999 3074 3075
f 2999 3075 3000
f 3000 3075 3076
f 3000 3076 3001
f 3001 3076 3077
f 3001 3077 3002
f 3002 3077 3078
f 3002 3078 3003
f 3003 3078 3079
f 3003 3079 3004
f 3004 3079 3080
f 3004 3080 3005
f 3005 3080 3081
f 3005 3081 3006
f 3006 3081 3082
f 3006 3082 3007
f 3007 3082 3083
f 3007 3083 3008
f 3008 3083 3084
f 3008 3084 3009
f 3009 3084 3085
f 3009 3085 3010
f 3010 3085 3086
f 3010 3086 3011
f 3011 3086 3087
f 3011 3087 3012
f 3012 3087 3088
f 3012 3088 3013
f 3013 3088 3089
f 3013 3089 3014
f 3014 3089 3090
f 3014 3090 3015
f 3015 3090 3091
f 3015 3091 3016
f 3016 3091 3092
f 3016 3092 3017
f 3017 3092 3093
f 3017 3093 3018
f 3018 3093 3094
f 3018 3094 3019
f 3019 3094 3095
f 3019 3095 3020
f 3020 3095 3096
f 3020 3096 3021
f 3021 3096 3097
f 3021 3097 3022
f 3022 3097 3098
f 3022 3098 3023
f 3023 3098 3099
f 3023 3099 3024
f 3024 3099 3100
f 3024 3100 3025
f 3025 3100 3101
f 3025 3101 3026
f 3026 3101 3102
f 3026 3102 3027
f 3027 3102 3103
f 3027 3103 3028
f 3028 3103 3104
f 3028 3104 3029
f 3029 3104 3105
f 3029 3105 3030
f 3030 3105 3106
f 3030 3106 3031
f 3031 3106 3107
f 3031 3107 3032
f 3032 3107 3108
f 3032 3108 3033
f 3033 3108 3109
f 3033 3109 3034
f 3034 3109 3110
f 3034 3110 3035
f 3035 3110 3111
f 3035 3111 3036
f 3036 3111 3112
f 3036 3112 3037
f 3037 3112 3113
f 3037 3113 3038
f 3038 3113 3114
f 3038 3114 3039
f 3039 3114 3115
f 3039 3115 3040
f 3040 3115 3116
f 3041 3117 3042
f 3042 3117 3118
f 3042 3118 3043
f 3043 3118 3119
f 3043 3119 3044
f 3044 3119 3120
f 3044 3120 3045
f 3045 3120 3121
f 3045 3121 3046
f 3046 3121 3122
f 3046 3122 3047
f 3047 3122 3123
f 3047 3123 3048
f 3048 3123 3124
f 3048 3124 3049
f 3049 3124 3125
f 3049 3125 3050
f 3050 3125 3126
f 3050 3126 3051
f 3051 3126 3127
f 3051 3127 3052
f 3052 3127 3128
f 3052 3128 3053
f 3053 3128 3129
f 3053 3129 3054
f 3054 3129 3130
f 3054 3130 3055
f 3055 3130 3131
f 3055 3131 3056
f 3056 3131 3132
f 3056 3132 3057
f 3057 3132 3133
f 3057 3133 3058
f 3058 3133 3134
f 3058 3134 3059
f 3059 3134 3135
f 3059 3135 3060
f 3060 3135 3136
f 3060 3136 3061
f 3061 3136 3137
f 3061 3137 3062
f 3062 3137 3138
f 3062 3138 3063
f 3063 3138 3139
f 3063 3139 3064
f 3064 3139 3140
f 3064 3140 3065
f 3065 3140 3141
f 3065 3141 3066
f 3066 3141 3142
f 3066 3142 3067
f 3067 3142 3143
f 3067 3143 3068
f 3068 3143 3144
f 3068 3144 3069
f 3069 3144 3145
f 3069 3145 3070
f 3070 3145 3146
f 3070 3146 3071
f 3071 3146 3147
f 3071 3147 3072
f 3072 3147 3148
f 3072 3148 3073
f 3073 3148 3149
f 3073 3149 3074
f 3074 3149 3150
f 3074 3150 3075
f 3075 3150 3151
f 3075 3151 3076
f 3076 3151 3152
f 3076 3152 3077
f 3077 3152 3153
f 3077 3153 3078
f 3078 3153 3154
f 3078 3154 3079
f 3079 3154 3155
f 3079 3155 3080
f 3080 3155 3156
f 3080 3156 3081
f 3081 3156 3157
f 3081 3157 3082
f 3082 3157 3158
f 3082 3158 3083
f 3083 3158 3159
f 3083 3159 3084
f 3084 3159 3160
f 3084 3160 3085
f 3085 3160 3161
f 3085 3161 3086
f 3086 3161 3162
f 3086 3162 3087
f 3087 3162 3163
f 3087 3163 3088
f 3088 3163 3164
f 3088 3164 3089
f 3089 3164 3165
f 3089 3165 3090
f 3090 3165 3166
f 3090 3166 3091
f 3091 3166 3167
f 3091 3167 3092
f 3092 3167 3168
f 3092 3168 3093
f 3093 3168 3169
f 3093 3169 3094
f 3094 3169 3170
f 3094 3170 3095
f 3095 3170 3171
f 3095 3171 3096
f 3096 3171 3172
f 3096 3172 3097
f 3097 3172 3173
f 3097 3173 3098
f 3098 3173 3174
f 3098 3174 3099
f 3099 3174 3175
f 3099 3175 3100
f 3100 3175 3176
f 3100 3176 3101
f 3101 3176 3177
f 3101 3177 3102
f 3102 3177 3178
f 3102 3178 3103
f 3103 3178 3179
f 3103 3179 3104
f 3104 3179 3180
f 3104 3180 3105
f 3105 3180 3181
f 3105 3181 3106
f 3106 3181 3182
f 3106 3182 3107
f 3107 3182 3183
f 3107 3183 3108
f 3108 3183 3184
f 3108 3184 3109
f 3109 3184 3185
f 3109 3185 3110
f 3110 3185 3186
f 3110 3186 3111
f 3111 3186 3187
f 3111 3187 3112
f 3112 3187 3188
f 3112 3188 3113
f 3113 3188 3189
f 3113 3189 3114
f 3114 3189 3190
f 3114 3190 3115
f 3115 3190 3191
f 3115 3191 3116
f 3116 3191 3192
f 3117 3193 3118
f 3118 3193 3194
f 3118 3194 3119
f 3119 3194 3195
f 3119 3195 3120
f 3120 3195 3196
f 3120 3196 3121
f 3121 3196 3197
f 3121 3197 3122
f 3122 3197 3198
f 3122 3198 3123
f 3123 3198 3199
f 3123 3199 3124
f 3124 3199 3200
f 3124 3200 3125
f 3125 3200 3201
f 3125 3201 3126
f 3126 3201 3202
f 3126 3202 3127
f 3127 3202 3203
f 3127 3203 3128
f 3128 3203 3204
f 3128 3204 3129
f 3129 3204 3205
f 3129 3205 3130
f 3130 3205 3206
f 3130 3206 3131
f 3131 3206 3207
f 3131 3207 3132
f 3132 3207 3208
f 3132 3208 3133
f 3133 3208 3209
f 3133 3209 3134
f 3134 3209 3210
f 3134 3210 3135
f 3135 3210 3211
f 3135 3211 3136
f 3136 3211 3212
f 3136 3212 3137
f 3137 3212 3213
f 3137 3213 3138
f 3138 3213 3214
f 3138 3214 3139
f 3139 3214 3215
f 3139 3215 3140
f 3140 3215 3216
f 3140 3216 3141
f 3141 3216 3217
f 3141 3217 3142
f 3142 3217 3218
f 3142 3218 3143
f 3143 3218 3219
f 3143 3219 3144
f 3144 3219 3220
f 3144 3220 3145
f 3145 3220 3221
f 3145 3221 3146
f 3146 3221 3222
f 3146 3222 3147
f 3147 3222 3223
f 3147 3223 3148
f 3148 3223 3224
f 3148 3224 3149
f 3149 3224 3225
f 3149 3225 3150
f 3150 3225 3226
f 3150 3226 3151
f 3151 3226 3227
f 3151 3227 3152
f 3152 3227 3228
f 3152 3228 3153
f 3153 3228 3229
f 3153 3229 3154
f 3154 3229 3230
f 3154 3230 3155
f 3155 3230 3231
f 3155 3231 3156
f 3156 3231 3232
f 3156 3232 3157
f 3157 3232 3233
f 3157 3233 3158
f 3158 3233 3234
f 3158 3234 3159
f 3159 3234 3235
f 3159 3235 3160
f 3160 3235 3236
f 3160 3236 3161
f 3161 3236 3237
f 3161 3237 3162
f 3162 3237 3238
f 3162 3238 3163
f 3163 3238 3239
f 3163 3239 3164
f 3164 3239 3240
f 3164 3240 3165
f 3165 3240 3241
f 3165 3241 3166
f 3166 3241 3242
f 3166 3242 3167
f 3167 3242 3243
f 3167 3243 3168
f 3168 3243 3244
f 3168 3244 3169
f 3169 3244 3245
f 3169 3245 3170
f 3170 3245 3246
f 3170 3246 3171
f 3171 3246 3247
f 3171 3247 3172
f 3172 3247 3248
f 3172 3248 3173
f 3173 3248 3249
f 3173 3249 3174
f 3174 3249 3250
f 3174 3250 3175
f 3175 3250 3251
f 3175 3251 3176
f 3176 3251 3252
f 3176 3252 3177
f 3177 3252 3253
f 3177 3253 3178
f 3178 3253 3254
f 3178 3254 3179
f 3179 3254 3255
f 3179 3255 3180
f 3180 3255 3256
f 3180 3256 3181
f 3181 3256 3257
f 3181 3257 3182
f 3182 3257 3258
f 3182 3258 3183
f 3183 3258 3259
f 3183 3259 3184
f 3184 3259 3260
f 3184 3260 3185
f 3185 3260 3261
f 3185 3261 3186
f 3186 3261 3262
f 3186 3262 3187
f 3187 3262 3263
f 3187 3263 3188
f 3188 3263 3264
f 3188 3264 3189
f 3189 3264 3265
f 3189 3265 3190
f 3190 3265 3266
f 3190 3266 3191
f 3191 3266 3267
f 3191 3267 3192
f 3192 3267 3268
f 3193 3269 3194
f 3194 3269 3270
f 3194 3270 3195
f 3195 3270 3271
f 3195 3271 3196
f 3196 3271 3272
f 3196 3272 3197
f 3197 3272 3273
f 3197 3273 3198
f 3198 3273 3274
f 3198 3274 3199
f 3199 3274 3275
f 3199 3275 3200
f 3200 3275 3276
f 3200 3276 3201
f 3201 3276 3277
f 3201 3277 3202
f 3202 3277 3278
f 3202 3278 3203
f 3203 3278 3279
f 3203 3279 3204
f 3204 3279 3280
f 3204 3280 3205
f 3205 3280 3281
f 3205 3281 3206
f 3206 3281 3282
f 3206 3282 3207
f 3207 3282 3283
f 3207 3283 3208
f 3208 3283 3284
f 3208 3284 3209
f 3209 3284 3285
f 3209 3285 3210
f 3210 3285 3286
f 3210 3286 3211
f 3211 3286 3287
f 3211 3287 3212
f 3212 3287 3288
f 3212 3288 3213
f 3213 3288 3289
f 3213 3289 3214
f 3214 3289 3290
f 3214 3290 3215
f 3215 3290 3291
f 3215 3291 3216
f 3216 3291 3292
f 3216 3292 3217
f 3217 3292 3293
f 3217 3293 3218
f 3218 3293 3294
f 3218 3294 3219
f 3219 3294 3295
f 3219 3295 3220
f 3220 3295 3296
f 3220 3296 3221
f 3221 3296 3297
f 3221 3297 3222
f 3222 3297 3298
f 3222 3298 3223
f 3223 3298 3299
f 3223 3299 3224
f 3224 3299 3300
f 3224 3300 3225
f 3225 3300 3301
f 3225 3301 3226
f 3226 3301 3302
f 3226 3302 3227
f 3227 3302 3303
f 3227 3303 3228
f 3228 3303 3304
f 3228 3304 3229
f 3229 3304 3305
f 3229 3305 3230
f 3230 3305 3306
f 3230 3306 3231
f 3231 3306 3307
f 3231 3307 3232
f 3232 3307 3308
f 3232 3308 3233
f 3233 3308 3309
f 3233 3309 3234
f 3234 3309 3310
f 3234 3310 3235
f 3235 3310 3311
f 3235 3311 3236
f 3236 3311 3312
f 3236 3312 3237
f 3237 3312 3313
f 3237 3313 3238
f 3238 3313 3314
f 3238 3314 3239
f 3239 3314 3315
f 3239 3315 3240
f 3240 3315 3316
f 3240 3316 3241
f 3241 3316 3317
f 3241 3317 3242
f 3242 3317 3318
f 3242 3318 3243
f 3243 3318 3319
f 3243 3319 3244
f 3244 3319 3320
f 3244 3320 3245
f 3245 3320 3321
f 3245 3321 3246
f 3246 3321 3322
f 3246 3322 3247
f 3247 3322 3323
f 3247 3323 3248
f 3248 3323 3324
f 3248 3324 3249
f 3249 3324 3325
f 3249 3325 3250
f 3250 3325 3326
f 3250 3326 3251
f 3251 3326 3327
f 3251 3327 3252
f 3252 3327 3328
f 3252 3328 3253
f 3253 3328 3329
f 3253 3329 3254
f 3254 3329 3330
f 3254 3330 3255
f 3255 3330 3331
f 3255 3331 3256
f 3256 3331 3332
f 3256 3332 3257
f 3257 3332 3333
f 3257 3333 3258
f 3258 3333 3334
f 3258 3334 3259
f 3259 3334 3335
f 3259 3335 3260
f 3260 3335 3336
f 3260 3336 3261
f 3261 3336 3337
f 3261 3337 3262
f 3262 3337 3338
f 3262 3338 3263
f 3263 3338 3339
f 3263 3339 3264
f 3264 3339 3340
f 3264 3340 3265
f 3265 3340 3341
f 3265 3341 3266
f 3266 3341 3342
f 3266 3342 3267
f 3267 3342 3343
f 3267 3343 3268
f 3268 3343 3344
f 3269 3345 3270
f 3270 3345 3346
f 3270 3346 3271
f 3271 3346 3347
f 3271 3347 3272
f 3272 3347 3348
f 3272 3348 3273
f 3273 3348 3349
f 3273 3349 3274
f 3274 3349 3350
f 3274 3350 3275
f 3275 3350 3351
f 3275 3351 3276
f 3276 3351 3352
f 3276 3352 3277
f 3277 3352 3353
f 3277 3353 3278
f 3278 3353 3354
f 3278 3354 3279
f 3279 3354 3355
f 3279 3355 3280
f 3280 3355 3356
f 3280 3356 3281
f 3281 3356 3357
f 3281 3357 3282
f 3282 3357 3358
f 3282 3358 3283
f 3283 3358 3359
f 3283 3359 3284
f 3284 3359 3360
f 3284 3360 3285
f 3285 3360 3361
f 3285 3361 3286
f 3286 3361 3362
f 3286 3362 3287
f 3287 3362 3363
f 3287 3363 3288
f 3288 3363 3364
f 3288 3364 3289
f 3289 3364 3365
f 3289 3365 3290
f 3290 3365 3366
f 3290 3366 3291
f 3291 3366 3367
f 3291 3367 3292
f 3292 3367 3368
f 3292 3368 3293
f 3293 3368 3369
f 3293 3369 3294
f 3294 3369 3370
f 3294 3370 3295
f 3295 3370 3371
f 3295 3371 3296
f 3296 3371 3372
f 3296 3372 3297
f 3297 3372 3373
f 3297 3373 3298
f 3298 3373 3374
f 3298 3374 3299
f 3299 3374 3375
f 3299 3375 3300
f 3300 3375 3376
f 3300 3376 3301
f 3301 3376 3377
f 3301 3377 3302
f 3302 3377 3378
f 3302 3378 3303
f 3303 3378 3379
f 3303 3379 3304
f 3304 3379 3380
f 3304 3380 3305
f 3305 3380 3381
f 3305 3381 3306
f 3306 3381 3382
f 3306 3382 3307
f 3307 3382 3383
f 3307 3383 3308
f 3308 3383 3384
f 3308 3384 3309
f 3309 3384 3385
f 3309 3385 3310
f 3310 3385 3386
f 3310 3386 3311
f 3311 3386 3387
f 3311 3387 3312
f 3312 3387 3388
f 3312 3388 3313
f 3313 3388 3389
f 3313 3389 3314
f 3314 3389 3390
f 3314 3390 3315
f 3315 3390 3391
f 3315 3391 3316
f 3316 3391 3392
f 3316 3392 3317
f 3317 3392 3393
f 3317 3393 3318
f 3318 3393 3394
f 3318 3394 3319
f 3319 3394 3395
f 3319 3395 3320
f 3320 3395 3396
f 3320 3396 3321
f 3321 3396 3397
f 3321 3397 3322
f 3322 3397 3398
f 3322 3398 3323
f 3323 3398 3399
f 3323 3399 3324
f 3324 3399 3400
f 3324 3400 3325
f 3325 3400 3401
f 3325 3401 3326
f 3326 3401 3402
f 3326 3402 3327
f 3327 3402 3403
f 3327 3403 3328
f 3328 3403 3404
f 3328 3404 3329
f 3329 3404 3405
f 3329 3405 3330
f 3330 3405 3406
f 3330 3406 3331
f 3331 3406 3407
f 3331 3407 3332
f 3332 3407 3408
f 3332 3408 3333
f 3333 3408 3409
f 3333 3409 3334
f 3334 3409 3410
f 3334 3410 3335
f 3335 3410 3411
f 3335 3411 3336
f 3336 3411 3412
f 3336 3412 3337
f 3337 3412 3413
f 3337 3413 3338
f 3338 3413 3414
f 3338 3414 3339
f 3339 3414 3415
f 3339 3415 3340
f 3340 3415 3416
f 3340 3416 3341
f 3341 3416 3417
f 3341 3417 3342
f 3342 3417 3418
f 3342 3418 3343
f 3343 3418 3419
f 3343 3419 3344
f 3344 3419 3420
f 3345 3421 3346
f 3346 3421 3422
f 3346 3422 3347
f 3347 3422 3423
f 3347 3423 3348
f 3348 3423 3424
f 3348 3424 3349
f 3349 3424 3425
f 3349 3425 3350
f 3350 3425 3426
f 3350 3426 3351
f 3351 3426 3427
f 3351 3427 3352
f 3352 3427 3428
f 3352 3428 3353
f 3353 3428 3429
f 3353 3429 3354
f 3354 3429 3430
f 3354 3430 3355
f 3355 3430 3431
f 3355 3431 3356
f 3356 3431 3432
f 3356 3432 3357
f 3357 3432 3433
f 3357 3433 3358
f 3358 3433 3434
f 3358 3434 3359
f 3359 3434 3435
f 3359 3435 3360
f 3360 3435 3436
f 3360 3436 3361
f 3361 3436 3437
f 3361 3437 3362
f 3362 3437 3438
f 3362 3438 3363
f 3363 3438 3439
f 3363 3439 3364
f 3364 3439 3440
f 3364 3440 3365
f 3365 3440 3441
f 3365 3441 3366
f 3366 3441 3442
f 3366 3442 3367
f 3367 3442 3443
f 3367 3443 3368
f 3368 3443 3444
f 3368 3444 3369
f 3369 3444 3445
f 3369 3445 3370
f 3370 3445 3446
f 3370 3446 3371
f 3371 3446 3447
f 3371 3447 3372
f 3372 3447 3448
f 3372 3448 3373
f 3373 3448 3449
f 3373 3449 3374
f 3374 3449 3450
f 3374 3450 3375
f 3375 3450 3451
f 3375 3451 3376
f 3376 3451 3452
f 3376 3452 3377
f 3377 3452 3453
f 3377 3453 3378
f 3378 3453 3454
f 3378 3454 3379
f 3379 3454 3455
f 3379 3455 3380
f 3380 3455 3456
f 3380 3456 3381
f 3381 3456 3457
f 3381 3457 3382
f 3382 3457 3458
f 3382 3458 3383
f 3383 3458 3459
f 3383 3459 3384
f 3384 3459 3460
f 3384 3460 3385
f 3385 3460 3461
f 3385 3461 3386
f 3386 3461 3462
f 3386 3462 3387
f 3387 3462 3463
f 3387 3463 3388
f 3388 3463 3464
f 3388 3464 3389
f 3389 3464 3465
f 3389 3465 3390
f 3390 3465 3466
f 3390 3466 3391
f 3391 3466 3467
f 3391 3467 3392
f 3392 3467 3468
f 3392 3468 3393
f 3393 3468 3469
f 3393 3469 3394
f 3394 3469 3470
f 3394 3470 3395
f 3395 3470 3471
f 3395 3471 3396
f 3396 3471 3472
f 3396 3472 3397
f 3397 3472 3473
f 3397 3473 3398
f 3398 3473 3474
f 3398 3474 3399
f 3399 3474 3475
f 3399 3475 3400
f 3400 3475 3476
f 3400 3476 3401
f 3401 3476 3477
f 3401 3477 3402
f 3402 3477 3478
f 3402 3478 3403
f 3403 3478 3479
f 3403 3479 3404
f 3404 3479 3480
f 3404 3480 3405
f 3405 3480 3481
f 3405 3481 3406
f 3406 3481 3482
f 3406 3482 3407
f 3407 3482 3483
f 3407 3483 3408
f 3408 3483 3484
f 3408 3484 3409
f 3409 3484 3485
f 3409 3485 3410
f 3410 3485 3486
f 3410 3486 3411
f 3411 3486 3487
f 3411 3487 3412
f 3412 3487 3488
f 3412 3488 3413
f 3413 3488 3489
f 3413 3489 3414
f 3414 3489 3490
f 3414 3490 3415
f 3415 3490 3491
f 3415 3491 3416
f 3416 3491 3492
f 3416 3492 3417
f 3417 3492 3493
f 3417 3493 3418
f 3418 3493 3494
f 3418 3494 3419
f 3419 3494 3495
f 3419 3495 3420
f 3420 3495 3496
f 3421 3497 3422
f 3422 3497 3498
f 3422 3498 3423
f 3423 3498 3499
f 3423 3499 3424
f 3424 3499 3500
f 3424 3500 3425
f 3425 3500 3501
f 3425 3501 3426
f 3426 3501 3502
f 3426 3502 3427
f 3427 3502 3503
f 3427 3503 3428
f 3428 3503 3504
f 3428 3504 3429
f 3429 3504 3505
f 3429 3505 3430
f 3430 3505 3506
f 3430 3506 3431
f 3431 3506 3507
f 3431 3507 3432
f 3432 3507 3508
f 3432 3508 3433
f 3433 3508 3509
f 3433 3509 3434
f 3434 3509 3510
f 3434 3510 3435
f 3435 3510 3511
f 3435 3511 3436
f 3436 3511 3512
f 3436 3512 3437
f 3437 3512 3513
f 3437 3513 3438
f 3438 3513 3514
f 3438 3514 3439
f 3439 3514 3515
f 3439 3515 3440
f 3440 3515 3516
f 3440 3516 3441
f 3441 3516 3517
f 3441 3517 3442
f 3442 3517 3518
f 3442 3518 3443
f 3443 3518 3519
f 3443 3519 3444
f 3444 3519 3520
f 3444 3520 3445
f 3445 3520 3521
f 3445 3521 3446
f 3446 3521 3522
f 3446 3522 3447
f 3447 3522 3523
f 3447 3523 3448
f 3448 3523 3524
f 3448 3524 3449
f 3449 3524 3525
f 3449 3525 3450
f 3450 3525 3526
f 3450 3526 3451
f 3451 3526 3527
f 3451 3527 3452
f 3452 3527 3528
f 3452 3528 3453
f 3453 3528 3529
f 3453 3529 3454
f 3454 3529 3530
f 3454 3530 3455
f 3455 3530 3531
f 3455 3531 3456
f 3456 3531 3532
f 3456 3532 3457
f 3457 3532 3533
f 3457 3533 3458
f 3458 3533 3534
f 3458 3534 3459
f 3459 3534 3535
f 3459 3535 3460
f 3460 3535 3536
f 3460 3536 3461
f 3461 3536 3537
f 3461 3537 3462
f 3462 3537 3538
f 3462 3538 3463
f 3463 3538 3539
f 3463 3539 3464
f 3464 3539 3540
f 3464 3540 3465
f 3465 3540 3541
f 3465 3541 3466
f 3466 3541 3542
f 3466 3542 3467
f 3467 3542 3543
f 3467 3543 3468
f 3468 3543 3544
f 3468 3544 3469
f 3469 3544 3545
f 3469 3545 3470
f 3470 3545 3546
f 3470 3546 3471
f 3471 3546 3547
f 3471 3547 3472
f 3472 3547 3548
f 3472 3548 3473
f 3473 3548 3549
f 3473 3549 3474
f 3474 3549 3550
f 3474 3550 3475
f 3475 3550 3551
f 3475 3551 3476
f 3476 3551 3552
f 3476 3552 3477
f 3477 3552 3553
f 3477 3553 3478
f 3478 3553 3554
f 3478 3554 3479
f 3479 3554 3555
f 3479 3555 3480
f 3480 3555 3556
f 3480 3556 3481
f 3481 3556 3557
f 3481 3557 3482
f 3482 3557 3558
f 3482 3558 3483
f 3483 3558 3559
f 3483 3559 3484
f 3484 3559 3560
f 3484 3560 3485
f 3485 3560 3561
f 3485 3561 3486
f 3486 3561 3562
f 3486 3562 3487
f 3487 3562 3563
f 3487 3563 3488
f 3488 3563 3564
f 3488 3564 3489
f 3489 3564 3565
f 3489 3565 3490
f 3490 3565 3566
f 3490 3566 3491
f 3491 3566 3567
f 3491 3567 3492
f 3492 3567 3568
f 3492 3568 3493
f 3493 3568 3569
f 3493 3569 3494
f 3494 3569 3570
f 3494 3570 3495
f 3495 3570 3571
f 3495 3571 3496
f 3496 3571 3572
f 3497 3573 3498
f 3498 3573 3574
f 3498 3574 3499
f 3499 3574 3575
f 3499 3575 3500
f 3500 3575 3576
f 3500 3576 3501
f 3501 3576 3577
f 3501 3577 3502
f 3502 3577 3578
f 3502 3578 3503
f 3503 3578 3579
f 3503 3579 3504
f 3504 3579 3580
f 3504 3580 3505
f 3505 3580 3581
f 3505 3581 3506
f 3506 3581 3582
f 3506 3582 3507
f 3507 3582 3583
f 3507 3583 3508
f 3508 3583 3584
f 3508 3584 3509
f 3509 3584 3585
f 3509 3585 3510
f 3510 3585 3586
f 3510 3586 3511
f 3511 3586 3587
f 3511 3587 3512
f 3512 3587 3588
f 3512 3588 3513
f 3513 3588 3589
f 3513 3589 3514
f 3514 3589 3590
f 3514 3590 3515
f 3515 3590 3591
f 3515 3591 3516
f 3516 3591 3592
f 3516 3592 3517
f 3517 3592 3593
f 3517 3593 3518
f 3518 3593 3594
f 3518 3594 3519
f 3519 3594 3595
f 3519 3595 3520
f 3520 3595 3596
f 3520 3596 3521
f 3521 3596 3597
f 3521 3597 3522
f 3522 3597 3598
f 3522 3598 3523
f 3523 3598 3599
f 3523 3599 3524
f 3524 3599 3600
f 3524 3600 3525
f 3525 3600 3601
f 3525 3601 3526
f 3526 3601 3602
f 3526 3602 3527
f 3527 3602 3603
f 3527 3603 3528
f 3528 3603 3604
f 3528 3604 3529
f 3529 3604 3605
f 3529 3605 3530
f 3530 3605 3606
f 3530 3606 3531
f 3531 3606 3607
f 3531 3607 3532
f 3532 3607 3608
f 3532 3608 3533
f 3533 3608 3609
f 3533 3609 3534
f 3534 3609 3610
f 3534 3610 3535
f 3535 3610 3611
f 3535 3611 3536
f 3536 3611 3612
f 3536 3612 3537
f 3537 3612 3613
f 3537 3613 3538
f 3538 3613 3614
f 3538 3614 3539
f 3539 3614 3615
f 3539 3615 3540
f 3540 3615 3616
f 3540 3616 3541
f 3541 3616 3617
f 3541 3617 3542
f 3542 3617 3618
f 3542 3618 3543
f 3543 3618 3619
f 3543 3619 3544
f 3544 3619 3620
f 3544 3620 3545
f 3545 3620 3621
f 3545 3621 3546
f 3546 3621 3622
f 3546 3622 3547
f 3547 3622 3623
f 3547 3623 3548
f 3548 3623 3624
f 3548 3624 3549
f 3549 3624 3625
f 3549 3625 3550
f 3550 3625 3626
f 3550 3626 3551
f 3551 3626 3627
f 3551 3627 3552
f 3552 3627 3628
f 3552 3628 3553
f 3553 3628 3629
f 3553 3629 3554
f 3554 3629 3630
f 3554 3630 3555
f 3555 3630 3631
f 3555 3631 3556
f 3556 3631 3632
f 3556 3632 3557
f 3557 3632 3633
f 3557 3633 3558
f 3558 3633 3634
f 3558 3634 3559
f 3559 3634 3635
f 3559 3635 3560
f 3560 3635 3636
f 3560 3636 3561
f 3561 3636 3637
f 3561 3637 3562
f 3562 3637 3638
f 3562 3638 3563
f 3563 3638 3639
f 3563 3639 3564
f 3564 3639 3640
f 3564 3640 3565
f 3565 3640 3641
f 3565 3641 3566
f 3566 3641 3642
f 3566 3642 3567
f 3567 3642 3643
f 3567 3643 3568
f 3568 3643 3644
f 3568 3644 3569
f 3569 3644 3645
f 3569 3645 3570
f 3570 3645 3646
f 3570 3646 3571
f 3571 3646 3647
f 3571 3647 3572
f 3572 3647 3648
f 3573 3649 3574
f 3574 3649 3650
f 3574 3650 3575
f 3575 3650 3651
f 3575 3651 3576
f 3576 3651 3652
f 3576 3652 3577
f 3577 3652 3653
f 3577 3653 3578
f 3578 3653 3654
f 3578 3654 3579
f 3579 3654 3655
f 3579 3655 3580
f 3580 3655 3656
f 3580 3656 3581
f 3581 3656 3657
f 3581 3657 3582
f 3582 3657 3658
f 3582 3658 3583
f 3583 3658 3659
f 3583 3659 3584
f 3584 3659 3660
f 3584 3660 3585
f 3585 3660 3661
f 3585 3661 3586
f 3586 3661 3662
f 3586 3662 3587
f 3587 3662 3663
f 3587 3663 3588
f 3588 3663 3664
f 3588 3664 3589
f 3589 3664 3665
f 3589 3665 3590
f 3590 3665 3666
f 3590 3666 3591
f 3591 3666 3667
f 3591 3667 3592
f 3592 3667 3668
f 3592 3668 3593
f 3593 3668 3669
f 3593 3669 3594
f 3594 3669 3670
f 3594 3670 3595
f 3595 3670 3671
f 3595 3671 3596
f 3596 3671 3672
f 3596 3672 3597
f 3597 3672 3673
f 3597 3673 3598
f 3598 3673 3674
f 3598 3674 3599
f 3599 3674 3675
f 3599 3675 3600
f 3600 3675 3676
f 3600 3676 3601
f 3601 3676 3677
f 3601 3677 3602
f 3602 3677 3678
f 3602 3678 3603
f 3603 3678 3679
f 3603 3679 3604
f 3604 3679 3680
f 3604 3680 3605
f 3605 3680 3681
f 3605 3681 3606
f 3606 3681 3682
f 3606 3682 3607
f 3607 3682 3683
f 3607 3683 3608
f 3608 3683 3684
f 3608 3684 3609
f 3609 3684 3685
f 3609 3685 3610
f 3610 3685 3686
f 3610 3686 3611
f 3611 3686 3687
f 3611 3687 3612
f 3612 3687 3688
f 3612 3688 3613
f 3613 3688 3689
f 3613 3689 3614
f 3614 3689 3690
f 3614 3690 3615
f 3615 3690 3691
f 3615 3691 3616
f 3616 3691 3692
f 3616 3692 3617
f 3617 3692 3693
f 3617 3693 3618
f 3618 3693 3694
f 3618 3694 3619
f 3619 3694 3695
f 3619 3695 3620
f 3620 3695 3696
f 3620 3696 3621
f 3621 3696 3697
f 3621 3697 3622
f 3622 3697 3698
f 3622 3698 3623
f 3623 3698 3699
f 3623 3699 3624
f 3624 3699 3700
f 3624 3700 3625
f 3625 3700 3701
f 3625 3701 3626
f 3626 3701 3702
f 3626 3702 3627
f 3627 3702 3703
f 3627 3703 3628
f 3628 3703 3704
f 3628 3704 3629
f 3629 3704 3705
f 3629 3705 3630
f 3630 3705 3706
f 3630 3706 3631
f 3631 3706 3707
f 3631 3707 3632
f 3632 3707 3708
f 3632 3708 3633
f 3633 3708 3709
f 3633 3709 3634
f 3634 3709 3710
f 3634 3710 3635
f 3635 3710 3711
f 3635 3711 3636
f 3636 3711 3712
f 3636 3712 3637
f 3637 3712 3713
f 3637 3713 3638
f 3638 3713 3714
f 3638 3714 3639
f 3639 3714 3715
f 3639 3715 3640
f 3640 3715 3716
f 3640 3716 3641
f 3641 3716 3717
f 3641 3717 3642
f 3642 3717 3718
f 3642 3718 3643
f 3643 3718 3719
f 3643 3719 3644
f 3644 3719 3720
f 3644 3720 3645
f 3645 3720 3721
f 3645 3721 3646
f 3646 3721 3722
f 3646 3722 3647
f 3647 3722 3723
f 3647 3723 3648
f 3648 3723 3724
f 3649 3725 3650
f 3650 3725 3726
f 3650 3726 3651
f 3651 3726 3727
f 3651 3727 3652
f 3652 3727 3728
f 3652 3728 3653
f 3653 3728 3729
f 3653 3729 3654
f 3654 3729 3730
f 3654 3730 3655
f 3655 3730 3731
f 3655 3731 3656
f 3656 3731 3732
f 3656 3732 3657
f 3657 3732 3733
f 3657 3733 3658
f 3658 3733 3734
f 3658 3734 3659
f 3659 3734 3735
f 3659 3735 3660
f 3660 3735 3736
f 3660 3736 3661
f 3661 3736 3737
f 3661 3737 3662
f 3662 3737 3738
f 3662 3738 3663
f 3663 3738 3739
f 3663 3739 3664
f 3664 3739 3740
f 3664 3740 3665
f 3665 3740 3741
f 3665 3741 3666
f 3666 3741 3742
f 3666 3742 3667
f 3667 3742 3743
f 3667 3743 3668
f 3668 3743 3744
f 3668 3744 3669
f 3669 3744 3745
f 3669 3745 3670
f 3670 3745 3746
f 3670 3746 3671
f 3671 3746 3747
f 3671 3747 3672
f 3672 3747 3748
f 3672 3748 3673
f 3673 3748 3749
f 3673 3749 3674
f 3674 3749 3750
f 3674 3750 3675
f 3675 3750 3751
f 3675 3751 3676
f 3676 3751 3752
f 3676 3752 3677
f 3677 3752 3753
f 3677 3753 3678
f 3678 3753 3754
f 3678 3754 3679
f 3679 3754 3755
f 3679 3755 3680
f 3680 3755 3756
f 3680 3756 3681
f 3681 3756 3757
f 3681 3757 3682
f 3682 3757 3758
f 3682 3758 3683
f 3683 3758 3759
f 3683 3759 3684
f 3684 3759 3760
f 3684 3760 3685
f 3685 3760 3761
f 3685 3761 3686
f 3686 3761 3762
f 3686 3762 3687
f 3687 3762 3763
f 3687 3763 3688
f 3688 3763 3764
f 3688 3764 3689
f 3689 3764 3765
f 3689 3765 3690
f 3690 3765 3766
f 3690 3766 3691
f 3691 3766 3767
f 3691 3767 3692
f 3692 3767 3768
f 3692 3768 3693
f 3693 3768 3769
f 3693 3769 3694
f 3694 3769 3770
f 3694 3770 3695
f 3695 3770 3771
f 3695 3771 3696
f 3696 3771 3772
f 3696 3772 3697
f 3697 3772 3773
f 3697 3773 3698
f 3698 3773 3774
f 3698 3774 3699
f 3699 3774 3775
f 3699 3775 3700
f 3700 3775 3776
f 3700 3776 3701
f 3701 3776 3777
f 3701 3777 3702
f 3702 3777 3778
f 3702 3778 3703
f 3703 3778 3779
f 3703 3779 3704
f 3704 3779 3780
f 3704 3780 3705
f 3705 3780 3781
f 3705 3781 3706
f 3706 3781 3782
f 3706 3782 3707
f 3707 3782 3783
f 3707 3783 3708
f 3708 3783 3784
f 3708 3784 3709
f 3709 3784 3785
f 3709 3785 3710
f 3710 3785 3786
f 3710 3786 3711
f 3711 3786 3787
f 3711 3787 3712
f 3712 3787 3788
f 3712 3788 3713
f 3713 3788 3789
f 3713 3789 3714
f 3714 3789 3790
f 3714 3790 3715
f 3715 3790 3791
f 3715 3791 3716
f 3716 3791 3792
f 3716 3792 3717
f 3717 3792 3793
f 3717 3793 3718
f 3718 3793 3794
f 3718 3794 3719
f 3719 3794 3795
f 3719 3795 3720
f 3720 3795 3796
f 3720 3796 3721
f 3721 3796 3797
f 3721 3797 3722
f 3722 3797 3798
f 3722 3798 3723
f 3723 3798 3799
f 3723 3799 3724
f 3724 3799 3800
f 3725 3801 3726
f 3726 3801 3802
f 3726 3802 3727
f 3727 3802 3803
f 3727 3803 3728
f 3728 3803 3804
f 3728 3804 3729
f 3729 3804 3805
f 3729 3805 3730
f 3730 3805 3806
f 3730 3806 3731
f 3731 3806 3807
f 3731 3807 3732
f 3732 3807 3808
f 3732 3808 3733
f 3733 3808 3809
f 3733 3809 3734
f 3734 3809 3810
f 3734 3810 3735
f 3735 3810 3811
f 3735 3811 3736
f 3736 3811 3812
f 3736 3812 3737
f 3737 3812 3813
f 3737 3813 3738
f 3738 3813 3814
f 3738 3814 3739
f 3739 3814 3815
f 3739 3815 3740
f 3740 3815 3816
f 3740 3816 3741
f 3741 3816 3817
f 3741 3817 3742
f 3742 3817 3818
f 3742 3818 3743
f 3743 3818 3819
f 3743 3819 3744
f 3744 3819 3820
f 3744 3820 3745
f 3745 3820 3821
f 3745 3821 3746
f 3746 3821 3822
f 3746 3822 3747
f 3747 3822 3823
f 3747 3823 3748
f 3748 3823 3824
f 3748 3824 3749
f 3749 3824 3825
f 3749 3825 3750
f 3750 3825 3826
f 3750 3826 3751
f 3751 3826 3827
f 3751 3827 3752
f 3752 3827 3828
f 3752 3828 3753
f 3753 3828 3829
f 3753 3829 3754
f 3754 3829 3830
f 3754 3830 3755
f 3755 3830 3831
f 3755 3831 3756
f 3756 3831 3832
f 3756 3832 3757
f 3757 3832 3833
f 3757 3833 3758
f 3758 3833 3834
f 3758 3834 3759
f 3759 3834 3835
f 3759 3835 3760
f 3760 3835 3836
f 3760 3836 3761
f 3761 3836 3837
f 3761 3837 3762
f 3762 3837 3838
f 3762 3838 3763
f 3763 3838 3839
f 3763 3839 3764
f 3764 3839 3840
f 3764 3840 3765
f 3765 3840 3841
f 3765 3841 3766
f 3766 3841 3842
f 3766 3842 3767
f 3767 3842 3843
f 3767 3843 3768
f 3768 3843 3844
f 3768 3844 3769
f 3769 3844 3845
f 3769 3845 3770
f 3770 3845 3846
f 3770 3846 3771
f 3771 3846 3847
f 3771 3847 3772
f 3772 3847 3848
f 3772 3848 3773
f 3773 3848 3849
f 3773 3849 3774
f 3774 3849 3850
f 3774 3850 3775
f 3775 3850 3851
f 3775 3851 3776
f 3776 3851 3852
f 3776 3852 3777
f 3777 3852 3853
f 3777 3853 3778
f 3778 3853 3854
f 3778 3854 3779
f 3779 3854 3855
f 3779 3855 3780
f 3780 3855 3856
f 3780 3856 3781
f 3781 3856 3857
f 3781 3857 3782
f 3782 3857 3858
f 3782 3858 3783
f 3783 3858 3859
f 3783 3859 3784
f 3784 3859 3860
f 3784 3860 3785
f 3785 3860 3861
f 3785 3861 3786
f 3786 3861 3862
f 3786 3862 3787
f 3787 3862 3863
f 3787 3863 3788
f 3788 3863 3864
f 3788 3864 3789
f 3789 3864 3865
f 3789 3865 3790
f 3790 3865 3866
f 3790 3866 3791
f 3791 3866 3867
f 3791 3867 3792
f 3792 3867 3868
f 3792 3868 3793
f 3793 3868 3869
f 3793 3869 3794
f 3794 3869 3870
f 3794 3870 3795
f 3795 3870 3871
f 3795 3871 3796
f 3796 3871 3872
f 3796 3872 3797
f 3797 3872 3873
f 3797 3873 3798
f 3798 3873 3874
f 3798 3874 3799
f 3799 3874 3875
f 3799 3875 3800
f 3800 3875 3876
f 3801 3877 3802
f 3802 3877 3878
f 3802 3878 3803
f 3803 3878 3879
f 3803 3879 3804
f 3804 3879 3880
f 3804 3880 3805
f 3805 3880 3881
f 3805 3881 3806
f 3806 3881 3882
f 3806 3882 3807
f 3807 3882 3883
f 3807 3883 3808
f 3808 3883 3884
f 3808 3884 3809
f 3809 3884 3885
f 3809 3885 3810
f 3810 3885 3886
f 3810 3886 3811
f 3811 3886 3887
f 3811 3887 3812
f 3812 3887 3888
f 3812 3888 3813
f 3813 3888 3889
f 3813 3889 3814
f 3814 3889 3890
f 3814 3890 3815
f 3815 3890 3891
f 3815 3891 3816
f 3816 3891 3892
f 3816 3892 3817
f 3817 3892 3893
f 3817 3893 3818
f 3818 3893 3894
f 3818 3894 3819
f 3819 3894 3895
f 3819 3895 3820
f 3820 3895 3896
f 3820 3896 3821
f 3821 3896 3897
f 3821 3897 3822
f 3822 3897 3898
f 3822 3898 3823
f 3823 3898 3899
f 3823 3899 3824
f 3824 3899 3900
f 3824 3900 3825
f 3825 3900 3901
f 3825 3901 3826
f 3826 3901 3902
f 3826 3902 3827
f 3827 3902 3903
f 3827 3903 3828
f 3828 3903 3904
f 3828 3904 3829
f 3829 3904 3905
f 3829 3905 3830
f 3830 3905 3906
f 3830 3906 3831
f 3831 3906 3907
f 3831 3907 3832
f 3832 3907 3908
f 3832 3908 3833
f 3833 3908 3909
f 3833 3909 3834
f 3834 3909 3910
f 3834 3910 3835
f 3835 3910 3911
f 3835 3911 3836
f 3836 3911 3912
f 3836 3912 3837
f 3837 3912 3913
f 3837 3913 3838
f 3838 3913 3914
f 3838 3914 3839
f 3839 3914 3915
f 3839 3915 3840
f 3840 3915 3916
f 3840 3916 3841
f 3841 3916 3917
f 3841 3917 3842
f 3842 3917 3918
f 3842 3918 3843
f 3843 3918 3919
f 3843 3919 3844
f 3844 3919 3920
f 3844 3920 3845
f 3845 3920 3921
f 3845 3921 3846
f 3846 3921 3922
f 3846 3922 3847
f 3847 3922 3923
f 3847 3923 3848
f 3848 3923 3924
f 3848 3924 3849
f 3849 3924 3925
f 3849 3925 3850
f 3850 3925 3926
f 3850 3926 3851
f 3851 3926 3927
f 3851 3927 3852
f 3852 3927 3928
f 3852 3928 3853
f 3853 3928 3929
f 3853 3929 3854
f 3854 3929 3930
f 3854 3930 3855
f 3855 3930 3931
f 3855 3931 3856
f 3856 3931 3932
f 3856 3932 3857
f 3857 3932 3933
f 3857 3933 3858
f 3858 3933 3934
f 3858 3934 3859
f 3859 3934 3935
f 3859 3935 3860
f 3860 3935 3936
f 3860 3936 3861
f 3861 3936 3937
f 3861 3937 3862
f 3862 3937 3938
f 3862 3938 3863
f 3863 3938 3939
f 3863 3939 3864
f 3864 3939 3940
f 3864 3940 3865
f 3865 3940 3941
f 3865 3941 3866
f 3866 3941 3942
f 3866 3942 3867
f 3867 3942 3943
f 3867 3943 3868
f 3868 3943 3944
f 3868 3944 3869
f 3869 3944 3945
f 3869 3945 3870
f 3870 3945 3946
f 3870 3946 3871
f 3871 3946 3947
f 3871 3947 3872
f 3872 3947 3948
f 3872 3948 3873
f 3873 3948 3949
f 3873 3949 3874
f 3874 3949 3950
f 3874 3950 3875
f 3875 3950 3951
f 3875 3951 3876
f 3876 3951 3952
f 3877 3953 3878
f 3878 3953 3954
f 3878 3954 3879
f 3879 3954 3955
f 3879 3955 3880
f 3880 3955 3956
f 3880 3956 3881
f 3881 3956 3957
f 3881 3957 3882
f 3882 3957 3958
f 3882 3958 3883
f 3883 3958 3959
f 3883 3959 3884
f 3884 3959 3960
f 3884 3960 3885
f 3885 3960 3961
f 3885 3961 3886
f 3886 3961 3962
f 3886 3962 3887
f 3887 3962 3963
f 3887 3963 3888
f 3888 3963 3964
f 3888 3964 3889
f 3889 3964 3965
f 3889 3965 3890
f 3890 3965 3966
f 3890 3966 3891
f 3891 3966 3967
f 3891 3967 3892
f 3892 3967 3968
f 3892 3968 3893
f 3893 3968 3969
f 3893 3969 3894
f 3894 3969 3970
f 3894 3970 3895
f 3895 3970 3971
f 3895 3971 3896
f 3896 3971 3972
f 3896 3972 3897
f 3897 3972 3973
f 3897 3973 3898
f 3898 3973 3974
f 3898 3974 3899
f 3899 3974 3975
f 3899 3975 3900
f 3900 3975 3976
f 3900 3976 3901
f 3901 3976 3977
f 3901 3977 3902
f 3902 3977 3978
f 3902 3978 3903
f 3903 3978 3979
f 3903 3979 3904
f 3904 3979 3980
f 3904 3980 3905
f 3905 3980 3981
f 3905 3981 3906
f 3906 3981 3982
f 3906 3982 3907
f 3907 3982 3983
f 3907 3983 3908
f 3908 3983 3984
f 3908 3984 3909
f 3909 3984 3985
f 3909 3985 3910
f 3910 3985 3986
f 3910 3986 3911
f 3911 3986 3987
f 3911 3987 3912
f 3912 3987 3988
f 3912 3988 3913
f 3913 3988 3989
f 3913 3989 3914
f 3914 3989 3990
f 3914 3990 3915
f 3915 3990 3991
f 3915 3991 3916
f 3916 3991 3992
f 3916 3992 3917
f 3917 3992 3993
f 3917 3993 3918
f 3918 3993 3994
f 3918 3994 3919
f 3919 3994 3995
f 3919 3995 3920
f 3920 3995 3996
f 3920 3996 3921
f 3921 3996 3997
f 3921 3997 3922
f 3922 3997 3998
f 3922 3998 3923
f 3923 3998 3999
f 3923 3999 3924
f 3924 3999 4000
f 3924 4000 3925
f 3925 4000 4001
f 3925 4001 3926
f 3926 4001 4002
f 3926 4002 3927
f 3927 4002 4003
f 3927 4003 3928
f 3928 4003 4004
f 3928 4004 3929
f 3929 4004 4005
f 3929 4005 3930
f 3930 4005 4006
f 3930 4006 3931
f 3931 4006 4007
f 3931 4007 3932
f 3932 4007 4008
f 3932 4008 3933
f 3933 4008 4009
f 3933 4009 3934
f 3934 4009 4010
f 3934 4010 3935
f 3935 4010 4011
f 3935 4011 3936
f 3936 4011 4012
f 3936 4012 3937
f 3937 4012 4013
f 3937 4013 3938
f 3938 4013 4014
f 3938 4014 3939
f 3939 4014 4015
f 3939 4015 3940
f 3940 4015 4016
f 3940 4016 3941
f 3941 4016 4017
f 3941 4017 3942
f 3942 4017 4018
f 3942 4018 3943
f 3943 4018 4019
f 3943 4019 3944
f 3944 4019 4020
f 3944 4020 3945
f 3945 4020 4021
f 3945 4021 3946
f 3946 4021 4022
f 3946 4022 3947
f 3947 4022 4023
f 3947 4023 3948
f 3948 4023 4024
f 3948 4024 3949
f 3949 4024 4025
f 3949 4025 3950
f 3950 4025 4026
f 3950 4026 3951
f 3951 4026 4027
f 3951 4027 3952
f 3952 4027 4028
f 3953 4029 3954
f 3954 4029 4030
f 3954 4030 3955
f 3955 4030 4031
f 3955 4031 3956
f 3956 4031 4032
f 3956 4032 3957
f 3957 4032 4033
f 3957 4033 3958
f 3958 4033 4034
f 3958 4034 3959
f 3959 4034 4035
f 3959 4035 3960
f 3960 4035 4036
f 3960 4036 3961
f 3961 4036 4037
f 3961 4037 3962
f 3962 4037 4038
f 3962 4038 3963
f 3963 4038 4039
f 3963 4039 3964
f 3964 4039 4040
f 3964 4040 3965
f 3965 4040 4041
f 3965 4041 3966
f 3966 4041 4042
f 3966 4042 3967
f 3967 4042 4043
f 3967 4043 3968
f 3968 4043 4044
f 3968 4044 3969
f 3969 4044 4045
f 3969 4045 3970
f 3970 4045 4046
f 3970 4046 3971
f 3971 4046 4047
f 3971 4047 3972
f 3972 4047 4048
f 3972 4048 3973
f 3973 4048 4049
f 3973 4049 3974
f 3974 4049 4050
f 3974 4050 3975
f 3975 4050 4051
f 3975 4051 3976
f 3976 4051 4052
f 3976 4052 3977
f 3977 4052 4053
f 3977 4053 3978
f 3978 4053 4054
f 3978 4054 3979
f 3979 4054 4055
f 3979 4055 3980
f 3980 4055 4056
f 3980 4056 3981
f 3981 4056 4057
f 3981 4057 3982
f 3982 4057 4058
f 3982 4058 3983
f 3983 4058 4059
f 3983 4059 3984
f 3984 4059 4060
f 3984 4060 3985
f 3985 4060 4061
f 3985 4061 3986
f 3986 4061 4062
f 3986 4062 3987
f 3987 4062 4063
f 3987 4063 3988
f 3988 4063 4064
f 3988 4064 3989
f 3989 4064 4065
f 3989 4065 3990
f 3990 4065 4066
f 3990 4066 3991
f 3991 4066 4067
f 3991 4067 3992
f 3992 4067 4068
f 3992 4068 3993
f 3993 4068 4069
f 3993 4069 3994
f 3994 4069 4070
f 3994 4070 3995
f 3995 4070 4071
f 3995 4071 3996
f 3996 4071 4072
f 3996 4072 3997
f 3997 4072 4073
f 3997 4073 3998
f 3998 4073 4074
f 3998 4074 3999
f 3999 4074 4075
f 3999 4075 4000
f 4000 4075 4076
f 4000 4076 4001
f 4001 4076 4077
f 4001 4077 4002
f 4002 4077 4078
f 4002 4078 4003
f 4003 4078 4079
f 4003 4079 4004
f 4004 4079 4080
f 4004 4080 4005
f 4005 4080 4081
f 4005 4081 4006
f 4006 4081 4082
f 4006 4082 4007
f 4007 4082 4083
f 4007 4083 4008
f 4008 4083 4084
f 4008 4084 4009
f 4009 4084 4085
f 4009 4085 4010
f 4010 4085 4086
f 4010 4086 4011
f 4011 4086 4087
f 4011 4087 4012
f 4012 4087 4088
f 4012 4088 4013
f 4013 4088 4089
f 4013 4089 4014
f 4014 4089 4090
f 4014 4090 4015
f 4015 4090 4091
f 4015 4091 4016
f 4016 4091 4092
f 4016 4092 4017
f 4017 4092 4093
f 4017 4093 4018
f 4018 4093 4094
f 4018 4094 4019
f 4019 4094 4095
f 4019 4095 4020
f 4020 4095 4096
f 4020 4096 4021
f 4021 4096 4097
f 4021 4097 4022
f 4022 4097 4098
f 4022 4098 4023
f 4023 4098 4099
f 4023 4099 4024
f 4024 4099 4100
f 4024 4100 4025
f 4025 4100 4101
f 4025 4101 4026
f 4026 4101 4102
f 4026 4102 4027
f 4027 4102 4103
f 4027 4103 4028
f 4028 4103 4104
f 4029 4105 4030
f 4030 4105 4106
f 4030 4106 4031
f 4031 4106 4107
f 4031 4107 4032
f 4032 4107 4108
f 4032 4108 4033
f 4033 4108 4109
f 4033 4109 4034
f 4034 4109 4110
f 4034 4110 4035
f 4035 4110 4111
f 4035 4111 4036
f 4036 4111 4112
f 4036 4112 4037
f 4037 4112 4113
f 4037 4113 4038
f 4038 4113 4114
f 4038 4114 4039
f 4039 4114 4115
f 4039 4115 4040
f 4040 4115 4116
f 4040 4116 4041
f 4041 4116 4117
f 4041 4117 4042
f 4042 4117 4118
f 4042 4118 4043
f 4043 4118 4119
f 4043 4119 4044
f 4044 4119 4120
f 4044 4120 4045
f 4045 4120 4121
f 4045 4121 4046
f 4046 4121 4122
f 4046 4122 4047
f 4047 4122 4123
f 4047 4123 4048
f 4048 4123 4124
f 4048 4124 4049
f 4049 4124 4125
f 4049 4125 4050
f 4050 4125 4126
f 4050 4126 4051
f 4051 4126 4127
f 4051 4127 4052
f 4052 4127 4128
f 4052 4128 4053
f 4053 4128 4129
f 4053 4129 4054
f 4054 4129 4130
f 4054 4130 4055
f 4055 4130 4131
f 4055 4131 4056
f 4056 4131 4132
f 4056 4132 4057
f 4057 4132 4133
f 4057 4133 4058
f 4058 4133 4134
f 4058 4134 4059
f 4059 4134 4135
f 4059 4135 4060
f 4060 4135 4136
f 4060 4136 4061
f 4061 4136 4137
f 4061 4137 4062
f 4062 4137 4138
f 4062 4138 4063
f 4063 4138 4139
f 4063 4139 4064
f 4064 4139 4140
f 4064 4140 4065
f 4065 4140 4141
f 4065 4141 4066
f 4066 4141 4142
f 4066 4142 4067
f 4067 4142 4143
f 4067 4143 4068
f 4068 4143 4144
f 4068 4144 4069
f 4069 4144 4145
f 4069 4145 4070
f 4070 4145 4146
f 4070 4146 4071
f 4071 4146 4147
f 4071 4147 4072
f 4072 4147 4148
f 4072 4148 4073
f 4073 4148 4149
f 4073 4149 4074
f 4074 4149 4150
f 4074 4150 4075
f 4075 4150 4151
f 4075 4151 4076
f 4076 4151 4152
f 4076 4152 4077
f 4077 4152 4153
f 4077 4153 4078
f 4078 4153 4154
f 4078 4154 4079
f 4079 4154 4155
f 4079 4155 4080
f 4080 4155 4156
f 4080 4156 4081
f 4081 4156 4157
f 4081 4157 4082
f 4082 4157 4158
f 4082 4158 4083
f 4083 4158 4159
f 4083 4159 4084
f 4084 4159 4160
f 4084 4160 4085
f 4085 4160 4161
f 4085 4161 4086
f 4086 4161 4162
f 4086 4162 4087
f 4087 4162 4163
f 4087 4163 4088
f 4088 4163 4164
f 4088 4164 4089
f 4089 4164 4165
f 4089 4165 4090
f 4090 4165 4166
f 4090 4166 4091
f 4091 4166 4167
f 4091 4167 4092
f 4092 4167 4168
f 4092 4168 4093
f 4093 4168 4169
f 4093 4169 4094
f 4094 4169 4170
f 4094 4170 4095
f 4095 4170 4171
f 4095 4171 4096
f 4096 4171 4172
f 4096 4172 4097
f 4097 4172 4173
f 4097 4173 4098
f 4098 4173 4174
f 4098 4174 4099
f 4099 4174 4175
f 4099 4175 4100
f 4100 4175 4176
f 4100 4176 4101
f 4101 4176 4177
f 4101 4177 4102
f 4102 4177 4178
f 4102 4178 4103
f 4103 4178 4179
f 4103 4179 4104
f 4104 4179 4180
f 4105 4181 4106
f 4106 4181 4182
f 4106 4182 4107
f 4107 4182 4183
f 4107 4183 4108
f 4108 4183 4184
f 4108 4184 4109
f 4109 4184 4185
f 4109 4185 4110
f 4110 4185 4186
f 4110 4186 4111
f 4111 4186 4187
f 4111 4187 4112
f 4112 4187 4188
f 4112 4188 4113
f 4113 4188 4189
f 4113 4189 4114
f 4114 4189 4190
f 4114 4190 4115
f 4115 4190 4191
f 4115 4191 4116
f 4116 4191 4192
f 4116 4192 4117
f 4117 4192 4193
f 4117 4193 4118
f 4118 4193 4194
f 4118 4194 4119
f 4119 4194 4195
f 4119 4195 4120
f 4120 4195 4196
f 4120 4196 4121
f 4121 4196 4197
f 4121 4197 4122
f 4122 4197 4198
f 4122 4198 4123
f 4123 4198 4199
f 4123 4199 4124
f 4124 4199 4200
f 4124 4200 4125
f 4125 4200 4201
f 4125 4201 4126
f 4126 4201 4202
f 4126 4202 4127
f 4127 4202 4203
f 4127 4203 4128
f 4128 4203 4204
f 4128 4204 4129
f 4129 4204 4205
f 4129 4205 4130
f 4130 4205 4206
f 4130 4206 4131
f 4131 4206 4207
f 4131 4207 4132
f 4132 4207 4208
f 4132 4208 4133
f 4133 4208 4209
f 4133 4209 4134
f 4134 4209 4210
f 4134 4210 4135
f 4135 4210 4211
f 4135 4211 4136
f 4136 4211 4212
f 4136 4212 4137
f 4137 4212 4213
f 4137 4213 4138
f 4138 4213 4214
f 4138 4214 4139
f 4139 4214 4215
f 4139 4215 4140
f 4140 4215 4216
f 4140 4216 4141
f 4141 4216 4217
f 4141 4217 4142
f 4142 4217 4218
f 4142 4218 4143
f 4143 4218 4219
f 4143 4219 4144
f 4144 4219 4220
f 4144 4220 4145
f 4145 4220 4221
f 4145 4221 4146
f 4146 4221 4222
f 4146 4222 4147
f 4147 4222 4223
f 4147 4223 4148
f 4148 4223 4224
f 4148 4224 4149
f 4149 4224 4225
f 4149 4225 4150
f 4150 4225 4226
f 4150 4226 4151
f 4151 4226 4227
f 4151 4227 4152
f 4152 4227 4228
f 4152 4228 4153
f 4153 4228 4229
f 4153 4229 4154
f 4154 4229 4230
f 4154 4230 4155
f 4155 4230 4231
f 4155 4231 4156
f 4156 4231 4232
f 4156 4232 4157
f 4157 4232 4233
f 4157 4233 4158
f 4158 4233 4234
f 4158 4234 4159
f 4159 4234 4235
f 4159 4235 4160
f 4160 4235 4236
f 4160 4236 4161
f 4161 4236 4237
f 4161 4237 4162
f 4162 4237 4238
f 4162 4238 4163
f 4163 4238 4239
f 4163 4239 4164
f 4164 4239 4240
f 4164 4240 4165
f 4165 4240 4241
f 4165 4241 4166
f 4166 4241 4242
f 4166 4242 4167
f 4167 4242 4243
f 4167 4243 4168
f 4168 4243 4244
f 4168 4244 4169
f 4169 4244 4245
f 4169 4245 4170
f 4170 4245 4246
f 4170 4246 4171
f 4171 4246 4247
f 4171 4247 4172
f 4172 4247 4248
f 4172 4248 4173
f 4173 4248 4249
f 4173 4249 4174
f 4174 4249 4250
f 4174 4250 4175
f 4175 4250 4251
f 4175 4251 4176
f 4176 4251 4252
f 4176 4252 4177
f 4177 4252 4253
f 4177 4253 4178
f 4178 4253 4254
f 4178 4254 4179
f 4179 4254 4255
f 4179 4255 4180
f 4180 4255 4256
f 4181 4257 4182
f 4182 4257 4258
f 4182 4258 4183
f 4183 4258 4259
f 4183 4259 4184
f 4184 4259 4260
f 4184 4260 4185
f 4185 4260 4261
f 4185 4261 4186
f 4186 4261 4262
f 4186 4262 4187
f 4187 4262 4263
f 4187 4263 4188
f 4188 4263 4264
f 4188 4264 4189
f 4189 4264 4265
f 4189 4265 4190
f 4190 4265 4266
f 4190 4266 4191
f 4191 4266 4267
f 4191 4267 4192
f 4192 4267 4268
f 4192 4268 4193
f 4193 4268 4269
f 4193 4269 4194
f 4194 4269 4270
f 4194 4270 4195
f 4195 4270 4271
f 4195 4271 4196
f 4196 4271 4272
f 4196 4272 4197
f 4197 4272 4273
f 4197 4273 4198
f 4198 4273 4274
f 4198 4274 4199
f 4199 4274 4275
f 4199 4275 4200
f 4200 4275 4276
f 4200 4276 4201
f 4201 4276 4277
f 4201 4277 4202
f 4202 4277 4278
f 4202 4278 4203
f 4203 4278 4279
f 4203 4279 4204
f 4204 4279 4280
f 4204 4280 4205
f 4205 4280 4281
f 4205 4281 4206
f 4206 4281 4282
f 4206 4282 4207
f 4207 4282 4283
f 4207 4283 4208
f 4208 4283 4284
f 4208 4284 4209
f 4209 4284 4285
f 4209 4285 4210
f 4210 4285 4286
f 4210 4286 4211
f 4211 4286 4287
f 4211 4287 4212
f 4212 4287 4288
f 4212 4288 4213
f 4213 4288 4289
f 4213 4289 4214
f 4214 4289 4290
f 4214 4290 4215
f 4215 4290 4291
f 4215 4291 4216
f 4216 4291 4292
f 4216 4292 4217
f 4217 4292 4293
f 4217 4293 4218
f 4218 4293 4294
f 4218 4294 4219
f 4219 4294 4295
f 4219 4295 4220
f 4220 4295 4296
f 4220 4296 4221
f 4221 4296 4297
f 4221 4297 4222
f 4222 4297 4298
f 4222 4298 4223
f 4223 4298 4299
f 4223 4299 4224
f 4224 4299 4300
f 4224 4300 4225
f 4225 4300 4301
f 4225 4301 4226
f 4226 4301 4302
f 4226 4302 4227
f 4227 4302 4303
f 4227 4303 4228
f 4228 4303 4304
f 4228 4304 4229
f 4229 4304 4305
f 4229 4305 4230
f 4230 4305 4306
f 4230 4306 4231
f 4231 4306 4307
f 4231 4307 4232
f 4232 4307 4308
f 4232 4308 4233
f 4233 4308 4309
f 4233 4309 4234
f 4234 4309 4310
f 4234 4310 4235
f 4235 4310 4311
f 4235 4311 4236
f 4236 4311 4312
f 4236 4312 4237
f 4237 4312 4313
f 4237 4313 4238
f 4238 4313 4314
f 4238 4314 4239
f 4239 4314 4315
f 4239 4315 4240
f 4240 4315 4316
f 4240 4316 4241
f 4241 4316 4317
f 4241 4317 4242
f 4242 4317 4318
f 4242 4318 4243
f 4243 4318 4319
f 4243 4319 4244
f 4244 4319 4320
f 4244 4320 4245
f 4245 4320 4321
f 4245 4321 4246
f 4246 4321 4322
f 4246 4322 4247
f 4247 4322 4323
f 4247 4323 4248
f 4248 4323 4324
f 4248 4324 4249
f 4249 4324 4325
f 4249 4325 4250
f 4250 4325 4326
f 4250 4326 4251
f 4251 4326 4327
f 4251 4327 4252
f 4252 4327 4328
f 4252 4328 4253
f 4253 4328 4329
f 4253 4329 4254
f 4254 4329 4330
f 4254 4330 4255
f 4255 4330 4331
f 4255 4331 4256
f 4256 4331 4332
f 4257 4333 4258
f 4258 4333 4334
f 4258 4334 4259
f 4259 4334 4335
f 4259 4335 4260
f 4260 4335 4336
f 4260 4336 4261
f 4261 4336 4337
f 4261 4337 4262
f 4262 4337 4338
f 4262 4338 4263
f 4263 4338 4339
f 4263 4339 4264
f 4264 4339 4340
f 4264 4340 4265
f 4265 4340 4341
f 4265 4341 4266
f 4266 4341 4342
f 4266 4342 4267
f 4267 4342 4343
f 4267 4343 4268
f 4268 4343 4344
f 4268 4344 4269
f 4269 4344 4345
f 4269 4345 4270
f 4270 4345 4346
f 4270 4346 4271
f 4271 4346 4347
f 4271 4347 4272
f 4272 4347 4348
f 4272 4348 4273
f 4273 4348 4349
f 4273 4349 4274
f 4274 4349 4350
f 4274 4350 4275
f 4275 4350 4351
f 4275 4351 4276
f 4276 4351 4352
f 4276 4352 4277
f 4277 4352 4353
f 4277 4353 4278
f 4278 4353 4354
f 4278 4354 4279
f 4279 4354 4355
f 4279 4355 4280
f 4280 4355 4356
f 4280 4356 4281
f 4281 4356 4357
f 4281 4357 4282
f 4282 4357 4358
f 4282 4358 4283
f 4283 4358 4359
f 4283 4359 4284
f 4284 4359 4360
f 4284 4360 4285
f 4285 4360 4361
f 4285 4361 4286
f 4286 4361 4362
f 4286 4362 4287
f 4287 4362 4363
f 4287 4363 4288
f 4288 4363 4364
f 4288 4364 4289
f 4289 4364 4365
f 4289 4365 4290
f 4290 4365 4366
f 4290 4366 4291
f 4291 4366 4367
f 4291 4367 4292
f 4292 4367 4368
f 4292 4368 4293
f 4293 4368 4369
f 4293 4369 4294
f 4294 4369 4370
f 4294 4370 4295
f 4295 4370 4371
f 4295 4371 4296
f 4296 4371 4372
f 4296 4372 4297
f 4297 4372 4373
f 4297 4373 4298
f 4298 4373 4374
f 4298 4374 4299
f 4299 4374 4375
f 4299 4375 4300
f 4300 4375 4376
f 4300 4376 4301
f 4301 4376 4377
f 4301 4377 4302
f 4302 4377 4378
f 4302 4378 4303
f 4303 4378 4379
f 4303 4379 4304
f 4304 4379 4380
f 4304 4380 4305
f 4305 4380 4381
f 4305 4381 4306
f 4306 4381 4382
f 4306 4382 4307
f 4307 4382 4383
f 4307 4383 4308
f 4308 4383 4384
f 4308 4384 4309
f 4309 4384 4385
f 4309 4385 4310
f 4310 4385 4386
f 4310 4386 4311
f 4311 4386 4387
f 4311 4387 4312
f 4312 4387 4388
f 4312 4388 4313
f 4313 4388 4389
f 4313 4389 4314
f 4314 4389 4390
f 4314 4390 4315
f 4315 4390 4391
f 4315 4391 4316
f 4316 4391 4392
f 4316 4392 4317
f 4317 4392 4393
f 4317 4393 4318
f 4318 4393 4394
f 4318 4394 4319
f 4319 4394 4395
f 4319 4395 4320
f 4320 4395 4396
f 4320 4396 4321
f 4321 4396 4397
f 4321 4397 4322
f 4322 4397 4398
f 4322 4398 4323
f 4323 4398 4399
f 4323 4399 4324
f 4324 4399 4400
f 4324 4400 4325
f 4325 4400 4401
f 4325 4401 4326
f 4326 4401 4402
f 4326 4402 4327
f 4327 4402 4403
f 4327 4403 4328
f 4328 4403 4404
f 4328 4404 4329
f 4329 4404 4405
f 4329 4405 4330
f 4330 4405 4406
f 4330 4406 4331
f 4331 4406 4407
f 4331 4407 4332
f 4332 4407 4408
f 4333 4409 4334
f 4334 4409 4410
f 4334 4410 4335
f 4335 4410 4411
f 4335 4411 4336
f 4336 4411 4412
f 4336 4412 4337
f 4337 4412 4413
f 4337 4413 4338
f 4338 4413 4414
f 4338 4414 4339
f 4339 4414 4415
f 4339 4415 4340
f 4340 4415 4416
f 4340 4416 4341
f 4341 4416 4417
f 4341 4417 4342
f 4342 4417 4418
f 4342 4418 4343
f 4343 4418 4419
f 4343 4419 4344
f 4344 4419 4420
f 4344 4420 4345
f 4345 4420 4421
f 4345 4421 4346
f 4346 4421 4422
f 4346 4422 4347
f 4347 4422 4423
f 4347 4423 4348
f 4348 4423 4424
f 4348 4424 4349
f 4349 4424 4425
f 4349 4425 4350
f 4350 4425 4426
f 4350 4426 4351
f 4351 4426 4427
f 4351 4427 4352
f 4352 4427 4428
f 4352 4428 4353
f 4353 4428 4429
f 4353 4429 4354
f 4354 4429 4430
f 4354 4430 4355
f 4355 4430 4431
f 4355 4431 4356
f 4356 4431 4432
f 4356 4432 4357
f 4357 4432 4433
f 4357 4433 4358
f 4358 4433 4434
f 4358 4434 4359
f 4359 4434 4435
f 4359 4435 4360
f 4360 4435 4436
f 4360 4436 4361
f 4361 4436 4437
f 4361 4437 4362
f 4362 4437 4438
f 4362 4438 4363
f 4363 4438 4439
f 4363 4439 4364
f 4364 4439 4440
f 4364 4440 4365
f 4365 4440 4441
f 4365 4441 4366
f 4366 4441 4442
f 4366 4442 4367
f 4367 4442 4443
f 4367 4443 4368
f 4368 4443 4444
f 4368 4444 4369
f 4369 4444 4445
f 4369 4445 4370
f 4370 4445 4446
f 4370 4446 4371
f 4371 4446 4447
f 4371 4447 4372
f 4372 4447 4448
f 4372 4448 4373
f 4373 4448 4449
f 4373 4449 4374
f 4374 4449 4450
f 4374 4450 4375
f 4375 4450 4451
f 4375 4451 4376
f 4376 4451 4452
f 4376 4452 4377
f 4377 4452 4453
f 4377 4453 4378
f 4378 4453 4454
f 4378 4454 4379
f 4379 4454 4455
f 4379 4455 4380
f 4380 4455 4456
f 4380 4456 4381
f 4381 4456 4457
f 4381 4457 4382
f 4382 4457 4458
f 4382 4458 4383
f 4383 4458 4459
f 4383 4459 4384
f 4384 4459 4460
f 4384 4460 4385
f 4385 4460 4461
f 4385 4461 4386
f 4386 4461 4462
f 4386 4462 4387
f 4387 4462 4463
f 4387 4463 4388
f 4388 4463 4464
f 4388 4464 4389
f 4389 4464 4465
f 4389 4465 4390
f 4390 4465 4466
f 4390 4466 4391
f 4391 4466 4467
f 4391 4467 4392
f 4392 4467 4468
f 4392 4468 4393
f 4393 4468 4469
f 4393 4469 4394
f 4394 4469 4470
f 4394 4470 4395
f 4395 4470 4471
f 4395 4471 4396
f 4396 4471 4472
f 4396 4472 4397
f 4397 4472 4473
f 4397 4473 4398
f 4398 4473 4474
f 4398 4474 4399
f 4399 4474 4475
f 4399 4475 4400
f 4400 4475 4476
f 4400 4476 4401
f 4401 4476 4477
f 4401 4477 4402
f 4402 4477 4478
f 4402 4478 4403
f 4403 4478 4479
f 4403 4479 4404
f 4404 4479 4480
f 4404 4480 4405
f 4405 4480 4481
f 4405 4481 4406
f 4406 4481 4482
f 4406 4482 4407
f 4407 4482 4483
f 4407 4483 4408
f 4408 4483 4484
f 4409 4485 4410
f 4410 4485 4486
f 4410 4486 4411
f 4411 4486 4487
f 4411 4487 4412
f 4412 4487 4488
f 4412 4488 4413
f 4413 4488 4489
f 4413 4489 4414
f 4414 4489 4490
f 4414 4490 4415
f 4415 4490 4491
f 4415 4491 4416
f 4416 4491 4492
f 4416 4492 4417
f 4417 4492 4493
f 4417 4493 4418
f 4418 4493 4494
f 4418 4494 4419
f 4419 4494 4495
f 4419 4495 4420
f 4420 4495 4496
f 4420 4496 4421
f 4421 4496 4497
f 4421 4497 4422
f 4422 4497 4498
f 4422 4498 4423
f 4423 4498 4499
f 4423 4499 4424
f 4424 4499 4500
f 4424 4500 4425
f 4425 4500 4501
f 4425 4501 4426
f 4426 4501 4502
f 4426 4502 4427
f 4427 4502 4503
f 4427 4503 4428
f 4428 4503 4504
f 4428 4504 4429
f 4429 4504 4505
f 4429 4505 4430
f 4430 4505 4506
f 4430 4506 4431
f 4431 4506 4507
f 4431 4507 4432
f 4432 4507 4508
f 4432 4508 4433
f 4433 4508 4509
f 4433 4509 4434
f 4434 4509 4510
f 4434 4510 4435
f 4435 4510 4511
f 4435 4511 4436
f 4436 4511 4512
f 4436 4512 4437
f 4437 4512 4513
f 4437 4513 4438
f 4438 4513 4514
f 4438 4514 4439
f 4439 4514 4515
f 4439 4515 4440
f 4440 4515 4516
f 4440 4516 4441
f 4441 4516 4517
f 4441 4517 4442
f 4442 4517 4518
f 4442 4518 4443
f 4443 4518 4519
f 4443 4519 4444
f 4444 4519 4520
f 4444 4520 4445
f 4445 4520 4521
f 4445 4521 4446
f 4446 4521 4522
f 4446 4522 4447
f 4447 4522 4523
f 4447 4523 4448
f 4448 4523 4524
f 4448 4524 4449
f 4449 4524 4525
f 4449 4525 4450
f 4450 4525 4526
f 4450 4526 4451
f 4451 4526 4527
f 4451 4527 4452
f 4452 4527 4528
f 4452 4528 4453
f 4453 4528 4529
f 4453 4529 4454
f 4454 4529 4530
f 4454 4530 4455
f 4455 4530 4531
f 4455 4531 4456
f 4456 4531 4532
f 4456 4532 4457
f 4457 4532 4533
f 4457 4533 4458
f 4458 4533 4534
f 4458 4534 4459
f 4459 4534 4535
f 4459 4535 4460
f 4460 4535 4536
f 4460 4536 4461
f 4461 4536 4537
f 4461 4537 4462
f 4462 4537 4538
f 4462 4538 4463
f 4463 4538 4539
f 4463 4539 4464
f 4464 4539 4540
f 4464 4540 4465
f 4465 4540 4541
f 4465 4541 4466
f 4466 4541 4542
f 4466 4542 4467
f 4467 4542 4543
f 4467 4543 4468
f 4468 4543 4544
f 4468 4544 4469
f 4469 4544 4545
f 4469 4545 4470
f 4470 4545 4546
f 4470 4546 4471
f 4471 4546 4547
f 4471 4547 4472
f 4472 4547 4548
f 4472 4548 4473
f 4473 4548 4549
f 4473 4549 4474
f 4474 4549 4550
f 4474 4550 4475
f 4475 4550 4551
f 4475 4551 4476
f 4476 4551 4552
f 4476 4552 4477
f 4477 4552 4553
f 4477 4553 4478
f 4478 4553 4554
f 4478 4554 4479
f 4479 4554 4555
f 4479 4555 4480
f 4480 4555 4556
f 4480 4556 4481
f 4481 4556 4557
f 4481 4557 4482
f 4482 4557 4558
f 4482 4558 4483
f 4483 4558 4559
f 4483 4559 4484
f 4484 4559 4560
f 4485 4561 4486
f 4486 4561 4562
f 4486 4562 4487
f 4487 4562 4563
f 4487 4563 4488
f 4488 4563 4564
f 4488 4564 4489
f 4489 4564 4565
f 4489 4565 4490
f 4490 4565 4566
f 4490 4566 4491
f 4491 4566 4567
f 4491 4567 4492
f 4492 4567 4568
f 4492 4568 4493
f 4493 4568 4569
f 4493 4569 4494
f 4494 4569 4570
f 4494 4570 4495
f 4495 4570 4571
f 4495 4571 4496
f 4496 4571 4572
f 4496 4572 4497
f 4497 4572 4573
f 4497 4573 4498
f 4498 4573 4574
f 4498 4574 4499
f 4499 4574 4575
f 4499 4575 4500
f 4500 4575 4576
f 4500 4576 4501
f 4501 4576 4577
f 4501 4577 4502
f 4502 4577 4578
f 4502 4578 4503
f 4503 4578 4579
f 4503 4579 4504
f 4504 4579 4580
f 4504 4580 4505
f 4505 4580 4581
f 4505 4581 4506
f 4506 4581 4582
f 4506 4582 4507
f 4507 4582 4583
f 4507 4583 4508
f 4508 4583 4584
f 4508 4584 4509
f 4509 4584 4585
f 4509 4585 4510
f 4510 4585 4586
f 4510 4586 4511
f 4511 4586 4587
f 4511 4587 4512
f 4512 4587 4588
f 4512 4588 4513
f 4513 4588 4589
f 4513 4589 4514
f 4514 4589 4590
f 4514 4590 4515
f 4515 4590 4591
f 4515 4591 4516
f 4516 4591 4592
f 4516 4592 4517
f 4517 4592 4593
f 4517 4593 4518
f 4518 4593 4594
f 4518 4594 4519
f 4519 4594 4595
f 4519 4595 4520
f 4520 4595 4596
f 4520 4596 4521
f 4521 4596 4597
f 4521 4597 4522
f 4522 4597 4598
f 4522 4598 4523
f 4523 4598 4599
f 4523 4599 4524
f 4524 4599 4600
f 4524 4600 4525
f 4525 4600 4601
f 4525 4601 4526
f 4526 4601 4602
f 4526 4602 4527
f 4527 4602 4603
f 4527 4603 4528
f 4528 4603 4604
f 4528 4604 4529
f 4529 4604 4605
f 4529 4605 4530
f 4530 4605 4606
f 4530 4606 4531
f 4531 4606 4607
f 4531 4607 4532
f 4532 4607 4608
f 4532 4608 4533
f 4533 4608 4609
f 4533 4609 4534
f 4534 4609 4610
f 4534 4610 4535
f 4535 4610 4611
f 4535 4611 4536
f 4536 4611 4612
f 4536 4612 4537
f 4537 4612 4613
f 4537 4613 4538
f 4538 4613 4614
f 4538 4614 4539
f 4539 4614 4615
f 4539 4615 4540
f 4540 4615 4616
f 4540 4616 4541
f 4541 4616 4617
f 4541 4617 4542
f 4542 4617 4618
f 4542 4618 4543
f 4543 4618 4619
f 4543 4619 4544
f 4544 4619 4620
f 4544 4620 4545
f 4545 4620 4621
f 4545 4621 4546
f 4546 4621 4622
f 4546 4622 4547
f 4547 4622 4623
f 4547 4623 4548
f 4548 4623 4624
f 4548 4624 4549
f 4549 4624 4625
f 4549 4625 4550
f 4550 4625 4626
f 4550 4626 4551
f 4551 4626 4627
f 4551 4627 4552
f 4552 4627 4628
f 4552 4628 4553
f 4553 4628 4629
f 4553 4629 4554
f 4554 4629 4630
f 4554 4630 4555
f 4555 4630 4631
f 4555 4631 4556
f 4556 4631 4632
f 4556 4632 4557
f 4557 4632 4633
f 4557 4633 4558
f 4558 4633 4634
f 4558 4634 4559
f 4559 4634 4635
f 4559 4635 4560
f 4560 4635 4636
f 4561 4637 4562
f 4562 4637 4638
f 4562 4638 4563
f 4563 4638 4639
f 4563 4639 4564
f 4564 4639 4640
f 4564 4640 4565
f 4565 4640 4641
f 4565 4641 4566
f 4566 4641 4642
f 4566 4642 4567
f 4567 4642 4643
f 4567 4643 4568
f 4568 4643 4644
f 4568 4644 4569
f 4569 4644 4645
f 4569 4645 4570
f 4570 4645 4646
f 4570 4646 4571
f 4571 4646 4647
f 4571 4647 4572
f 4572 4647 4648
f 4572 4648 4573
f 4573 4648 4649
f 4573 4649 4574
f 4574 4649 4650
f 4574 4650 4575
f 4575 4650 4651
f 4575 4651 4576
f 4576 4651 4652
f 4576 4652 4577
f 4577 4652 4653
f 4577 4653 4578
f 4578 4653 4654
f 4578 4654 4579
f 4579 4654 4655
f 4579 4655 4580
f 4580 4655 4656
f 4580 4656 4581
f 4581 4656 4657
f 4581 4657 4582
f 4582 4657 4658
f 4582 4658 4583
f 4583 4658 4659
f 4583 4659 4584
f 4584 4659 4660
f 4584 4660 4585
f 4585 4660 4661
f 4585 4661 4586
f 4586 4661 4662
f 4586 4662 4587
f 4587 4662 4663
f 4587 4663 4588
f 4588 4663 4664
f 4588 4664 4589
f 4589 4664 4665
f 4589 4665 4590
f 4590 4665 4666
f 4590 4666 4591
f 4591 4666 4667
f 4591 4667 4592
f 4592 4667 4668
f 4592 4668 4593
f 4593 4668 4669
f 4593 4669 4594
f 4594 4669 4670
f 4594 4670 4595
f 4595 4670 4671
f 4595 4671 4596
f 4596 4671 4672
f 4596 4672 4597
f 4597 4672 4673
f 4597 4673 4598
f 4598 4673 4674
f 4598 4674 4599
f 4599 4674 4675
f 4599 4675 4600
f 4600 4675 4676
f 4600 4676 4601
f 4601 4676 4677
f 4601 4677 4602
f 4602 4677 4678
f 4602 4678 4603
f 4603 4678 4679
f 4603 4679 4604
f 4604 4679 4680
f 4604 4680 4605
f 4605 4680 4681
f 4605 4681 4606
f 4606 4681 4682
f 4606 4682 4607
f 4607 4682 4683
f 4607 4683 4608
f 4608 4683 4684
f 4608 4684 4609
f 4609 4684 4685
f 4609 4685 4610
f 4610 4685 4686
f 4610 4686 4611
f 4611 4686 4687
f 4611 4687 4612
f 4612 4687 4688
f 4612 4688 4613
f 4613 4688 4689
f 4613 4689 4614
f 4614 4689 4690
f 4614 4690 4615
f 4615 4690 4691
f 4615 4691 4616
f 4616 4691 4692
f 4616 4692 4617
f 4617 4692 4693
f 4617 4693 4618
f 4618 4693 4694
f 4618 4694 4619
f 4619 4694 4695
f 4619 4695 4620
f 4620 4695 4696
f 4620 4696 4621
f 4621 4696 4697
f 4621 4697 4622
f 4622 4697 4698
f 4622 4698 4623
f 4623 4698 4699
f 4623 4699 4624
f 4624 4699 4700
f 4624 4700 4625
f 4625 4700 4701
f 4625 4701 4626
f 4626 4701 4702
f 4626 4702 4627
f 4627 4702 4703
f 4627 4703 4628
f 4628 4703 4704
f 4628 4704 4629
f 4629 4704 4705
f 4629 4705 4630
f 4630 4705 4706
f 4630 4706 4631
f 4631 4706 4707
f 4631 4707 4632
f 4632 4707 4708
f 4632 4708 4633
f 4633 4708 4709
f 4633 4709 4634
f 4634 4709 4710
f 4634 4710 4635
f 4635 4710 4711
f 4635 4711 4636
f 4636 4711 4712
f 4637 4713 4638
f 4638 4713 4714
f 4638 4714 4639
f 4639 4714 4715
f 4639 4715 4640
f 4640 4715 4716
f 4640 4716 4641
f 4641 4716 4717
f 4641 4717 4642
f 4642 4717 4718
f 4642 4718 4643
f 4643 4718 4719
f 4643 4719 4644
f 4644 4719 4720
f 4644 4720 4645
f 4645 4720 4721
f 4645 4721 4646
f 4646 4721 4722
f 4646 4722 4647
f 4647 4722 4723
f 4647 4723 4648
f 4648 4723 4724
f 4648 4724 4649
f 4649 4724 4725
f 4649 4725 4650
f 4650 4725 4726
f 4650 4726 4651
f 4651 4726 4727
f 4651 4727 4652
f 4652 4727 4728
f 4652 4728 4653
f 4653 4728 4729
f 4653 4729 4654
f 4654 4729 4730
f 4654 4730 4655
f 4655 4730 4731
f 4655 4731 4656
f 4656 4731 4732
f 4656 4732 4657
f 4657 4732 4733
f 4657 4733 4658
f 4658 4733 4734
f 4658 4734 4659
f 4659 4734 4735
f 4659 4735 4660
f 4660 4735 4736
f 4660 4736 4661
f 4661 4736 4737
f 4661 4737 4662
f 4662 4737 4738
f 4662 4738 4663
f 4663 4738 4739
f 4663 4739 4664
f 4664 4739 4740
f 4664 4740 4665
f 4665 4740 4741
f 4665 4741 4666
f 4666 4741 4742
f 4666 4742 4667
f 4667 4742 4743
f 4667 4743 4668
f 4668 4743 4744
f 4668 4744 4669
f 4669 4744 4745
f 4669 4745 4670
f 4670 4745 4746
f 4670 4746 4671
f 4671 4746 4747
f 4671 4747 4672
f 4672 4747 4748
f 4672 4748 4673
f 4673 4748 4749
f 4673 4749 4674
f 4674 4749 4750
f 4674 4750 4675
f 4675 4750 4751
f 4675 4751 4676
f 4676 4751 4752
f 4676 4752 4677
f 4677 4752 4753
f 4677 4753 4678
f 4678 4753 4754
f 4678 4754 4679
f 4679 4754 4755
f 4679 4755 4680
f 4680 4755 4756
f 4680 4756 4681
f 4681 4756 4757
f 4681 4757 4682
f 4682 4757 4758
f 4682 4758 4683
f 4683 4758 4759
f 4683 4759 4684
f 4684 4759 4760
f 4684 4760 4685
f 4685 4760 4761
f 4685 4761 4686
f 4686 4761 4762
f 4686 4762 4687
f 4687 4762 4763
f 4687 4763 4688
f 4688 4763 4764
f 4688 4764 4689
f 4689 4764 4765
f 4689 4765 4690
f 4690 4765 4766
f 4690 4766 4691
f 4691 4766 4767
f 4691 4767 4692
f 4692 4767 4768
f 4692 4768 4693
f 4693 4768 4769
f 4693 4769 4694
f 4694 4769 4770
f 4694 4770 4695
f 4695 4770 4771
f 4695 4771 4696
f 4696 4771 4772
f 4696 4772 4697
f 4697 4772 4773
f 4697 4773 4698
f 4698 4773 4774
f 4698 4774 4699
f 4699 4774 4775
f 4699 4775 4700
f 4700 4775 4776
f 4700 4776 4701
f 4701 4776 4777
f 4701 4777 4702
f 4702 4777 4778
f 4702 4778 4703
f 4703 4778 4779
f 4703 4779 4704
f 4704 4779 4780
f 4704 4780 4705
f 4705 4780 4781
f 4705 4781 4706
f 4706 4781 4782
f 4706 4782 4707
f 4707 4782 4783
f 4707 4783 4708
f 4708 4783 4784
f 4708 4784 4709
f 4709 4784 4785
f 4709 4785 4710
f 4710 4785 4786
f 4710 4786 4711
f 4711 4786 4787
f 4711 4787 4712
f 4712 4787 4788
f 4713 4789 4714
f 4714 4789 4790
f 4714 4790 4715
f 4715 4790 4791
f 4715 4791 4716
f 4716 4791 4792
f 4716 4792 4717
f 4717 4792 4793
f 4717 4793 4718
f 4718 4793 4794
f 4718 4794 4719
f 4719 4794 4795
f 4719 4795 4720
f 4720 4795 4796
f 4720 4796 4721
f 4721 4796 4797
f 4721 4797 4722
f 4722 4797 4798
f 4722 4798 4723
f 4723 4798 4799
f 4723 4799 4724
f 4724 4799 4800
f 4724 4800 4725
f 4725 4800 4801
f 4725 4801 4726
f 4726 4801 4802
f 4726 4802 4727
f 4727 4802 4803
f 4727 4803 4728
f 4728 4803 4804
f 4728 4804 4729
f 4729 4804 4805
f 4729 4805 4730
f 4730 4805 4806
f 4730 4806 4731
f 4731 4806 4807
f 4731 4807 4732
f 4732 4807 4808
f 4732 4808 4733
f 4733 4808 4809
f 4733 4809 4734
f 4734 4809 4810
f 4734 4810 4735
f 4735 4810 4811
f 4735 4811 4736
f 4736 4811 4812
f 4736 4812 4737
f 4737 4812 4813
f 4737 4813 4738
f 4738 4813 4814
f 4738 4814 4739
f 4739 4814 4815
f 4739 4815 4740
f 4740 4815 4816
f 4740 4816 4741
f 4741 4816 4817
f 4741 4817 4742
f 4742 4817 4818
f 4742 4818 4743
f 4743 4818 4819
f 4743 4819 4744
f 4744 4819 4820
f 4744 4820 4745
f 4745 4820 4821
f 4745 4821 4746
f 4746 4821 4822
f 4746 4822 4747
f 4747 4822 4823
f 4747 4823 4748
f 4748 4823 4824
f 4748 4824 4749
f 4749 4824 4825
f 4749 4825 4750
f 4750 4825 4826
f 4750 4826 4751
f 4751 4826 4827
f 4751 4827 4752
f 4752 4827 4828
f 4752 4828 4753
f 4753 4828 4829
f 4753 4829 4754
f 4754 4829 4830
f 4754 4830 4755
f 4755 4830 4831
f 4755 4831 4756
f 4756 4831 4832
f 4756 4832 4757
f 4757 4832 4833
f 4757 4833 4758
f 4758 4833 4834
f 4758 4834 4759
f 4759 4834 4835
f 4759 4835 4760
f 4760 4835 4836
f 4760 4836 4761
f 4761 4836 4837
f 4761 4837 4762
f 4762 4837 4838
f 4762 4838 4763
f 4763 4838 4839
f 4763 4839 4764
f 4764 4839 4840
f 4764 4840 4765
f 4765 4840 4841
f 4765 4841 4766
f 4766 4841 4842
f 4766 4842 4767
f 4767 4842 4843
f 4767 4843 4768
f 4768 4843 4844
f 4768 4844 4769
f 4769 4844 4845
f 4769 4845 4770
f 4770 4845 4846
f 4770 4846 4771
f 4771 4846 4847
f 4771 4847 4772
f 4772 4847 4848
f 4772 4848 4773
f 4773 4848 4849
f 4773 4849 4774
f 4774 4849 4850
f 4774 4850 4775
f 4775 4850 4851
f 4775 4851 4776
f 4776 4851 4852
f 4776 4852 4777
f 4777 4852 4853
f 4777 4853 4778
f 4778 4853 4854
f 4778 4854 4779
f 4779 4854 4855
f 4779 4855 4780
f 4780 4855 4856
f 4780 4856 4781
f 4781 4856 4857
f 4781 4857 4782
f 4782 4857 4858
f 4782 4858 4783
f 4783 4858 4859
f 4783 4859 4784
f 4784 4859 4860
f 4784 4860 4785
f 4785 4860 4861
f 4785 4861 4786
f 4786 4861 4862
f 4786 4862 4787
f 4787 4862 4863
f 4787 4863 4788
f 4788 4863 4864
f 4789 4865 4790
f 4790 4865 4866
f 4790 4866 4791
f 4791 4866 4867
f 4791 4867 4792
f 4792 4867 4868
f 4792 4868 4793
f 4793 4868 4869
f 4793 4869 4794
f 4794 4869 4870
f 4794 4870 4795
f 4795 4870 4871
f 4795 4871 4796
f 4796 4871 4872
f 4796 4872 4797
f 4797 4872 4873
f 4797 4873 4798
f 4798 4873 4874
f 4798 4874 4799
f 4799 4874 4875
f 4799 4875 4800
f 4800 4875 4876
f 4800 4876 4801
f 4801 4876 4877
f 4801 4877 4802
f 4802 4877 4878
f 4802 4878 4803
f 4803 4878 4879
f 4803 4879 4804
f 4804 4879 4880
f 4804 4880 4805
f 4805 4880 4881
f 4805 4881 4806
f 4806 4881 4882
f 4806 4882 4807
f 4807 4882 4883
f 4807 4883 4808
f 4808 4883 4884
f 4808 4884 4809
f 4809 4884 4885
f 4809 4885 4810
f 4810 4885 4886
f 4810 4886 4811
f 4811 4886 4887
f 4811 4887 4812
f 4812 4887 4888
f 4812 4888 4813
f 4813 4888 4889
f 4813 4889 4814
f 4814 4889 4890
f 4814 4890 4815
f 4815 4890 4891
f 4815 4891 4816
f 4816 4891 4892
f 4816 4892 4817
f 4817 4892 4893
f 4817 4893 4818
f 4818 4893 4894
f 4818 4894 4819
f 4819 4894 4895
f 4819 4895 4820
f 4820 4895 4896
f 4820 4896 4821
f 4821 4896 4897
f 4821 4897 4822
f 4822 4897 4898
f 4822 4898 4823
f 4823 4898 4899
f 4823 4899 4824
f 4824 4899 4900
f 4824 4900 4825
f 4825 4900 4901
f 4825 4901 4826
f 4826 4901 4902
f 4826 4902 4827
f 4827 4902 4903
f 4827 4903 4828
f 4828 4903 4904
f 4828 4904 4829
f 4829 4904 4905
f 4829 4905 4830
f 4830 4905 4906
f 4830 4906 4831
f 4831 4906 4907
f 4831 4907 4832
f 4832 4907 4908
f 4832 4908 4833
f 4833 4908 4909
f 4833 4909 4834
f 4834 4909 4910
f 4834 4910 4835
f 4835 4910 4911
f 4835 4911 4836
f 4836 4911 4912
f 4836 4912 4837
f 4837 4912 4913
f 4837 4913 4838
f 4838 4913 4914
f 4838 4914 4839
f 4839 4914 4915
f 4839 4915 4840
f 4840 4915 4916
f 4840 4916 4841
f 4841 4916 4917
f 4841 4917 4842
f 4842 4917 4918
f 4842 4918 4843
f 4843 4918 4919
f 4843 4919 4844
f 4844 4919 4920
f 4844 4920 4845
f 4845 4920 4921
f 4845 4921 4846
f 4846 4921 4922
f 4846 4922 4847
f 4847 4922 4923
f 4847 4923 4848
f 4848 4923 4924
f 4848 4924 4849
f 4849 4924 4925
f 4849 4925 4850
f 4850 4925 4926
f 4850 4926 4851
f 4851 4926 4927
f 4851 4927 4852
f 4852 4927 4928
f 4852 4928 4853
f 4853 4928 4929
f 4853 4929 4854
f 4854 4929 4930
f 4854 4930 4855
f 4855 4930 4931
f 4855 4931 4856
f 4856 4931 4932
f 4856 4932 4857
f 4857 4932 4933
f 4857 4933 4858
f 4858 4933 4934
f 4858 4934 4859
f 4859 4934 4935
f 4859 4935 4860
f 4860 4935 4936
f 4860 4936 4861
f 4861 4936 4937
f 4861 4937 4862
f 4862 4937 4938
f 4862 4938 4863
f 4863 4938 4939
f 4863 4939 4864
f 4864 4939 4940
f 4865 4941 4866
f 4866 4941 4942
f 4866 4942 4867
f 4867 4942 4943
f 4867 4943 4868
f 4868 4943 4944
f 4868 4944 4869
f 4869 4944 4945
f 4869 4945 4870
f 4870 4945 4946
f 4870 4946 4871
f 4871 4946 4947
f 4871 4947 4872
f 4872 4947 4948
f 4872 4948 4873
f 4873 4948 4949
f 4873 4949 4874
f 4874 4949 4950
f 4874 4950 4875
f 4875 4950 4951
f 4875 4951 4876
f 4876 4951 4952
f 4876 4952 4877
f 4877 4952 4953
f 4877 4953 4878
f 4878 4953 4954
f 4878 4954 4879
f 4879 4954 4955
f 4879 4955 4880
f 4880 4955 4956
f 4880 4956 4881
f 4881 4956 4957
f 4881 4957 4882
f 4882 4957 4958
f 4882 4958 4883
f 4883 4958 4959
f 4883 4959 4884
f 4884 4959 4960
f 4884 4960 4885
f 4885 4960 4961
f 4885 4961 4886
f 4886 4961 4962
f 4886 4962 4887
f 4887 4962 4963
f 4887 4963 4888
f 4888 4963 4964
f 4888 4964 4889
f 4889 4964 4965
f 4889 4965 4890
f 4890 4965 4966
f 4890 4966 4891
f 4891 4966 4967
f 4891 4967 4892
f 4892 4967 4968
f 4892 4968 4893
f 4893 4968 4969
f 4893 4969 4894
f 4894 4969 4970
f 4894 4970 4895
f 4895 4970 4971
f 4895 4971 4896
f 4896 4971 4972
f 4896 4972 4897
f 4897 4972 4973
f 4897 4973 4898
f 4898 4973 4974
f 4898 4974 4899
f 4899 4974 4975
f 4899 4975 4900
f 4900 4975 4976
f 4900 4976 4901
f 4901 4976 4977
f 4901 4977 4902
f 4902 4977 4978
f 4902 4978 4903
f 4903 4978 4979
f 4903 4979 4904
f 4904 4979 4980
f 4904 4980 4905
f 4905 4980 4981
f 4905 4981 4906
f 4906 4981 4982
f 4906 4982 4907
f 4907 4982 4983
f 4907 4983 4908
f 4908 4983 4984
f 4908 4984 4909
f 4909 4984 4985
f 4909 4985 4910
f 4910 4985 4986
f 4910 4986 4911
f 4911 4986 4987
f 4911 4987 4912
f 4912 4987 4988
f 4912 4988 4913
f 4913 4988 4989
f 4913 4989 4914
f 4914 4989 4990
f 4914 4990 4915
f 4915 4990 4991
f 4915 4991 4916
f 4916 4991 4992
f 4916 4992 4917
f 4917 4992 4993
f 4917 4993 4918
f 4918 4993 4994
f 4918 4994 4919
f 4919 4994 4995
f 4919 4995 4920
f 4920 4995 4996
f 4920 4996 4921
f 4921 4996 4997
f 4921 4997 4922
f 4922 4997 4998
f 4922 4998 4923
f 4923 4998 4999
f 4923 4999 4924
f 4924 4999 5000
f 4924 5000 4925
f 4925 5000 5001
f 4925 5001 4926
f 4926 5001 5002
f 4926 5002 4927
f 4927 5002 5003
f 4927 5003 4928
f 4928 5003 5004
f 4928 5004 4929
f 4929 5004 5005
f 4929 5005 4930
f 4930 5005 5006
f 4930 5006 4931
f 4931 5006 5007
f 4931 5007 4932
f 4932 5007 5008
f 4932 5008 4933
f 4933 5008 5009
f 4933 5009 4934
f 4934 5009 5010
f 4934 5010 4935
f 4935 5010 5011
f 4935 5011 4936
f 4936 5011 5012
f 4936 5012 4937
f 4937 5012 5013
f 4937 5013 4938
f 4938 5013 5014
f 4938 5014 4939
f 4939 5014 5015
f 4939 5015 4940
f 4940 5015 5016
f 4941 5017 4942
f 4942 5017 5018
f 4942 5018 4943
f 4943 5018 5019
f 4943 5019 4944
f 4944 5019 5020
f 4944 5020 4945
f 4945 5020 5021
f 4945 5021 4946
f 4946 5021 5022
f 4946 5022 4947
f 4947 5022 5023
f 4947 5023 4948
f 4948 5023 5024
f 4948 5024 4949
f 4949 5024 5025
f 4949 5025 4950
f 4950 5025 5026
f 4950 5026 4951
f 4951 5026 5027
f 4951 5027 4952
f 4952 5027 5028
f 4952 5028 4953
f 4953 5028 5029
f 4953 5029 4954
f 4954 5029 5030
f 4954 5030 4955
f 4955 5030 5031
f 4955 5031 4956
f 4956 5031 5032
f 4956 5032 4957
f 4957 5032 5033
f 4957 5033 4958
f 4958 5033 5034
f 4958 5034 4959
f 4959 5034 5035
f 4959 5035 4960
f 4960 5035 5036
f 4960 5036 4961
f 4961 5036 5037
f 4961 5037 4962
f 4962 5037 5038
f 4962 5038 4963
f 4963 5038 5039
f 4963 5039 4964
f 4964 5039 5040
f 4964 5040 4965
f 4965 5040 5041
f 4965 5041 4966
f 4966 5041 5042
f 4966 5042 4967
f 4967 5042 5043
f 4967 5043 4968
f 4968 5043 5044
f 4968 5044 4969
f 4969 5044 5045
f 4969 5045 4970
f 4970 5045 5046
f 4970 5046 4971
f 4971 5046 5047
f 4971 5047 4972
f 4972 5047 5048
f 4972 5048 4973
f 4973 5048 5049
f 4973 5049 4974
f 4974 5049 5050
f 4974 5050 4975
f 4975 5050 5051
f 4975 5051 4976
f 4976 5051 5052
f 4976 5052 4977
f 4977 5052 5053
f 4977 5053 4978
f 4978 5053 5054
f 4978 5054 4979
f 4979 5054 5055
f 4979 5055 4980
f 4980 5055 5056
f 4980 5056 4981
f 4981 5056 5057
f 4981 5057 4982
f 4982 5057 5058
f 4982 5058 4983
f 4983 5058 5059
f 4983 5059 4984
f 4984 5059 5060
f 4984 5060 4985
f 4985 5060 5061
f 4985 5061 4986
f 4986 5061 5062
f 4986 5062 4987
f 4987 5062 5063
f 4987 5063 4988
f 4988 5063 5064
f 4988 5064 4989
f 4989 5064 5065
f 4989 5065 4990
f 4990 5065 5066
f 4990 5066 4991
f 4991 5066 5067
f 4991 5067 4992
f 4992 5067 5068
f 4992 5068 4993
f 4993 5068 5069
f 4993 5069 4994
f 4994 5069 5070
f 4994 5070 4995
f 4995 5070 5071
f 4995 5071 4996
f 4996 5071 5072
f 4996 5072 4997
f 4997 5072 5073
f 4997 5073 4998
f 4998 5073 5074
f 4998 5074 4999
f 4999 5074 5075
f 4999 5075 5000
f 5000 5075 5076
f 5000 5076 5001
f 5001 5076 5077
f 5001 5077 5002
f 5002 5077 5078
f 5002 5078 5003
f 5003 5078 5079
f 5003 5079 5004
f 5004 5079 5080
f 5004 5080 5005
f 5005 5080 5081
f 5005 5081 5006
f 5006 5081 5082
f 5006 5082 5007
f 5007 5082 5083
f 5007 5083 5008
f 5008 5083 5084
f 5008 5084 5009
f 5009 5084 5085
f 5009 5085 5010
f 5010 5085 5086
f 5010 5086 5011
f 5011 5086 5087
f 5011 5087 5012
f 5012 5087 5088
f 5012 5088 5013
f 5013 5088 5089
f 5013 5089 5014
f 5014 5089 5090
f 5014 5090 5015
f 5015 5090 5091
f 5015 5091 5016
f 5016 5091 5092
f 5017 5093 5018
f 5018 5093 5094
f 5018 5094 5019
f 5019 5094 5095
f 5019 5095 5020
f 5020 5095 5096
f 5020 5096 5021
f 5021 5096 5097
f 5021 5097 5022
f 5022 5097 5098
f 5022 5098 5023
f 5023 5098 5099
f 5023 5099 5024
f 5024 5099 5100
f 5024 5100 5025
f 5025 5100 5101
f 5025 5101 5026
f 5026 5101 5102
f 5026 5102 5027
f 5027 5102 5103
f 5027 5103 5028
f 5028 5103 5104
f 5028 5104 5029
f 5029 5104 5105
f 5029 5105 5030
f 5030 5105 5106
f 5030 5106 5031
f 5031 5106 5107
f 5031 5107 5032
f 5032 5107 5108
f 5032 5108 5033
f 5033 5108 5109
f 5033 5109 5034
f 5034 5109 5110
f 5034 5110 5035
f 5035 5110 5111
f 5035 5111 5036
f 5036 5111 5112
f 5036 5112 5037
f 5037 5112 5113
f 5037 5113 5038
f 5038 5113 5114
f 5038 5114 5039
f 5039 5114 5115
f 5039 5115 5040
f 5040 5115 5116
f 5040 5116 5041
f 5041 5116 5117
f 5041 5117 5042
f 5042 5117 5118
f 5042 5118 5043
f 5043 5118 5119
f 5043 5119 5044
f 5044 5119 5120
f 5044 5120 5045
f 5045 5120 5121
f 5045 5121 5046
f 5046 5121 5122
f 5046 5122 5047
f 5047 5122 5123
f 5047 5123 5048
f 5048 5123 5124
f 5048 5124 5049
f 5049 5124 5125
f 5049 5125 5050
f 5050 5125 5126
f 5050 5126 5051
f 5051 5126 5127
f 5051 5127 5052
f 5052 5127 5128
f 5052 5128 5053
f 5053 5128 5129
f 5053 5129 5054
f 5054 5129 5130
f 5054 5130 5055
f 5055 5130 5131
f 5055 5131 5056
f 5056 5131 5132
f 5056 5132 5057
f 5057 5132 5133
f 5057 5133 5058
f 5058 5133 5134
f 5058 5134 5059
f 5059 5134 5135
f 5059 5135 5060
f 5060 5135 5136
f 5060 5136 5061
f 5061 5136 5137
f 5061 5137 5062
f 5062 5137 5138
f 5062 5138 5063
f 5063 5138 5139
f 5063 5139 5064
f 5064 5139 5140
f 5064 5140 5065
f 5065 5140 5141
f 5065 5141 5066
f 5066 5141 5142
f 5066 5142 5067
f 5067 5142 5143
f 5067 5143 5068
f 5068 5143 5144
f 5068 5144 5069
f 5069 5144 5145
f 5069 5145 5070
f 5070 5145 5146
f 5070 5146 5071
f 5071 5146 5147
f 5071 5147 5072
f 5072 5147 5148
f 5072 5148 5073
f 5073 5148 5149
f 5073 5149 5074
f 5074 5149 5150
f 5074 5150 5075
f 5075 5150 5151
f 5075 5151 5076
f 5076 5151 5152
f 5076 5152 5077
f 5077 5152 5153
f 5077 5153 5078
f 5078 5153 5154
f 5078 5154 5079
f 5079 5154 5155
f 5079 5155 5080
f 5080 5155 5156
f 5080 5156 5081
f 5081 5156 5157
f 5081 5157 5082
f 5082 5157 5158
f 5082 5158 5083
f 5083 5158 5159
f 5083 5159 5084
f 5084 5159 5160
f 5084 5160 5085
f 5085 5160 5161
f 5085 5161 5086
f 5086 5161 5162
f 5086 5162 5087
f 5087 5162 5163
f 5087 5163 5088
f 5088 5163 5164
f 5088 5164 5089
f 5089 5164 5165
f 5089 5165 5090
f 5090 5165 5166
f 5090 5166 5091
f 5091 5166 5167
f 5091 5167 5092
f 5092 5167 5168
f 5093 5169 5094
f 5094 5169 5170
f 5094 5170 5095
f 5095 5170 5171
f 5095 5171 5096
f 5096 5171 5172
f 5096 5172 5097
f 5097 5172 5173
f 5097 5173 5098
f 5098 5173 5174
f 5098 5174 5099
f 5099 5174 5175
f 5099 5175 5100
f 5100 5175 5176
f 5100 5176 5101
f 5101 5176 5177
f 5101 5177 5102
f 5102 5177 5178
f 5102 5178 5103
f 5103 5178 5179
f 5103 5179 5104
f 5104 5179 5180
f 5104 5180 5105
f 5105 5180 5181
f 5105 5181 5106
f 5106 5181 5182
f 5106 5182 5107
f 5107 5182 5183
f 5107 5183 5108
f 5108 5183 5184
f 5108 5184 5109
f 5109 5184 5185
f 5109 5185 5110
f 5110 5185 5186
f 5110 5186 5111
f 5111 5186 5187
f 5111 5187 5112
f 5112 5187 5188
f 5112 5188 5113
f 5113 5188 5189
f 5113 5189 5114
f 5114 5189 5190
f 5114 5190 5115
f 5115 5190 5191
f 5115 5191 5116
f 5116 5191 5192
f 5116 5192 5117
f 5117 5192 5193
f 5117 5193 5118
f 5118 5193 5194
f 5118 5194 5119
f 5119 5194 5195
f 5119 5195 5120
f 5120 5195 5196
f 5120 5196 5121
f 5121 5196 5197
f 5121 5197 5122
f 5122 5197 5198
f 5122 5198 5123
f 5123 5198 5199
f 5123 5199 5124
f 5124 5199 5200
f 5124 5200 5125
f 5125 5200 5201
f 5125 5201 5126
f 5126 5201 5202
f 5126 5202 5127
f 5127 5202 5203
f 5127 5203 5128
f 5128 5203 5204
f 5128 5204 5129
f 5129 5204 5205
f 5129 5205 5130
f 5130 5205 5206
f 5130 5206 5131
f 5131 5206 5207
f 5131 5207 5132
f 5132 5207 5208
f 5132 5208 5133
f 5133 5208 5209
f 5133 5209 5134
f 5134 5209 5210
f 5134 5210 5135
f 5135 5210 5211
f 5135 5211 5136
f 5136 5211 5212
f 5136 5212 5137
f 5137 5212 5213
f 5137 5213 5138
f 5138 5213 5214
f 5138 5214 5139
f 5139 5214 5215
f 5139 5215 5140
f 5140 5215 5216
f 5140 5216 5141
f 5141 5216 5217
f 5141 5217 5142
f 5142 5217 5218
f 5142 5218 5143
f 5143 5218 5219
f 5143 5219 5144
f 5144 5219 5220
f 5144 5220 5145
f 5145 5220 5221
f 5145 5221 5146
f 5146 5221 5222
f 5146 5222 5147
f 5147 5222 5223
f 5147 5223 5148
f 5148 5223 5224
f 5148 5224 5149
f 5149 5224 5225
f 5149 5225 5150
f 5150 5225 5226
f 5150 5226 5151
f 5151 5226 5227
f 5151 5227 5152
f 5152 5227 5228
f 5152 5228 5153
f 5153 5228 5229
f 5153 5229 5154
f 5154 5229 5230
f 5154 5230 5155
f 5155 5230 5231
f 5155 5231 5156
f 5156 5231 5232
f 5156 5232 5157
f 5157 5232 5233
f 5157 5233 5158
f 5158 5233 5234
f 5158 5234 5159
f 5159 5234 5235
f 5159 5235 5160
f 5160 5235 5236
f 5160 5236 5161
f 5161 5236 5237
f 5161 5237 5162
f 5162 5237 5238
f 5162 5238 5163
f 5163 5238 5239
f 5163 5239 5164
f 5164 5239 5240
f 5164 5240 5165
f 5165 5240 5241
f 5165 5241 5166
f 5166 5241 5242
f 5166 5242 5167
f 5167 5242 5243
f 5167 5243 5168
f 5168 5243 5244
f 5169 5245 5170
f 5170 5245 5246
f 5170 5246 5171
f 5171 5246 5247
f 5171 5247 5172
f 5172 5247 5248
f 5172 5248 5173
f 5173 5248 5249
f 5173 5249 5174
f 5174 5249 5250
f 5174 5250 5175
f 5175 5250 5251
f 5175 5251 5176
f 5176 5251 5252
f 5176 5252 5177
f 5177 5252 5253
f 5177 5253 5178
f 5178 5253 5254
f 5178 5254 5179
f 5179 5254 5255
f 5179 5255 5180
f 5180 5255 5256
f 5180 5256 5181
f 5181 5256 5257
f 5181 5257 5182
f 5182 5257 5258
f 5182 5258 5183
f 5183 5258 5259
f 5183 5259 5184
f 5184 5259 5260
f 5184 5260 5185
f 5185 5260 5261
f 5185 5261 5186
f 5186 5261 5262
f 5186 5262 5187
f 5187 5262 5263
f 5187 5263 5188
f 5188 5263 5264
f 5188 5264 5189
f 5189 5264 5265
f 5189 5265 5190
f 5190 5265 5266
f 5190 5266 5191
f 5191 5266 5267
f 5191 5267 5192
f 5192 5267 5268
f 5192 5268 5193
f 5193 5268 5269
f 5193 5269 5194
f 5194 5269 5270
f 5194 5270 5195
f 5195 5270 5271
f 5195 5271 5196
f 5196 5271 5272
f 5196 5272 5197
f 5197 5272 5273
f 5197 5273 5198
f 5198 5273 5274
f 5198 5274 5199
f 5199 5274 5275
f 5199 5275 5200
f 5200 5275 5276
f 5200 5276 5201
f 5201 5276 5277
f 5201 5277 5202
f 5202 5277 5278
f 5202 5278 5203
f 5203 5278 5279
f 5203 5279 5204
f 5204 5279 5280
f 5204 5280 5205
f 5205 5280 5281
f 5205 5281 5206
f 5206 5281 5282
f 5206 5282 5207
f 5207 5282 5283
f 5207 5283 5208
f 5208 5283 5284
f 5208 5284 5209
f 5209 5284 5285
f 5209 5285 5210
f 5210 5285 5286
f 5210 5286 5211
f 5211 5286 5287
f 5211 5287 5212
f 5212 5287 5288
f 5212 5288 5213
f 5213 5288 5289
f 5213 5289 5214
f 5214 5289 5290
f 5214 5290 5215
f 5215 5290 5291
f 5215 5291 5216
f 5216 5291 5292
f 5216 5292 5217
f 5217 5292 5293
f 5217 5293 5218
f 5218 5293 5294
f 5218 5294 5219
f 5219 5294 5295
f 5219 5295 5220
f 5220 5295 5296
f 5220 5296 5221
f 5221 5296 5297
f 5221 5297 5222
f 5222 5297 5298
f 5222 5298 5223
f 5223 5298 5299
f 5223 5299 5224
f 5224 5299 5300
f 5224 5300 5225
f 5225 5300 5301
f 5225 5301 5226
f 5226 5301 5302
f 5226 5302 5227
f 5227 5302 5303
f 5227 5303 5228
f 5228 5303 5304
f 5228 5304 5229
f 5229 5304 5305
f 5229 5305 5230
f 5230 5305 5306
f 5230 5306 5231
f 5231 5306 5307
f 5231 5307 5232
f 5232 5307 5308
f 5232 5308 5233
f 5233 5308 5309
f 5233 5309 5234
f 5234 5309 5310
f 5234 5310 5235
f 5235 5310 5311
f 5235 5311 5236
f 5236 5311 5312
f 5236 5312 5237
f 5237 5312 5313
f 5237 5313 5238
f 5238 5313 5314
f 5238 5314 5239
f 5239 5314 5315
f 5239 5315 5240
f 5240 5315 5316
f 5240 5316 5241
f 5241 5316 5317
f 5241 5317 5242
f 5242 5317 5318
f 5242 5318 5243
f 5243 5318 5319
f 5243 5319 5244
f 5244 5319 5320
f 5245 5321 5246
f 5246 5321 5322
f 5246 5322 5247
f 5247 5322 5323
f 5247 5323 5248
f 5248 5323 5324
f 5248 5324 5249
f 5249 5324 5325
f 5249 5325 5250
f 5250 5325 5326
f 5250 5326 5251
f 5251 5326 5327
f 5251 5327 5252
f 5252 5327 5328
f 5252 5328 5253
f 5253 5328 5329
f 5253 5329 5254
f 5254 5329 5330
f 5254 5330 5255
f 5255 5330 5331
f 5255 5331 5256
f 5256 5331 5332
f 5256 5332 5257
f 5257 5332 5333
f 5257 5333 5258
f 5258 5333 5334
f 5258 5334 5259
f 5259 5334 5335
f 5259 5335 5260
f 5260 5335 5336
f 5260 5336 5261
f 5261 5336 5337
f 5261 5337 5262
f 5262 5337 5338
f 5262 5338 5263
f 5263 5338 5339
f 5263 5339 5264
f 5264 5339 5340
f 5264 5340 5265
f 5265 5340 5341
f 5265 5341 5266
f 5266 5341 5342
f 5266 5342 5267
f 5267 5342 5343
f 5267 5343 5268
f 5268 5343 5344
f 5268 5344 5269
f 5269 5344 5345
f 5269 5345 5270
f 5270 5345 5346
f 5270 5346 5271
f 5271 5346 5347
f 5271 5347 5272
f 5272 5347 5348
f 5272 5348 5273
f 5273 5348 5349
f 5273 5349 5274
f 5274 5349 5350
f 5274 5350 5275
f 5275 5350 5351
f 5275 5351 5276
f 5276 5351 5352
f 5276 5352 5277
f 5277 5352 5353
f 5277 5353 5278
f 5278 5353 5354
f 5278 5354 5279
f 5279 5354 5355
f 5279 5355 5280
f 5280 5355 5356
f 5280 5356 5281
f 5281 5356 5357
f 5281 5357 5282
f 5282 5357 5358
f 5282 5358 5283
f 5283 5358 5359
f 5283 5359 5284
f 5284 5359 5360
f 5284 5360 5285
f 5285 5360 5361
f 5285 5361 5286
f 5286 5361 5362
f 5286 5362 5287
f 5287 5362 5363
f 5287 5363 5288
f 5288 5363 5364
f 5288 5364 5289
f 5289 5364 5365
f 5289 5365 5290
f 5290 5365 5366
f 5290 5366 5291
f 5291 5366 5367
f 5291 5367 5292
f 5292 5367 5368
f 5292 5368 5293
f 5293 5368 5369
f 5293 5369 5294
f 5294 5369 5370
f 5294 5370 5295
f 5295 5370 5371
f 5295 5371 5296
f 5296 5371 5372
f 5296 5372 5297
f 5297 5372 5373
f 5297 5373 5298
f 5298 5373 5374
f 5298 5374 5299
f 5299 5374 5375
f 5299 5375 5300
f 5300 5375 5376
f 5300 5376 5301
f 5301 5376 5377
f 5301 5377 5302
f 5302 5377 5378
f 5302 5378 5303
f 5303 5378 5379
f 5303 5379 5304
f 5304 5379 5380
f 5304 5380 5305
f 5305 5380 5381
f 5305 5381 5306
f 5306 5381 5382
f 5306 5382 5307
f 5307 5382 5383
f 5307 5383 5308
f 5308 5383 5384
f 5308 5384 5309
f 5309 5384 5385
f 5309 5385 5310
f 5310 5385 5386
f 5310 5386 5311
f 5311 5386 5387
f 5311 5387 5312
f 5312 5387 5388
f 5312 5388 5313
f 5313 5388 5389
f 5313 5389 5314
f 5314 5389 5390
f 5314 5390 5315
f 5315 5390 5391
f 5315 5391 5316
f 5316 5391 5392
f 5316 5392 5317
f 5317 5392 5393
f 5317 5393 5318
f 5318 5393 5394
f 5318 5394 5319
f 5319 5394 5395
f 5319 5395 5320
f 5320 5395 5396
f 5321 5397 5322
f 5322 5397 5398
f 5322 5398 5323
f 5323 5398 5399
f 5323 5399 5324
f 5324 5399 5400
f 5324 5400 5325
f 5325 5400 5401
f 5325 5401 5326
f 5326 5401 5402
f 5326 5402 5327
f 5327 5402 5403
f 5327 5403 5328
f 5328 5403 5404
f 5328 5404 5329
f 5329 5404 5405
f 5329 5405 5330
f 5330 5405 5406
f 5330 5406 5331
f 5331 5406 5407
f 5331 5407 5332
f 5332 5407 5408
f 5332 5408 5333
f 5333 5408 5409
f 5333 5409 5334
f 5334 5409 5410
f 5334 5410 5335
f 5335 5410 5411
f 5335 5411 5336
f 5336 5411 5412
f 5336 5412 5337
f 5337 5412 5413
f 5337 5413 5338
f 5338 5413 5414
f 5338 5414 5339
f 5339 5414 5415
f 5339 5415 5340
f 5340 5415 5416
f 5340 5416 5341
f 5341 5416 5417
f 5341 5417 5342
f 5342 5417 5418
f 5342 5418 5343
f 5343 5418 5419
f 5343 5419 5344
f 5344 5419 5420
f 5344 5420 5345
f 5345 5420 5421
f 5345 5421 5346
f 5346 5421 5422
f 5346 5422 5347
f 5347 5422 5423
f 5347 5423 5348
f 5348 5423 5424
f 5348 5424 5349
f 5349 5424 5425
f 5349 5425 5350
f 5350 5425 5426
f 5350 5426 5351
f 5351 5426 5427
f 5351 5427 5352
f 5352 5427 5428
f 5352 5428 5353
f 5353 5428 5429
f 5353 5429 5354
f 5354 5429 5430
f 5354 5430 5355
f 5355 5430 5431
f 5355 5431 5356
f 5356 5431 5432
f 5356 5432 5357
f 5357 5432 5433
f 5357 5433 5358
f 5358 5433 5434
f 5358 5434 5359
f 5359 5434 5435
f 5359 5435 5360
f 5360 5435 5436
f 5360 5436 5361
f 5361 5436 5437
f 5361 5437 5362
f 5362 5437 5438
f 5362 5438 5363
f 5363 5438 5439
f 5363 5439 5364
f 5364 5439 5440
f 5364 5440 5365
f 5365 5440 5441
f 5365 5441 5366
f 5366 5441 5442
f 5366 5442 5367
f 5367 5442 5443
f 5367 5443 5368
f 5368 5443 5444
f 5368 5444 5369
f 5369 5444 5445
f 5369 5445 5370
f 5370 5445 5446
f 5370 5446 5371
f 5371 5446 5447
f 5371 5447 5372
f 5372 5447 5448
f 5372 5448 5373
f 5373 5448 5449
f 5373 5449 5374
f 5374 5449 5450
f 5374 5450 5375
f 5375 5450 5451
f 5375 5451 5376
f 5376 5451 5452
f 5376 5452 5377
f 5377 5452 5453
f 5377 5453 5378
f 5378 5453 5454
f 5378 5454 5379
f 5379 5454 5455
f 5379 5455 5380
f 5380 5455 5456
f 5380 5456 5381
f 5381 5456 5457
f 5381 5457 5382
f 5382 5457 5458
f 5382 5458 5383
f 5383 5458 5459
f 5383 5459 5384
f 5384 5459 5460
f 5384 5460 5385
f 5385 5460 5461
f 5385 5461 5386
f 5386 5461 5462
f 5386 5462 5387
f 5387 5462 5463
f 5387 5463 5388
f 5388 5463 5464
f 5388 5464 5389
f 5389 5464 5465
f 5389 5465 5390
f 5390 5465 5466
f 5390 5466 5391
f 5391 5466 5467
f 5391 5467 5392
f 5392 5467 5468
f 5392 5468 5393
f 5393 5468 5469
f 5393 5469 5394
f 5394 5469 5470
f 5394 5470 5395
f 5395 5470 5471
f 5395 5471 5396
f 5396 5471 5472
f 5397 5473 5398
f 5398 5473 5474
f 5398 5474 5399
f 5399 5474 5475
f 5399 5475 5400
f 5400 5475 5476
f 5400 5476 5401
f 5401 5476 5477
f 5401 5477 5402
f 5402 5477 5478
f 5402 5478 5403
f 5403 5478 5479
f 5403 5479 5404
f 5404 5479 5480
f 5404 5480 5405
f 5405 5480 5481
f 5405 5481 5406
f 5406 5481 5482
f 5406 5482 5407
f 5407 5482 5483
f 5407 5483 5408
f 5408 5483 5484
f 5408 5484 5409
f 5409 5484 5485
f 5409 5485 5410
f 5410 5485 5486
f 5410 5486 5411
f 5411 5486 5487
f 5411 5487 5412
f 5412 5487 5488
f 5412 5488 5413
f 5413 5488 5489
f 5413 5489 5414
f 5414 5489 5490
f 5414 5490 5415
f 5415 5490 5491
f 5415 5491 5416
f 5416 5491 5492
f 5416 5492 5417
f 5417 5492 5493
f 5417 5493 5418
f 5418 5493 5494
f 5418 5494 5419
f 5419 5494 5495
f 5419 5495 5420
f 5420 5495 5496
f 5420 5496 5421
f 5421 5496 5497
f 5421 5497 5422
f 5422 5497 5498
f 5422 5498 5423
f 5423 5498 5499
f 5423 5499 5424
f 5424 5499 5500
f 5424 5500 5425
f 5425 5500 5501
f 5425 5501 5426
f 5426 5501 5502
f 5426 5502 5427
f 5427 5502 5503
f 5427 5503 5428
f 5428 5503 5504
f 5428 5504 5429
f 5429 5504 5505
f 5429 5505 5430
f 5430 5505 5506
f 5430 5506 5431
f 5431 5506 5507
f 5431 5507 5432
f 5432 5507 5508
f 5432 5508 5433
f 5433 5508 5509
f 5433 5509 5434
f 5434 5509 5510
f 5434 5510 5435
f 5435 5510 5511
f 5435 5511 5436
f 5436 5511 5512
f 5436 5512 5437
f 5437 5512 5513
f 5437 5513 5438
f 5438 5513 5514
f 5438 5514 5439
f 5439 5514 5515
f 5439 5515 5440
f 5440 5515 5516
f 5440 5516 5441
f 5441 5516 5517
f 5441 5517 5442
f 5442 5517 5518
f 5442 5518 5443
f 5443 5518 5519
f 5443 5519 5444
f 5444 5519 5520
f 5444 5520 5445
f 5445 5520 5521
f 5445 5521 5446
f 5446 5521 5522
f 5446 5522 5447
f 5447 5522 5523
f 5447 5523 5448
f 5448 5523 5524
f 5448 5524 5449
f 5449 5524 5525
f 5449 5525 5450
f 5450 5525 5526
f 5450 5526 5451
f 5451 5526 5527
f 5451 5527 5452
f 5452 5527 5528
f 5452 5528 5453
f 5453 5528 5529
f 5453 5529 5454
f 5454 5529 5530
f 5454 5530 5455
f 5455 5530 5531
f 5455 5531 5456
f 5456 5531 5532
f 5456 5532 5457
f 5457 5532 5533
f 5457 5533 5458
f 5458 5533 5534
f 5458 5534 5459
f 5459 5534 5535
f 5459 5535 5460
f 5460 5535 5536
f 5460 5536 5461
f 5461 5536 5537
f 5461 5537 5462
f 5462 5537 5538
f 5462 5538 5463
f 5463 5538 5539
f 5463 5539 5464
f 5464 5539 5540
f 5464 5540 5465
f 5465 5540 5541
f 5465 5541 5466
f 5466 5541 5542
f 5466 5542 5467
f 5467 5542 5543
f 5467 5543 5468
f 5468 5543 5544
f 5468 5544 5469
f 5469 5544 5545
f 5469 5545 5470
f 5470 5545 5546
f 5470 5546 5471
f 5471 5546 5547
f 5471 5547 5472
f 5472 5547 5548
f 5473 5549 5474
f 5474 5549 5550
f 5474 5550 5475
f 5475 5550 5551
f 5475 5551 5476
f 5476 5551 5552
f 5476 5552 5477
f 5477 5552 5553
f 5477 5553 5478
f 5478 5553 5554
f 5478 5554 5479
f 5479 5554 5555
f 5479 5555 5480
f 5480 5555 5556
f 5480 5556 5481
f 5481 5556 5557
f 5481 5557 5482
f 5482 5557 5558
f 5482 5558 5483
f 5483 5558 5559
f 5483 5559 5484
f 5484 5559 5560
f 5484 5560 5485
f 5485 5560 5561
f 5485 5561 5486
f 5486 5561 5562
f 5486 5562 5487
f 5487 5562 5563
f 5487 5563 5488
f 5488 5563 5564
f 5488 5564 5489
f 5489 5564 5565
f 5489 5565 5490
f 5490 5565 5566
f 5490 5566 5491
f 5491 5566 5567
f 5491 5567 5492
f 5492 5567 5568
f 5492 5568 5493
f 5493 5568 5569
f 5493 5569 5494
f 5494 5569 5570
f 5494 5570 5495
f 5495 5570 5571
f 5495 5571 5496
f 5496 5571 5572
f 5496 5572 5497
f 5497 5572 5573
f 5497 5573 5498
f 5498 5573 5574
f 5498 5574 5499
f 5499 5574 5575
f 5499 5575 5500
f 5500 5575 5576
f 5500 5576 5501
f 5501 5576 5577
f 5501 5577 5502
f 5502 5577 5578
f 5502 5578 5503
f 5503 5578 5579
f 5503 5579 5504
f 5504 5579 5580
f 5504 5580 5505
f 5505 5580 5581
f 5505 5581 5506
f 5506 5581 5582
f 5506 5582 5507
f 5507 5582 5583
f 5507 5583 5508
f 5508 5583 5584
f 5508 5584 5509
f 5509 5584 5585
f 5509 5585 5510
f 5510 5585 5586
f 5510 5586 5511
f 5511 5586 5587
f 5511 5587 5512
f 5512 5587 5588
f 5512 5588 5513
f 5513 5588 5589
f 5513 5589 5514
f 5514 5589 5590
f 5514 5590 5515
f 5515 5590 5591
f 5515 5591 5516
f 5516 5591 5592
f 5516 5592 5517
f 5517 5592 5593
f 5517 5593 5518
f 5518 5593 5594
f 5518 5594 5519
f 5519 5594 5595
f 5519 5595 5520
f 5520 5595 5596
f 5520 5596 5521
f 5521 5596 5597
f 5521 5597 5522
f 5522 5597 5598
f 5522 5598 5523
f 5523 5598 5599
f 5523 5599 5524
f 5524 5599 5600
f 5524 5600 5525
f 5525 5600 5601
f 5525 5601 5526
f 5526 5601 5602
f 5526 5602 5527
f 5527 5602 5603
f 5527 5603 5528
f 5528 5603 5604
f 5528 5604 5529
f 5529 5604 5605
f 5529 5605 5530
f 5530 5605 5606
f 5530 5606 5531
f 5531 5606 5607
f 5531 5607 5532
f 5532 5607 5608
f 5532 5608 5533
f 5533 5608 5609
f 5533 5609 5534
f 5534 5609 5610
f 5534 5610 5535
f 5535 5610 5611
f 5535 5611 5536
f 5536 5611 5612
f 5536 5612 5537
f 5537 5612 5613
f 5537 5613 5538
f 5538 5613 5614
f 5538 5614 5539
f 5539 5614 5615
f 5539 5615 5540
f 5540 5615 5616
f 5540 5616 5541
f 5541 5616 5617
f 5541 5617 5542
f 5542 5617 5618
f 5542 5618 5543
f 5543 5618 5619
f 5543 5619 5544
f 5544 5619 5620
f 5544 5620 5545
f 5545 5620 5621
f 5545 5621 5546
f 5546 5621 5622
f 5546 5622 5547
f 5547 5622 5623
f 5547 5623 5548
f 5548 5623 5624
f 5549 5625 5550
f 5550 5625 5626
f 5550 5626 5551
f 5551 5626 5627
f 5551 5627 5552
f 5552 5627 5628
f 5552 5628 5553
f 5553 5628 5629
f 5553 5629 5554
f 5554 5629 5630
f 5554 5630 5555
f 5555 5630 5631
f 5555 5631 5556
f 5556 5631 5632
f 5556 5632 5557
f 5557 5632 5633
f 5557 5633 5558
f 5558 5633 5634
f 5558 5634 5559
f 5559 5634 5635
f 5559 5635 5560
f 5560 5635 5636
f 5560 5636 5561
f 5561 5636 5637
f 5561 5637 5562
f 5562 5637 5638
f 5562 5638 5563
f 5563 5638 5639
f 5563 5639 5564
f 5564 5639 5640
f 5564 5640 5565
f 5565 5640 5641
f 5565 5641 5566
f 5566 5641 5642
f 5566 5642 5567
f 5567 5642 5643
f 5567 5643 5568
f 5568 5643 5644
f 5568 5644 5569
f 5569 5644 5645
f 5569 5645 5570
f 5570 5645 5646
f 5570 5646 5571
f 5571 5646 5647
f 5571 5647 5572
f 5572 5647 5648
f 5572 5648 5573
f 5573 5648 5649
f 5573 5649 5574
f 5574 5649 5650
f 5574 5650 5575
f 5575 5650 5651
f 5575 5651 5576
f 5576 5651 5652
f 5576 5652 5577
f 5577 5652 5653
f 5577 5653 5578
f 5578 5653 5654
f 5578 5654 5579
f 5579 5654 5655
f 5579 5655 5580
f 5580 5655 5656
f 5580 5656 5581
f 5581 5656 5657
f 5581 5657 5582
f 5582 5657 5658
f 5582 5658 5583
f 5583 5658 5659
f 5583 5659 5584
f 5584 5659 5660
f 5584 5660 5585
f 5585 5660 5661
f 5585 5661 5586
f 5586 5661 5662
f 5586 5662 5587
f 5587 5662 5663
f 5587 5663 5588
f 5588 5663 5664
f 5588 5664 5589
f 5589 5664 5665
f 5589 5665 5590
f 5590 5665 5666
f 5590 5666 5591
f 5591 5666 5667
f 5591 5667 5592
f 5592 5667 5668
f 5592 5668 5593
f 5593 5668 5669
f 5593 5669 5594
f 5594 5669 5670
f 5594 5670 5595
f 5595 5670 5671
f 5595 5671 5596
f 5596 5671 5672
f 5596 5672 5597
f 5597 5672 5673
f 5597 5673 5598
f 5598 5673 5674
f 5598 5674 5599
f 5599 5674 5675
f 5599 5675 5600
f 5600 5675 5676
f 5600 5676 5601
f 5601 5676 5677
f 5601 5677 5602
f 5602 5677 5678
f 5602 5678 5603
f 5603 5678 5679
f 5603 5679 5604
f 5604 5679 5680
f 5604 5680 5605
f 5605 5680 5681
f 5605 5681 5606
f 5606 5681 5682
f 5606 5682 5607
f 5607 5682 5683
f 5607 5683 5608
f 5608 5683 5684
f 5608 5684 5609
f 5609 5684 5685
f 5609 5685 5610
f 5610 5685 5686
f 5610 5686 5611
f 5611 5686 5687
f 5611 5687 5612
f 5612 5687 5688
f 5612 5688 5613
f 5613 5688 5689
f 5613 5689 5614
f 5614 5689 5690
f 5614 5690 5615
f 5615 5690 5691
f 5615 5691 5616
f 5616 5691 5692
f 5616 5692 5617
f 5617 5692 5693
f 5617 5693 5618
f 5618 5693 5694
f 5618 5694 5619
f 5619 5694 5695
f 5619 5695 5620
f 5620 5695 5696
f 5620 5696 5621
f 5621 5696 5697
f 5621 5697 5622
f 5622 5697 5698
f 5622 5698 5623
f 5623 5698 5699
f 5623 5699 5624
f 5624 5699 5700
f 5625 5701 5626
f 5626 5701 5702
f 5626 5702 5627
f 5627 5702 5703
f 5627 5703 5628
f 5628 5703 5704
f 5628 5704 5629
f 5629 5704 5705
f 5629 5705 5630
f 5630 5705 5706
f 5630 5706 5631
f 5631 5706 5707
f 5631 5707 5632
f 5632 5707 5708
f 5632 5708 5633
f 5633 5708 5709
f 5633 5709 5634
f 5634 5709 5710
f 5634 5710 5635
f 5635 5710 5711
f 5635 5711 5636
f 5636 5711 5712
f 5636 5712 5637
f 5637 5712 5713
f 5637 5713 5638
f 5638 5713 5714
f 5638 5714 5639
f 5639 5714 5715
f 5639 5715 5640
f 5640 5715 5716
f 5640 5716 5641
f 5641 5716 5717
f 5641 5717 5642
f 5642 5717 5718
f 5642 5718 5643
f 5643 5718 5719
f 5643 5719 5644
f 5644 5719 5720
f 5644 5720 5645
f 5645 5720 5721
f 5645 5721 5646
f 5646 5721 5722
f 5646 5722 5647
f 5647 5722 5723
f 5647 5723 5648
f 5648 5723 5724
f 5648 5724 5649
f 5649 5724 5725
f 5649 5725 5650
f 5650 5725 5726
f 5650 5726 5651
f 5651 5726 5727
f 5651 5727 5652
f 5652 5727 5728
f 5652 5728 5653
f 5653 5728 5729
f 5653 5729 5654
f 5654 5729 5730
f 5654 5730 5655
f 5655 5730 5731
f 5655 5731 5656
f 5656 5731 5732
f 5656 5732 5657
f 5657 5732 5733
f 5657 5733 5658
f 5658 5733 5734
f 5658 5734 5659
f 5659 5734 5735
f 5659 5735 5660
f 5660 5735 5736
f 5660 5736 5661
f 5661 5736 5737
f 5661 5737 5662
f 5662 5737 5738
f 5662 5738 5663
f 5663 5738 5739
f 5663 5739 5664
f 5664 5739 5740
f 5664 5740 5665
f 5665 5740 5741
f 5665 5741 5666
f 5666 5741 5742
f 5666 5742 5667
f 5667 5742 5743
f 5667 5743 5668
f 5668 5743 5744
f 5668 5744 5669
f 5669 5744 5745
f 5669 5745 5670
f 5670 5745 5746
f 5670 5746 5671
f 5671 5746 5747
f 5671 5747 5672
f 5672 5747 5748
f 5672 5748 5673
f 5673 5748 5749
f 5673 5749 5674
f 5674 5749 5750
f 5674 5750 5675
f 5675 5750 5751
f 5675 5751 5676
f 5676 5751 5752
f 5676 5752 5677
f 5677 5752 5753
f 5677 5753 5678
f 5678 5753 5754
f 5678 5754 5679
f 5679 5754 5755
f 5679 5755 5680
f 5680 5755 5756
f 5680 5756 5681
f 5681 5756 5757
f 5681 5757 5682
f 5682 5757 5758
f 5682 5758 5683
f 5683 5758 5759
f 5683 5759 5684
f 5684 5759 5760
f 5684 5760 5685
f 5685 5760 5761
f 5685 5761 5686
f 5686 5761 5762
f 5686 5762 5687
f 5687 5762 5763
f 5687 5763 5688
f 5688 5763 5764
f 5688 5764 5689
f 5689 5764 5765
f 5689 5765 5690
f 5690 5765 5766
f 5690 5766 5691
f 5691 5766 5767
f 5691 5767 5692
f 5692 5767 5768
f 5692 5768 5693
f 5693 5768 5769
f 5693 5769 5694
f 5694 5769 5770
f 5694 5770 5695
f 5695 5770 5771
f 5695 5771 5696
f 5696 5771 5772
f 5696 5772 5697
f 5697 5772 5773
f 5697 5773 5698
f 5698 5773 5774
f 5698 5774 5699
f 5699 5774 5775
f 5699 5775 5700
f 5700 5775 5776
