# stiff4 deterministic resolution asset; coordinates in metres
v -0.5 0 -0.5
v -0.47499999399999998 0 -0.5
v -0.44999998800000002 0 -0.5
v -0.42500001199999998 0 -0.5
v -0.40000000600000002 0 -0.5
v -0.375 0 -0.5
v -0.34999999399999998 0 -0.5
v -0.32499998800000002 0 -0.5
v -0.30000001199999998 0 -0.5
v -0.27499997599999998 0 -0.5
v -0.25 0 -0.5
v -0.22499999400000001 0 -0.5
v -0.19999998799999999 0 -0.5
v -0.174999982 0 -0.5
v -0.15000000599999999 0 -0.5
v -0.125 0 -0.5
v -0.099999993999999995 0 -0.5
v -0.074999988099999998 0 -0.5
v -0.0499999821 0 -0.5
v -0.025000006000000002 0 -0.5
v 0 0 -0.5
v 0.025000035800000001 0 -0.5
v 0.050000011900000002 0 -0.5
v 0.074999988099999998 0 -0.5
v 0.10000002400000001 0 -0.5
v 0.125 0 -0.5
v 0.150000036 0 -0.5
v 0.17500001200000001 0 -0.5
v 0.19999998799999999 0 -0.5
v 0.22500002399999999 0 -0.5
v 0.25 0 -0.5
v 0.275000036 0 -0.5
v 0.30000001199999998 0 -0.5
v 0.32499998800000002 0 -0.5
v 0.35000002400000002 0 -0.5
v 0.375 0 -0.5
v 0.400000036 0 -0.5
v 0.42500001199999998 0 -0.5
v 0.44999998800000002 0 -0.5
v 0.47500002400000002 0 -0.5
v 0.5 0 -0.5
v -0.5 0 -0.47499999399999998
v -0.462066174 0 -0.46444320700000002
v -0.44360160799999998 0 -0.46503925299999999
v -0.39964604399999998 0 -0.46815109300000002
v -0.37769103100000001 0 -0.46461534500000001
v -0.35208821299999998 0 -0.46646785699999999
v -0.32652735700000002 0 -0.46399831800000002
v -0.30060195899999997 0 -0.46591043500000001
v -0.27558112099999998 0 -0.464139462
v -0.25379991499999999 0 -0.46791076700000001
v -0.235413551 0 -0.46236276599999998
v -0.195973754 0 -0.46829938900000001
v -0.172548532 0 -0.46514272699999998
v -0.149478316 0 -0.46670484499999998
v -0.12613630300000001 0 -0.46703815500000001
v -0.101684868 0 -0.46743631400000002
v -0.077018916600000001 0 -0.46730899799999998
v -0.052429437600000003 0 -0.46665477799999999
v -0.026000872299999998 0 -0.46405696899999999
v 0.00016226014099999999 0 -0.46650552699999998
v 0.024506926500000002 0 -0.466718197
v 0.0487381816 0 -0.46631717700000003
v 0.074754118899999999 0 -0.46358013199999998
v 0.1009534 0 -0.46592235599999998
v 0.124674439 0 -0.46640157700000001
v 0.14846479900000001 0 -0.46627759899999999
v 0.172388077 0 -0.465771675
v 0.19660186800000001 0 -0.46502924000000001
v 0.22291588800000001 0 -0.46356296499999999
v 0.248148441 0 -0.46633243600000002
v 0.273626804 0 -0.46660614
v 0.29955577900000002 0 -0.46642637300000001
v 0.32352852799999998 0 -0.46701335900000002
v 0.347052574 0 -0.46636295300000002
v 0.37270903599999999 0 -0.462477207
v 0.39986824999999998 0 -0.46450662599999998
v 0.42317295100000002 0 -0.46576023100000002
v 0.44403576900000002 0 -0.46527528800000001
v 0.46319913899999998 0 -0.46182775500000001
v 0.5 0 -0.47499999399999998
v -0.5 0 -0.44999998800000002
v -0.46452379199999999 0 -0.446907997
v -0.43445515600000001 0 -0.44841194200000001
v -0.39776158299999997 0 -0.45242404899999999
v -0.37717890700000001 0 -0.446027279
v -0.34437823299999998 0 -0.45175695399999999
v -0.32788586600000003 0 -0.44750690500000001
v -0.29146385200000002 0 -0.45244169200000001
v -0.27620768499999998 0 -0.44305038499999999
v -0.25528717000000001 0 -0.45196294799999998
v -0.18509173400000001 0 -0.450489521
v -0.137808919 0 -0.45206069900000001
v -0.12578952299999999 0 -0.43603515599999998
v -0.0906147957 0 -0.45332336400000001
v -0.079061031300000001 0 -0.43926620500000002
v -0.044278949499999998 0 -0.451685905
v -0.026884898500000001 0 -0.44794034999999999
v 0.012741752 0 -0.45182991
v 0.0212242752 0 -0.437528849
v 0.058204412499999997 0 -0.45269823100000001
v 0.074330270300000001 0 -0.44444370300000002
v 0.11427164099999999 0 -0.45147943499999998
v 0.15936338899999999 0 -0.44978284800000001
v 0.18258893500000001 0 -0.44896554900000002
v 0.20514428600000001 0 -0.44811868700000002
v 0.22468733799999999 0 -0.44490289700000002
v 0.26192545900000003 0 -0.45000410099999999
v 0.31200194399999998 0 -0.45176839800000002
v 0.32315039600000001 0 -0.43568515800000002
v 0.35412049299999998 0 -0.45189905200000002
v 0.36947607999999998 0 -0.44159984600000002
v 0.41412305799999999 0 -0.44739580200000001
v 0.44900035900000002 0 -0.44801425900000003
v 0.46607637400000002 0 -0.44144034399999998
v 0.5 0 -0.44999998800000002
v -0.5 0 -0.42500001199999998
v -0.46499443099999999 0 -0.42660403299999999
v -0.449799061 0 -0.43713474299999999
v -0.43246173900000001 0 -0.42861914600000001
v -0.41093277900000003 0 -0.41778469099999999
v -0.37478542300000001 0 -0.42845773700000001
v -0.35614299799999999 0 -0.421523333
v -0.31925964400000001 0 -0.43371439000000001
v -0.25808405899999998 0 -0.43038988099999997
v -0.21876430499999999 0 -0.43305897700000001
v -0.19793116999999999 0 -0.43376231199999998
v -0.17290794800000001 0 -0.43355941799999997
v -0.070182204200000001 0 -0.42528223999999998
v -0.052089989199999999 0 -0.420692921
v -0.0180446059 0 -0.43486118299999998
v 0.037121653599999999 0 -0.42747306800000001
v 0.072749853099999998 0 -0.42812132800000002
v 0.090086877300000007 0 -0.4321661
v 0.124746203 0 -0.43471813199999998
v 0.14712941600000001 0 -0.433176279
v 0.16923666000000001 0 -0.43188643500000001
v 0.19242310500000001 0 -0.427437544
v 0.22784185400000001 0 -0.42726039900000001
v 0.24715065999999999 0 -0.421876431
v 0.27773308800000002 0 -0.43542504300000001
v 0.33134198199999998 0 -0.42024087900000001
v 0.38556599600000002 0 -0.42899990100000002
v 0.41644263300000001 0 -0.426254988
v 0.45090866099999999 0 -0.42699742299999999
v 0.46793460799999997 0 -0.418961525
v 0.5 0 -0.42500001199999998
v -0.5 0 -0.40000000600000002
v -0.456441402 0 -0.40693664600000001
v -0.43568110500000001 0 -0.408856153
v -0.39533138299999998 0 -0.40005207100000001
v -0.35630989099999999 0 -0.400651217
v 0.174250603 0 -0.41215658199999999
v 0.19234025499999999 0 -0.40324163400000002
v 0.23038673400000001 0 -0.406389475
v 0.25280499499999998 0 -0.40044355399999998
v 0.384124517 0 -0.409440517
v 0.39894628500000001 0 -0.40080618899999998
v 0.41481447199999999 0 -0.40573787700000002
v 0.45128917699999999 0 -0.40172553100000002
v 0.47007274599999999 0 -0.39664244700000001
v 0.5 0 -0.40000000600000002
v -0.5 0 -0.375
v -0.46384000800000003 0 -0.367275238
v -0.44670009599999999 0 -0.36962413799999999
v -0.42710709600000002 0 -0.37175154700000002
v -0.40232229200000003 0 -0.37405943899999999
v -0.37726831399999999 0 -0.387573004
v -0.35727047899999997 0 -0.37879109399999999
v -0.33621311199999998 0 -0.37464118000000002
v -0.31269669500000002 0 -0.37438082700000003
v -0.28656339600000003 0 -0.37503409399999998
v -0.26017594300000002 0 -0.37303948399999998
v -0.24014854399999999 0 -0.36723637599999998
v -0.21815979499999999 0 -0.371376753
v -0.19224333800000001 0 -0.37308859799999999
v -0.16621255900000001 0 -0.37416100499999999
v -0.14051818799999999 0 -0.37508940699999999
v -0.115240335 0 -0.37607026100000002
v -0.0895889401 0 -0.377448797
v -0.063476145299999995 0 -0.37757253600000001
v -0.037708491099999998 0 -0.37652325599999997
v -0.012244872699999999 0 -0.37627458600000002
v 0.013707436599999999 0 -0.376387835
v 0.038938194500000002 0 -0.37412810299999999
v 0.0594499707 0 -0.36956572500000001
v 0.083491027400000001 0 -0.37812805199999999
v 0.107679605 0 -0.372411251
v 0.13336336600000001 0 -0.38097357700000001
v 0.161377668 0 -0.37666392300000001
v 0.18778038 0 -0.37772727
v 0.208682179 0 -0.37123513200000002
v 0.23210978500000001 0 -0.37953615200000002
v 0.26026368100000002 0 -0.37664079700000003
v 0.28727507600000002 0 -0.37461972199999999
v 0.31815552699999999 0 -0.37341642400000002
v 0.34534907300000001 0 -0.38662910499999997
v 0.36709117899999999 0 -0.374781847
v 0.40828752499999998 0 -0.38249492600000001
v 0.44546032000000002 0 -0.37777423900000001
v 0.471106529 0 -0.37566733400000002
v 0.5 0 -0.375
v -0.5 0 -0.34999999399999998
v -0.46728134199999999 0 -0.34621047999999999
v -0.45424175300000003 0 -0.35367631900000002
v -0.43733930599999998 0 -0.34973716700000002
v -0.40090751600000002 0 -0.34780883800000001
v -0.37887096399999998 0 -0.36286616300000002
v -0.35605192200000002 0 -0.35567975000000002
v -0.332199574 0 -0.35272359800000003
v -0.30754351600000002 0 -0.35157012900000001
v -0.28224682800000001 0 -0.35065603299999998
v -0.25795126000000002 0 -0.34907746299999998
v -0.23437619200000001 0 -0.348863125
v -0.20974540699999999 0 -0.350269318
v -0.18415200700000001 0 -0.35132050500000001
v -0.158434987 0 -0.35202789299999998
v -0.13284468699999999 0 -0.35261964800000001
v -0.10733097799999999 0 -0.353274584
v -0.081749796900000005 0 -0.35371875800000002
v -0.056080460499999998 0 -0.35366892799999999
v -0.030384927999999999 0 -0.35354065899999998
v -0.0047872364500000002 0 -0.35360550899999998
v 0.020231470500000001 0 -0.35297107700000002
v 0.044159829599999999 0 -0.35148978199999997
v 0.068534433800000003 0 -0.35131263699999998
v 0.093325853299999997 0 -0.35292911500000002
v 0.11749804 0 -0.35459685299999999
v 0.14276504500000001 0 -0.35463810000000001
v 0.16882240800000001 0 -0.35399484599999997
v 0.19329750500000001 0 -0.35311508200000002
v 0.216944098 0 -0.35345816600000002
v 0.24185943600000001 0 -0.35385060299999999
v 0.26818108600000001 0 -0.35180568699999998
v 0.29542231600000002 0 -0.34871172900000003
v 0.322376728 0 -0.34229016299999998
v 0.34530258200000002 0 -0.36007022900000002
v 0.36908316600000002 0 -0.34954094899999999
v 0.425168514 0 -0.34916067099999998
v 0.44264483500000001 0 -0.353566408
v 0.47004270599999998 0 -0.35471677800000001
v 0.5 0 -0.34999999399999998
v -0.5 0 -0.32499998800000002
v -0.468091488 0 -0.32420444500000001
v -0.45332002599999999 0 -0.31335544599999998
v -0.42064142199999999 0 -0.33667063699999999
v -0.40492725400000001 0 -0.32457518600000002
v -0.379435301 0 -0.33490920099999999
v -0.35310196900000002 0 -0.33245348899999999
v -0.32943654100000003 0 -0.32948422399999999
v -0.304821968 0 -0.32763266600000002
v -0.27977037399999999 0 -0.32659602199999999
v -0.25485563300000003 0 -0.32627272600000001
v -0.22983503299999999 0 -0.326770067
v -0.20442271200000001 0 -0.32758927300000001
v -0.178776503 0 -0.328253984
v -0.153123856 0 -0.32875275599999998
v -0.127511978 0 -0.32917475699999998
v -0.101843774 0 -0.32951855699999999
v -0.075950205300000004 0 -0.32973837900000003
v -0.049742251600000002 0 -0.33003997800000001
v -0.023523837299999999 0 -0.33073687600000001
v 0.00168785267 0 -0.331493855
v 0.0258183032 0 -0.33032131199999998
v 0.050719112199999999 0 -0.32844734199999998
v 0.078563034500000004 0 -0.32662653899999999
v 0.10288775 0 -0.33492159799999999
v 0.123860717 0 -0.33215451200000001
v 0.14936173 0 -0.33054947899999998
v 0.175271869 0 -0.33054709399999999
v 0.19995451 0 -0.331390142
v 0.22338986399999999 0 -0.33121943500000001
v 0.247773886 0 -0.329131126
v 0.27375078200000003 0 -0.32616281499999999
v 0.29992437399999999 0 -0.32162260999999998
v 0.32534790000000002 0 -0.31494545899999998
v 0.34762072599999999 0 -0.33298802399999999
v 0.37167572999999998 0 -0.323554277
v 0.41284775699999998 0 -0.33458352099999999
v 0.43202447900000002 0 -0.33297347999999999
v 0.449710369 0 -0.33233427999999998
v 0.46600961699999999 0 -0.33336853999999999
v 0.5 0 -0.32499998800000002
v -0.5 0 -0.30000001199999998
v -0.46801710099999999 0 -0.30127573000000002
v -0.435227633 0 -0.30249786400000001
v -0.39069676399999997 0 -0.30938911400000002
v -0.370055199 0 -0.315519094
v -0.35167598700000002 0 -0.30981349899999999
v -0.32857465699999999 0 -0.30545830699999998
v -0.303634405 0 -0.30316186000000001
v -0.27824091899999998 0 -0.30230641400000002
v -0.25275254200000002 0 -0.30236864099999999
v -0.22714638700000001 0 -0.30292177199999998
v -0.20141029399999999 0 -0.30355978
v -0.17561376100000001 0 -0.30406784999999997
v -0.14977383599999999 0 -0.30443573000000002
v -0.12378966800000001 0 -0.30470490500000003
v -0.097411990200000007 0 -0.30494451500000003
v -0.070344984499999999 0 -0.305462599
v -0.042640089999999999 0 -0.30680561099999998
v -0.015391439200000001 0 -0.30941438700000001
v 0.0078550875199999998 0 -0.31295776400000003
v 0.029176980299999999 0 -0.30381417300000002
v 0.057185351799999999 0 -0.307081938
v 0.102527142 0 -0.31270432500000001
v 0.128186464 0 -0.30727052700000002
v 0.15591263799999999 0 -0.306427479
v 0.18321168400000001 0 -0.30819439900000001
v 0.20603787900000001 0 -0.31261754000000003
v 0.22579264600000001 0 -0.30729031600000001
v 0.251340866 0 -0.30365037900000003
v 0.27736329999999998 0 -0.30006671000000001
v 0.30291628799999998 0 -0.29528999299999997
v 0.32752490000000001 0 -0.28893375399999999
v 0.34968614599999998 0 -0.30670023000000002
v 0.37303829199999999 0 -0.29756784400000003
v 0.41051673900000002 0 -0.298141241
v 0.427738428 0 -0.29609799399999998
v 0.44635915799999998 0 -0.29474592199999999
v 0.46374273300000002 0 -0.292030334
v 0.5 0 -0.30000001199999998
v -0.5 0 -0.27499997599999998
v -0.46696758300000002 0 -0.27782082600000002
v -0.45090913799999999 0 -0.270134926
v -0.42261362099999999 0 -0.28437137600000001
v -0.39976382300000002 0 -0.28694629700000002
v -0.37504315399999999 0 -0.29492711999999999
v -0.35376048100000002 0 -0.28552126900000002
v -0.32875871699999998 0 -0.28059267999999998
v -0.30323338500000002 0 -0.27817869200000001
v -0.27760839500000001 0 -0.27734398799999999
v -0.25187659299999998 0 -0.27743172599999999
v -0.226011515 0 -0.277919054
v -0.20001649899999999 0 -0.27843427700000001
v -0.17386209999999999 0 -0.27880406400000002
v -0.147428751 0 -0.27902555499999998
v -0.120445967 0 -0.27920436900000001
v -0.092421412499999994 0 -0.27959179899999997
v -0.062860608100000007 0 -0.28104686699999998
v -0.032294571399999999 0 -0.28468966499999998
v -0.00199767575 0 -0.29108762700000002
v 0.016267612599999998 0 -0.272973776
v 0.048015564699999999 0 -0.28230691000000002
v 0.077095568200000006 0 -0.29514193500000002
v 0.10377138900000001 0 -0.28447222700000002
v 0.13356328000000001 0 -0.27372789400000003
v 0.16459882300000001 0 -0.28249788300000001
v 0.19757950299999999 0 -0.286477327
v 0.226964474 0 -0.28074955899999998
v 0.25419664400000003 0 -0.27729773499999999
v 0.280462027 0 -0.27400040599999997
v 0.30557632400000001 0 -0.269771814
v 0.32933116000000001 0 -0.26392555200000001
v 0.35104823099999999 0 -0.28113365200000001
v 0.37343263599999998 0 -0.27219486199999998
v 0.414038658 0 -0.27895879699999998
v 0.435078621 0 -0.276081085
v 0.46605682399999998 0 -0.269614935
v 0.5 0 -0.27499997599999998
v -0.5 0 -0.25
v -0.46400165599999998 0 -0.25201249100000001
v -0.44491577100000002 0 -0.25086855899999999
v -0.42572832100000002 0 -0.24795794500000001
v -0.40326690700000001 0 -0.24484038399999999
v -0.38285660700000002 0 -0.26755857500000002
v -0.35454106299999999 0 -0.25979423499999998
v -0.32868814499999999 0 -0.25525879899999998
v -0.30323171599999998 0 -0.25280260999999998
v -0.27768373499999999 0 -0.25183463099999998
v -0.251896381 0 -0.25177454900000001
v -0.225827694 0 -0.25206279799999998
v -0.19942474399999999 0 -0.252300262
v -0.17252278300000001 0 -0.25236964200000001
v -0.14486932799999999 0 -0.25241255800000001
v -0.11607909199999999 0 -0.252579212
v -0.085161924400000005 0 -0.252967834
v -0.051421880699999999 0 -0.25632166899999997
v -0.017053797799999999 0 -0.263644457
v 0.0023667756499999998 0 -0.243195772
v 0.035767436 0 -0.25299000700000002
v 0.071898162400000007 0 -0.26119208300000002
v 0.103107274 0 -0.25017094600000001
v 0.151610732 0 -0.25061154400000002
v 0.17682373500000001 0 -0.262377262
v 0.20167064700000001 0 -0.256108999
v 0.23018860799999999 0 -0.25284075700000003
v 0.25790739099999999 0 -0.25056624399999999
v 0.28441143000000002 0 -0.24848985700000001
v 0.30875349000000002 0 -0.24572491599999999
v 0.33076429400000001 0 -0.240141153
v 0.35195827499999999 0 -0.25624179800000002
v 0.37398219100000002 0 -0.24719381300000001
v 0.39588499100000002 0 -0.23710060099999999
v 0.46777391400000001 0 -0.24662494700000001
v 0.5 0 -0.25
v -0.5 0 -0.22499999400000001
v -0.46576213799999999 0 -0.226772785
v -0.45041942600000001 0 -0.219164848
v -0.41996264500000002 0 -0.22809433900000001
v -0.378405571 0 -0.24009037
v -0.353325367 0 -0.23427414899999999
v -0.32849454900000002 0 -0.22986817400000001
v -0.303536892 0 -0.22719740899999999
v -0.27818179100000001 0 -0.22596859899999999
v -0.25234603900000002 0 -0.22557711599999999
v -0.22597598999999999 0 -0.22537112200000001
v -0.198791623 0 -0.22490453699999999
v -0.1703403 0 -0.22456884399999999
v -0.14062619200000001 0 -0.22488760899999999
v -0.10988819599999999 0 -0.22503590600000001
v -0.033400654799999999 0 -0.23265361800000001
v 0.023877277999999998 0 -0.22394657100000001
v 0.051369160400000002 0 -0.234610558
v 0.077112376699999999 0 -0.22786212
v 0.17486262299999999 0 -0.23503589599999999
v 0.20464718300000001 0 -0.22666501999999999
v 0.234648943 0 -0.224051952
v 0.26402044299999999 0 -0.22417569200000001
v 0.29088807100000003 0 -0.224453449
v 0.31253218700000002 0 -0.22583246200000001
v 0.33002972600000002 0 -0.21627080400000001
v 0.35224080099999999 0 -0.23160457600000001
v 0.37390780400000001 0 -0.22196054500000001
v 0.47020483000000002 0 -0.223771572
v 0.5 0 -0.22499999400000001
v -0.5 0 -0.19999998799999999
v -0.46242761599999999 0 -0.201818466
v -0.445536137 0 -0.202484846
v -0.43210697199999998 0 -0.194225907
v -0.39653444300000001 0 -0.199109077
v -0.37610554699999998 0 -0.21548616900000001
v -0.35259509100000003 0 -0.20923304600000001
v -0.32865953399999998 0 -0.20443665999999999
v -0.30407619499999999 0 -0.20142853299999999
v -0.27881288500000001 0 -0.199819684
v -0.25287389799999999 0 -0.198795319
v -0.225961208 0 -0.19742941899999999
v -0.19699096699999999 0 -0.19561362299999999
v -0.165422559 0 -0.19547498199999999
v -0.133348942 0 -0.19761514699999999
v -0.105141103 0 -0.199998498
v -0.074462413800000002 0 -0.22144198400000001
v -0.047083288399999999 0 -0.19722461699999999
v -0.0098284780999999995 0 -0.21126604099999999
v 0.016656741499999999 0 -0.192076683
v 0.048763871200000003 0 -0.207984328
v 0.102403283 0 -0.21968734300000001
v 0.12613797199999999 0 -0.235897303
v 0.14774274800000001 0 -0.21564233299999999
v 0.17640554899999999 0 -0.20220959199999999
v 0.20775270500000001 0 -0.19218397100000001
v 0.243781567 0 -0.19576489899999999
v 0.27391242999999998 0 -0.199206471
v 0.30377984000000002 0 -0.201515317
v 0.32901668499999998 0 -0.1905936
v 0.35195779799999999 0 -0.20651054399999999
v 0.37370705599999998 0 -0.19647896300000001
v 0.415051222 0 -0.19982409500000001
v 0.44579887400000001 0 -0.211497307
v 0.470592499 0 -0.201360703
v 0.5 0 -0.19999998799999999
v -0.5 0 -0.174999982
v -0.46443510100000002 0 -0.17613637400000001
v -0.44847774499999998 0 -0.161370873
v -0.375217199 0 -0.191193104
v -0.35268497500000001 0 -0.18410158200000001
v -0.32915353800000002 0 -0.178830981
v -0.30464553799999999 0 -0.175537586
v -0.27942800499999998 0 -0.17336094399999999
v -0.253405094 0 -0.171128631
v -0.225690842 0 -0.16745352699999999
v -0.15412187599999999 0 -0.16800653900000001
v -0.11964583400000001 0 -0.172534466
v -0.084623873200000005 0 -0.18300092200000001
v -0.018433839099999998 0 -0.17568373700000001
v 0.045857757300000003 0 -0.17571485000000001
v 0.080527603599999997 0 -0.19411778499999999
v 0.11779510999999999 0 -0.19932961499999999
v 0.19302308600000001 0 -0.15480470700000001
v 0.25844836199999999 0 -0.167666078
v 0.28482770899999998 0 -0.179476261
v 0.30640721300000001 0 -0.17296624199999999
v 0.32997989700000002 0 -0.164110541
v 0.35203862200000002 0 -0.180740714
v 0.37437224400000002 0 -0.17050826499999999
v 0.41654992099999999 0 -0.17611658599999999
v 0.46945619599999999 0 -0.17874229
v 0.5 0 -0.174999982
v -0.5 0 -0.15000000599999999
v -0.465534687 0 -0.15137314800000001
v -0.43204545999999999 0 -0.14911043600000001
v -0.39532232299999998 0 -0.14762592299999999
v -0.37549996400000002 0 -0.166627884
v -0.35360074000000002 0 -0.15838730300000001
v -0.32954668999999998 0 -0.153244615
v -0.30513954199999999 0 -0.14961576500000001
v -0.28014349900000002 0 -0.14655768899999999
v -0.25453042999999997 0 -0.14233183899999999
v -0.22753167199999999 0 -0.134518147
v -0.13776075800000001 0 -0.13792204899999999
v -0.099028587299999998 0 -0.14894902700000001
v -0.058008670800000002 0 -0.15593326099999999
v 0.013294763899999999 0 -0.15660703200000001
v 0.071781098799999998 0 -0.16263449199999999
v 0.103203714 0 -0.16797578299999999
v 0.14352500400000001 0 -0.177495241
v 0.22538423499999999 0 -0.16465044000000001
v 0.23844671200000001 0 -0.14308822199999999
v 0.28415250800000003 0 -0.15451574300000001
v 0.30853724500000002 0 -0.14606809600000001
v 0.331892252 0 -0.13805472899999999
v 0.35272073700000001 0 -0.15473032
v 0.37446570400000001 0 -0.14429902999999999
v 0.45171499300000001 0 -0.148738384
v 0.46789693799999998 0 -0.15560317000000001
v 0.5 0 -0.15000000599999999
v -0.5 0 -0.125
v -0.46267318699999999 0 -0.122289777
v -0.44576072700000002 0 -0.11790740500000001
v -0.43178272200000001 0 -0.12511324900000001
v -0.37439656300000002 0 -0.139492273
v -0.353208303 0 -0.13328921799999999
v -0.32979059199999999 0 -0.127969742
v -0.30573844900000002 0 -0.123749733
v -0.28127026599999999 0 -0.119626284
v -0.25724816299999997 0 -0.113003373
v -0.19935810600000001 0 -0.122647882
v -0.16840589 0 -0.111424923
v -0.110830784 0 -0.120363951
v -0.080518901300000001 0 -0.122434616
v -0.0218241066 0 -0.13832438
v 0.047601908399999997 0 -0.141915917
v 0.084941685200000006 0 -0.13674867199999999
v 0.123050809 0 -0.14130890400000001
v 0.177739859 0 -0.11603021600000001
v 0.21309721500000001 0 -0.132199645
v 0.261528969 0 -0.13419294400000001
v 0.28808713000000002 0 -0.12542498099999999
v 0.31291365599999998 0 -0.120070696
v 0.33503699300000001 0 -0.112990856
v 0.35378003099999999 0 -0.12926769299999999
v 0.37391662599999997 0 -0.119472384
v 0.41062211999999998 0 -0.117180467
v 0.43058896099999999 0 -0.122490525
v 0.44922971699999997 0 -0.12719571599999999
v 0.5 0 -0.125
v -0.5 0 -0.099999993999999995
v -0.46410226799999998 0 -0.097856283200000005
v -0.44972181300000003 0 -0.10276782499999999
v -0.43478465100000002 0 -0.10275638099999999
v -0.39327764500000001 0 -0.11938655400000001
v -0.37200164800000002 0 -0.116740108
v -0.35322904599999999 0 -0.10917848300000001
v -0.33050417900000001 0 -0.102833331
v -0.306472301 0 -0.098111271900000005
v -0.28284382800000002 0 -0.093625307099999999
v -0.26272010800000001 0 -0.088278949300000006
v -0.23353052099999999 0 -0.096705496299999999
v -0.19889235499999999 0 -0.086304783800000007
v -0.135553956 0 -0.101001859
v -0.099807560399999995 0 -0.090447843099999994
v -0.0504782498 0 -0.122909665
v 0.0139696747 0 -0.114890933
v 0.059772610699999999 0 -0.10671556
v 0.106596172 0 -0.102319121
v 0.146389723 0 -0.086224436799999998
v 0.20930778999999999 0 -0.097290635099999995
v 0.237068415 0 -0.114672303
v 0.26665139199999999 0 -0.098384857199999995
v 0.29766106599999997 0 -0.098462224000000001
v 0.31918740299999998 0 -0.098901569800000005
v 0.35583233800000003 0 -0.105237842
v 0.37490057900000001 0 -0.097347438300000005
v 0.40639829599999999 0 -0.099582731699999996
v 0.42572903600000001 0 -0.099816739599999996
v 0.46362257000000001 0 -0.10934448200000001
v 0.5 0 -0.099999993999999995
v -0.5 0 -0.074999988099999998
v -0.46394681900000001 0 -0.076182782599999999
v -0.45092868800000002 0 -0.0623726249
v -0.42275929499999998 0 -0.086031734900000004
v -0.40153050400000001 0 -0.088633894899999996
v -0.37721967699999998 0 -0.094924747899999995
v -0.35561990700000001 0 -0.084165871099999998
v -0.33118224099999999 0 -0.077591121200000002
v -0.30678772900000001 0 -0.072884917300000004
v -0.28291058499999999 0 -0.068960785900000002
v -0.25765347500000002 0 -0.066506028199999997
v -0.22901439700000001 0 -0.060755491299999999
v -0.16471374 0 -0.075713992100000002
v -0.12977719300000001 0 -0.066737413400000001
v -0.062413513699999999 0 -0.094842135899999999
v -0.027417674699999998 0 -0.102451801
v 0.032654017200000003 0 -0.076160848099999998
v 0.074701666799999997 0 -0.068673253099999998
v 0.115883708 0 -0.058186173399999999
v 0.18152010399999999 0 -0.074376642699999995
v 0.236466646 0 -0.081630468400000003
v 0.26013255099999999 0 -0.062520980800000001
v 0.28798127200000001 0 -0.071164488799999995
v 0.31412815999999999 0 -0.077079355700000005
v 0.33908390999999999 0 -0.086346626300000007
v 0.36030888599999999 0 -0.086183905599999999
v 0.37652039500000001 0 -0.076403677500000003
v 0.41172766700000002 0 -0.082927167400000001
v 0.430458546 0 -0.078578352899999995
v 0.44711303699999999 0 -0.073511421699999996
v 0.46345901499999997 0 -0.067927062499999996
v 0.5 0 -0.074999988099999998
v -0.5 0 -0.0499999821
v -0.46677780200000002 0 -0.051673352700000001
v -0.44086480099999997 0 -0.050134092599999999
v -0.42587518699999999 0 -0.047499567299999997
v -0.40367627099999998 0 -0.044319540300000002
v -0.38395571699999997 0 -0.066800415500000002
v -0.356076956 0 -0.0582707524
v -0.330898523 0 -0.052355974899999998
v -0.306390524 0 -0.047725737099999999
v -0.28170633299999998 0 -0.043469518399999997
v -0.25615835199999998 0 -0.037652760700000003
v -0.23020148300000001 0 -0.027272075400000002
v -0.19603264300000001 0 -0.045085936799999997
v -0.15612447300000001 0 -0.039206713400000003
v -0.100432575 0 -0.058116674399999999
v -0.038307607200000003 0 -0.062371969200000002
v 0.046559065599999998 0 -0.038244515700000002
v 0.086600303599999998 0 -0.028354048699999999
v 0.154392838 0 -0.045644909099999999
v 0.21211350000000001 0 -0.062562108000000005
v 0.236215115 0 -0.053468316799999999
v 0.25328588499999999 0 -0.029234528499999999
v 0.28239345599999999 0 -0.041214406500000002
v 0.30895280800000002 0 -0.050105452500000001
v 0.33420538900000002 0 -0.058534204999999999
v 0.35723328599999998 0 -0.066660225399999995
v 0.37848019599999999 0 -0.053266644500000002
v 0.40241670600000001 0 -0.044784873699999998
v 0.44885921499999998 0 -0.052992731299999998
v 0.46553850200000002 0 -0.044295907000000002
v 0.5 0 -0.0499999821
v -0.5 0 -0.025000006000000002
v -0.46604394900000001 0 -0.0266187638
v -0.451361179 0 -0.018829748
v -0.42030620600000002 0 -0.027626052500000001
v -0.379134417 0 -0.039343625299999997
v -0.35444212000000003 0 -0.032878130700000001
v -0.330171347 0 -0.027178332199999999
v -0.30593013800000002 0 -0.022096186899999998
v -0.28149318699999998 0 -0.016434237399999999
v -0.25713324500000001 0 -0.0081447064900000005
v -0.18044817399999999 0 -0.0082114040900000008
v -0.1190027 0 -0.0330075622
v -0.076248347800000005 0 -0.031093925200000001
v -0.026201367400000002 0 -0.0114484206
v 0.020118668700000002 0 -0.0082760751200000003
v 0.059014975999999997 0 0.00076591456300000005
v 0.12573242200000001 0 -0.016061276199999999
v 0.189934611 0 -0.036488294599999999
v 0.22155487500000001 0 -0.0311420858
v 0.27955031400000002 0 -0.012322492900000001
v 0.30512642899999998 0 -0.0222050697
v 0.33088755600000003 0 -0.031444966800000002
v 0.35606145900000002 0 -0.041129231500000002
v 0.38150668100000001 0 -0.024847999199999998
v 0.44945859900000001 0 -0.0300402343
v 0.46675586699999999 0 -0.021020039899999999
v 0.5 0 -0.025000006000000002
v -0.5 0 0
v -0.463827133 0 -0.0014341995100000001
v -0.44742631900000002 0 -0.0027460418599999999
v -0.43401098300000002 0 0.0055277608299999998
v -0.39711427700000002 0 0.0011053877
v -0.37652802499999999 0 -0.014880105899999999
v -0.35332608199999999 0 -0.0080523639900000003
v -0.329805136 0 -0.0019200909899999999
v -0.30600786200000002 0 0.0038696266700000001
v -0.282349348 0 0.010645993100000001
v -0.25977873800000001 0 0.0207196623
v -0.23341393499999999 0 0.00468230247
v -0.209281683 0 -0.0121982545
v -0.14333331599999999 0 -0.0021731350599999998
v -0.104710579 0 0.0023522209400000001
v -0.066082775600000004 0 0.015200451
v 0.0013240911100000001 0 0.019634038199999999
v 0.096467435399999996 0 0.012526616500000001
v 0.166402459 0 -0.0010773846900000001
v 0.20400393 0 -0.00265047885
v 0.23476266900000001 0 -0.0021878685800000002
v 0.25876450499999998 0 -0.00145168789
v 0.27607417099999998 0 0.014975175300000001
v 0.30129265799999999 0 0.0054458268000000002
v 0.32725644100000001 0 -0.0039067268400000002
v 0.35340189900000002 0 -0.0138521045
v 0.37395262699999998 0 0.0029467865800000001
v 0.41336131100000001 0 0.00168128312
v 0.45085716199999998 0 -0.0073062405
v 0.46928977999999999 0 0.00189358927
v 0.5 0 0
v -0.5 0 0.025000035800000001
v -0.46645832100000001 0 0.024683624500000001
v -0.452007771 0 0.037370562599999997
v -0.37551760699999998 0 0.0092098861900000006
v -0.35304331799999999 0 0.016739830399999999
v -0.329916239 0 0.023389920599999999
v -0.30653095200000002 0 0.0295847058
v -0.28390264500000001 0 0.036375016000000003
v -0.26500392 0 0.044216185800000002
v -0.23821330099999999 0 0.040557652700000002
v -0.20638728100000001 0 0.0189858675
v -0.16912281500000001 0 0.035339087200000001
v -0.126762509 0 0.033522188699999997
v -0.093970120000000004 0 0.035168051700000001
v -0.0287199616 0 0.036489218499999997
v 0.033309280900000002 0 0.0289104879
v 0.068675577599999996 0 0.040476769199999998
v 0.13275587599999999 0 0.026459217100000001
v 0.190314174 0 0.025089859999999999
v 0.22035265000000001 0 0.029938638199999999
v 0.250519514 0 0.021980896600000001
v 0.26918578100000001 0 0.0447771847
v 0.295936584 0 0.032452374700000002
v 0.322260618 0 0.024255961199999999
v 0.34895682300000003 0 0.014308542
v 0.370902538 0 0.0296106935
v 0.41702008200000001 0 0.025834798799999999
v 0.43778324099999999 0 0.0239983499
v 0.47017383600000001 0 0.022335156799999999
v 0.5 0 0.025000035800000001
v -0.5 0 0.050000011900000002
v -0.46750450100000002 0 0.048981696399999997
v -0.43605852099999998 0 0.049039453300000001
v -0.39763045299999999 0 0.048035115000000003
v -0.37561082800000001 0 0.0334609747
v -0.35332512900000002 0 0.041664808999999997
v -0.330244541 0 0.048602849199999999
v -0.30695509900000001 0 0.054726123799999998
v -0.28422546399999998 0 0.060655772699999999
v -0.26086068200000001 0 0.066008806200000006
v -0.20632576899999999 0 0.058430969700000002
v -0.140541792 0 0.069405198099999996
v -0.10578346299999999 0 0.0653886199
v -0.065337479099999998 0 0.062774956199999996
v 0.00671985745 0 0.054557591699999998
v 0.103524268 0 0.0534601808
v 0.16528820999999999 0 0.042853146799999998
v 0.24284982699999999 0 0.046335279899999998
v 0.29109215700000002 0 0.055236250200000003
v 0.31361913699999999 0 0.051210939900000002
v 0.344023466 0 0.046649873299999998
v 0.37117052099999998 0 0.056684255599999997
v 0.450704098 0 0.051597207800000003
v 0.46825313600000001 0 0.041985064699999998
v 0.5 0 0.050000011900000002
v -0.5 0 0.074999988099999998
v -0.46781969099999998 0 0.073123693500000003
v -0.453617096 0 0.08447963
v -0.39944291100000001 0 0.072756528900000006
v -0.37645793 0 0.058137953300000003
v -0.35381388699999999 0 0.066781938099999993
v -0.33041381800000003 0 0.073721826099999999
v -0.306885719 0 0.079642534299999998
v -0.28338813800000001 0 0.085448861099999995
v -0.26017665899999998 0 0.092777967500000003
v -0.235964537 0 0.076191008099999999
v -0.175391674 0 0.082445323500000001
v -0.11833202800000001 0 0.0951599479
v -0.087689280499999994 0 0.100539923
v -0.0228203386 0 0.080159425699999995
v 0.041667938199999997 0 0.067863881599999995
v 0.075893938499999994 0 0.080300509899999997
v 0.13685929799999999 0 0.067957699299999993
v 0.16907370099999999 0 0.082480788200000002
v 0.195058227 0 0.0561929345
v 0.22339367900000001 0 0.064960360499999995
v 0.25006413500000002 0 0.070249676699999999
v 0.27557039300000002 0 0.073431789900000002
v 0.30022215800000002 0 0.075206756599999994
v 0.32609057400000002 0 0.074594199700000002
v 0.35192346600000002 0 0.076558053500000001
v 0.37452197100000001 0 0.081243872600000003
v 0.41264081000000002 0 0.073963105700000004
v 0.43089175200000002 0 0.082967102500000001
v 0.45005750700000002 0 0.071850240199999998
v 0.5 0 0.074999988099999998
v -0.5 0 0.10000002400000001
v -0.46770715699999998 0 0.097546279400000005
v -0.43853664399999998 0 0.094613790500000003
v -0.42460298499999999 0 0.103431225
v -0.40314388299999998 0 0.10046953
v -0.37768816900000002 0 0.083742797399999999
v -0.35396432900000002 0 0.092102348799999997
v -0.33026218400000001 0 0.098878204799999994
v -0.30658245099999998 0 0.10485792200000001
v -0.28299069399999999 0 0.111248136
v -0.25977897599999999 0 0.119097829
v -0.240130186 0 0.102718949
v -0.211303353 0 0.10155004300000001
v -0.145205379 0 0.108950913
v -0.050500571700000003 0 0.10895895999999999
v 0.0143739283 0 0.095206737499999999
v 0.049645513299999999 0 0.107537806
v 0.10855031 0 0.093469977400000001
v 0.14033710999999999 0 0.108687043
v 0.20077872299999999 0 0.0917286873
v 0.23058033 0 0.095325648799999996
v 0.25795435900000002 0 0.097331285500000003
v 0.284094334 0 0.098607540100000002
v 0.30990600600000001 0 0.099216580400000004
v 0.335450888 0 0.099742233799999996
v 0.35950350800000003 0 0.100782812
v 0.378516197 0 0.100528598
v 0.43081808100000002 0 0.103706241
v 0.5 0 0.10000002400000001
v -0.5 0 0.125
v -0.46661853800000003 0 0.12210035299999999
v -0.45106220200000002 0 0.12974250300000001
v -0.41973924600000001 0 0.12109041199999999
v -0.37735676800000001 0 0.10968333500000001
v -0.353486776 0 0.117471218
v -0.32998061200000001 0 0.124180675
v -0.30643034000000002 0 0.13051402600000001
v -0.28285241100000003 0 0.13760006399999999
v -0.259167433 0 0.14648652100000001
v -0.23534369499999999 0 0.12800657700000001
v -0.17759883400000001 0 0.124840021
v -0.11099415999999999 0 0.134643555
v -0.0728846192 0 0.138555288
v -0.012977466 0 0.123485684
v 0.082207322099999994 0 0.118123055
v 0.11157953700000001 0 0.13121569199999999
v 0.21113991700000001 0 0.124418616
v 0.24021911600000001 0 0.123502493
v 0.267276287 0 0.12344896800000001
v 0.29361510299999999 0 0.12364971600000001
v 0.319782495 0 0.12412416900000001
v 0.34535074199999999 0 0.123467565
v 0.371623755 0 0.123026252
v 0.41311502500000002 0 0.11775732
v 0.431761742 0 0.124227166
v 0.44917202000000001 0 0.12984991100000001
v 0.46575117100000002 0 0.13469028499999999
v 0.5 0 0.125
v -0.5 0 0.150000036
v -0.46356487299999999 0 0.148377538
v -0.44697999999999999 0 0.14719200099999999
v -0.433352709 0 0.15586149699999999
v -0.39647030799999999 0 0.15135848499999999
v -0.37575531000000001 0 0.135097623
v -0.35295462599999999 0 0.142784357
v -0.32991790799999998 0 0.14973855
v -0.30663585700000001 0 0.156661987
v -0.28328204200000001 0 0.164699912
v -0.26013445899999998 0 0.17445540400000001
v -0.23528099099999999 0 0.159322619
v -0.20800375900000001 0 0.14317131
v -0.14642775099999999 0 0.15032458300000001
v -0.085985004899999995 0 0.17111122600000001
v -0.039328098300000003 0 0.14922440100000001
v 0.0242893845 0 0.13648843799999999
v 0.059916377100000001 0 0.14529800400000001
v 0.088163137399999994 0 0.149160981
v 0.13995528199999999 0 0.14877533900000001
v 0.224442959 0 0.15124690499999999
v 0.25117444999999999 0 0.14942550700000001
v 0.27771115299999999 0 0.14858603500000001
v 0.30369234099999998 0 0.14816057699999999
v 0.33119177799999999 0 0.15047073399999999
v 0.35494637499999998 0 0.14254593800000001
v 0.37453436899999998 0 0.15021443400000001
v 0.41951131800000002 0 0.15697884600000001
v 0.450280666 0 0.15076529999999999
v 0.46635723099999998 0 0.15800845599999999
v 0.5 0 0.150000036
v -0.5 0 0.17500001200000001
v -0.465993404 0 0.175112247
v -0.451282501 0 0.188263178
v -0.41570949600000001 0 0.165566564
v -0.375059843 0 0.16010499
v -0.35297417599999997 0 0.16820681100000001
v -0.33032631899999998 0 0.17564284799999999
v -0.30747032200000002 0 0.18336892099999999
v -0.28461623200000002 0 0.19285142399999999
v -0.23978281000000001 0 0.18501853900000001
v -0.210958004 0 0.18318975000000001
v -0.178137183 0 0.165567994
v -0.117086649 0 0.17869818200000001
v -0.0620637536 0 0.19858062300000001
v -0.0079527124800000005 0 0.208998561
v 0.0389696956 0 0.175097108
v 0.078002512499999996 0 0.182247043
v 0.110392869 0 0.16691088700000001
v 0.16796541200000001 0 0.169668078
v 0.21390283099999999 0 0.17538142200000001
v 0.236427307 0 0.17555916299999999
v 0.26280116999999997 0 0.17427611400000001
v 0.28927731499999998 0 0.17258119599999999
v 0.31172728500000002 0 0.169438124
v 0.330508947 0 0.17983996899999999
v 0.35293412200000002 0 0.165229917
v 0.37454771999999997 0 0.176398158
v 0.41594910600000001 0 0.17634570599999999
v 0.45110464099999997 0 0.172559142
v 0.46743726699999999 0 0.18051087900000001
v 0.5 0 0.17500001200000001
v -0.5 0 0.19999998799999999
v -0.46711349499999999 0 0.19957804700000001
v -0.43518233299999998 0 0.200554967
v -0.41632247 0 0.188869119
v -0.37544894200000001 0 0.185253263
v -0.35364794700000002 0 0.193966746
v -0.33126997899999999 0 0.201704144
v -0.30945563300000001 0 0.21017527599999999
v -0.26053190199999998 0 0.202350378
v -0.233834982 0 0.20941638900000001
v -0.20498931400000001 0 0.21981978399999999
v -0.17767334000000001 0 0.20339310199999999
v -0.147906184 0 0.190233231
v -0.090016663100000005 0 0.20777273199999999
v 0.022263959100000001 0 0.204844832
v 0.054455459099999999 0 0.20927095400000001
v 0.110227704 0 0.20104920900000001
v 0.138427734 0 0.18553471599999999
v 0.193569303 0 0.18989002699999999
v 0.220208764 0 0.19952225700000001
v 0.248142481 0 0.20053231699999999
v 0.27579879800000001 0 0.198747277
v 0.30538201300000001 0 0.19594466699999999
v 0.330207109 0 0.20634317399999999
v 0.352222443 0 0.1913656
v 0.37341976199999999 0 0.20272016500000001
v 0.41517520000000002 0 0.20081984999999999
v 0.45277214100000002 0 0.194944382
v 0.46862316100000001 0 0.20235157000000001
v 0.5 0 0.19999998799999999
v -0.5 0 0.22500002399999999
v -0.46777916000000003 0 0.223761082
v -0.45292282099999998 0 0.235116243
v -0.39946579900000001 0 0.224915743
v -0.37670469299999998 0 0.21113836799999999
v -0.35456085199999998 0 0.219986916
v -0.33246469499999998 0 0.22670674299999999
v -0.31396699 0 0.23280859000000001
v -0.288120508 0 0.22486829799999999
v -0.25807595300000002 0 0.230896711
v -0.230065346 0 0.238689661
v -0.20245039500000001 0 0.25037670099999998
v -0.17623055000000001 0 0.23692774799999999
v -0.148484111 0 0.22612333300000001
v -0.119142532 0 0.21715974800000001
v -0.0637307763 0 0.23231697100000001
v -0.034086078399999997 0 0.22491359699999999
v -0.00785082579 0 0.235500336
v 0.014032349 0 0.23243641900000001
v 0.040361791799999998 0 0.232543945
v 0.063939809799999997 0 0.23528242099999999
v 0.0868111253 0 0.22342324299999999
v 0.11534512 0 0.22729969
v 0.13798797099999999 0 0.216907501
v 0.16621196299999999 0 0.20453751100000001
v 0.16473734400000001 0 0.23567748099999999
v 0.19836115800000001 0 0.22493290899999999
v 0.23214864700000001 0 0.226818085
v 0.26110076900000001 0 0.22556090400000001
v 0.28885817499999999 0 0.22325587299999999
v 0.31168556200000003 0 0.221083999
v 0.32990455600000002 0 0.232185841
v 0.35167217299999998 0 0.21736013900000001
v 0.37269258500000002 0 0.22839546199999999
v 0.41439199399999999 0 0.22611784900000001
v 0.43685650799999998 0 0.21298337000000001
v 0.46846914299999998 0 0.223603249
v 0.5 0 0.22500002399999999
v -0.5 0 0.25
v -0.46768140800000002 0 0.24772930100000001
v -0.43686318400000002 0 0.24537277199999999
v -0.42198801000000002 0 0.25271201100000001
v -0.40427112599999998 0 0.24791598300000001
v -0.37893152200000002 0 0.239465237
v -0.35388732000000001 0 0.24446058300000001
v -0.33242297199999998 0 0.250149012
v -0.30885791800000001 0 0.25254774099999999
v -0.28212094300000001 0 0.254147768
v -0.25449228299999999 0 0.25886941000000002
v -0.22748684899999999 0 0.26647496199999998
v -0.201351166 0 0.27785325100000002
v -0.17586505399999999 0 0.26631450699999998
v -0.14932250999999999 0 0.25764679899999998
v -0.12128973 0 0.251317978
v -0.089379846999999998 0 0.24688148500000001
v -0.062405169000000003 0 0.25900197000000003
v -0.041031003000000003 0 0.25563001600000002
v -0.0159461051 0 0.255631685
v 0.0085869803999999994 0 0.25678515400000002
v 0.033240050100000001 0 0.25657534599999998
v 0.058185815799999999 0 0.25645685200000001
v 0.082781016799999996 0 0.25381994200000002
v 0.108593464 0 0.249652386
v 0.13548970199999999 0 0.24429488199999999
v 0.18733692199999999 0 0.25759196299999998
v 0.21741962400000001 0 0.25402379000000003
v 0.24650406799999999 0 0.252487183
v 0.27480673799999999 0 0.25024128000000001
v 0.30483365099999998 0 0.247522354
v 0.32957673100000001 0 0.25788307199999999
v 0.351265669 0 0.24296975100000001
v 0.37221789399999999 0 0.25361967099999999
v 0.44904470400000002 0 0.25398325900000002
v 0.466584206 0 0.24634289700000001
v 0.5 0 0.25
v -0.5 0 0.275000036
v -0.46644783000000001 0 0.27181553800000002
v -0.44869041399999998 0 0.28000831599999998
v -0.413506031 0 0.26726961100000002
v -0.37092709499999998 0 0.259625196
v -0.35424113299999999 0 0.26802754400000001
v -0.33168911899999998 0 0.27480387699999997
v -0.30526971800000002 0 0.278168678
v -0.27805137600000002 0 0.280938148
v -0.25132060099999998 0 0.285043716
v -0.225679398 0 0.292342663
v -0.20108652099999999 0 0.30338072799999999
v -0.17656207099999999 0 0.29279565800000001
v -0.15109050299999999 0 0.285373449
v -0.124740958 0 0.28054881100000001
v -0.097423553499999996 0 0.27796506900000001
v -0.070533514000000005 0 0.27902412399999998
v -0.045767933099999998 0 0.28057527500000001
v -0.021564960500000001 0 0.28029871000000001
v 0.0031433831900000001 0 0.28041577299999998
v 0.027972012800000001 0 0.280535698
v 0.052985668200000002 0 0.280267239
v 0.078170418699999994 0 0.27903675999999999
v 0.103743792 0 0.275993347
v 0.13065278499999999 0 0.27070355400000001
v 0.15839850899999999 0 0.263726711
v 0.177990079 0 0.284029007
v 0.20476746600000001 0 0.28080582599999998
v 0.23211884499999999 0 0.278834105
v 0.25983882000000003 0 0.27690172200000002
v 0.28779196699999998 0 0.274787426
v 0.31092310000000001 0 0.27265620200000001
v 0.32918286299999999 0 0.28342390099999998
v 0.35090756400000001 0 0.26832604399999999
v 0.371845961 0 0.27847361599999998
v 0.41220212000000001 0 0.27407050100000002
v 0.43027901600000001 0 0.28364014599999998
v 0.44481611300000001 0 0.272602081
v 0.5 0 0.275000036
v -0.5 0 0.30000001199999998
v -0.46384143799999999 0 0.29811263100000002
v -0.44438075999999999 0 0.300113201
v -0.42940211299999997 0 0.30541157699999999
v -0.401522398 0 0.28401136399999999
v -0.37760067000000003 0 0.279426336
v -0.35905814200000002 0 0.29628229099999998
v -0.32914257000000002 0 0.30126166300000001
v -0.30082392699999999 0 0.304733276
v -0.27331399899999997 0 0.30612969400000001
v -0.24817109100000001 0 0.30906319599999998
v -0.224441528 0 0.31702876099999999
v -0.20164144000000001 0 0.32742047299999999
v -0.178869843 0 0.31801104499999999
v -0.15418016900000001 0 0.31148457499999999
v -0.128724694 0 0.30618691399999998
v -0.102922559 0 0.30402255099999997
v -0.077034354200000002 0 0.30343818700000003
v -0.051702260999999999 0 0.30379939099999997
v -0.026932641899999998 0 0.30405116100000001
v -0.0022063162199999998 0 0.30403685600000002
v 0.022681698199999999 0 0.30402827300000002
v 0.047722399200000001 0 0.30388259899999998
v 0.073000609899999999 0 0.303231478
v 0.098799049900000005 0 0.301477194
v 0.12555635000000001 0 0.297672033
v 0.15200924900000001 0 0.29068565400000002
v 0.170072317 0 0.30524992899999998
v 0.19239425700000001 0 0.30466342000000002
v 0.218276739 0 0.30360865599999998
v 0.24514555900000001 0 0.30231904999999998
v 0.27296519299999999 0 0.30089712099999999
v 0.30356097199999998 0 0.29912972500000001
v 0.329168558 0 0.30863523500000001
v 0.35057449299999999 0 0.29347515099999999
v 0.371479273 0 0.30322074900000001
v 0.43098425899999998 0 0.30553388599999998
v 0.464843273 0 0.30053353300000002
v 0.5 0 0.30000001199999998
v -0.5 0 0.32499998800000002
v -0.466449261 0 0.323313713
v -0.451663494 0 0.33137440699999998
v -0.42267274900000001 0 0.32000541700000001
v -0.40215134600000002 0 0.32102346399999998
v -0.37811708500000002 0 0.32148504300000003
v -0.35161852799999999 0 0.32352757500000001
v -0.32392716399999999 0 0.32798361799999998
v -0.293051004 0 0.333465815
v -0.26640820500000001 0 0.32541656499999999
v -0.24643778799999999 0 0.33260059400000003
v -0.223208666 0 0.341611147
v -0.199931145 0 0.35089969599999998
v -0.18266344100000001 0 0.33839893300000001
v -0.158621073 0 0.338003159
v -0.13359916199999999 0 0.33023095099999999
v -0.10900676300000001 0 0.32737374299999999
v -0.083665788199999994 0 0.32656359699999998
v -0.058429002799999998 0 0.32640480999999999
v -0.033423513199999998 0 0.326477766
v -0.0085381642000000001 0 0.32651209799999997
v 0.016382977399999998 0 0.32649231000000001
v 0.041406035399999999 0 0.32640767100000001
v 0.066606879199999997 0 0.32610225700000001
v 0.092238783800000002 0 0.32526898399999998
v 0.11905181400000001 0 0.323444128
v 0.149606347 0 0.31986141200000001
v 0.17870402299999999 0 0.32536029799999999
v 0.20460879800000001 0 0.32613372800000001
v 0.23070311499999999 0 0.32573866800000001
v 0.25727105099999997 0 0.32506752
v 0.28435444799999998 0 0.32471752199999998
v 0.31018209499999999 0 0.326580763
v 0.33097481699999998 0 0.32978343999999998
v 0.35003590600000001 0 0.31843781500000001
v 0.37090873699999999 0 0.32856679
v 0.41240906700000002 0 0.32024407399999999
v 0.43166661299999998 0 0.32830405200000001
v 0.44972705800000001 0 0.33776497799999999
v 0.46560812000000001 0 0.325212002
v 0.5 0 0.32499998800000002
v -0.5 0 0.35000002400000002
v -0.46441793399999998 0 0.34865284000000002
v -0.44627571100000002 0 0.350082636
v -0.42844486199999998 0 0.35327196100000002
v -0.39420580900000002 0 0.340502739
v -0.37072348599999999 0 0.34350800500000001
v -0.34593200699999999 0 0.34802699100000001
v -0.32013034800000001 0 0.35537242899999999
v -0.29390811900000002 0 0.36553382899999998
v -0.26911187199999997 0 0.34848236999999999
v -0.24499130199999999 0 0.35760450399999999
v -0.22046291800000001 0 0.36645579299999997
v -0.17597913700000001 0 0.358187914
v -0.13718950699999999 0 0.34975600200000001
v -0.116084337 0 0.34830403300000001
v -0.091663062599999998 0 0.34775471699999999
v -0.066540360500000006 0 0.34742283800000001
v -0.041501462500000003 0 0.347348928
v -0.016529679299999999 0 0.347350836
v 0.0084343627100000006 0 0.347344875
v 0.033439367999999997 0 0.34730744400000002
v 0.058535933499999998 0 0.34718418099999998
v 0.083858847599999994 0 0.34685015699999999
v 0.10972935 0 0.34616303399999998
v 0.13669371599999999 0 0.34520673800000001
v 0.16417515299999999 0 0.34554362300000002
v 0.19075608299999999 0 0.34666824299999999
v 0.21660911999999999 0 0.34690928500000001
v 0.24243783999999999 0 0.346742153
v 0.26837539700000002 0 0.34664583199999999
v 0.294013739 0 0.34718418099999998
v 0.318882942 0 0.34814667700000002
v 0.34621548699999999 0 0.34632205999999999
v 0.37162685400000001 0 0.35450601599999998
v 0.41369342799999997 0 0.36744832999999999
v 0.45022869100000001 0 0.360836029
v 0.46612119699999999 0 0.34902429600000001
v 0.5 0 0.35000002400000002
v -0.5 0 0.375
v -0.46642827999999997 0 0.37299132299999999
v -0.45164489699999999 0 0.381443739
v -0.421796322 0 0.37167191500000002
v -0.40158486399999999 0 0.37557268100000002
v -0.36459183699999997 0 0.36482667899999999
v -0.34200668299999998 0 0.371289015
v -0.31919765500000002 0 0.38440775900000002
v -0.29204058599999999 0 0.39286875700000001
v -0.26690387700000001 0 0.37765026099999999
v -0.240543127 0 0.38107729000000001
v -0.19677531700000001 0 0.37432694399999999
v -0.150420785 0 0.36355400100000002
v -0.125771403 0 0.36665678000000002
v -0.10141474 0 0.36691164999999998
v -0.076252043199999994 0 0.36659049999999999
v -0.0512515604 0 0.36639666599999998
v -0.026264965500000001 0 0.36634063700000002
v -0.0012810230299999999 0 0.36632776299999997
v 0.023717522599999999 0 0.36631441100000001
v 0.048752337700000002 0 0.366272449
v 0.073879063100000003 0 0.36615634000000002
v 0.099224090599999995 0 0.36591458300000002
v 0.12496388 0 0.36558127400000001
v 0.151062012 0 0.365462065
v 0.177102804 0 0.36572432500000002
v 0.202794909 0 0.36600828200000002
v 0.22826194799999999 0 0.36609149000000002
v 0.25360608099999998 0 0.36620092399999998
v 0.27866005900000002 0 0.36671018599999999
v 0.30325126600000002 0 0.36787056899999998
v 0.32769083999999998 0 0.369631767
v 0.35150742499999998 0 0.37373948099999998
v 0.37365031199999998 0 0.380112648
v 0.41498660999999998 0 0.39130377799999999
v 0.45120191599999998 0 0.38377571100000002
v 0.5 0 0.375
v -0.5 0 0.400000036
v -0.46490621599999998 0 0.39495921099999998
v -0.447756767 0 0.40163826899999999
v -0.42801308599999999 0 0.405303001
v -0.39420557000000001 0 0.39399313899999999
v -0.373324871 0 0.39820861800000001
v -0.35301041599999999 0 0.40238785700000002
v -0.33254837999999998 0 0.40522241599999997
v -0.27042150500000001 0 0.40331983599999999
v -0.22018372999999999 0 0.411641598
v -0.17754852800000001 0 0.40437078500000001
v -0.150781631 0 0.40012931800000001
v -0.124113321 0 0.40050029799999998
v -0.098903298400000006 0 0.40003013599999998
v -0.074153423299999993 0 0.399485588
v -0.049391180299999997 0 0.39914321899999999
v -0.024495795399999999 0 0.39899611499999998
v 0.000466595404 0 0.39894676200000001
v 0.0254591703 0 0.39893245700000002
v 0.050467222899999997 0 0.39892244300000002
v 0.075498282900000005 0 0.398901701
v 0.10057437399999999 0 0.39886546099999998
v 0.12571322900000001 0 0.39882779099999999
v 0.15089809900000001 0 0.39881682400000001
v 0.176072955 0 0.39885067899999999
v 0.20117270900000001 0 0.398966551
v 0.22607350300000001 0 0.39926361999999999
v 0.25042986900000003 0 0.39982700300000001
v 0.27335763000000002 0 0.40100312199999999
v 0.29473042500000002 0 0.40450763699999998
v 0.31625270799999999 0 0.40953326200000001
v 0.33745622600000003 0 0.41473364800000001
v 0.37513732900000002 0 0.40529632599999998
v 0.41813993500000002 0 0.409280539
v 0.45231819200000001 0 0.40625929799999999
v 0.46741533299999999 0 0.39591693900000002
v 0.5 0 0.400000036
v -0.5 0 0.42500001199999998
v -0.44389104800000001 0 0.44504833199999999
v -0.419876099 0 0.42244720499999999
v -0.39952707300000001 0 0.42526722
v -0.37954664199999999 0 0.42910599700000002
v -0.35958933799999998 0 0.433571339
v -0.32535934399999999 0 0.42455863999999999
v -0.30472374000000002 0 0.429943562
v -0.26738643600000001 0 0.42636227599999998
v -0.198839664 0 0.41568994500000001
v -0.18054783299999999 0 0.41902661299999999
v -0.14512598500000001 0 0.43094563499999999
v -0.121226549 0 0.42995500599999997
v -0.097474753900000002 0 0.428751469
v -0.073393523700000005 0 0.42776536900000001
v -0.049025714400000003 0 0.42710638000000001
v -0.024438023600000001 0 0.426719666
v 0.00034397398100000001 0 0.42653775199999999
v 0.0252652168 0 0.42648077000000001
v 0.050249248699999999 0 0.42647027999999998
v 0.075250566000000005 0 0.42646741900000001
v 0.100258052 0 0.42646431899999998
v 0.12526988999999999 0 0.42646241200000001
v 0.15027022400000001 0 0.42647147200000002
v 0.175193548 0 0.426551819
v 0.199912548 0 0.426912546
v 0.22425437000000001 0 0.42792582499999998
v 0.248318434 0 0.42982411399999998
v 0.272152901 0 0.43038058299999998
v 0.29732561099999999 0 0.42664313300000001
v 0.340637684 0 0.43787240999999999
v 0.37551808399999997 0 0.42935132999999998
v 0.452758312 0 0.427895784
v 0.46783971800000002 0 0.41929554899999999
v 0.5 0 0.42500001199999998
v -0.5 0 0.44999998800000002
v -0.461708546 0 0.43887805899999999
v -0.42504811300000001 0 0.45009565400000001
v -0.40529084199999998 0 0.45324134799999999
v -0.38780903799999999 0 0.45460367200000001
v -0.35433268499999998 0 0.45094108599999999
v -0.33400869399999999 0 0.454967976
v -0.29922842999999999 0 0.448527813
v -0.26689386399999998 0 0.44352316899999999
v -0.247895479 0 0.43949365600000001
v -0.223823786 0 0.44581985499999999
v -0.20123052599999999 0 0.44634676000000001
v -0.17816579299999999 0 0.44631385800000001
v -0.15502321699999999 0 0.44563245800000001
v -0.11853504199999999 0 0.45705175399999998
v -0.094703137899999998 0 0.45569896700000001
v -0.070623278600000006 0 0.45449447599999998
v -0.046409934799999997 0 0.453639507
v -0.022565662899999998 0 0.45285177199999999
v 0.0010171523300000001 0 0.45192050900000003
v 0.025217741700000001 0 0.45143270499999999
v 0.050054073300000002 0 0.45139169699999998
v 0.075039506000000006 0 0.45138931300000001
v 0.100038052 0 0.45138931300000001
v 0.125023842 0 0.45139169699999998
v 0.149696469 0 0.45196390199999997
v 0.17381966099999999 0 0.45288276700000002
v 0.19765400899999999 0 0.45344591099999998
v 0.216585636 0 0.45421647999999998
v 0.32650804500000002 0 0.44932794599999998
v 0.35784649800000001 0 0.44449377099999998
v 0.37625050500000001 0 0.45265245399999998
v 0.406695366 0 0.447956085
v 0.423554182 0 0.44183087300000001
v 0.45105314299999999 0 0.44790601699999999
v 0.466852665 0 0.44202518499999999
v 0.5 0 0.44999998800000002
v -0.5 0 0.47500002400000002
v -0.44055438000000002 0 0.463202
v -0.37222623799999999 0 0.46405553799999999
v -0.34793329200000001 0 0.46689557999999998
v -0.32915949799999999 0 0.468402386
v -0.29340147999999999 0 0.46550893799999998
v -0.27044916200000002 0 0.46900892300000002
v -0.24740266799999999 0 0.47117757799999999
v -0.22406578099999999 0 0.47230291400000002
v -0.20041012799999999 0 0.47263145400000001
v -0.17659056200000001 0 0.47233915300000001
v -0.152722836 0 0.47157144499999998
v -0.128797889 0 0.47052335699999998
v 0.0057855211199999996 0 0.47354984300000003
v 0.026097253000000001 0 0.47427320499999998
v 0.050050735499999999 0 0.47432470300000001
v 0.075003922000000001 0 0.47432804099999998
v 0.099999606599999999 0 0.47432804099999998
v 0.12107467700000001 0 0.47475957899999999
v 0.29814434099999998 0 0.46411085099999999
v 0.32121706 0 0.46504068399999998
v 0.35850453399999999 0 0.46561813400000002
v 0.39493274699999997 0 0.46067762400000001
v 0.41578173600000001 0 0.46024799300000002
v 0.45184278500000002 0 0.469965935
v 0.46393919 0 0.45803260800000001
v 0.5 0 0.47500002400000002
v -0.5 0 0.5
v -0.47499999399999998 0 0.5
v -0.44999998800000002 0 0.5
v -0.42500001199999998 0 0.5
v -0.40000000600000002 0 0.5
v -0.375 0 0.5
v -0.34999999399999998 0 0.5
v -0.32499998800000002 0 0.5
v -0.30000001199999998 0 0.5
v -0.27499997599999998 0 0.5
v -0.25 0 0.5
v -0.22499999400000001 0 0.5
v -0.19999998799999999 0 0.5
v -0.174999982 0 0.5
v -0.15000000599999999 0 0.5
v -0.125 0 0.5
v -0.099999993999999995 0 0.5
v -0.074999988099999998 0 0.5
v -0.0499999821 0 0.5
v -0.025000006000000002 0 0.5
v 0 0 0.5
v 0.025000035800000001 0 0.5
v 0.050000011900000002 0 0.5
v 0.074999988099999998 0 0.5
v 0.10000002400000001 0 0.5
v 0.125 0 0.5
v 0.150000036 0 0.5
v 0.17500001200000001 0 0.5
v 0.19999998799999999 0 0.5
v 0.22500002399999999 0 0.5
v 0.25 0 0.5
v 0.275000036 0 0.5
v 0.30000001199999998 0 0.5
v 0.32499998800000002 0 0.5
v 0.35000002400000002 0 0.5
v 0.375 0 0.5
v 0.400000036 0 0.5
v 0.42500001199999998 0 0.5
v 0.44999998800000002 0 0.5
v 0.47500002400000002 0 0.5
v 0.5 0 0.5
v 0.39450049399999998 0 0.38642764099999999
v 0.26411557200000002 0 0.38417267799999999
v 0.21454203099999999 0 0.38338160500000001
v 0.13839542899999999 0 0.38311624500000002
v 0.39371252099999998 0 0.0163106173
v 0.087716758300000003 0 0.38332057000000003
v 0.012553915400000001 0 0.38344502400000002
v 0.333386183 0 0.39242267600000003
v 0.25097513199999999 0 0.46408891699999999
v 0.20719146699999999 0 0.46761083599999997
v 0.0141452104 0 0.46347475100000002
v -0.27837037999999997 0 0.45348930399999998
v 0.45221757899999998 0 -0.27777051899999999
v 0.13604593300000001 0 0.46586275100000002
v 0.087509930099999994 0 0.46312618300000002
v 0.39383625999999999 0 0.087705910200000001
v 0.45242214200000003 0 0.013322435299999999
v 0.39394521700000001 0 -0.287308693
v 0.39453148799999999 0 0.13347530399999999
v 0.39252877200000003 0 0.336586475
v 0.39379549000000003 0 0.21417045600000001
v 0.46272182499999998 0 0.27317595500000003
v 0.45658874500000002 0 0.21297764799999999
v 0.39265871000000002 0 0.26399898500000002
v -0.012437991799999999 0 0.38346004500000003
v -0.17023181900000001 0 0.38305425599999998
v 0.093428969400000006 0 -0.44974565500000002
v 0.39060497300000002 0 -0.44723844499999998
v -0.22048377999999999 0 0.38865852400000001
v 0.45990610100000001 0 -0.21092963200000001
v 0.33629178999999998 0 -0.48079824399999999
v 0.39273333500000002 0 -0.088650167000000002
v -0.062339246299999998 0 0.383666277
v -0.13864457599999999 0 0.38334488900000002
v -0.087275087799999998 0 0.38400888399999999
v -0.112409592 0 0.38434386300000001
v 0.21072542699999999 0 -0.39216279999999998
v 0.34726309799999999 0 -0.41055726999999997
v 0.39453434900000001 0 -0.21134758000000001
v 0.454743385 0 -0.229482889
v 0.33444261600000003 0 -0.45180463799999998
v 0.38664746300000002 0 -0.47954034800000001
v 0.39526867900000001 0 -0.185881615
v 0.26153731299999999 0 -0.480165958
v 0.26826977699999999 0 -0.41839385000000001
v 0.015418931800000001 0 -0.42028760900000001
v -0.28283333799999999 0 -0.42122340200000002
v -0.055864691700000003 0 0.46761989599999998
v 0.44607687000000001 0 -0.10645961800000001
v 0.39170861200000001 0 -0.10892784599999999
v -0.28792381299999997 0 -0.48013067199999998
v 0.13439118899999999 0 -0.41206741299999999
v 0.45631122600000001 0 -0.192516088
v 0.21107935899999999 0 -0.41527652700000001
v -0.080339133699999996 0 0.46834182699999999
v 0.083694279199999999 0 -0.40943551099999997
v -0.46048688900000001 0 0.45834159899999999
v 0.13655388399999999 0 -0.45081853900000002
v -0.47423172000000002 0 0.453392982
v 0.46618986099999998 0 -0.13216483600000001
v -0.396211386 0 0.46696758300000002
v -0.41820001600000001 0 0.46599245099999997
v -0.104713917 0 0.46939373000000001
v -0.23504662500000001 0 0.45911264400000001
v 0.39374542200000001 0 -0.13154363599999999
v -0.142151475 0 0.458405018
v -0.21229302899999999 0 0.45998954800000003
v -0.189048409 0 0.460079193
v -0.0080939456800000007 0 0.464787006
v 0.39435553600000001 0 -0.00472437963
v 0.39660739900000003 0 -0.067828893700000004
v 0.45736980399999999 0 -0.089261472199999997
v -0.41647005100000001 0 0.0147871971
v -0.45034408599999998 0 0.014932811299999999
v -0.48026275600000001 0 0.0119214803
v -0.48121881500000002 0 0.086320936700000003
v 0.40042686500000002 0 -0.41782903700000001
v -0.39676475500000002 0 0.024256423100000001
v 0.00404794887 0 -0.39864087100000001
v -0.29543399799999998 0 -0.39741873700000002
v -0.42098975199999999 0 0.084120213999999999
v 0.32636833199999998 0 -0.40134715999999998
v 0.45820903800000001 0 -0.36576795600000001
v 0.21098113099999999 0 -0.48001813900000001
v 0.0121733248 0 -0.48085689500000001
v 0.27711296099999999 0 -0.39776992799999999
v -0.41673564899999999 0 0.14302241800000001
v -0.48013067199999998 0 0.13640713700000001
v 0.38896131499999997 0 -0.36538052599999998
v -0.39722680999999999 0 0.200143814
v -0.48121833800000002 0 0.21188104199999999
v 0.45981359500000002 0 -0.38410329799999998
v 0.38586473500000001 0 -0.38855958000000002
v -0.417833328 0 0.212566376
v -0.45242547999999999 0 0.211860776
v -0.39105057700000001 0 0.26364159599999998
v -0.48117065399999998 0 0.261059284
v -0.413151979 0 -0.30375981299999999
v -0.451965809 0 0.25773119900000002
v -0.45303010900000001 0 -0.29120516800000001
v 0.39177537000000001 0 -0.34052824999999998
v 0.46080446200000003 0 -0.47812986400000002
v -0.48127985000000001 0 -0.28854131700000002
v 0.45780420300000002 0 -0.34798026100000001
v -0.415636063 0 0.33789753900000002
v 0.087307810799999996 0 -0.48006105399999999
v 0.13674581099999999 0 -0.48054933500000002
v -0.48030900999999998 0 0.33660077999999999
v -0.47998666800000001 0 0.385752439
v -0.23739528700000001 0 0.40458965299999999
v -0.38031959500000001 0 0.37977361700000001
v -0.41474533099999999 0 0.39006566999999998
v -0.34130168 0 0.38961672800000002
v -0.35925960499999998 0 0.38449525800000001
v -0.0374081135 0 0.38351035100000003
v -0.23627400400000001 0 -0.41962289800000002
v 0.062601804699999999 0 0.383397341
v 0.037562131899999997 0 0.38343191100000001
v 0.112972975 0 0.38320422199999998
v -0.47974157299999998 0 -0.21350908299999999
v 0.163885593 0 0.383140802
v -0.13733947299999999 0 -0.41715669599999999
v 0.23956751800000001 0 0.38361120199999998
v -0.211606145 0 -0.41507673299999998
v 0.18928873500000001 0 0.38325262100000002
v 0.28787517499999998 0 0.38567805300000002
v -0.088743507900000004 0 -0.48076772699999998
v -0.41641783700000001 0 -0.20666897300000001
v 0.35477948199999998 0 0.39808344800000001
v 0.31091189400000002 0 0.388420343
v -0.18681645399999999 0 -0.41469979299999998
v 0.43464040799999998 0 0.39654040299999999
v 0.48119974100000001 0 0.38568425200000001
v -0.47936057999999998 0 -0.18838751300000001
v -0.288783073 0 0.41613721799999998
v -0.113231659 0 -0.41882133500000002
v -0.41519713400000002 0 -0.184192419
v -0.24276351900000001 0 -0.47625350999999999
v -0.072571873699999997 0 -0.40357041399999999
v -0.089676439799999993 0 -0.42114186300000001
v -0.41261219999999998 0 -0.47979354899999999
v -0.39546489699999998 0 -0.17570364499999999
v 0.012926116600000001 0 0.41316270799999999
v 0.13803052900000001 0 0.413115501
v -0.0075340345499999998 0 -0.41798043299999998
v 0.087937772299999994 0 0.41313481299999999
v 0.32173466699999997 0 0.43068790400000001
v 0.21290683699999999 0 0.41357779500000003
v 0.39853620499999998 0 -0.15819275399999999
v 0.26065611799999999 0 0.415263891
v 0.183528304 0 0.467029572
v 0.397012949 0 0.41367721600000001
v -0.25355434399999999 0 0.39481449099999999
v -0.45348072099999998 0 -0.23621225400000001
v -0.47982549699999999 0 -0.13852429399999999
v 0.45349931700000001 0 -0.17105662799999999
v -0.44901418700000001 0 -0.138566732
v -0.28434395800000001 0 0.43601799000000002
v -0.41426348699999999 0 -0.134967804
v 0.39333915699999999 0 0.36137914700000001
v -0.38910293600000001 0 -0.48082447099999998
v -0.11351275399999999 0 -0.48082113300000001
v -0.063500285099999998 0 -0.48062372199999998
v 0.012760236899999999 0 0.43924093199999997
v -0.47993850700000001 0 -0.113388777
v 0.13759827599999999 0 0.43917727499999998
v 0.087612807799999998 0 0.43917155299999999
v 0.261802912 0 0.44683933300000001
v -0.41572117800000002 0 -0.106944203
v 0.211002827 0 0.44062185300000001
v 0.39268899000000002 0 0.43937063199999998
v -0.48013019600000001 0 -0.088393390200000005
v -0.25701522799999998 0 0.45707511899999997
v -0.165636539 0 0.45950412800000001
v -0.031448304699999999 0 0.46657657600000002
v -0.31454110099999999 0 0.46018648099999998
v 0.062517583400000007 0 0.463126659
v 0.037641555100000001 0 0.463135242
v -0.41193461399999998 0 -0.065130293399999997
v 0.11250233699999999 0 0.463126659
v -0.47831201600000001 0 -0.46149969099999999
v 0.15912449400000001 0 0.46733570099999999
v -0.34055519099999998 0 -0.392493486
v -0.150693417 0 -0.39625787699999998
v 0.229073524 0 0.46548652600000001
v 0.27455067599999999 0 0.46411848100000003
v -0.48007249800000001 0 -0.063442707099999995
v 0.43541884400000003 0 0.45507192600000002
v -0.41800880400000001 0 -0.39336037600000001
v -0.29775237999999998 0 -0.43666100499999999
v 0.41286873800000001 0 0.25066185000000002
v -0.18476915399999999 0 -0.48099708600000002
v 0.47896432900000002 0 0.46008443799999998
v -0.28505635299999998 0 0.48082399399999998
v -0.46168041199999998 0 -0.38900899900000002
v -0.477912903 0 -0.38355231299999998
v 0.14199721800000001 0 0.48110914199999999
v -0.176418662 0 -0.39511322999999998
v -0.33850121500000002 0 -0.48020315200000002
v 0.087500154999999996 0 0.48495244999999998
v -0.012880727599999999 0 -0.48031473200000002
v 0.013508200600000001 0 0.48390054700000001
v -0.48004341099999998 0 -0.0133671463
v 0.34087896299999998 0 0.45839071300000001
v 0.21661364999999999 0 0.48107576400000002
v -0.41729378700000003 0 -0.0068360641600000004
v 0.26381015800000002 0 0.47980785399999998
v -0.23307561900000001 0 -0.39215063999999999
v 0.37929821000000002 0 0.473078728
v -0.12555086600000001 0 -0.39730048200000001
v -0.48112392399999998 0 -0.336238384
v -0.36194396000000001 0 -0.45428132999999998
v -0.021158277999999999 0 -0.397997618
v 0.43413543700000001 0 0.0071741789600000003
v 0.393176794 0 0.0408061147
v -0.10036653299999999 0 -0.39941883099999997
v -0.46012401600000002 0 -0.47917032199999998
v 0.452021122 0 0.0321992636
v 0.46688222899999998 0 0.061818182499999999
v -0.42023992500000001 0 -0.46321725800000002
v 0.39292407000000001 0 0.065091490700000004
v -0.22014594100000001 0 -0.47604942300000003
v 0.41244053800000002 0 0.095827639100000001
v 0.45080995600000001 0 0.091205596900000005
v 0.468305111 0 0.079843640300000004
v 0.39393758800000001 0 0.109752893
v 0.46423673599999998 0 0.11723148799999999
v -0.43470835699999999 0 0.13564419699999999
v -0.47954940800000001 0 -0.3600564
v 0.0026076696799999998 0 -0.43607354199999998
v 0.415189743 0 0.13947892200000001
v 0.48065519299999998 0 0.14171528799999999
v 0.43347406399999999 0 0.144295216
v -0.41789579399999999 0 -0.35577726399999998
v 0.39864277799999998 0 0.16018986700000001
v -0.210381866 0 -0.45166921599999998
v 0.258795738 0 -0.43377208699999997
v -0.36386442200000002 0 -0.48040247000000003
v -0.13770115399999999 0 -0.48076772699999998
v 0.39518594699999998 0 0.188380837
v -0.45358610199999999 0 -0.33545374900000002
v -0.436473846 0 0.22363686599999999
v 0.21194887200000001 0 -0.433232069
v 0.39316201200000001 0 0.23932409299999999
v 0.48203420600000002 0 0.21282267599999999
v 0.45749378200000002 0 -0.313079357
v -0.066300272899999999 0 -0.45345306400000002
v 0.45255661000000003 0 0.23157572700000001
v -0.43379235300000002 0 0.26525950399999998
v 0.39661908099999998 0 -0.31380176500000001
v -0.114152789 0 -0.45295476899999998
v 0.43088293100000002 0 0.26220178599999999
v 0.48018121699999999 0 0.26106500599999999
v 0.39228606199999999 0 0.28815531700000002
v 0.44772529599999999 0 0.29148650199999998
v -0.43952941899999998 0 -0.28276014300000002
v 0.39216709100000002 0 0.312166214
v 0.449028015 0 0.31448340400000002
v -0.47533464399999997 0 -0.40995931600000002
v -0.43469381299999998 0 0.33501386599999999
v 0.47960043000000002 0 -0.28465151799999999
v 0.41293168099999999 0 0.34369087199999998
v 0.48046207400000002 0 0.33729577100000002
v 0.39549732199999998 0 -0.26277422900000003
v -0.0092149227899999998 0 -0.45082712200000002
v 0.43225002299999998 0 0.35136079799999997
v -0.44920301400000001 0 -0.421795845
v -0.39887142199999998 0 -0.22220051299999999
v -0.434197903 0 0.38618445400000001
v -0.33415055300000002 0 -0.41383171099999999
v 0.46684551200000002 0 0.372695208
v -0.37459588100000002 0 -0.40947485
v -0.38964438400000001 0 -0.418023586
v -0.48013782500000002 0 -0.23862981799999999
v -0.23652672799999999 0 0.48361587499999997
v 0.43482685100000001 0 -0.061700403700000003
v -0.36115050300000001 0 0.48013925600000001
v -0.31313586199999999 0 -0.48029089000000003
v -0.45973348600000002 0 0.47882366199999998
v 0.41547441499999999 0 -0.22453427300000001
v -0.30791068100000002 0 -0.41644883199999999
v -0.48001718500000001 0 -0.038411468300000001
v -0.38538193700000001 0 0.480157852
v -0.011854492100000001 0 0.43946170800000001
v 0.47939157500000001 0 -0.059566438200000002
v 0.31180024099999998 0 -0.48083496100000001
v 0.48227548599999998 0 -0.23644494999999999
v -0.44595241499999999 0 -0.085159599799999999
v 0.44222593300000002 0 -0.089974880199999996
v 0.433056355 0 -0.452944756
v -0.110322714 0 0.41519784900000001
v -0.030225753800000001 0 -0.41806078000000002
v -0.35884737999999999 0 -0.43995761900000002
v 0.28681921999999999 0 -0.48028325999999999
v 0.43142223400000002 0 -0.014904051999999999
v 0.48222589500000002 0 -0.41019344299999999
v 0.476270676 0 -0.088001549200000001
v 0.29046297100000001 0 -0.41729998600000001
v -0.36614012699999998 0 0.41601300200000002
v -0.407137156 0 0.40804052400000002
v 0.42945551900000001 0 -0.21012842700000001
v -0.48076009800000002 0 0.41769003900000001
v 0.48095083199999999 0 -0.14045763
v -0.060385167599999998 0 0.44069981600000002
v 0.48299646400000001 0 -0.21274280500000001
v -0.161984563 0 -0.41563439400000002
v -0.462922573 0 0.41725873899999999
v 0.43617963799999998 0 -0.23038387299999999
v -0.33953356699999998 0 0.4381814
v -0.38662815099999998 0 0.411840439
v -0.34583473199999998 0 0.420171976
v -0.44831752800000002 0 -0.18522524800000001
v 0.032997995600000003 0 -0.40123772600000002
v -0.13531649100000001 0 0.41585135499999998
v -0.086041152499999995 0 0.41434431100000002
v -0.061587512499999997 0 0.41370701799999998
v -0.264122725 0 -0.40174865700000001
v 0.41761469800000001 0 -0.062588930099999995
v -0.012023352100000001 0 0.413213253
v 0.482944965 0 -0.18893122700000001
v -0.43418169000000001 0 -0.213900805
v -0.41372776 0 -0.161097884
v -0.44116234799999998 0 -0.38931274399999999
v -0.45316886899999997 0 -0.041449874599999999
v -0.43303441999999998 0 -0.066183507399999994
v 0.36665439599999999 0 -0.42091846500000002
v -0.47541999800000001 0 0.43563270599999998
v -0.39278435699999997 0 0.44133424799999998
v -0.190796614 0 0.43181467099999998
v -0.13176047799999999 0 0.44441842999999998
v -0.0844236612 0 0.44173526800000001
v 0.036972165100000003 0 -0.44934892700000001
v 0.47902345699999999 0 -0.459698677
v 0.23866867999999999 0 -0.45408868800000002
v 0.47940492600000001 0 -0.11587405200000001
v -0.038219600899999998 0 -0.480135441
v -0.26375103 0 -0.480212688
v -0.40865755100000001 0 0.35674691200000003
v -0.47970437999999999 0 -0.43652081500000001
v -0.48017978700000002 0 0.36146640800000002
v 0.236340046 0 -0.48007297500000001
v -0.47960901299999997 0 -0.16350996500000001
v -0.41171383900000003 0 -0.265898466
v 0.43331670799999999 0 -0.41508102400000002
v 0.43522596400000002 0 -0.480046272
v 0.40940380100000001 0 -0.35670113599999997
v -0.32082176200000001 0 -0.39494633699999998
v -0.38860869399999998 0 0.30139088600000002
v -0.23563337300000001 0 -0.44269299499999998
v -0.41202044500000001 0 0.30314397799999998
v -0.453940868 0 0.31397700299999998
v -0.48027038599999999 0 0.31141495699999999
v -0.426708221 0 0.28663182300000001
v -0.43524694400000002 0 -0.013803057400000001
v 0.18591857000000001 0 -0.480366707
v -0.41853928600000001 0 0.0605298877
v -0.33753037499999999 0 0.48040819200000001
v -0.40914940799999999 0 0.48048829999999998
v -0.480413437 0 0.28608274500000003
v 0.16123390200000001 0 -0.48042821899999999
v -0.18807184699999999 0 0.48401927900000002
v -0.13941097299999999 0 0.48306322099999999
v -0.090391099500000002 0 0.48167944000000001
v -0.39375042900000001 0 -0.43405604399999997
v -0.16164004800000001 0 -0.48017740199999998
v 0.302210808 0 -0.39744210200000002
v -0.37406516099999998 0 0.44586324700000002
v 0.480961323 0 -0.34024238600000001
v -0.33992672000000002 0 -0.43513298
v -0.48153495800000001 0 -0.312579155
v -0.39619660400000001 0 0.17557203800000001
v -0.449664593 0 0.16542232000000001
v 0.48282003400000001 0 -0.36415958399999998
v 0.156834364 0 -0.417412281
v 0.312615633 0 -0.41821098299999998
v 0.43059468299999998 0 -0.39198136300000003
v -0.23334622399999999 0 0.426249504
v 0.366250038 0 -0.39860463099999999
v 0.036843061400000002 0 -0.48085403399999999
v -0.045964598699999998 0 -0.39927840199999998
v -0.48094844799999997 0 0.036892265100000002
v -0.43771076199999998 0 -0.32580280299999997
v -0.45298194899999999 0 0.0606122017
v -0.48126602200000002 0 0.061545550800000001
v -0.41713428499999999 0 0.037305325299999997
v 0.42715287200000002 0 -0.36855602300000001
v 0.10915172099999999 0 -0.39591932299999999
v 0.0618804097 0 -0.48022127199999998
v 0.175115824 0 -0.39332318300000002
v -0.14945900400000001 0 -0.43496370299999998
v 0.436345816 0 -0.18849992800000001
v -0.108239591 0 0.44301152199999999
v -0.43428993199999999 0 -0.47945833199999999
v -0.10205423800000001 0 -0.43751025199999999
v -0.48002004599999998 0 0.162007451
v -0.39849019099999999 0 0.127096772
v 0.43410134299999997 0 -0.14325141899999999
v -0.0123799145 0 0.48011827499999998
v 0.11227107 0 -0.48052263299999998
v 0.411595345 0 -0.48003578200000002
v 0.41454529800000001 0 -0.13880920399999999
v -0.213414669 0 0.43080210699999999
v 0.48302888900000002 0 -0.38725638400000001
v -0.45316362399999999 0 0.107534349
v -0.11499536 0 0.48236846900000002
v -0.480747223 0 0.18717563200000001
v -0.31034112000000003 0 -0.45069074599999998
v -0.058201551400000003 0 -0.43827652900000003
v -0.480858326 0 0.11116564299999999
v -0.41186976400000003 0 0.43786311100000003
v -0.48141193399999999 0 0.236449718
v -0.41993951800000001 0 0.235067368
v -0.065674424199999998 0 0.48114442800000001
v 0.28708267199999998 0 -0.451282978
v -0.42276239399999999 0 -0.318276167
v 0.108462751 0 -0.42068147700000003
v -0.39915203999999999 0 -0.021709412300000001
v 0.156633735 0 -0.39875459699999999
v 0.059972167 0 -0.39174890499999998
v 0.36112499199999998 0 -0.47992944700000001
v -0.48046016699999999 0 -0.26381850200000001
v -0.41511869400000001 0 -0.44022154800000002
v 0.057623446000000002 0 -0.41627716999999997
v -0.45430469499999998 0 0.36421561200000002
v -0.38713359800000002 0 0.36042022699999998
v 0.48329734800000002 0 -0.010510101900000001
v -0.212350607 0 0.484039783
v -0.43869710000000001 0 -0.23263430600000001
v 0.44831228299999998 0 -0.25569319699999998
v 0.062919855100000005 0 0.41314363500000001
v 0.16308259999999999 0 0.41312837600000002
v 0.48131608999999997 0 -0.43352651599999997
v 0.48120069500000001 0 -0.26028275499999998
v 0.242410183 0 -0.44002580600000002
v -0.31949472400000001 0 0.44312000299999998
v 0.43578481699999999 0 -0.164258242
v -0.040340751399999999 0 0.48053550699999997
v 0.40898013100000002 0 -0.021071836399999998
v 0.48065614699999998 0 -0.0348466635
v 0.43254208599999999 0 0.42145919799999998
v 0.48205089600000001 0 -0.16478156999999999
v -0.160811543 0 -0.45073080100000001
v 0.056388795399999997 0 -0.43692278899999998
v 0.16246867200000001 0 0.43931078899999998
v -0.42933893200000001 0 0.43556737899999998
v 0.41314315800000001 0 0.051332831400000001
v 0.48098039599999998 0 0.16630542300000001
v 0.434122801 0 0.164666653
v -0.036201477099999997 0 0.43993568399999999
v 0.19220042200000001 0 0.48081684099999999
v -0.43772912000000003 0 0.115708351
v 0.10638326400000001 0 -0.438046455
v 0.18701958699999999 0 0.43975734700000002
v 0.48365640599999998 0 0.034205675099999999
v 0.41986084000000001 0 -0.157011867
v -0.43483018899999998 0 0.0264308155
v 0.30863666499999998 0 0.44738864900000003
v -0.036883383999999998 0 0.41336250299999999
v 0.30145692800000001 0 -0.435213089
v 0.037623196800000001 0 0.48491096500000003
v 0.42011857000000002 0 -0.31481933600000001
v 0.40522193899999998 0 0.47570133199999998
v 0.23734307299999999 0 0.41436195399999998
v 0.42928576499999999 0 0.47323322299999998
v 0.168002605 0 0.48199653599999998
v 0.481238365 0 0.43411898599999998
v 0.28723502200000001 0 0.47909927400000002
v -0.43896985100000002 0 -0.0323398113
v 0.48068571100000002 0 0.36155748399999998
v 0.18807518500000001 0 0.41322851199999999
v 0.346714258 0 -0.43384051299999998
v 0.48152255999999999 0 0.23628568599999999
v 0.35696697199999999 0 0.42118382500000001
v 0.28012871700000003 0 0.41552662800000001
v -0.433218718 0 0.47936010400000001
v -0.31209087400000002 0 0.47773218200000001
v -0.31058359099999999 0 0.40912699699999999
v 0.41204190299999999 0 0.29713749900000003
v 0.433370113 0 0.23916006100000001
v 0.43929457700000002 0 -0.31389713299999999
v 0.48152685200000001 0 0.40982127200000001
v 0.434446573 0 0.041249752000000001
v 0.42835855499999997 0 -0.040888935299999998
v -0.43398237200000001 0 0.177488327
v -0.16375279400000001 0 0.48365688299999998
v 0.31150555600000002 0 0.47985696799999999
v 0.48022794699999999 0 0.11463248700000001
v -0.26061677900000002 0 0.48261404000000002
v 0.47742843600000001 0 0.070762157399999998
v 0.11765980700000001 0 0.48701095599999999
v 0.48162031199999999 0 0.189726114
v 0.411891222 0 0.42890143400000003
v -0.44002771400000001 0 0.31750225999999998
v -0.43998956700000003 0 0.36784458199999998
v -0.44219327000000003 0 0.42320585300000002
v -0.16002857700000001 0 0.41675543799999998
v 0.037915200000000003 0 0.41315007199999998
v 0.037631601100000002 0 0.439178705
v 0.439917326 0 0.43811488199999998
v 0.482008934 0 0.29139685599999998
v 0.43307042099999998 0 0.37425208100000001
v -0.43309473999999998 0 -0.266729832
v 0.40160179099999999 0 -0.43404388399999999
v -0.16842079200000001 0 0.43194985400000002
v 0.11261367799999999 0 0.43917131399999998
v 0.431774616 0 0.061769843099999999
v -0.437444687 0 0.072198391000000001
v 0.235595465 0 0.44797706599999998
v -0.252096653 0 0.416516304
v 0.11297500100000001 0 0.41312241599999999
v 0.476663589 0 -0.31257605599999999
v 0.42039346700000002 0 -0.25287270499999998
v 0.062508225400000006 0 0.48495054199999998
v 0.43305397000000001 0 -0.43636298200000001
v 0.43454814000000003 0 0.186988354
v -0.037911534300000001 0 -0.43585467300000003
v -0.43190097799999999 0 -0.172491908
v 0.477108955 0 0.31438255300000001
v 0.28523922000000002 0 0.44684505499999999
v 0.062613248799999993 0 0.43917250600000002
v 0.45029258700000002 0 0.110067606
v 0.0052700601500000003 0 -0.046537578099999997
v -0.075749814499999998 0 -0.067574441400000004
v 0.174972296 0 0.126692057
v -0.0019979719100000001 0 0.16965961500000001
v -0.059681713599999998 0 0.16852223899999999
v -0.00301835313 0 -0.080624997599999998
v -0.19234263900000001 0 -0.16106021400000001
v -0.20293641100000001 0 -0.39376831099999998
v -0.034944564099999999 0 0.18667757500000001
v 0.46812295900000001 0 0.471773624
v 0.196973801 0 0.15691888300000001
v 0.159098506 0 -0.14700400799999999
v 0.240150213 0 0.48043394099999998
v 0.142484307 0 -0.118572235
v 0.17581224400000001 0 -0.17449045199999999
v -0.47473192199999997 0 0.46950626400000001
v 0.47455549200000002 0 -0.47377729400000002
v 0.46843957899999999 0 0.099197804900000006
v -0.17087876799999999 0 -0.140678883
v 0.46132516899999998 0 0.48368549300000002
v 0.48062229200000001 0 0.056720495199999998
v 0.47978735 0 0.481407166
v -0.47452211399999999 0 -0.47534799599999999
v 0.337895632 0 0.47795009599999999
v 0.441277266 0 0.48538160299999999
v 0.415604115 0 0.48750448200000002
v -0.48248243299999999 0 0.48169374500000001
v 0.48505878400000002 0 0.082736492199999997
v 0.36515831900000001 0 0.48372125599999999
v -0.19876897299999999 0 0.39642882299999999
v 0.48640537299999997 0 0.0127196833
v 0.388778925 0 0.48696041099999998
v 0.48623180399999999 0 -0.48590707799999999
v -0.48655700699999999 0 0.45573234600000001
v -0.450926304 0 -0.45224571200000002
v -0.48677635200000002 0 -0.48710680000000001
v -0.203177571 0 -0.48219442400000001
v -0.46829414400000002 0 -0.46989560149999998
v -0.47641706500000003 0 -0.46842384349999999
v -0.470189095 0 -0.46297144899999998
v -0.5 0 -0.48749999700000002
v -0.49338817600000001 0 -0.48105339699999999
v -0.49338817600000001 0 -0.49355340000000003
v -0.46732306499999998 0 -0.47725915899999999
v -0.46109509500000001 0 -0.47180676450000003
v -0.44269073000000003 0 -0.45032882699999999
v -0.43902838199999999 0 -0.45672559749999997
v -0.44726395600000002 0 -0.4586424825
v -0.42345106599999999 0 -0.47962594049999996
v -0.41880610600000001 0 -0.48989677450000002
v -0.42964497199999996 0 -0.48972916599999999
v -0.44720697399999998 0 -0.47931432699999998
v -0.451862812 0 -0.47210478749999996
v -0.43894577000000001 0 -0.47224879249999996
v -0.40630610300000003 0 -0.48989677450000002
v -0.412500009 0 -0.5
v -0.37648367900000002 0 -0.48061347050000003
v -0.36943221100000001 0 -0.49020123500000001
v -0.38205146800000001 0 -0.49041223550000002
v -0.400857568 0 -0.48030900999999998
v -0.40612912199999995 0 -0.47397232099999997
v -0.39437449000000002 0 -0.47448778199999997
v -0.35693220800000003 0 -0.49020123500000001
v -0.36249999700000002 0 -0.5
v -0.36488962199999997 0 -0.46554160099999997
v -0.36981749549999998 0 -0.45944833750000003
v -0.3570160865 0 -0.46037459349999998
v -0.32581853849999998 0 -0.48024702100000005
v -0.31906792500000003 0 -0.49014544500000001
v -0.33175060150000002 0 -0.49010157600000004
v -0.35118281849999999 0 -0.48030281100000005
v -0.35797631750000003 0 -0.47343516350000003
v -0.345294714 0 -0.4733355045
v -0.30656793699999996 0 -0.49014544500000001
v -0.3125 0 -0.5
v -0.313564658 0 -0.46495437650000004
v -0.31843423850000002 0 -0.45734453200000003
v -0.3054715395 0 -0.45830059049999999
v -0.27583742150000001 0 -0.48017167999999999
v -0.26937550300000002 0 -0.49010634399999997
v -0.28146189449999998 0 -0.49006533600000002
v -0.30052983749999995 0 -0.48021078100000003
v -0.30686891049999998 0 -0.47310066250000005
v -0.29426288599999995 0 -0.4730205535
v -0.256875515 0 -0.49010634399999997
v -0.26249998799999996 0 -0.5
v -0.23145473 0 -0.47615146650000001
v -0.23507297050000001 0 -0.48802471150000004
v -0.24638175950000002 0 -0.48812675500000002
v -0.25325727450000002 0 -0.47823309899999999
v -0.25877547249999999 0 -0.47406172749999997
v -0.24828171700000001 0 -0.47208213850000003
v -0.20158877949999998 0 -0.49109721200000001
v -0.212499991 0 -0.5
v -0.21408878250000002 0 -0.49109721200000001
v -0.21526390350000002 0 -0.46385931950000003
v -0.22777974600000001 0 -0.4692060945
v -0.22289770850000001 0 -0.45701599100000001
v -0.17320460100000001 0 -0.48058724399999997
v -0.16832001499999999 0 -0.49008870100000002
v -0.17988456799999999 0 -0.49049854300000001
v -0.1995756625 0 -0.47524690650000001
v -0.21166175600000001 0 -0.47912192350000005
v -0.20805984750000001 0 -0.47217440600000005
v -0.155820027 0 -0.49008870100000002
v -0.16249999399999998 0 -0.5
v -0.16101342400000002 0 -0.46592378599999995
v -0.16668003749999999 0 -0.457936764
v -0.1551449295 0 -0.45871782299999997
v -0.12560695399999999 0 -0.48079442999999999
v -0.119256377 0 -0.49041056650000003
v -0.131350577 0 -0.49038386349999996
v -0.14967060100000001 0 -0.48047256449999998
v -0.15555918200000002 0 -0.47344112350000001
v -0.143589735 0 -0.47373628599999995
v -0.10675637399999999 0 -0.49041056650000003
v -0.11249999699999999 0 -0.5
v -0.11391058549999999 0 -0.46723723449999999
v -0.120144546 0 -0.45999646199999999
v -0.10791882850000001 0 -0.46019554149999997
v -0.076121896500000008 0 -0.48069572449999998
v -0.069250136599999998 0 -0.49031186100000002
v -0.081871747999999994 0 -0.49038386349999996
v -0.10112813095000001 0 -0.48079442999999999
v -0.10759881099999999 0 -0.47412872350000002
v -0.095214187950000001 0 -0.4741020205
v -0.056750133600000002 0 -0.49031186100000002
v -0.062499985100000002 0 -0.5
v -0.064724177100000002 0 -0.46698188799999996
v -0.07165959475 0 -0.460381031
v -0.059364855250000001 0 -0.46005392099999998
v -0.02555016425 0 -0.48022508650000001
v -0.0189403668 0 -0.49015736600000004
v -0.031609803450000001 0 -0.49006772050000003
v -0.050859942999999998 0 -0.48037958149999999
v -0.057964861350000001 0 -0.47363924999999996
v -0.04532451925 0 -0.47339510949999997
v -0.0064403637999999996 0 -0.49015736600000004
v -0.012500003000000001 0 -0.5
v -0.012919306079499999 0 -0.46528124799999998
v -0.017607897545000001 0 -0.45744204550000001
v -0.0045263313244999995 0 -0.4586663245
v 0.024508193099999999 0 -0.4808554645
v 0.030921548600000001 0 -0.49042701700000002
v 0.018586680299999998 0 -0.49042844750000003
v -0.0003537013999999998 0 -0.48058581350000001
v -0.0063592337294999992 0 -0.4734101295
v 0.0061677924705000001 0 -0.47368121099999999
v 0.043421536650000002 0 -0.49042701700000002
v 0.037500023850000001 0 -0.5
v 0.036622554049999999 0 -0.46651768700000001
v 0.030739545800000004 0 -0.45803356200000001
v 0.042855173349999998 0 -0.45783305200000002
v 0.074594110249999998 0 -0.48014116299999998
v 0.081153899449999997 0 -0.49003052699999999
v 0.068440198899999999 0 -0.49011063599999999
v 0.049361735550000001 0 -0.48053765299999995
v 0.042790621500000001 0 -0.47358560550000001
v 0.05530929565 0 -0.47326922449999997
v 0.093653917400000009 0 -0.49003052699999999
v 0.087500006049999995 0 -0.5
v 0.087853759449999999 0 -0.46475124400000001
v 0.084091544150000003 0 -0.4566628935
v 0.097191184700000002 0 -0.45783400549999997
v 0.1245084405 0 -0.48053598399999997
v 0.1308729055 0 -0.49027466750000004
v 0.118635535 0 -0.49026131649999999
v 0.099789440399999998 0 -0.48029184349999998
v 0.094130605399999998 0 -0.47299170499999998
v 0.106612235 0 -0.47322249449999998
v 0.1433729235 0 -0.49027466750000004
v 0.137500018 0 -0.5
v 0.136569619 0 -0.46633958799999997
v 0.13061416149999999 0 -0.45861005799999999
v 0.1425093415 0 -0.458548069
v 0.17357623599999999 0 -0.48039746299999997
v 0.18045929100000002 0 -0.49018335349999997
v 0.16811695700000001 0 -0.49021410949999999
v 0.14898985650000002 0 -0.48048877700000003
v 0.14260530500000002 0 -0.47341346699999998
v 0.15484935050000001 0 -0.47335290899999999
v 0.19295927899999998 0 -0.49018335349999997
v 0.1875 0 -0.5
v 0.22366058849999998 0 -0.48004555700000001
v 0.230670035 0 -0.49003648750000001
v 0.2179905775 0 -0.49000906950000001
v 0.1984498505 0 -0.48019242299999998
v 0.19126021900000001 0 -0.47269797349999998
v 0.2037914995 0 -0.47252368950000001
v 0.24317002300000001 0 -0.49003648750000001
v 0.23750001199999998 0 -0.5
v 0.2355321645 0 -0.46494770050000001
v 0.23079228400000001 0 -0.45882582650000003
v 0.24340856049999998 0 -0.46021056199999999
v 0.27417826649999999 0 -0.48022460899999997
v 0.28090962799999997 0 -0.49014162999999999
v 0.26826867450000003 0 -0.49008297899999997
v 0.24893867949999998 0 -0.48011946650000004
v 0.24224424350000001 0 -0.47320270549999999
v 0.25484287699999997 0 -0.47324919700000001
v 0.29340961599999998 0 -0.49014162999999999
v 0.28750002399999997 0 -0.5
v 0.28659129150000001 0 -0.4665162565
v 0.28035473799999999 0 -0.45894455899999997
v 0.2933192255 0 -0.45885467550000003
v 0.32404601550000001 0 -0.48081660250000002
v 0.33064588900000003 0 -0.49039912200000002
v 0.3184001145 0 -0.4904174805
v 0.29930973049999998 0 -0.4805591105
v 0.2931874995 0 -0.4733548165
v 0.30567801 0 -0.47363066700000001
v 0.34314590700000003 0 -0.49039912200000002
v 0.33750000600000002 0 -0.5
v 0.33529055099999999 0 -0.46668815600000002
v 0.328985572 0 -0.4594089985
v 0.34074759500000001 0 -0.4590837955
v 0.3738862275 0 -0.47973489749999998
v 0.38082373150000004 0 -0.489770174
v 0.36806249599999996 0 -0.48996472349999998
v 0.34870839099999995 0 -0.4803638455
v 0.34167218199999999 0 -0.47358059850000001
v 0.35408878300000002 0 -0.47314620000000002
v 0.39332374950000004 0 -0.489770174
v 0.387500018 0 -0.5
v 0.38628864299999999 0 -0.46349191649999999
v 0.38165700450000001 0 -0.45485782600000002
v 0.3952366115 0 -0.45587253549999995
v 0.42341065450000004 0 -0.48004102700000001
v 0.43011298799999997 0 -0.49002313600000003
v 0.41829767849999999 0 -0.49001789100000004
v 0.39912140400000001 0 -0.47978806500000004
v 0.3932578565 0 -0.47202348699999996
v 0.40573179749999999 0 -0.472271204
v 0.44261297600000005 0 -0.49002313600000003
v 0.4375 0 -0.5
v 0.43360436000000002 0 -0.46551775950000002
v 0.42811465300000001 0 -0.45935249350000001
v 0.43854606200000001 0 -0.45911002200000001
v 0.44801521300000002 0 -0.47908806800000003
v 0.43963086650000005 0 -0.47266078
v 0.45242011550000005 0 -0.47170257599999998
v 0.49311590199999999 0 -0.492953539
v 0.48750001200000004 0 -0.5
v 0.48061591400000003 0 -0.492953539
v -0.479008198 0 -0.44901025299999997
v -0.47211408599999999 0 -0.441714406
v -0.471417904 0 -0.45420384400000002
v -0.46329498299999999 0 -0.45567560200000001
v -0.4319207665 0 -0.46412825550000003
v -0.42726492849999997 0 -0.471337795
v -0.40900075400000002 0 -0.45782065350000001
v -0.39870381349999995 0 -0.46028757100000001
v -0.4099429845 0 -0.46568417550000002
v -0.38866853749999997 0 -0.46638321900000002
v -0.38339698350000001 0 -0.47271990799999997
v -0.38747024499999999 0 -0.44922566399999997
v -0.39575600599999999 0 -0.44324004649999998
v -0.38546466800000001 0 -0.44004166150000001
v -0.35316109649999999 0 -0.45301914199999999
v -0.34823322299999998 0 -0.45911240549999999
v -0.37743496900000001 0 -0.45532131200000003
v -0.36956143350000004 0 -0.45015430449999999
v -0.33930778500000003 0 -0.46523308750000003
v -0.33251428599999999 0 -0.47210073500000005
v -0.33613204949999997 0 -0.44963192949999997
v -0.34215247650000002 0 -0.44344496700000002
v -0.33390629300000002 0 -0.44131994250000001
v -0.30090248600000002 0 -0.45156621899999999
v -0.2960329055 0 -0.45917606350000001
v -0.32720661150000002 0 -0.45575261150000002
v -0.31911349300000003 0 -0.44909882550000002
v -0.28809153999999998 0 -0.46502494849999998
v -0.28175246700000001 0 -0.47213506699999996
v -0.28383576850000003 0 -0.4477460385
v -0.29460811600000003 0 -0.4445513485
v -0.28698003249999998 0 -0.43985569499999999
v -0.2654341455 0 -0.45805120499999996
v -0.2545435425 0 -0.45993685750000002
v -0.26469051799999999 0 -0.4660251145
v -0.2835224865 0 -0.45829057699999998
v -0.27589440300000001 0 -0.45359492349999997
v -0.24460673299999999 0 -0.46513676650000002
v -0.23908853499999999 0 -0.46930813799999999
v -0.19773679999999999 0 -0.45107936849999997
v -0.190532744 0 -0.45939445499999998
v -0.20317781000000001 0 -0.4599843025
v -0.23552346200000002 0 -0.45252788049999998
v -0.2230076195 0 -0.44718110550000001
v -0.18426114300000002 0 -0.46672105799999997
v -0.17865884300000001 0 -0.47306990650000003
v -0.190371454 0 -0.47464823750000001
v -0.14931023100000002 0 -0.45139574999999998
v -0.14364361749999999 0 -0.45938277199999999
v -0.17882013299999999 0 -0.45781612399999999
v -0.1729516385 0 -0.45061016100000001
v -0.1378073095 0 -0.46687149999999999
v -0.1319187285 0 -0.47390294099999997
v -0.13179922099999999 0 -0.44404792749999999
v -0.14363396150000002 0 -0.44351220099999999
v -0.13762426350000001 0 -0.43549942949999998
v -0.10238379235 0 -0.45313906650000002
v -0.096149831850000006 0 -0.46037983900000001
v -0.125980854 0 -0.45250773399999999
v -0.119971156 0 -0.44449496249999998
v -0.089351892299999999 0 -0.467372656
v -0.082881212250000003 0 -0.47403836249999998
v -0.055289611199999998 0 -0.45256948450000001
v -0.048354193550000001 0 -0.45917034150000002
v -0.078457534299999993 0 -0.45338821400000001
v -0.084837913500000001 0 -0.44629478450000004
v -0.072680652099999993 0 -0.44635963450000005
v -0.039215154949999997 0 -0.46535587349999996
v -0.032110236599999994 0 -0.47209620499999999
v -0.035581924000000001 0 -0.44981312750000002
v -0.041095241899999996 0 -0.44377028900000004
v -0.032398216399999999 0 -0.44189751150000001
v 0.0017634146050000002 0 -0.45132851600000001
v 0.0064520060705000005 0 -0.45916771849999999
v -0.026442885399999998 0 -0.45599865949999996
v -0.018049910645 0 -0.44938373600000003
v 0.012334593320500001 0 -0.46661186199999999
v 0.018340125650000001 0 -0.473787546
v 0.016983013599999999 0 -0.44467937950000003
v 0.0076747108399999996 0 -0.44395172599999999
v 0.01191597244 0 -0.43680119549999996
v 0.047588288800000003 0 -0.45102357900000001
v 0.053471297049999998 0 -0.45950770400000002
v 0.024856958550000002 0 -0.45058941850000001
v 0.02909822015 0 -0.44343888799999998
v 0.06174615025 0 -0.4649486545
v 0.0683172643 0 -0.47190070200000001
v 0.066267341399999999 0 -0.44857096699999999
v 0.057296603949999997 0 -0.44481050999999999
v 0.065359532849999999 0 -0.44068324599999997
v 0.10385030519999999 0 -0.45061254500000003
v 0.1076125205 0 -0.45870089549999998
v 0.0745421946 0 -0.45401191750000003
v 0.083879619850000003 0 -0.44709467899999999
v 0.1128139195 0 -0.46616196649999997
v 0.1184727545 0 -0.47346210499999997
v 0.14795863649999999 0 -0.45030069350000002
v 0.153914094 0 -0.4580302235
v 0.11947304 0 -0.45894050600000003
v 0.1254127625 0 -0.451148987
v 0.160426438 0 -0.46602463699999996
v 0.16681098950000001 0 -0.47309994700000002
v 0.17097616199999999 0 -0.44937419850000004
v 0.1643000245 0 -0.44083464150000001
v 0.1759127975 0 -0.44042599199999999
v 0.18449497250000002 0 -0.46540045750000003
v 0.17748850599999999 0 -0.45736861200000001
v 0.18959540150000001 0 -0.45699739449999999
v 0.20975887800000001 0 -0.46429610249999997
v 0.2169485095 0 -0.47179055199999997
v 0.21491581199999998 0 -0.44651079199999999
v 0.20854657900000001 0 -0.44067537800000001
v 0.21831810499999998 0 -0.43906748299999998
v 0.25029706950000002 0 -0.4520463945
v 0.25503695000000004 0 -0.45816826850000003
v 0.22380161300000001 0 -0.45423293100000001
v 0.23167800899999999 0 -0.44949579250000005
v 0.26088762249999997 0 -0.46646928799999998
v 0.2675820585 0 -0.47338604900000003
v 0.26982927350000002 0 -0.44271457199999997
v 0.26036059850000004 0 -0.44188809399999995
v 0.26826441300000003 0 -0.43459856499999999
v 0.29954230799999998 0 -0.45152568800000004
v 0.3057788615 0 -0.45909738550000001
v 0.27450406550000001 0 -0.45064353950000002
v 0.28240788 0 -0.44335401050000001
v 0.31154215350000003 0 -0.46671986600000004
v 0.31766438450000001 0 -0.47392416000000004
v 0.31757616999999999 0 -0.44372677800000004
v 0.30672943600000002 0 -0.44349074350000001
v 0.31230366200000004 0 -0.43544912349999998
v 0.34428155449999998 0 -0.45185184499999997
v 0.35058653350000002 0 -0.45913100250000005
v 0.32322227999999997 0 -0.45178651800000003
v 0.32879650599999999 0 -0.443744898
v 0.35988080499999997 0 -0.46442008000000001
v 0.36691701399999999 0 -0.47120332700000001
v 0.36179828650000001 0 -0.44674944900000002
v 0.35041737549999996 0 -0.44286978249999998
v 0.35809516899999999 0 -0.43772017949999997
v 0.40236401550000001 0 -0.44731712349999997
v 0.40699565399999998 0 -0.45595121399999999
v 0.37109255799999996 0 -0.45203852649999998
v 0.38004052649999998 0 -0.4444191455
v 0.4115206005 0 -0.4651334285
v 0.41738414800000001 0 -0.47289800650000002
v 0.44102835699999998 0 -0.45047950749999999
v 0.44651806400000005 0 -0.45664477349999999
v 0.45361745399999998 0 -0.46355152150000001
v 0.4620018005 0 -0.46997880950000004
v 0.44995450999999997 0 -0.43750584100000001
v 0.45849251749999997 0 -0.43421888349999999
v 0.45753836650000002 0 -0.44472730150000001
v 0.47678947449999998 0 -0.46673798550000001
v 0.4688773155 0 -0.46780252450000004
v 0.47111129799999996 0 -0.46076321600000003
v 0.4646377565 0 -0.45163404949999997
v 0.456099749 0 -0.45492100700000004
v -0.46475911149999999 0 -0.436756015
v -0.45739674600000002 0 -0.43186938799999997
v -0.45716142650000002 0 -0.44202136999999997
v -0.5 0 -0.4375
v -0.48985219000000002 0 -0.43076041349999999
v -0.48985219000000002 0 -0.44326040150000001
v -0.44113040000000003 0 -0.43287694450000003
v -0.43345844750000001 0 -0.43851554400000003
v -0.44212710850000003 0 -0.4427733425
v -0.41767930949999998 0 -0.45171940300000002
v -0.42734754050000001 0 -0.45581460000000001
v -0.42478692500000004 0 -0.44431674500000001
v -0.42169725899999999 0 -0.4232019185
v -0.43407142200000004 0 -0.41873764950000003
v -0.42330694200000002 0 -0.41332042199999997
v -0.38426792600000004 0 -0.43125689049999999
v -0.37598216500000003 0 -0.43724250799999997
v -0.40443456150000001 0 -0.437138796
v -0.41302573650000002 0 -0.42900311950000003
v -0.40234160400000002 0 -0.42592036749999995
v -0.36039567 0 -0.4471194745
v -0.36801314350000003 0 -0.44299244900000001
v -0.3654642105 0 -0.424990535
v -0.37469065200000001 0 -0.41896629350000003
v -0.3653694395 0 -0.41549909149999997
v -0.32959318199999998 0 -0.434423685
v -0.32357275500000005 0 -0.44061064750000001
v -0.34938705000000003 0 -0.43754529949999998
v -0.35749518899999999 0 -0.43074047599999998
v -0.34803485899999997 0 -0.4283281565
v -0.308506012 0 -0.43518769749999997
v -0.31358516250000001 0 -0.42508161099999997
v -0.3028315305 0 -0.42655491849999999
v -0.26574742750000002 0 -0.44750666649999998
v -0.27045869849999998 0 -0.42580664150000003
v -0.2734780315 0 -0.41148602950000002
v -0.26110339199999999 0 -0.41606926899999996
v -0.21457308549999998 0 -0.44236409649999997
v -0.22719883899999999 0 -0.43787598599999999
v -0.20834773749999999 0 -0.4334106445
v -0.21518522499999998 0 -0.42406785499999999
v -0.20476865750000001 0 -0.42441952249999998
v -0.191511452 0 -0.44212591649999999
v -0.18541955900000001 0 -0.43366086500000001
v -0.17899984099999999 0 -0.44202446949999996
v -0.16118347599999999 0 -0.43426156049999998
v -0.1674462555 0 -0.424596906
v -0.15572178349999999 0 -0.4252990485
v -0.1081035135 0 -0.44523251050000001
v -0.11392188049999999 0 -0.43677270400000001
v -0.090557634649999996 0 -0.43838822850000003
v -0.095865338899999999 0 -0.42932605749999997
v -0.08436873554999999 0 -0.43020403400000001
v -0.062250912150000004 0 -0.44586479649999999
v -0.068631291349999998 0 -0.43877136700000002
v -0.061136096700000003 0 -0.42298758049999996
v -0.071377038949999999 0 -0.41442632699999998
v -0.062330931450000002 0 -0.41213166749999997
v -0.027978070100000002 0 -0.43535792800000001
v -0.0224647522 0 -0.44140076649999999
v -0.048056542850000002 0 -0.43706560100000003
v -0.055145770300000001 0 -0.42948472500000001
v -0.04500076175 0 -0.42827379700000001
v -0.0077184681099999996 0 -0.43546736249999995
v -0.012789320224999999 0 -0.42642080799999998
v -0.002463182435 0 -0.42702698750000001
v 0.0262702927 0 -0.42388033850000001
v 0.024208463700000002 0 -0.41076266750000001
v 0.035059824599999997 0 -0.41435539700000001
v 0.064569324250000004 0 -0.43252205850000003
v 0.073540061699999992 0 -0.43628251550000002
v 0.046680480250000003 0 -0.44313585799999999
v 0.037046909350000004 0 -0.43841099750000001
v 0.046755224499999998 0 -0.43219792849999999
v 0.091757923350000006 0 -0.44095587749999998
v 0.082208573800000004 0 -0.43830490150000001
v 0.081418365200000009 0 -0.43014371400000001
v 0.078222066149999991 0 -0.4187784195
v 0.086890578250000003 0 -0.42080080549999999
v 0.1155647335 0 -0.43638229350000002
v 0.11950892199999999 0 -0.44309878349999998
v 0.11032745250000001 0 -0.44476294500000002
v 0.13593780950000001 0 -0.43394720549999999
v 0.12956869599999998 0 -0.42339277249999996
v 0.14076030249999999 0 -0.42262184599999997
v 0.15324640249999999 0 -0.44147956350000001
v 0.14184164999999999 0 -0.44199740900000001
v 0.19386661050000001 0 -0.44854211799999999
v 0.20087307700000001 0 -0.45657396350000001
v 0.21989536300000001 0 -0.43024623400000001
v 0.22626459599999998 0 -0.43608164800000004
v 0.24053943150000001 0 -0.44705724700000005
v 0.23354876050000001 0 -0.44246435150000002
v 0.25060296049999997 0 -0.4368989465
v 0.24478042150000001 0 -0.43095111850000001
v 0.25297319899999998 0 -0.42782425899999998
v 0.28959500800000004 0 -0.43531906600000003
v 0.28409802950000002 0 -0.42636251450000001
v 0.29595994950000004 0 -0.42625653750000003
v 0.31788301450000001 0 -0.4269480705
v 0.32197880749999996 0 -0.419225931
v 0.32724618900000002 0 -0.42796301850000001
v 0.34057843700000001 0 -0.44282257549999998
v 0.33493232699999997 0 -0.4347628355
v 0.33902811999999999 0 -0.427040696
v 0.33930253999999999 0 -0.41539907450000002
v 0.34698867799999999 0 -0.42219889150000001
v 0.36806523800000002 0 -0.43125915550000005
v 0.37611019600000001 0 -0.42495918300000002
v 0.37752103800000003 0 -0.43529987349999999
v 0.38808548450000002 0 -0.43811917300000003
v 0.409022212 0 -0.430149436
v 0.4152828455 0 -0.43682539500000001
v 0.40786242449999999 0 -0.440719843
v 0.3935838935 0 -0.4315218925
v 0.39299643049999999 0 -0.42341446900000002
v 0.40101432800000003 0 -0.4259364605
v 0.43305516249999998 0 -0.44465386900000003
v 0.4235897065 0 -0.45017027900000001
v 0.42358851399999997 0 -0.44187939200000004
v 0.433185339 0 -0.42572200300000002
v 0.44211268449999996 0 -0.4210392235
v 0.44198131549999997 0 -0.4316802025
v 0.45942163449999995 0 -0.42297947400000002
v 0.46700549099999999 0 -0.43020093449999997
v 0.44102716450000001 0 -0.44218862050000002
v 0.48016977350000001 0 -0.44661259649999996
v 0.47254991550000003 0 -0.45056951049999999
v 0.47369623199999999 0 -0.43748343000000001
v 0.48177099249999999 0 -0.42185997949999998
v 0.49111294750000001 0 -0.41759672749999999
v 0.49065804499999999 0 -0.42926326399999998
v -0.47751951199999998 0 -0.42324006550000004
v -0.48766732199999996 0 -0.41747966400000003
v -0.46850752799999995 0 -0.39948415749999999
v -0.45906090700000002 0 -0.39797282249999999
v -0.46588802299999998 0 -0.40844798100000002
v -0.46071791649999999 0 -0.41677033949999998
v -0.47016453749999998 0 -0.41828167449999998
v -0.44244205950000004 0 -0.415325999
v -0.452822208 0 -0.41436624550000001
v -0.44606125350000003 0 -0.40789639950000001
v -0.39169740650000001 0 -0.42603981499999999
v -0.40028858150000002 0 -0.41790413849999997
v -0.36545288600000003 0 -0.4050630335
v -0.35622644449999996 0 -0.41108727499999997
v -0.38212013249999999 0 -0.41374921799999997
v -0.39248788349999997 0 -0.40903782850000003
v -0.384963632 0 -0.40476346050000001
v -0.33703863649999999 0 -0.42448234549999997
v -0.3451467755 0 -0.41767752199999997
v -0.28913366799999995 0 -0.40932106950000002
v -0.27977836150000002 0 -0.39958369700000002
v -0.26714587199999995 0 -0.43672013300000001
v -0.27952051150000001 0 -0.43213689350000001
v -0.23595368850000001 0 -0.4311579465
v -0.24685871599999998 0 -0.436541438
v -0.24717903149999998 0 -0.42500638950000003
v -0.23467481150000002 0 -0.40588676899999998
v -0.22234088200000002 0 -0.40361368649999996
v -0.2239400745 0 -0.4173498155
v -0.22751915449999999 0 -0.42634093750000002
v -0.18161755800000001 0 -0.40490651150000001
v -0.16920161249999999 0 -0.405373812
v -0.1744005085 0 -0.41516709350000003
v -0.179862201 0 -0.42412960550000001
v -0.1433992385 0 -0.42606019949999996
v -0.14966201800000001 0 -0.41639554499999998
v -0.1076429485 0 -0.4281657935
v -0.1014540494 0 -0.41998159899999998
v -0.095021486399999994 0 -0.41028034699999999
v -0.086469203349999996 0 -0.40149462250000001
v -0.081124156749999995 0 -0.41235613849999997
v -0.079929321999999997 0 -0.42321205149999996
v -0.034068644049999999 0 -0.42695772650000002
v -0.041157871499999998 0 -0.41937685050000001
v 0.0097334403349999994 0 -0.40946424000000003
v 0.018522972235000001 0 -0.39993929849999998
v 0.029172964400000001 0 -0.43250095850000003
v 0.018321603499999999 0 -0.42890822900000003
v 0.057006120699999996 0 -0.42659997949999995
v 0.047372549799999997 0 -0.42187511899999997
v 0.058797806500000001 0 -0.40401303749999995
v 0.071833223099999996 0 -0.40059220799999995
v 0.070658862599999997 0 -0.41285634049999997
v 0.065186649550000003 0 -0.422199249
v 0.1074230075 0 -0.42936396600000004
v 0.098235070650000006 0 -0.43510627749999997
v 0.099274814150000001 0 -0.42642378850000001
v 0.108807236 0 -0.40830040000000001
v 0.121771455 0 -0.40399336799999996
v 0.12142697 0 -0.41637444499999998
v 0.116604477 0 -0.4276998045
v 0.16303551199999999 0 -0.42464935800000003
v 0.158183038 0 -0.43253135700000001
v 0.15198189000000001 0 -0.42529428000000002
v 0.1567340495 0 -0.40808343899999999
v 0.165442169 0 -0.40545558949999999
v 0.1655424835 0 -0.41478443149999999
v 0.17174363149999999 0 -0.42202150849999998
v 0.21151411549999999 0 -0.42425429800000003
v 0.20218598850000002 0 -0.4303348065
v 0.201751232 0 -0.42135703550000003
v 0.21090239299999999 0 -0.40371966349999999
v 0.2205560805 0 -0.39927613750000002
v 0.2207330465 0 -0.41083300099999998
v 0.229114294 0 -0.41682493700000001
v 0.21946060649999999 0 -0.42126846299999998
v 0.26353275749999999 0 -0.42608296849999999
v 0.25771021849999998 0 -0.4201351405
v 0.27269136900000002 0 -0.40808188899999998
v 0.283787966 0 -0.40753495699999998
v 0.27936637399999997 0 -0.41784691800000001
v 0.27300143249999997 0 -0.42690944650000001
v 0.36645221699999997 0 -0.40976154799999998
v 0.37518727750000003 0 -0.40402257399999997
v 0.3753894565 0 -0.41517949100000001
v 0.38484525650000001 0 -0.41922020900000001
v 0.44230294250000002 0 -0.40840327750000005
v 0.45109891899999999 0 -0.41436147700000003
v 0.41562855249999997 0 -0.41599643250000001
v 0.40843474899999999 0 -0.42204201250000001
v 0.40762066850000001 0 -0.41178345700000002
v 0.455551386 0 -0.39291441449999998
v 0.4649431705 0 -0.39037287249999997
v 0.46068096149999999 0 -0.39918398900000002
v 0.49111294750000001 0 -0.4050967245
v 0.5 0 -0.412500009
v 0.46900367700000001 0 -0.40780198600000001
v 0.45961189250000001 0 -0.41034352800000001
v -0.46979665749999999 0 -0.386280656
v -0.47662377349999996 0 -0.39675581449999997
v -0.5 0 -0.38750000299999998
v -0.4889564515 0 -0.37927615650000002
v -0.4889564515 0 -0.3917761595
v -0.46276021000000001 0 -0.37814211850000001
v -0.45527005200000004 0 -0.368449688
v -0.45419025400000002 0 -0.37931656850000001
v -0.42958557600000002 0 -0.39133656
v -0.42684495450000004 0 -0.40110826450000003
v -0.4384217265 0 -0.39908444850000002
v -0.45142137999999998 0 -0.38916087150000001
v -0.44393122200000001 0 -0.37946844099999999
v -0.42255795000000002 0 -0.38255596150000004
v -0.41471469400000005 0 -0.37290549299999998
v -0.41016554800000005 0 -0.3837099075
v -0.4066700935 0 -0.39670622350000001
v -0.39882683750000003 0 -0.387055755
v -0.37593209750000001 0 -0.398523927
v -0.38629984849999999 0 -0.3938125375
v -0.33068847649999999 0 -0.39371991149999996
v -0.32748615749999999 0 -0.40438902399999999
v -0.33735287199999997 0 -0.40316259850000002
v -0.35679018499999998 0 -0.38972115549999997
v -0.34891283499999998 0 -0.38564229
v -0.34843254099999998 0 -0.39657235150000003
v -0.31436622150000004 0 -0.40569758449999999
v -0.32103061700000002 0 -0.41514027149999999
v -0.32851743700000002 0 -0.38479375849999997
v -0.3244549035 0 -0.37451100349999999
v -0.31675922850000005 0 -0.384663582
v -0.27534306050000001 0 -0.38839137550000002
v -0.27336966950000002 0 -0.37403678899999998
v -0.26214933400000001 0 -0.38739407049999997
v -0.30812788000000002 0 -0.396182537
v -0.3040653465 0 -0.38589978200000002
v -0.24662578100000002 0 -0.38259506199999999
v -0.24859917200000001 0 -0.39694964850000003
v -0.23661208150000002 0 -0.37969350800000001
v -0.2291541695 0 -0.36930656449999999
v -0.225617707 0 -0.38176369649999997
v -0.1635560395 0 -0.39568555350000001
v -0.15633899000000001 0 -0.40594613550000003
v -0.218006015 0 -0.39295947549999999
v -0.21054810299999999 0 -0.38257253199999997
v -0.13812214150000002 0 -0.39677917949999997
v -0.13144516950000001 0 -0.40722858900000003
v -0.14401644499999999 0 -0.40670728649999999
v -0.17131561049999999 0 -0.38463711749999996
v -0.15845298800000002 0 -0.38520944099999999
v -0.11939126250000001 0 -0.40806090849999999
v -0.12528556599999999 0 -0.41798901550000001
v -0.13303452700000001 0 -0.38619494450000003
v -0.12787926150000001 0 -0.375579834
v -0.12039560050000001 0 -0.38668537150000004
v -0.11295869950000001 0 -0.39835965649999999
v -0.107803434 0 -0.38774454599999997
v -0.094977736549999997 0 -0.38843381399999999
v -0.081080406899999999 0 -0.39050960550000002
v -0.03356143835 0 -0.39863800999999999
v -0.0256920159 0 -0.40802919900000001
v -0.038095176250000001 0 -0.408669591
v -0.068024009499999996 0 -0.390571475
v -0.054720371999999996 0 -0.38842546899999997
v -0.059268236199999998 0 -0.40142440800000001
v -0.014346156274999999 0 -0.40798902549999999
v -0.018879894175000002 0 -0.4180206065
v -0.029433384549999997 0 -0.38726043700000001
v -0.024976681899999999 0 -0.376398921
v -0.016701575349999997 0 -0.38713610200000004
v -0.0085551645649999987 0 -0.3983192445
v -0.0040984619149999997 0 -0.38745772850000004
v 0.0088776927349999996 0 -0.38751435300000003
v 0.0233527161 0 -0.38881278050000001
v 0.035968095050000003 0 -0.38768291450000003
v 0.049455180750000001 0 -0.38293850399999996
v 0.046485081300000002 0 -0.3964933155
v 0.05971106885 0 -0.380657315
v 0.071470499049999997 0 -0.37384688850000003
v 0.071731597199999997 0 -0.38493847849999996
v 0.0835926533 0 -0.39378178149999998
v 0.096321374200000004 0 -0.38702368749999999
v 0.096423000099999989 0 -0.40267741699999998
v 0.108415663 0 -0.38416528699999997
v 0.1205214855 0 -0.37669241399999998
v 0.12125754350000001 0 -0.38844645
v 0.16587477950000001 0 -0.39603889000000003
v 0.17468321349999999 0 -0.40273988250000003
v 0.1338772775 0 -0.39652049499999997
v 0.14499855049999999 0 -0.38986408699999997
v 0.14551246200000001 0 -0.40541100499999999
v 0.18329542900000001 0 -0.40769910799999998
v 0.19238168 0 -0.41533958900000001
v 0.18333685399999999 0 -0.41979706299999997
v 0.168246746 0 -0.38499355300000004
v 0.174579024 0 -0.37719559650000001
v 0.181448102 0 -0.38552522649999998
v 0.19006031749999999 0 -0.39048445200000004
v 0.19925290349999999 0 -0.38494503499999999
v 0.20153284099999999 0 -0.39770221699999997
v 0.24159586449999998 0 -0.40341651449999999
v 0.24997782749999997 0 -0.41115999250000002
v 0.238768697 0 -0.41413295299999997
v 0.20970380299999999 0 -0.38169896599999997
v 0.22039598199999999 0 -0.37538564200000002
v 0.22141760599999999 0 -0.38584947599999997
v 0.25653433800000003 0 -0.38854217550000003
v 0.26868832100000001 0 -0.38720536250000004
v 0.26495897800000001 0 -0.39910674099999999
v 0.27376937850000005 0 -0.37563025950000001
v 0.28219401850000003 0 -0.38619482500000002
v 0.31428957000000002 0 -0.399394631
v 0.31949198249999999 0 -0.40977907149999998
v 0.30741322049999997 0 -0.4078265425
v 0.28966188449999997 0 -0.39760601500000003
v 0.29474294200000001 0 -0.386030912
v 0.32885515700000001 0 -0.4107940195
v 0.32226192949999999 0 -0.387381792
v 0.3317523 0 -0.3800227645
v 0.33585870249999999 0 -0.39398813249999998
v 0.37605738649999998 0 -0.3935821055
v 0.38499462600000001 0 -0.39900004850000004
v 0.34630608549999997 0 -0.39859318749999995
v 0.35579955549999998 0 -0.39261686799999995
v 0.356756568 0 -0.40458095049999998
v 0.39153540100000001 0 -0.40512335300000002
v 0.39968657500000004 0 -0.40931761300000002
v 0.39227569100000004 0 -0.41363477700000001
v 0.39862441999999998 0 -0.37393772599999997
v 0.39918255800000002 0 -0.36104083099999995
v 0.40884566300000003 0 -0.36959803099999999
v 0.40361690500000003 0 -0.3916505575
v 0.39240551000000001 0 -0.3946828845
v 0.39707612999999997 0 -0.38552725300000001
v 0.43195569550000001 0 -0.4035311935
v 0.42406558999999999 0 -0.41040945049999999
v 0.42270457750000001 0 -0.39885962000000003
v 0.4288737775 0 -0.38026869299999999
v 0.43630659599999999 0 -0.37316513100000004
v 0.43802750150000003 0 -0.38487780100000002
v 0.46546006200000001 0 -0.37988531599999997
v 0.47058963749999999 0 -0.38615489050000001
v 0.44837474850000003 0 -0.38974988500000002
v 0.44094192999999998 0 -0.39685344700000003
v 0.48262739200000004 0 -0.3987249135
v 0.47614932050000003 0 -0.403417945
v 0.4765508175 0 -0.39194941550000001
v 0.48292446150000001 0 -0.37570798399999999
v 0.49141001699999998 0 -0.36957979200000002
v 0.49151444450000004 0 -0.38112819200000003
v -0.47873115550000001 0 -0.37180435649999999
v -0.48977470400000001 0 -0.36752819999999997
v -0.48033666600000002 0 -0.348147392
v -0.47420263299999998 0 -0.34122443199999997
v -0.47341537499999997 0 -0.35313344000000002
v -0.44579052949999998 0 -0.35170674300000004
v -0.44201970099999999 0 -0.35968065250000003
v -0.45047092450000004 0 -0.3616502285
v -0.46556067499999998 0 -0.35674285900000002
v -0.47169470800000002 0 -0.363665819
v -0.43690359600000001 0 -0.37068784249999998
v -0.43413472200000003 0 -0.38053214550000003
v -0.40161490399999999 0 -0.3609341385
v -0.38988924000000003 0 -0.35533750050000001
v -0.390596628 0 -0.36846280100000001
v -0.36807072149999998 0 -0.37082862849999998
v -0.367461443 0 -0.35927295650000002
v -0.3566612005 0 -0.36723542200000003
v -0.37806963900000001 0 -0.37521958350000001
v -0.36726939650000001 0 -0.38318204899999997
v -0.34613251700000003 0 -0.36516046499999999
v -0.34412574800000001 0 -0.35420167400000002
v -0.33420634299999996 0 -0.36368238900000005
v -0.34674179549999995 0 -0.37671613700000001
v -0.32244813449999998 0 -0.36355221250000003
v -0.31987154500000003 0 -0.35214686350000002
v -0.31012010550000002 0 -0.36297547800000002
v -0.29705345599999999 0 -0.36330211150000002
v -0.29489517200000004 0 -0.35111308099999999
v -0.28440511200000002 0 -0.36284506350000001
v -0.29963004550000005 0 -0.37470746050000003
v -0.27121138550000001 0 -0.36184775849999995
v -0.27009904400000001 0 -0.34986674799999995
v -0.25906360150000002 0 -0.36105847349999998
v -0.24904990199999999 0 -0.35815691949999995
v -0.24616372600000003 0 -0.34897029400000001
v -0.237262368 0 -0.35804975049999999
v -0.25016224349999999 0 -0.37013792999999995
v -0.22626799349999999 0 -0.360119939
v -0.22206079950000002 0 -0.3495662215
v -0.21395260099999999 0 -0.3608230355
v -0.20099437250000002 0 -0.36167895799999999
v -0.196948707 0 -0.35079491149999997
v -0.18819767250000002 0 -0.36220455149999997
v -0.20520156649999999 0 -0.3722326755
v -0.17518228299999999 0 -0.36274075500000003
v -0.17922794850000001 0 -0.37362480149999999
v -0.17129349700000002 0 -0.35167419899999997
v -0.162323773 0 -0.36309444899999999
v -0.14947658749999998 0 -0.36355864999999998
v -0.14563983699999999 0 -0.35232377049999997
v -0.1366814375 0 -0.36385452750000002
v -0.15336537350000001 0 -0.37462520599999999
v -0.12404251099999999 0 -0.36434495450000004
v -0.12008783249999999 0 -0.35294711600000001
v -0.1112856565 0 -0.36467242249999998
v -0.09845995904999999 0 -0.3653616905
v -0.094540387449999999 0 -0.35349667100000004
v -0.085669368500000009 0 -0.36558377750000004
v -0.10241463754999999 0 -0.37675952899999998
v -0.072612971100000007 0 -0.36564564700000002
v -0.076532542699999997 0 -0.37751066649999998
v -0.068915128699999995 0 -0.35369384300000001
v -0.059778302899999997 0 -0.365620732
v -0.046894475800000002 0 -0.36509609199999998
v -0.043232694249999995 0 -0.35360479349999996
v -0.034046709549999998 0 -0.36503195749999995
v -0.0505923182 0 -0.37704789599999999
v -0.021314900349999999 0 -0.36490762249999997
v -0.017586082225000001 0 -0.35357308399999998
v -0.0085160545749999993 0 -0.36494004749999998
v 0.0044601000749999991 0 -0.36499667199999997
v 0.0077221170250000009 0 -0.35328829299999998
v 0.016969453549999999 0 -0.36467945600000001
v 0.00073128194999999997 0 -0.37633121050000001
v 0.029584832500000002 0 -0.36354958999999998
v 0.02632281555 0 -0.37525796899999997
v 0.032195650049999996 0 -0.3522304295
v 0.04154901205 0 -0.36280894249999995
v 0.051804900149999999 0 -0.36052775349999999
v 0.056347131699999997 0 -0.35140120949999998
v 0.063992202250000005 0 -0.360439181
v 0.049194082600000001 0 -0.37184691400000003
v 0.076012730599999995 0 -0.36472034450000002
v 0.08093014355 0 -0.35212087599999997
v 0.088408440350000006 0 -0.3655285835
v 0.10050272915 0 -0.36267018299999998
v 0.10541194665 0 -0.353762984
v 0.11258882249999999 0 -0.36350405200000002
v 0.095585316199999992 0 -0.37526965150000002
v 0.125430703 0 -0.367785215
v 0.1301315425 0 -0.35461747649999997
v 0.13806420550000001 0 -0.36780583850000004
v 0.1520713565 0 -0.36565101150000001
v 0.15579372650000001 0 -0.35431647300000002
v 0.165100038 0 -0.36532938449999997
v 0.14737051700000001 0 -0.37881874999999998
v 0.178301394 0 -0.36586105800000002
v 0.18105995650000001 0 -0.35355496399999997
v 0.1905389425 0 -0.36542117600000001
v 0.200989842 0 -0.362175107
v 0.20512080150000001 0 -0.35328662399999999
v 0.2128131385 0 -0.36234664900000002
v 0.1982312795 0 -0.37448120100000004
v 0.22452694150000002 0 -0.36649715900000002
v 0.22940176700000001 0 -0.35365438449999997
v 0.23698461050000003 0 -0.36669337749999997
v 0.2510615585 0 -0.36524570000000001
v 0.25502026100000003 0 -0.35282814499999998
v 0.26422238350000005 0 -0.364223242
v 0.24618673300000002 0 -0.37808847450000005
v 0.27772808100000002 0 -0.36321270449999998
v 0.28180170100000002 0 -0.35025870800000003
v 0.29134869600000002 0 -0.36166572549999998
v 0.30678892150000003 0 -0.36106407650000005
v 0.30889952200000004 0 -0.34550094600000003
v 0.3202661275 0 -0.3578532935
v 0.30271530150000003 0 -0.37401807300000001
v 0.33172905450000001 0 -0.36674332650000002
v 0.33383965500000001 0 -0.351180196
v 0.34532582750000002 0 -0.373349667
v 0.35619688049999998 0 -0.36742603800000001
v 0.35622012599999997 0 -0.38070547599999999
v 0.35719287399999999 0 -0.35480558900000003
v 0.3680871725 0 -0.36216139800000002
v 0.38741302499999997 0 -0.37697005299999997
v 0.3790222405 0 -0.35746073749999996
v 0.37802624699999998 0 -0.37008118649999999
v 0.43489885350000002 0 -0.36106121550000003
v 0.44405257750000005 0 -0.36567032350000001
v 0.41827833650000001 0 -0.36262857949999999
v 0.41728615749999998 0 -0.3529309035
v 0.42616069300000003 0 -0.35885834699999997
v 0.45901131650000004 0 -0.37493562699999999
v 0.45263695749999999 0 -0.38093876849999997
v 0.45183467900000002 0 -0.37177109750000004
v 0.45800662050000002 0 -0.35687410850000001
v 0.4639234545 0 -0.35134851950000001
v 0.46412587199999999 0 -0.36024236700000001
v 0.49141001699999998 0 -0.35707978899999998
v 0.5 0 -0.36249999700000002
v 0.47057461749999996 0 -0.36519205600000004
v 0.46465778349999998 0 -0.37071764500000004
v -0.46768641499999997 0 -0.3352074625
v -0.46083879500000002 0 -0.32982909700000002
v -0.46043372199999999 0 -0.34083211450000001
v -0.5 0 -0.337499991
v -0.49056196200000002 0 -0.33061918600000001
v -0.49056196200000002 0 -0.34311918899999999
v -0.46070575699999999 0 -0.31877994549999999
v -0.45345306399999996 0 -0.3244045975
v -0.44564843199999998 0 -0.330628276
v -0.44551539399999995 0 -0.31957912449999998
v -0.41926860799999999 0 -0.34622395049999999
v -0.42761755000000001 0 -0.3527572155
v -0.42899036400000001 0 -0.34320390200000001
v -0.37915313249999999 0 -0.34888768199999998
v -0.36774361150000001 0 -0.34529447550000003
v -0.41077446900000003 0 -0.34223973750000003
v -0.41278433800000003 0 -0.33062291150000001
v -0.40291738500000002 0 -0.33619201200000004
v -0.39017140849999998 0 -0.34135901950000003
v -0.36626863500000001 0 -0.33368134500000002
v -0.35457694550000002 0 -0.3440666195
v -0.34265077150000001 0 -0.34258854350000001
v -0.34126925500000005 0 -0.33096885649999996
v -0.33081805750000004 0 -0.34110391100000004
v -0.31849002850000002 0 -0.34052717649999997
v -0.31712925450000001 0 -0.32855844499999998
v -0.30618274200000001 0 -0.33960139750000001
v -0.29353439800000003 0 -0.3391443495
v -0.29229617099999999 0 -0.327114344
v -0.28100860100000002 0 -0.33862602749999998
v -0.26886081699999997 0 -0.33783674249999995
v -0.26731300349999998 0 -0.32643437399999997
v -0.25640344650000002 0 -0.33767509449999999
v -0.24461591250000003 0 -0.33756792550000003
v -0.242345333 0 -0.32652139650000001
v -0.2321056125 0 -0.33781659600000002
v -0.21979021999999998 0 -0.33851969250000002
v -0.21712887250000001 0 -0.32717967000000003
v -0.2070840595 0 -0.33892929550000001
v -0.19428735950000001 0 -0.33945488899999998
v -0.19159960749999999 0 -0.32792162850000001
v -0.18146425500000002 0 -0.33978724449999997
v -0.168605745 0 -0.34014093849999999
v -0.16595017950000002 0 -0.32850336999999996
v -0.15577942150000001 0 -0.34039032449999995
v -0.14298427149999998 0 -0.34068620199999999
v -0.14031791700000001 0 -0.32896375649999998
v -0.13017833249999999 0 -0.3408972025
v -0.117421478 0 -0.34122467049999999
v -0.114677876 0 -0.32934665699999999
v -0.104587376 0 -0.3413965705
v -0.091796785450000001 0 -0.34161865749999998
v -0.088896989650000008 0 -0.32962846800000001
v -0.078850001100000011 0 -0.3417285685
v -0.066015332900000001 0 -0.34170365349999998
v -0.06284622845 0 -0.32988917849999999
v -0.052911356049999997 0 -0.341854453
v -0.0400635898 0 -0.34179031849999997
v -0.036633044449999999 0 -0.33038842700000004
v -0.026954382649999997 0 -0.3421387675
v -0.014155536874999999 0 -0.3421711925
v -0.010917992315 0 -0.33111536549999998
v -0.0015496918900000001 0 -0.34254968200000002
v 0.010959661585000001 0 -0.34223246600000001
v 0.013753077935 0 -0.33090758349999999
v 0.023024886850000002 0 -0.3416461945
v 0.034989066399999998 0 -0.34090554699999998
v 0.038268707700000001 0 -0.32938432699999998
v 0.047439470900000003 0 -0.33996856199999997
v 0.059626773000000001 0 -0.33987998949999998
v 0.064641073349999995 0 -0.32753694049999998
v 0.073548734150000003 0 -0.33896958799999999
v 0.0859444439 0 -0.33977782700000003
v 0.090725392250000009 0 -0.33077406850000002
v 0.098106801649999992 0 -0.3439253565
v 0.110192895 0 -0.34475922549999999
v 0.1133742335 0 -0.333538055
v 0.12067937849999999 0 -0.3433756825
v 0.13331288099999999 0 -0.34339630600000004
v 0.13661122349999999 0 -0.3313519955
v 0.1460633875 0 -0.34259378949999997
v 0.159092069 0 -0.34227216249999998
v 0.1623167995 0 -0.33054828650000001
v 0.1720471385 0 -0.34227096999999995
v 0.184284687 0 -0.34183108800000001
v 0.1876131895 0 -0.33096861799999999
v 0.19662600750000001 0 -0.34225261200000001
v 0.208449304 0 -0.34242415400000004
v 0.21167218700000001 0 -0.3313047885
v 0.22016698099999998 0 -0.34233880049999998
v 0.23262464999999999 0 -0.342535019
v 0.235581875 0 -0.3301752805
v 0.24481666099999999 0 -0.34149086449999999
v 0.25797748600000003 0 -0.34046840649999999
v 0.26076233400000004 0 -0.32764697050000002
v 0.27096593400000002 0 -0.33898425099999996
v 0.28458654900000002 0 -0.33743727200000001
v 0.28683757799999998 0 -0.32389271249999996
v 0.29767334499999998 0 -0.33516716950000003
v 0.311150551 0 -0.33195638649999998
v 0.31263613700000004 0 -0.31828403449999998
v 0.32386231399999998 0 -0.32861781099999998
v 0.334998727 0 -0.33763909349999999
v 0.34646165400000001 0 -0.34652912650000001
v 0.33648431300000003 0 -0.32396674149999999
v 0.35835194599999998 0 -0.34126448649999996
v 0.35964822799999996 0 -0.3282711505
v 0.370379448 0 -0.33654761300000002
v 0.39036834249999997 0 -0.35295438800000001
v 0.40058958550000001 0 -0.34861469299999998
v 0.39419722550000003 0 -0.32716500749999999
v 0.40473341899999998 0 -0.324192643
v 0.40231156349999997 0 -0.33755588549999999
v 0.41112577900000002 0 -0.34564232849999998
v 0.43390667449999998 0 -0.35136353949999999
v 0.43733465700000002 0 -0.34326994399999999
v 0.44086742400000001 0 -0.33265387999999996
v 0.44617760200000001 0 -0.34295034400000002
v 0.46190691 0 -0.34067440049999997
v 0.46802616149999998 0 -0.34404265899999997
v 0.45022451900000005 0 -0.35077333450000003
v 0.45375728599999998 0 -0.3401572705
v 0.4818906785 0 -0.35220098499999997
v 0.47643137000000002 0 -0.35943818100000002
v 0.47550201449999996 0 -0.34747958200000001
v 0.478812456 0 -0.32640922100000003
v 0.48833179449999997 0 -0.318788022
v 0.49048066150000003 0 -0.33262118699999998
v -0.48132944099999997 0 -0.32440876949999997
v -0.49076747900000001 0 -0.31878957149999998
v -0.48140740400000004 0 -0.30056023600000004
v -0.4746484755 0 -0.29490852350000002
v -0.47477602949999997 0 -0.30692744250000004
v -0.44427382949999999 0 -0.30792665499999999
v -0.43646919750000002 0 -0.31415033349999999
v -0.46805429450000002 0 -0.31274008750000004
v -0.47481322300000001 0 -0.3183918
v -0.43023657799999998 0 -0.32203948500000001
v -0.42899501350000002 0 -0.31038701550000003
v -0.39781200900000002 0 -0.31698215000000002
v -0.38506603249999999 0 -0.32214915750000001
v -0.39218127749999998 0 -0.3297421935
v -0.36157858399999998 0 -0.32398629150000002
v -0.36086559299999998 0 -0.3126662965
v -0.35238897800000002 0 -0.32113349400000002
v -0.37474525000000003 0 -0.32521414749999999
v -0.34055626400000005 0 -0.31964886149999999
v -0.34012532200000001 0 -0.30763590299999999
v -0.32900559900000004 0 -0.31747126549999999
v -0.31669831250000002 0 -0.31654548650000003
v -0.31610453100000002 0 -0.30431008349999999
v -0.3042281865 0 -0.31539726300000004
v -0.29170238949999999 0 -0.31487894100000002
v -0.29093766199999999 0 -0.30273413700000001
v -0.27900564649999998 0 -0.31445121799999998
v -0.26654827599999997 0 -0.31428957000000002
v -0.2654967305 0 -0.30233752749999998
v -0.25380408750000005 0 -0.31432068349999998
v -0.24129378750000002 0 -0.31456935399999997
v -0.23994946450000001 0 -0.30264520649999999
v -0.22849070999999999 0 -0.31484591949999996
v -0.21578454950000001 0 -0.3152555225
v -0.2142783405 0 -0.30324077599999999
v -0.202916503 0 -0.31557452650000001
v -0.19009339850000001 0 -0.315906882
v -0.18851202750000001 0 -0.30381381499999999
v -0.17719513200000001 0 -0.31616091699999999
v -0.16436880850000002 0 -0.31641030299999995
v -0.16269379849999999 0 -0.30425179000000002
v -0.151448846 0 -0.316594243
v -0.13864290699999998 0 -0.3168052435
v -0.13678175200000001 0 -0.30457031750000002
v -0.12565082299999999 0 -0.31693983100000001
v -0.11281672100000001 0 -0.31711173100000001
v -0.11060082910000001 0 -0.30482471
v -0.099627882100000009 0 -0.31723153599999998
v -0.086681097750000005 0 -0.317341447
v -0.083878487350000003 0 -0.30520355700000001
v -0.073147594900000001 0 -0.31760048900000004
v -0.060043618049999997 0 -0.31775128850000001
v -0.056492537250000002 0 -0.30613410499999999
v -0.0461911708 0 -0.31842279449999999
v -0.033081963649999997 0 -0.31877124349999997
v -0.029015764600000001 0 -0.30810999900000002
v -0.019457638249999999 0 -0.32007563150000001
v -0.0068517932650000004 0 -0.32045412100000004
v -0.0037681758400000005 0 -0.31118607549999999
v 0.0047714700949999999 0 -0.32222580950000002
v 0.016836695360000001 0 -0.321639538
v 0.01851603391 0 -0.3083859685
v 0.027497641749999999 0 -0.31706774250000003
v 0.039948046250000001 0 -0.31613075749999997
v 0.043181166049999997 0 -0.30544805549999998
v 0.053952232000000003 0 -0.31776463999999999
v 0.067874193149999998 0 -0.3168542385
v 0.090545088250000003 0 -0.31966543199999997
v 0.10270744600000001 0 -0.3238129615
v 0.1131939295 0 -0.32242941850000001
v 0.11535680300000001 0 -0.30998742600000001
v 0.1260235905 0 -0.31971251950000001
v 0.13877409699999999 0 -0.318910003
v 0.142049551 0 -0.30684900300000001
v 0.15263718399999998 0 -0.31848847899999999
v 0.16559225350000001 0 -0.31848728650000002
v 0.16956216099999999 0 -0.30731093900000001
v 0.17924177650000001 0 -0.31937074649999997
v 0.19158309700000001 0 -0.31979227050000003
v 0.19462478150000001 0 -0.31040596949999999
v 0.2029961945 0 -0.32200384100000001
v 0.21471387149999999 0 -0.32191848750000002
v 0.21591526250000001 0 -0.30995392799999999
v 0.22459125499999999 0 -0.31925487549999998
v 0.23678326599999999 0 -0.31821072100000003
v 0.23856675599999999 0 -0.30547034750000002
v 0.249557376 0 -0.31639075250000004
v 0.26254582400000004 0 -0.31490659700000001
v 0.26435208300000002 0 -0.30185854450000005
v 0.275557041 0 -0.31311476250000003
v 0.28864383699999996 0 -0.31084465999999999
v 0.29013979400000001 0 -0.29767835149999999
v 0.30142033099999999 0 -0.30845630149999997
v 0.31413209399999997 0 -0.30511772599999998
v 0.31522059400000002 0 -0.29211187350000001
v 0.32643640000000002 0 -0.30193960649999996
v 0.33751702299999997 0 -0.31082284449999997
v 0.34865343599999998 0 -0.31984412699999998
v 0.33860552300000002 0 -0.297816992
v 0.36068093800000001 0 -0.31512725350000004
v 0.36136221899999998 0 -0.30213403700000002
v 0.37235701099999996 0 -0.31056106049999999
v 0.40836882549999998 0 -0.31431055050000001
v 0.41648316350000003 0 -0.3247014285
v 0.38482868650000002 0 -0.30568480450000002
v 0.38414740549999998 0 -0.31867802099999998
v 0.42243611800000003 0 -0.33377850050000002
v 0.42859649649999998 0 -0.34106707549999998
v 0.41900813549999999 0 -0.34187209600000001
v 0.41531765450000002 0 -0.30648028849999998
v 0.41912758350000001 0 -0.29711961749999999
v 0.42392849900000001 0 -0.30545866499999996
v 0.44839417950000005 0 -0.313488245
v 0.45360207549999998 0 -0.32270681849999999
v 0.44450247300000001 0 -0.32311570649999999
v 0.42970657350000002 0 -0.3143582345
v 0.43351650250000001 0 -0.30499756349999996
v 0.45785999300000002 0 -0.33285140999999996
v 0.45192646999999997 0 -0.30391263950000003
v 0.45505094550000003 0 -0.29338812800000003
v 0.46061825750000002 0 -0.3025548455
v 0.48833179449999997 0 -0.30628803399999999
v 0.5 0 -0.3125
v 0.46707868549999998 0 -0.31282770650000002
v 0.47020316100000004 0 -0.30230319500000002
v -0.46749234200000001 0 -0.28954827800000005
v -0.45999884600000002 0 -0.28451299699999999
v -0.460523605 0 -0.29624044900000002
v -0.5 0 -0.28749999399999998
v -0.49063992499999998 0 -0.2817706465
v -0.49063992499999998 0 -0.2942706645
v -0.45317506750000003 0 -0.30228030699999997
v -0.46066856349999996 0 -0.30731558800000003
v -0.45893836050000003 0 -0.27397787600000001
v -0.45196962350000003 0 -0.28067004699999998
v -0.428920627 0 -0.29343461999999998
v -0.4178828 0 -0.29406559450000003
v -0.424189806 0 -0.3031288385
v -0.44627976400000002 0 -0.28698265550000002
v -0.44521927849999998 0 -0.27644753450000004
v -0.41795718650000002 0 -0.31101798999999997
v -0.41118872200000001 0 -0.28565883650000001
v -0.40645790100000001 0 -0.29535305499999998
v -0.37254917649999997 0 -0.30522310699999999
v -0.36335957050000001 0 -0.30237030949999999
v -0.40192437149999999 0 -0.30657446350000001
v -0.3952302935 0 -0.29816770550000005
v -0.38037598149999996 0 -0.31245410400000001
v -0.38286995899999998 0 -0.302158117
v -0.3644018175 0 -0.29022419450000003
v -0.35271823400000002 0 -0.29766738400000003
v -0.341167569 0 -0.29548978800000003
v -0.34125959900000002 0 -0.2830569745
v -0.32866668700000001 0 -0.29302549349999996
v -0.31619656099999999 0 -0.29187726999999997
v -0.315996051 0 -0.27938568600000002
v -0.30343389500000001 0 -0.29067027600000001
v -0.290737152 0 -0.29024255300000001
v -0.29042089000000004 0 -0.27776133999999997
v -0.27792465700000002 0 -0.28982520099999998
v -0.26518046849999999 0 -0.28985631449999999
v -0.26474249399999999 0 -0.27738785700000002
v -0.25231456750000003 0 -0.28990018350000002
v -0.23951148999999999 0 -0.29017674900000001
v -0.23894405399999999 0 -0.27767538999999997
v -0.226578951 0 -0.29042041299999999
v -0.21371090449999999 0 -0.290739417
v -0.21301400700000001 0 -0.27817666549999998
v -0.20071339649999997 0 -0.29099702849999998
v -0.18781513 0 -0.29125106349999996
v -0.18693929949999999 0 -0.27861917050000001
v -0.1747379305 0 -0.29143595700000002
v -0.16181796799999998 0 -0.29161989700000002
v -0.16064542549999999 0 -0.27891480950000003
v -0.14860129350000001 0 -0.29173064250000003
v -0.13560920949999999 0 -0.29186522999999998
v -0.13393735900000001 0 -0.27911496199999997
v -0.1221178175 0 -0.29195463700000002
v -0.1089289786 0 -0.29207444199999999
v -0.10643368975 0 -0.27939808399999999
v -0.094916701349999993 0 -0.29226815699999997
v -0.081383198500000004 0 -0.29252719900000002
v -0.077641010300000007 0 -0.280319333
v -0.066602796300000003 0 -0.29325473299999999
v -0.052750349050000006 0 -0.29392623899999998
v -0.047577589750000003 0 -0.28286826599999998
v -0.037467330699999996 0 -0.29574763799999998
v -0.023843005300000001 0 -0.29705202600000002
v -0.017146123574999998 0 -0.28788864599999997
v -0.0086945574749999997 0 -0.30025100700000001
v 0.0029287058849999997 0 -0.30202269550000005
v 0.013589652274999999 0 -0.29745090000000002
v 0.0071349684249999989 0 -0.28203070149999998
v 0.022722296449999999 0 -0.28839397450000004
v 0.052600458249999996 0 -0.29469442400000001
v 0.038596272500000001 0 -0.29306054150000005
v 0.067140459999999999 0 -0.30111193650000001
v 0.062555566450000002 0 -0.28872442250000002
v 0.077829301350000005 0 -0.31088423700000001
v 0.089811355100000004 0 -0.30392313000000004
v 0.090433478600000006 0 -0.28980708100000002
v 0.1031492655 0 -0.29858827600000004
v 0.1159789265 0 -0.29587137699999999
v 0.1186673345 0 -0.27910006050000002
v 0.130874872 0 -0.29049921050000005
v 0.144737959 0 -0.29007768649999999
v 0.14908105150000001 0 -0.27811288850000004
v 0.1602557305 0 -0.294462681
v 0.17390525350000002 0 -0.29534614100000001
v 0.181089163 0 -0.28448760500000003
v 0.19039559350000002 0 -0.29733586300000003
v 0.20180869099999998 0 -0.29954743350000002
v 0.21168607449999999 0 -0.29688382150000003
v 0.21227198850000001 0 -0.28361344300000002
v 0.22637856000000001 0 -0.29401993749999999
v 0.23915267000000001 0 -0.292199969
v 0.24058055900000003 0 -0.27902364699999999
v 0.25276875500000001 0 -0.29047405700000001
v 0.26577997200000003 0 -0.28868222249999997
v 0.26732933550000004 0 -0.27564907049999998
v 0.27891266349999999 0 -0.28703355799999997
v 0.29168915750000002 0 -0.2846451995
v 0.29301917550000001 0 -0.27188610999999996
v 0.30424630600000002 0 -0.28253090349999999
v 0.31655061200000001 0 -0.27935278399999997
v 0.31745374199999998 0 -0.26684868299999998
v 0.32842802999999998 0 -0.276429653
v 0.33928656550000003 0 -0.28503370299999997
v 0.35036718849999998 0 -0.29391694099999999
v 0.3401896955 0 -0.27252960199999998
v 0.36204326149999999 0 -0.28935074800000005
v 0.36224043350000001 0 -0.27666425699999997
v 0.37323546399999996 0 -0.284881353
v 0.39528214900000003 0 -0.30055522899999998
v 0.40223097800000002 0 -0.292724967
v 0.40356791000000003 0 -0.30597150299999998
v 0.39472126949999997 0 -0.27504146100000004
v 0.40476798999999997 0 -0.27086651299999998
v 0.40399193750000001 0 -0.28313374499999999
v 0.41227769850000001 0 -0.28855001899999999
v 0.43704879299999999 0 -0.29542195799999998
v 0.4428268675 0 -0.30432152749999997
v 0.46489977849999997 0 -0.2808226345
v 0.472828627 0 -0.2771332265
v 0.47167158149999999 0 -0.288340926
v 0.47813200950000001 0 -0.29861378699999996
v 0.48040056250000002 0 -0.27246713649999998
v 0.49060034750000003 0 -0.26764136549999995
v 0.48980021500000004 0 -0.27982574699999996
v -0.4808700085 0 -0.27617990950000004
v -0.49023008349999997 0 -0.26940923900000002
v -0.48029899600000003 0 -0.25122416000000003
v -0.4720697405 0 -0.2453211545
v -0.47223091149999996 0 -0.25791549650000001
v -0.4479124545 0 -0.26050174250000002
v -0.43900525550000002 0 -0.25879919549999997
v -0.44200193899999995 0 -0.268432379
v -0.46548461949999997 0 -0.26491665850000001
v -0.47371387500000001 0 -0.27081966400000002
v -0.43631207949999995 0 -0.27474498749999998
v -0.43532204600000002 0 -0.249413252
v -0.42941153050000003 0 -0.25734388850000001
v -0.42240428949999997 0 -0.266314149
v -0.41872108000000002 0 -0.25692820550000001
v -0.39728522300000002 0 -0.26672852050000001
v -0.40749037300000002 0 -0.25536942499999998
v -0.39306175700000001 0 -0.25619947949999999
v -0.36830854400000002 0 -0.27653992199999999
v -0.368698835 0 -0.263676405
v -0.354150772 0 -0.27265775199999998
v -0.3789498805 0 -0.2812428475
v -0.34164989000000001 0 -0.27019345750000001
v -0.34161460399999999 0 -0.25752651699999995
v -0.32872343100000001 0 -0.26792573949999998
v -0.31596076500000003 0 -0.26671874549999997
v -0.31595993049999999 0 -0.25403070449999998
v -0.30323255049999998 0 -0.26549065100000002
v -0.2904200555 0 -0.26507329899999998
v -0.29045772549999999 0 -0.25231862049999998
v -0.277646065 0 -0.26458930949999998
v -0.26478016399999998 0 -0.26463317850000001
v -0.26479005799999999 0 -0.25180458999999999
v -0.25188648699999999 0 -0.26460313749999997
v -0.238953948 0 -0.26484680150000001
v -0.23886203750000001 0 -0.25191867349999997
v -0.22591960449999998 0 -0.26499092599999996
v -0.21292209649999999 0 -0.26524853749999999
v -0.21262621900000001 0 -0.25218152999999999
v -0.19972062149999997 0 -0.2653672695
v -0.186643422 0 -0.26555216300000001
v -0.1859737635 0 -0.252334952
v -0.17319244150000002 0 -0.26558685300000001
v -0.15997576699999999 0 -0.26569759849999997
v -0.15869605549999999 0 -0.25239109999999998
v -0.14614903949999999 0 -0.26571905649999999
v -0.1326576475 0 -0.26580846349999998
v -0.13047420999999998 0 -0.25249588499999998
v -0.11826252949999999 0 -0.2658917905
v -0.10425025224999999 0 -0.26608550549999999
v -0.1006205082 0 -0.252773523
v -0.08879166845 0 -0.26627981649999999
v -0.074011266250000013 0 -0.26700735050000002
v -0.068291902550000005 0 -0.25464475149999999
v -0.057141244399999999 0 -0.268684268
v -0.041858226050000003 0 -0.27050566700000001
v -0.034237839249999999 0 -0.25998306299999996
v -0.024674184599999999 0 -0.27416706099999999
v -0.0095257367749999999 0 -0.27736604200000003
v -0.00039309260000000047 0 -0.2683091165
v 0.0093171941249999991 0 -0.25808477400000002
v 0.019067105825 0 -0.24809288950000002
v 0.026017524299999997 0 -0.26298189150000001
v -0.0073435110749999997 0 -0.25342011450000002
v 0.041891500349999999 0 -0.26764845850000002
v 0.053832799200000003 0 -0.25709104500000002
v 0.059956863550000003 0 -0.27174949650000002
v 0.032141588649999997 0 -0.27764034300000001
v 0.074496865300000006 0 -0.27816700900000002
v 0.087834775700000006 0 -0.27283215500000002
v 0.087502718199999996 0 -0.25568151449999998
v 0.10343933150000001 0 -0.26732158650000004
v 0.129850626 0 -0.25481259850000004
v 0.13887435199999998 0 -0.24325442350000001
v 0.14258700600000002 0 -0.26216971900000002
v 0.118335277 0 -0.26194941999999999
v 0.15810477750000002 0 -0.26655471350000004
v 0.1642172335 0 -0.25649440300000004
v 0.17071127899999999 0 -0.2724375725
v 0.18720161899999999 0 -0.27442729450000003
v 0.18924719100000001 0 -0.25924313050000003
v 0.19962507499999999 0 -0.271293163
v 0.2143175605 0 -0.26842927900000002
v 0.2159296275 0 -0.25447487800000002
v 0.22857654099999999 0 -0.26679515799999998
v 0.24219262600000002 0 -0.26506924600000004
v 0.2440479995 0 -0.25170350050000001
v 0.25605201750000001 0 -0.26393198949999996
v 0.26918470900000002 0 -0.26228332499999996
v 0.27115941050000003 0 -0.24952805049999999
v 0.28243672850000001 0 -0.26124513150000001
v 0.29499387700000002 0 -0.25913083549999999
v 0.29658245999999999 0 -0.2471073865
v 0.30716490699999999 0 -0.25774836499999998
v 0.31904232500000002 0 -0.25482523400000001
v 0.31975889200000002 0 -0.24293303449999998
v 0.33004772700000001 0 -0.25203335250000003
v 0.34064471750000003 0 -0.26008367500000001
v 0.35150325299999996 0 -0.26868772500000004
v 0.34136128450000003 0 -0.24819147550000001
v 0.36269545549999999 0 -0.26421833
v 0.36297023299999998 0 -0.2517178055
v 0.37370741350000003 0 -0.25969433749999998
v 0.4079453945 0 -0.25782346700000003
v 0.41721606249999998 0 -0.26591575099999998
v 0.38473975650000003 0 -0.25498402100000001
v 0.38446497899999998 0 -0.2674845455
v 0.4245586395 0 -0.27751994099999999
v 0.4314085245 0 -0.28608953949999999
v 0.420888543 0 -0.28752839549999998
v 0.41793394100000003 0 -0.23870348899999999
v 0.42582702649999998 0 -0.22745907300000001
v 0.42828655250000003 0 -0.241628289
v 0.43435287499999997 0 -0.25428295099999998
v 0.44224596049999998 0 -0.243038535
v 0.45152783399999996 0 -0.24258804299999998
v 0.46125864950000001 0 -0.238053918
v 0.45804309850000002 0 -0.25115907199999998
v 0.49060034750000003 0 -0.25514137749999999
v 0.5 0 -0.26249998799999996
v 0.46691536899999997 0 -0.25811994100000002
v 0.47448730449999998 0 -0.25345385100000001
v 0.4736287595 0 -0.26494884499999999
v -0.46488189699999999 0 -0.23939263799999999
v -0.45962142949999996 0 -0.23149251949999999
v -0.45874118850000001 0 -0.24411237250000001
v -0.5 0 -0.23749999700000002
v -0.49006891250000001 0 -0.23181490599999999
v -0.49006891250000001 0 -0.244314909
v -0.45809078199999997 0 -0.2229688165
v -0.45195007349999999 0 -0.22768855100000002
v -0.44608891049999999 0 -0.23442328000000001
v -0.44455826300000001 0 -0.22589957700000002
v -0.42932987249999999 0 -0.2303643225
v -0.43643939500000001 0 -0.22326755549999999
v -0.42707216749999999 0 -0.220997572
v -0.38063108899999998 0 -0.25382447250000001
v -0.36647331699999997 0 -0.24994230249999999
v -0.41161477600000002 0 -0.2364673615
v -0.41449761400000001 0 -0.24639916449999999
v -0.42284548300000002 0 -0.238026142
v -0.39083623899999997 0 -0.24246537699999998
v -0.40106916449999996 0 -0.23352044849999998
v -0.38863849649999999 0 -0.23114544149999999
v -0.365865469 0 -0.23718225949999999
v -0.35393321499999997 0 -0.24703419199999999
v -0.34100675599999997 0 -0.24476647399999998
v -0.34090995800000001 0 -0.23207116150000001
v -0.32859134700000003 0 -0.24256348649999998
v -0.31586313249999998 0 -0.24133539199999998
v -0.31601572050000004 0 -0.2285327915
v -0.30338430399999999 0 -0.2400000095
v -0.29061031349999999 0 -0.23951602
v -0.29085934150000003 0 -0.22658300399999998
v -0.27793276300000003 0 -0.23890161499999998
v -0.26503908600000003 0 -0.238871574
v -0.26526391500000002 0 -0.22577285749999998
v -0.25212120999999998 0 -0.23867583250000002
v -0.23908686649999999 0 -0.23881995699999997
v -0.23916101449999999 0 -0.225474119
v -0.22590184199999999 0 -0.23871695999999998
v -0.212700367 0 -0.23883569199999999
v -0.21238380649999999 0 -0.2251378295
v -0.19910818349999998 0 -0.23860239950000001
v -0.18565720299999999 0 -0.23863708950000001
v -0.18456596149999999 0 -0.2247366905
v -0.17143154150000001 0 -0.238469243
v -0.15760481399999998 0 -0.238490701
v -0.15548324600000002 0 -0.22472822649999999
v -0.14274776 0 -0.2386500835
v -0.12835264200000002 0 -0.23873341049999999
v -0.12525719400000002 0 -0.2249617575
v -0.11298364399999999 0 -0.238807559
v -0.097525060199999999 0 -0.23900187000000001
v -0.092175304900000005 0 -0.22323894500000002
v -0.079812169099999997 0 -0.23720490900000002
v -0.062942147249999997 0 -0.23888182650000001
v -0.042411267749999995 0 -0.24448764349999999
v -0.025227226299999999 0 -0.2481490375
v -0.0037308512249999998 0 -0.2272309065
v 0.0070243999499999994 0 -0.217606306
v 0.013122026824999999 0 -0.23357117150000001
v 0.029822357000000001 0 -0.238468289
v 0.037623219200000002 0 -0.2292785645
v 0.043568298200000001 0 -0.24380028250000002
v 0.061633661400000005 0 -0.24790132050000002
v 0.064240768549999994 0 -0.23123633900000001
v 0.074505269550000003 0 -0.24452710150000001
v 0.090109825350000006 0 -0.239016533
v 0.10275527849999999 0 -0.23492914450000002
v 0.1142706275 0 -0.22779232300000002
v 0.11462262299999999 0 -0.2430341245
v 0.16323667749999998 0 -0.24282372000000002
v 0.17584317900000002 0 -0.24870657899999998
v 0.18826663500000002 0 -0.24557244750000001
v 0.189754903 0 -0.23085045799999998
v 0.203158915 0 -0.2413870095
v 0.21741789550000001 0 -0.23975288850000001
v 0.219648063 0 -0.225358486
v 0.23241877550000001 0 -0.23844635450000001
v 0.24627816699999999 0 -0.237309098
v 0.249334693 0 -0.22411382200000002
v 0.26096391699999999 0 -0.23737096800000002
v 0.27421593649999998 0 -0.23633277450000001
v 0.27745425700000004 0 -0.2243145705
v 0.28764975050000002 0 -0.236471653
v 0.29982078050000005 0 -0.23508918249999999
v 0.30171012900000005 0 -0.22514295550000002
v 0.31064283850000002 0 -0.23577868899999999
v 0.32164824050000002 0 -0.2329868075
v 0.32128095649999999 0 -0.22105163300000003
v 0.33039700999999999 0 -0.22820597850000002
v 0.34150254749999998 0 -0.2358728645
v 0.35209953799999999 0 -0.24392318700000001
v 0.34113526350000001 0 -0.22393769000000002
v 0.36311149600000003 0 -0.23939919450000002
v 0.3630743025 0 -0.22678256050000001
v 0.37394499749999999 0 -0.23457717900000002
v 0.38493359100000002 0 -0.242147207
v 0.39569115649999997 0 -0.249937415
v 0.38489639750000004 0 -0.22953057300000002
v 0.38422107650000004 0 -0.21665406250000002
v 0.39520967000000001 0 -0.2242240905
v 0.405679703 0 -0.23081743700000001
v 0.405004382 0 -0.21794092650000002
v 0.46898937200000002 0 -0.23519825950000001
v 0.47624015799999997 0 -0.23010826099999998
v 0.47502469999999997 0 -0.24153494850000001
v 0.48173809049999999 0 -0.24836385249999998
v 0.48263597499999999 0 -0.22459387749999998
v 0.49149823199999998 0 -0.21887139950000001
v 0.49113774300000002 0 -0.23072247200000001
v -0.479939699 0 -0.22606945049999999
v -0.48987078649999999 0 -0.21925453849999998
v -0.47955107649999995 0 -0.200948298
v -0.47089409799999998 0 -0.19510298949999999
v -0.47108459449999995 0 -0.20766377450000001
v -0.44797778150000001 0 -0.21082484699999998
v -0.4398589135 0 -0.20819282550000001
v -0.44230055800000001 0 -0.2165328265
v -0.46409487699999996 0 -0.2142956255
v -0.47275185549999998 0 -0.22014093400000001
v -0.43882155449999999 0 -0.19835537650000001
v -0.43314433099999999 0 -0.204063356
v -0.40764462950000002 0 -0.21443474299999998
v -0.40647613999999999 0 -0.202889025
v -0.39770293249999999 0 -0.21065479500000001
v -0.42529976349999998 0 -0.210284889
v -0.42426240449999997 0 -0.20044744
v -0.38631999500000003 0 -0.20729762299999999
v -0.38748848449999995 0 -0.218843341
v -0.36471545699999997 0 -0.224880159
v -0.36435031900000003 0 -0.21235960749999999
v -0.35296022900000001 0 -0.22175359750000001
v -0.37725555899999996 0 -0.2277882695
v -0.34054482000000003 0 -0.21955061000000001
v -0.3406273125 0 -0.20683485299999999
v -0.3285770415 0 -0.21715241699999999
v -0.31609821299999996 0 -0.2158170345
v -0.31636786449999998 0 -0.20293259650000001
v -0.30380654350000003 0 -0.21431297099999999
v -0.291128993 0 -0.21369856599999998
v -0.29144453999999997 0 -0.20062410850000001
v -0.27849733799999998 0 -0.21289414149999999
v -0.26557946200000004 0 -0.21269840000000001
v -0.26584339150000003 0 -0.19930750149999998
v -0.2526099685 0 -0.2121862175
v -0.23942494399999997 0 -0.2120832205
v -0.23941755300000001 0 -0.19811236900000001
v -0.22596859899999999 0 -0.21140027049999999
v -0.2123764155 0 -0.21116697800000001
v -0.21147608749999999 0 -0.19652152099999998
v -0.19789129499999999 0 -0.21025907999999999
v -0.18366563349999998 0 -0.21009123349999997
v -0.18120676299999999 0 -0.19554430249999999
v -0.16788142950000001 0 -0.210021913
v -0.1530243755 0 -0.21018129549999998
v -0.1493857505 0 -0.19654506449999998
v -0.136987567 0 -0.21125137799999999
v -0.121618569 0 -0.2113255265
v -0.11924502249999999 0 -0.19880682249999998
v -0.1075146495 0 -0.21251720200000002
v -0.089801758400000001 0 -0.210720241
v -0.0539315343 0 -0.22704780099999999
v -0.060772851099999997 0 -0.20933330049999999
v -0.040241971599999996 0 -0.2149391175
v -0.015516939574999999 0 -0.23792469500000002
v -0.021614566449999997 0 -0.22195982949999998
v -0.028455883250000001 0 -0.20424532899999998
v 0.0034141316999999997 0 -0.20167136199999999
v 0.020267009749999999 0 -0.208011627
v 0.036320574600000002 0 -0.21596544950000002
v 0.050066515800000003 0 -0.22129744299999998
v 0.032710306350000003 0 -0.20003050550000001
v 0.062938123950000008 0 -0.217923224
v 0.089757829849999998 0 -0.22377473149999999
v 0.13694035999999998 0 -0.22576981800000001
v 0.14967674 0 -0.23312693849999999
v 0.16130268549999999 0 -0.22533911449999999
v 0.16207414850000001 0 -0.20892596250000001
v 0.17563408599999999 0 -0.21862274399999998
v 0.190526366 0 -0.21443730599999999
v 0.19207912700000002 0 -0.1971967815
v 0.20619994400000002 0 -0.2094244955
v 0.22120082400000002 0 -0.2081179615
v 0.22576713600000001 0 -0.193974435
v 0.23921525500000002 0 -0.2099084255
v 0.25390100500000001 0 -0.20997029550000001
v 0.25884699849999998 0 -0.19748568499999999
v 0.26896643649999996 0 -0.21169108149999999
v 0.28240025050000001 0 -0.21182995999999998
v 0.288846135 0 -0.20036089400000001
v 0.29733395550000002 0 -0.212984383
v 0.30815601349999999 0 -0.21367388949999999
v 0.31690478300000002 0 -0.20889306050000001
v 0.31639826250000003 0 -0.1960544585
v 0.32952320550000003 0 -0.20343220200000001
v 0.34099376199999998 0 -0.211390674
v 0.35209929949999996 0 -0.21905755999999998
v 0.34048724149999998 0 -0.198552072
v 0.36293280100000003 0 -0.21423554449999999
v 0.36283242699999996 0 -0.20149475350000001
v 0.37380743 0 -0.20921975400000001
v 0.41526281850000002 0 -0.21217918400000002
v 0.4222533705 0 -0.20497626099999999
v 0.42246496700000002 0 -0.21733135000000001
v 0.38412070249999997 0 -0.20391327149999999
v 0.425698519 0 -0.19416201150000001
v 0.4329006675 0 -0.19931417750000002
v 0.440989256 0 -0.22094058999999999
v 0.45027112950000003 0 -0.220490098
v 0.44546151150000002 0 -0.22993338099999999
v 0.45732474300000003 0 -0.2202062605
v 0.45285248750000001 0 -0.2112134695
v 0.45810866350000001 0 -0.20172286
v 0.46345186250000003 0 -0.1969383955
v 0.46524929999999998 0 -0.2061451675
v 0.49149823199999998 0 -0.2063713965
v 0.5 0 -0.212499991
v 0.47039866450000001 0 -0.2125661375
v 0.47679448150000003 0 -0.207051754
v 0.47660064700000004 0 -0.2182571885
v -0.4634313585 0 -0.18897742000000001
v -0.45637631450000005 0 -0.180680811
v -0.45537257200000003 0 -0.19352185700000002
v -0.5 0 -0.18749998499999998
v -0.48968029000000002 0 -0.1816937475
v -0.48968029000000002 0 -0.19419375049999998
v -0.456456423 0 -0.16875362350000001
v -0.44839763649999997 0 -0.17329806050000002
v -0.41580748550000002 0 -0.19543069600000001
v -0.42365205299999997 0 -0.18920916300000001
v -0.37566137300000002 0 -0.2033396365
v -0.36390614500000001 0 -0.20021307500000002
v -0.4053310155 0 -0.17994803199999998
v -0.41446244700000001 0 -0.17264515149999998
v -0.40459632849999999 0 -0.16840076449999999
v -0.38587582100000001 0 -0.19515109050000001
v -0.39599967000000003 0 -0.18740636099999999
v -0.38534104800000002 0 -0.18344837450000001
v -0.36395108700000001 0 -0.18764734300000002
v -0.35264003300000002 0 -0.19666731400000001
v -0.34067225449999999 0 -0.19426912099999999
v -0.34091925649999999 0 -0.18146628149999999
v -0.32890653599999997 0 -0.1916338205
v -0.31661486650000004 0 -0.19012975700000001
v -0.31689953800000004 0 -0.17718428349999998
v -0.30436086649999999 0 -0.18848305949999999
v -0.29172921149999997 0 -0.18767863499999998
v -0.29203677149999996 0 -0.17444926499999999
v -0.27912044499999999 0 -0.18659031399999998
v -0.26615095150000001 0 -0.18607813149999999
v -0.26641654949999999 0 -0.1722447875
v -0.25313949599999996 0 -0.184961975
v -0.23968315099999998 0 -0.18427902499999999
v -0.239547968 0 -0.16929107900000001
v -0.22582602499999999 0 -0.18244147299999999
v -0.21134090449999998 0 -0.181533575
v -0.20901674050000002 0 -0.16425687049999999
v -0.194666803 0 -0.1783369185
v -0.178882599 0 -0.178267598
v -0.17323225749999999 0 -0.16453337649999999
v -0.15977221749999998 0 -0.18174076049999999
v -0.14373540899999998 0 -0.182810843
v -0.136883855 0 -0.1702705025
v -0.14594131700000001 0 -0.152964294
v -0.12870329600000002 0 -0.15522825749999999
v -0.12649738799999999 0 -0.18507480649999999
v -0.11239346850000001 0 -0.18626648200000001
v -0.10213485360000001 0 -0.177767694
v -0.094882488099999995 0 -0.19149970999999999
v -0.079543143499999996 0 -0.202221453
v -0.065853580800000006 0 -0.1901127695
v -0.032758563749999997 0 -0.186454177
v -0.014131158599999999 0 -0.19347488899999998
v -0.052545979600000001 0 -0.17657893899999999
v -0.038221254949999998 0 -0.165808499
v -0.00088854879999999969 0 -0.18388020999999999
v 0.031257249399999999 0 -0.1838957665
v 0.04731081425 0 -0.19184958899999999
v 0.014975752699999999 0 -0.1743418575
v 0.029576260600000001 0 -0.16616094100000001
v 0.063192680449999997 0 -0.18491631749999998
v 0.0646457374 0 -0.20105105649999999
v 0.078819990149999991 0 -0.21098995249999999
v 0.091465443300000004 0 -0.20690256400000001
v 0.099161356799999989 0 -0.1967237
v 0.1100991965 0 -0.209508479
v 0.12196654099999998 0 -0.21761345900000001
v 0.13276892900000001 0 -0.20748597399999999
v 0.16745537500000002 0 -0.16074722999999999
v 0.17606079600000002 0 -0.1509043575
v 0.18441766500000001 0 -0.1646475795
v 0.145633876 0 -0.19656878699999999
v 0.1599652765 0 -0.18985241650000001
v 0.19178247450000002 0 -0.18333721149999999
v 0.20038789550000002 0 -0.173494339
v 0.23458290100000001 0 -0.1802076695
v 0.24191629849999999 0 -0.166158259
v 0.25111496449999998 0 -0.18171548849999999
v 0.26618039599999999 0 -0.1834362745
v 0.27937006949999998 0 -0.18934136600000001
v 0.2943037745 0 -0.190495789
v 0.27163803549999999 0 -0.17357116950000001
v 0.29561746099999997 0 -0.17622125150000001
v 0.30509352649999999 0 -0.18724077950000001
v 0.31771194899999999 0 -0.18177992100000001
v 0.31819355500000002 0 -0.1685383915
v 0.329498291 0 -0.17735207050000001
v 0.34052765350000003 0 -0.185667157
v 0.35199820999999998 0 -0.19362562899999999
v 0.34100925950000005 0 -0.17242562750000001
v 0.362872839 0 -0.18860983850000002
v 0.36320543300000002 0 -0.17562448949999998
v 0.37403965 0 -0.183493614
v 0.39490151400000001 0 -0.19861459749999999
v 0.38448786749999997 0 -0.191180289
v 0.39690244200000002 0 -0.1720371845
v 0.38482046150000004 0 -0.17819494
v 0.3864542245 0 -0.16435050949999999
v 0.41580057149999999 0 -0.1879703405
v 0.40515995049999998 0 -0.19285285499999999
v 0.40590930000000003 0 -0.18099910050000001
v 0.47002434749999999 0 -0.1900514965
v 0.47620058050000003 0 -0.1838367585
v 0.47676873200000003 0 -0.195145965
v 0.44107234500000003 0 -0.1999986175
v 0.44632852099999998 0 -0.19050800800000001
v 0.45105505000000001 0 -0.2020066975
v 0.48297071450000001 0 -0.20083701600000001
v 0.48249793050000001 0 -0.17685639850000001
v 0.49102544800000003 0 -0.16989077599999999
v 0.49147248249999997 0 -0.18196560449999999
v -0.47948479649999998 0 -0.17594873900000002
v -0.48980450649999996 0 -0.16925497350000002
v -0.47971725499999995 0 -0.15101712950000001
v -0.472680092 0 -0.144948721
v -0.47257185000000002 0 -0.15744155650000002
v -0.46498489399999998 0 -0.16375476100000003
v -0.47202205699999999 0 -0.16982316950000001
v -0.44010925300000003 0 -0.17885857799999999
v -0.44018936149999999 0 -0.1669313905
v -0.44026160250000002 0 -0.15524065450000002
v -0.43197321899999996 0 -0.16080117199999999
v -0.40452504150000002 0 -0.15436190350000001
v -0.39539360999999995 0 -0.16166478400000001
v -0.42281436900000002 0 -0.166794896
v -0.42288661 0 -0.15510415999999999
v -0.3854111435 0 -0.1571269035
v -0.38548243049999997 0 -0.17116576449999998
v -0.36409246950000002 0 -0.17536473299999999
v -0.36455035200000002 0 -0.16250759349999999
v -0.35314285750000002 0 -0.17124444250000001
v -0.37535858150000001 0 -0.178910494
v -0.341377139 0 -0.16860914199999999
v -0.341573715 0 -0.155815959
v -0.32935011400000003 0 -0.16603779800000001
v -0.31709611399999998 0 -0.1643911005
v -0.31734311599999998 0 -0.15143019000000002
v -0.30489253999999999 0 -0.16257667549999999
v -0.29228377350000001 0 -0.16148835449999999
v -0.29264152050000003 0 -0.148086727
v -0.279785752 0 -0.1599593165
v -0.26677429650000001 0 -0.15884315999999998
v -0.2673369645 0 -0.144444764
v -0.25396776199999999 0 -0.156730235
v -0.24011063599999999 0 -0.15489268299999998
v -0.241031051 0 -0.138424993
v -0.22661125700000001 0 -0.15098583700000001
v -0.2099371555 0 -0.14778918050000001
v -0.213444889 0 -0.12858301450000001
v -0.19585037250000001 0 -0.14185404800000001
v -0.16250032199999997 0 -0.15434271100000002
v -0.1816107035 0 -0.15086954850000001
v -0.154319763 0 -0.13930046600000001
v -0.16964232899999998 0 -0.12605190299999999
v -0.15308332400000002 0 -0.124673486
v -0.11839467265 0 -0.143435538
v -0.10933721065 0 -0.1607417465
v -0.091826230250000002 0 -0.16597497450000001
v -0.078518629049999997 0 -0.152441144
v -0.071316272 0 -0.1694670915
v -0.0399163887 0 -0.14712882049999998
v -0.020128972849999999 0 -0.15700405849999999
v -0.0042646713500000006 0 -0.147465706
v -0.0025695375999999995 0 -0.16614538449999999
v 0.04672983285 0 -0.15881538350000002
v 0.059691503600000001 0 -0.15227520449999998
v 0.058819428049999997 0 -0.169174671
v 0.076154351199999998 0 -0.1783761385
v 0.0918656588 0 -0.18104678399999999
v 0.11049941199999999 0 -0.18365269899999997
v 0.0874924064 0 -0.16530513749999998
v 0.12336435900000001 0 -0.17273551199999998
v 0.130660057 0 -0.18841242799999999
v 0.16841918249999999 0 -0.13151711199999999
v 0.18538147250000001 0 -0.1354174615
v 0.2092036605 0 -0.1597275735
v 0.21656847000000001 0 -0.17841720550000001
v 0.20306015050000001 0 -0.14350217600000001
v 0.219240725 0 -0.14842504249999999
v 0.2319154735 0 -0.153869331
v 0.248447537 0 -0.15537714999999999
v 0.27130043500000001 0 -0.16109091050000002
v 0.28449010850000001 0 -0.166996002
v 0.29527986049999999 0 -0.16374099250000002
v 0.29634487650000002 0 -0.15029191950000001
v 0.30747222900000004 0 -0.15951716900000001
v 0.31925857099999999 0 -0.15508931850000002
v 0.32021474849999998 0 -0.14206141249999998
v 0.33093607450000001 0 -0.15108263499999999
v 0.34135031700000001 0 -0.15942043049999999
v 0.3423064945 0 -0.14639252450000001
v 0.35237967950000004 0 -0.167735517
v 0.36354649049999999 0 -0.16261929250000001
v 0.36359322049999998 0 -0.14951467499999999
v 0.37441897400000002 0 -0.15740364749999999
v 0.38650095449999999 0 -0.15124589199999999
v 0.42616736899999996 0 -0.17018741399999998
v 0.43606531650000002 0 -0.17637908499999999
v 0.42644786849999999 0 -0.182308257
v 0.41720306900000004 0 -0.1479105355
v 0.42432332049999999 0 -0.14103031150000001
v 0.42698109149999997 0 -0.15013164299999998
v 0.44464206699999997 0 -0.16765743499999999
v 0.44492256650000001 0 -0.17977827800000001
v 0.42782282849999997 0 -0.16063505449999999
v 0.43494307999999998 0 -0.15375483049999999
v 0.45490527150000004 0 -0.18178635799999998
v 0.45980596549999997 0 -0.15217077700000001
v 0.458952427 0 -0.14045161
v 0.46704339949999996 0 -0.14388400300000001
v 0.49102544800000003 0 -0.157390788
v 0.5 0 -0.16249999399999998
v 0.46867656699999999 0 -0.16717272999999999
v 0.47497391700000002 0 -0.16019237
v 0.47575354599999997 0 -0.17176193000000001
v -0.46410393699999997 0 -0.1368314625
v -0.455843687 0 -0.13042825450000001
v -0.45727443700000003 0 -0.14496994000000002
v -0.5 0 -0.13750000299999998
v -0.48991274849999999 0 -0.131762147
v -0.48991274849999999 0 -0.14426214999999998
v -0.45421695699999998 0 -0.120098591
v -0.44738745700000004 0 -0.1282370685
v -0.431914091 0 -0.13711184250000003
v -0.42302310450000002 0 -0.1300405265
v -0.42315447350000002 0 -0.14203912000000002
v -0.41399562349999997 0 -0.148032844
v -0.37494826349999999 0 -0.1530600785
v -0.36399865149999999 0 -0.14893978800000002
v -0.38485944299999997 0 -0.143559098
v -0.39429998399999999 0 -0.13350623849999999
v -0.38383710400000004 0 -0.12943941349999999
v -0.36380243300000004 0 -0.13639074549999999
v -0.35340452150000001 0 -0.14583826049999998
v -0.34137749649999999 0 -0.14326691650000001
v -0.3414994475 0 -0.13062947999999999
v -0.32966864099999998 0 -0.14060717849999999
v -0.31746506699999999 0 -0.1387927535
v -0.31776452050000004 0 -0.12585973750000001
v -0.30543899549999998 0 -0.13668274899999999
v -0.29294097400000002 0 -0.13515371100000001
v -0.29350435750000003 0 -0.1216880085
v -0.28070688249999998 0 -0.13309198649999998
v -0.26790034799999995 0 -0.13097906149999999
v -0.26925921450000001 0 -0.11631482849999999
v -0.25588929649999997 0 -0.12766760599999999
v -0.2423899175 0 -0.12376076
v -0.24538934199999998 0 -0.10485443464999999
v -0.23053109649999998 0 -0.11561182165
v -0.21644431349999999 0 -0.10967668915000001
v -0.124295771 0 -0.12914300000000001
v -0.10492968564999999 0 -0.13465648899999999
v -0.095674842650000008 0 -0.1213992835
v -0.0897737443 0 -0.1356918215
v -0.069263786049999998 0 -0.13918393849999999
v -0.0039272159500000001 0 -0.1266076565
v 0.0136322193 0 -0.1357489825
v 0.030448336149999998 0 -0.14926147449999999
v 0.030785791549999997 0 -0.12840342500000002
v 0.066271796800000005 0 -0.13933229450000001
v 0.078361392000000002 0 -0.14969158199999999
v 0.094072699600000004 0 -0.1523622275
v 0.11312726149999999 0 -0.1546423435
v 0.1332879065 0 -0.15940207249999999
v 0.14107465750000001 0 -0.14415645599999999
v 0.15131175499999999 0 -0.16224962449999999
v 0.195418537 0 -0.1241149305
v 0.22577196350000001 0 -0.13764393349999998
v 0.2499878405 0 -0.13864058299999998
v 0.25998866549999999 0 -0.15092951100000002
v 0.23775756349999999 0 -0.12888026250000001
v 0.24929869199999999 0 -0.12443262350000001
v 0.27284073850000001 0 -0.14435434350000001
v 0.27480804950000004 0 -0.12980896250000001
v 0.28611981900000005 0 -0.13997036200000001
v 0.29831218749999999 0 -0.13574653850000001
v 0.30050039299999998 0 -0.1227478385
v 0.3107254505 0 -0.13306939600000001
v 0.32240295399999996 0 -0.12906271250000001
v 0.32397532449999999 0 -0.116530776
v 0.33346462249999997 0 -0.12552279249999998
v 0.34283614149999997 0 -0.133661211
v 0.35325038399999997 0 -0.1419990065
v 0.344408512 0 -0.12112927449999999
v 0.3641228675 0 -0.13678336149999998
v 0.36384832849999998 0 -0.1243700385
v 0.37419116499999999 0 -0.13188570699999999
v 0.39614081349999997 0 -0.14486819499999998
v 0.38410556299999998 0 -0.13792133299999998
v 0.39272701700000001 0 -0.12023574099999999
v 0.40116536599999997 0 -0.1130541565
v 0.40218377100000002 0 -0.12436205149999999
v 0.40414536000000001 0 -0.13517641999999999
v 0.41258370899999997 0 -0.12799483549999999
v 0.43234515200000001 0 -0.132870972
v 0.43990933899999995 0 -0.12484312049999999
v 0.44166552999999997 0 -0.13522356749999997
v 0.47357034649999996 0 -0.136311233
v 0.47442388499999999 0 -0.14803040000000001
v 0.45047235499999999 0 -0.13796704999999998
v 0.44290816799999999 0 -0.1459949015
v 0.48150086400000003 0 -0.15261959999999999
v 0.48017787899999997 0 -0.128165841
v 0.48970246299999998 0 -0.120437026
v 0.490475416 0 -0.132728815
v -0.47988200199999997 0 -0.12595653549999999
v -0.48996925349999998 0 -0.1191943885
v -0.48003435150000001 0 -0.1008910836
v -0.47211623199999997 0 -0.093124836700000005
v -0.47202038749999997 0 -0.1056225301
v -0.44774127000000002 0 -0.110337615
v -0.442253232 0 -0.10276210299999999
v -0.44027268900000005 0 -0.110331893
v -0.46338772750000001 0 -0.1100730301
v -0.471305847 0 -0.11783927699999999
v -0.43877172450000002 0 -0.121510327
v -0.44039845450000004 0 -0.1318399905
v -0.403770566 0 -0.127177179
v -0.40479290499999998 0 -0.14129686349999998
v -0.36260497550000004 0 -0.125014663
v -0.36261534699999998 0 -0.1129592955
v -0.3532186745 0 -0.12123385049999999
v -0.37319910550000002 0 -0.1281161905
v -0.34150981899999999 0 -0.1185741125
v -0.3418666125 0 -0.10600590700000001
v -0.3301473855 0 -0.1154015365
v -0.31812131399999999 0 -0.113291532
v -0.31848823999999998 0 -0.10047230145
v -0.30610537500000001 0 -0.11093050245
v -0.29387128350000002 0 -0.10886877795
v -0.29465806449999998 0 -0.095868289500000009
v -0.28205704700000001 0 -0.10662579555
v -0.27004599549999997 0 -0.10331434005000001
v -0.27278196799999999 0 -0.09095212820000001
v -0.25998413549999999 0 -0.10064116115000001
v -0.2481253145 0 -0.092492222799999996
v -0.21621143799999998 0 -0.091505140050000003
v -0.1991252305 0 -0.1044763329
v -0.18364912249999998 0 -0.098864853400000008
v -0.18388199799999999 0 -0.1170364025
v -0.15197992300000002 0 -0.10621339099999999
v -0.13665735700000001 0 -0.119461954
v -0.12319237 0 -0.110682905
v -0.1176807582 0 -0.095724851050000004
v -0.10531917220000001 0 -0.10540589705
v -0.090163230849999998 0 -0.10644122954999999
v -0.081110537050000001 0 -0.092644989499999997
v -0.071466207500000004 0 -0.10863837595
v -0.065498575549999993 0 -0.1226721405
v -0.054243460300000004 0 -0.139421463
v -0.056445881749999996 0 -0.10887590045000001
v -0.036151178200000002 0 -0.13061702250000001
v -0.038947962249999996 0 -0.11268073300000001
v -0.024620890649999998 0 -0.12038809049999999
v -0.0067239999999999991 0 -0.10867136699999999
v 0.053687259549999998 0 -0.12431573849999999
v 0.072357147950000006 0 -0.121732116
v 0.083184391349999998 0 -0.1045173405
v 0.095768928599999997 0 -0.11953389649999999
v 0.10399624709999999 0 -0.13902878800000001
v 0.1148234905 0 -0.12181401250000001
v 0.12454023950000001 0 -0.11044567799999999
v 0.13276755800000001 0 -0.12994056949999999
v 0.1507914065 0 -0.13278812149999999
v 0.16206479099999999 0 -0.10112732639999999
v 0.16395491349999999 0 -0.080300539749999997
v 0.17962998149999998 0 -0.095203429350000007
v 0.1935238245 0 -0.10666042554999999
v 0.2112025025 0 -0.11474514005
v 0.19541394699999998 0 -0.085833638899999995
v 0.22318810249999999 0 -0.10598146905
v 0.22508281499999999 0 -0.123435974
v 0.25185990349999998 0 -0.10652858009999999
v 0.26409018049999999 0 -0.11628890059999999
v 0.27736926100000003 0 -0.1119049191
v 0.28215622899999998 0 -0.098423540599999998
v 0.29287409799999997 0 -0.11194360249999999
v 0.30528736099999998 0 -0.10926646000000001
v 0.30842423450000001 0 -0.09868189690000001
v 0.31605052950000001 0 -0.1094861329
v 0.32711219800000002 0 -0.1059462129
v 0.32913565649999998 0 -0.092624098050000006
v 0.33706045149999997 0 -0.099668741150000004
v 0.34543466550000002 0 -0.109114349
v 0.34745812399999998 0 -0.095792234150000002
v 0.35480618450000001 0 -0.11725276749999999
v 0.364874482 0 -0.11235511300000001
v 0.36536645850000005 0 -0.10129264015
v 0.37440860249999997 0 -0.10840991115000001
v 0.40851020799999999 0 -0.10838159935
v 0.416063666 0 -0.099699735649999996
v 0.41817557799999999 0 -0.1084986033
v 0.38330459550000001 0 -0.10313764215
v 0.38281261899999997 0 -0.11420011499999999
v 0.4281589985 0 -0.1111536323
v 0.42060554049999999 0 -0.119835496
v 0.45642614349999999 0 -0.11827009899999999
v 0.4649062155 0 -0.12075465900000001
v 0.45770978899999998 0 -0.12968027599999998
v 0.45484972000000001 0 -0.10790205
v 0.451723337 0 -0.097860545100000002
v 0.460496187 0 -0.099302977099999995
v 0.48970246299999998 0 -0.10793702299999999
v 0.5 0 -0.11249999699999999
v -0.4640245435 0 -0.087019532900000002
v -0.45494961700000003 0 -0.080671191199999992
v -0.45502734150000002 0 -0.091507941499999995
v -0.5 0 -0.087499991050000003
v -0.49006509799999998 0 -0.081696689150000001
v -0.49006509799999998 0 -0.094196692100000007
v -0.45743775350000004 0 -0.069277703750000003
v -0.44844055150000001 0 -0.073766112349999996
v -0.42877197300000003 0 -0.094394057949999999
v -0.41924023649999997 0 -0.096487968950000003
v -0.42525291450000002 0 -0.104850292
v -0.41214489949999999 0 -0.0873328149
v -0.40862584099999999 0 -0.097789048949999999
v -0.37461066249999997 0 -0.10583242795
v -0.36522436149999998 0 -0.10205161544999999
v -0.40449941150000002 0 -0.1131653785
v -0.39740407450000004 0 -0.10401022444999999
v -0.38263964650000004 0 -0.11806333099999999
v -0.38524866099999999 0 -0.10715565095
v -0.36641979199999997 0 -0.089545309500000003
v -0.35442447649999997 0 -0.096672177050000002
v -0.34306204299999998 0 -0.093499601049999992
v -0.34340107399999997 0 -0.080878496150000007
v -0.33084321 0 -0.090212226100000001
v -0.31882727099999997 0 -0.08785119655000001
v -0.318984985 0 -0.07523801925000001
v -0.30663001499999998 0 -0.085498094600000005
v -0.29481577850000001 0 -0.083255112200000009
v -0.29484915700000003 0 -0.070922851600000003
v -0.28287720650000003 0 -0.081293046499999994
v -0.2728153465 0 -0.078619867600000004
v -0.27028203000000001 0 -0.06773340705
v -0.26018679150000001 0 -0.077392488750000002
v -0.24559199800000001 0 -0.081605762249999991
v -0.24333393600000003 0 -0.063630759750000002
v -0.23127245899999999 0 -0.078730493799999995
v -0.213953376 0 -0.073530137549999999
v -0.21252352000000002 0 -0.052920714049999998
v -0.19746249900000001 0 -0.065695360300000005
v -0.18180304749999998 0 -0.081009387950000011
v -0.1803731915 0 -0.060399964449999996
v -0.166559815 0 -0.093569457549999999
v -0.15013384800000001 0 -0.088357925549999994
v -0.13266557449999999 0 -0.0838696362
v -0.1147923767 0 -0.078592628249999991
v -0.14724546650000001 0 -0.071225702750000008
v -0.16041910650000002 0 -0.057460352749999999
v -0.142950833 0 -0.052972063400000005
v -0.115104884 0 -0.0624270439
v -0.1001200677 0 -0.074282258749999996
v -0.087778687450000004 0 -0.079011142249999999
v -0.069081664099999995 0 -0.081208288650000002
v -0.044915594199999999 0 -0.098646968449999997
v 0.0054756607850000001 0 -0.097757965299999999
v 0.014817832035000002 0 -0.078392922849999991
v 0.02331184595 0 -0.095525890549999992
v 0.036871142699999998 0 -0.11080324650000001
v 0.046213313950000001 0 -0.091438204049999999
v 0.067237138749999995 0 -0.087694406549999993
v 0.0906489194 0 -0.085496187050000005
v 0.095292687399999992 0 -0.063429713249999992
v 0.11123994000000001 0 -0.080252647199999999
v 0.1311367155 0 -0.072205305100000006
v 0.12649294750000001 0 -0.094271778899999992
v 0.210710645 0 -0.07992637155
v 0.22429007300000001 0 -0.072096288199999997
v 0.222887218 0 -0.089460551750000006
v 0.23676753049999999 0 -0.09815138570000001
v 0.25155901899999999 0 -0.090007662799999999
v 0.2482995985 0 -0.072075724600000002
v 0.26339197149999999 0 -0.080452918999999998
v 0.277316332 0 -0.084774672999999995
v 0.2740569115 0 -0.066842734799999998
v 0.29282116899999999 0 -0.084813356399999998
v 0.30589461299999998 0 -0.087770789850000003
v 0.31665778150000001 0 -0.087990462749999998
v 0.301054716 0 -0.07412192225
v 0.32660603499999996 0 -0.081712991000000013
v 0.34969639799999996 0 -0.086265265950000003
v 0.35807061200000001 0 -0.095710873799999999
v 0.36760473250000003 0 -0.091765671950000002
v 0.3684146405 0 -0.081293791549999994
v 0.37571048699999998 0 -0.086875557900000011
v 0.39222097350000001 0 -0.098789006499999998
v 0.38381695700000001 0 -0.092998802650000004
v 0.39467036700000002 0 -0.078239530350000003
v 0.40416753300000002 0 -0.075378030550000003
v 0.40223050100000002 0 -0.085788667200000002
v 0.40906298149999998 0 -0.091254949549999992
v 0.39956581550000003 0 -0.094116449349999992
v 0.44415140149999999 0 -0.098217249100000001
v 0.43590295300000004 0 -0.10313817880000001
v 0.43397748450000001 0 -0.094895809899999989
v 0.43878579149999997 0 -0.076044887300000003
v 0.43264269850000003 0 -0.070139378299999999
v 0.440969944 0 -0.067605912699999993
v 0.46682024 0 -0.088631510699999999
v 0.46994662300000001 0 -0.098673015599999997
v 0.44979786850000003 0 -0.089618176199999997
v 0.44466948500000003 0 -0.081743150949999996
v 0.45224142049999999 0 -0.081386446949999997
v 0.47783780100000001 0 -0.1019378006
v 0.47151374800000001 0 -0.11260926700000001
v 0.47783112550000001 0 -0.073783993699999995
v 0.48969578749999998 0 -0.067283213149999993
v 0.48813533799999997 0 -0.081500768649999999
v -0.48010134700000001 0 -0.07591804865
v -0.49003624899999998 0 -0.069221347599999997
v -0.48004484150000004 0 -0.050927087699999998
v -0.47339749350000004 0 -0.045042410500000005
v -0.47342515000000002 0 -0.057558029900000002
v -0.4458967445 0 -0.056253358749999996
v -0.43694961049999997 0 -0.058158799999999997
v -0.441981554 0 -0.064278066149999993
v -0.46536231049999999 0 -0.063928067650000003
v -0.47200965849999998 0 -0.069812744849999997
v -0.43949341749999998 0 -0.075671553599999997
v -0.43336999399999998 0 -0.048816829950000001
v -0.42945480349999998 0 -0.056841537349999999
v -0.39794516549999998 0 -0.065965354449999999
v -0.40780544249999995 0 -0.054724916849999999
v -0.393815994 0 -0.055559977900000002
v -0.422484517 0 -0.065656900399999996
v -0.41890490049999995 0 -0.05631493035
v -0.38937509049999997 0 -0.091779321400000002
v -0.36978781199999999 0 -0.0754831433
v -0.37001633649999999 0 -0.062535583950000001
v -0.35584843150000001 0 -0.071218311749999999
v -0.38058769699999995 0 -0.080862581699999991
v -0.34362959849999997 0 -0.067930936800000008
v -0.3434877395 0 -0.055313363650000003
v -0.33104038199999997 0 -0.064973548049999996
v -0.31884312599999998 0 -0.062620446100000005
v -0.3186445235 0 -0.050040855999999995
v -0.30658912650000003 0 -0.060305327200000002
v -0.29465055449999999 0 -0.0583432615
v -0.29404842850000001 0 -0.045597627749999994
v -0.28230845900000001 0 -0.056215152150000003
v -0.26967990399999997 0 -0.054987773300000001
v -0.26893234249999998 0 -0.04056113955
v -0.25690591350000003 0 -0.052079394449999997
v -0.24258637449999998 0 -0.049204126000000001
v -0.24317991750000001 0 -0.032462418050000004
v -0.22960794000000001 0 -0.044013783350000002
v -0.213117063 0 -0.036179006100000001
v -0.176078558 0 -0.0421463251
v -0.18824040850000001 0 -0.026648670444999998
v -0.1682863235 0 -0.023709058745000001
v -0.050360560450000001 0 -0.078607052550000001
v -0.032862640950000001 0 -0.082411885099999999
v -0.015218013914999998 0 -0.09153839929999999
v 0.025914562874999998 0 -0.0423910469
v 0.0396065414 0 -0.057202681899999996
v 0.018962038675000001 0 -0.061349213099999994
v 0.053677842000000003 0 -0.072417050600000005
v 0.012694364425 0 -0.027406826609999997
v 0.03333886715 0 -0.02326029541
v 0.060630366199999994 0 -0.053458884400000004
v 0.080650985199999997 0 -0.048513650899999997
v 0.10124200580000001 0 -0.043270111049999997
v 0.12080806500000001 0 -0.037123724800000001
v 0.14006263000000002 0 -0.030853092649999997
v 0.135138273 0 -0.051915541250000002
v 0.1503912805 0 -0.065934672949999995
v 0.1061663628 0 -0.022207662449999999
v 0.167956471 0 -0.060010775899999994
v 0.19681680200000001 0 -0.06846937535
v 0.22416430749999999 0 -0.058015212400000002
v 0.23634088050000002 0 -0.067549392600000008
v 0.24817383300000001 0 -0.0579946488
v 0.24475049999999998 0 -0.041351422649999997
v 0.25670921800000002 0 -0.045877754649999998
v 0.27126300349999999 0 -0.051867693650000005
v 0.285187364 0 -0.056189447650000002
v 0.26783967050000002 0 -0.035224467500000002
v 0.29846704000000002 0 -0.060634970649999995
v 0.31154048400000001 0 -0.0635924041
v 0.29567313200000001 0 -0.045659929500000002
v 0.32416677449999998 0 -0.067806780349999998
v 0.3366446495 0 -0.072440415650000006
v 0.32157909849999999 0 -0.05431982875
v 0.34815859799999999 0 -0.076503425850000001
v 0.35877108599999996 0 -0.076422065499999997
v 0.3457193375 0 -0.0625972152
v 0.36687684050000002 0 -0.071531951449999992
v 0.36785674099999999 0 -0.059963434949999998
v 0.37750029549999997 0 -0.064835161000000002
v 0.40711104850000002 0 -0.065208911899999999
v 0.41467118250000001 0 -0.072758048749999998
v 0.38754379750000001 0 -0.060547769100000003
v 0.38656389700000005 0 -0.072116285599999996
v 0.42109310649999998 0 -0.080752760149999991
v 0.428093791 0 -0.089197546249999995
v 0.41872835149999998 0 -0.091371953499999992
v 0.41001570200000004 0 -0.0536869019
v 0.41538763049999999 0 -0.042836904499999995
v 0.42298662649999996 0 -0.051738932699999997
v 0.42622077450000001 0 -0.062144666899999999
v 0.43159270299999997 0 -0.051294669500000001
v 0.45615911499999995 0 -0.060459896899999997
v 0.45528602600000001 0 -0.070719242099999996
v 0.44798612599999998 0 -0.063252076500000004
v 0.449158907 0 -0.041516482799999997
v 0.45749855049999999 0 -0.037168070650000003
v 0.45719885849999997 0 -0.048644319150000004
v 0.48969578749999998 0 -0.054783210149999997
v 0.5 0 -0.062499985100000002
v 0.4644987585 0 -0.056111484749999996
v -0.46641087550000004 0 -0.039146058250000004
v -0.45960640899999999 0 -0.034034319199999996
v -0.45997333549999997 0 -0.04656161365
v -0.5 0 -0.037499994049999999
v -0.49000859250000001 0 -0.031705737150000003
v -0.49000859250000001 0 -0.044205725200000004
v -0.45870256399999998 0 -0.0227242559
v -0.45226502400000002 0 -0.0301398113
v -0.44606935999999997 0 -0.036894842949999999
v -0.44516551500000001 0 -0.02558477965
v -0.42963802849999999 0 -0.029982931900000002
v -0.43710839750000002 0 -0.02307143435
v -0.42777657499999999 0 -0.020714554950000002
v -0.38154506700000002 0 -0.053072020400000003
v -0.36760568650000003 0 -0.048807188850000002
v -0.41199123849999997 0 -0.0359727964
v -0.41477572899999998 0 -0.045909553800000003
v -0.42309069649999997 0 -0.037562809900000001
v -0.39140534399999999 0 -0.041831582800000003
v -0.40141415549999998 0 -0.033014476299999998
v -0.38914322849999999 0 -0.030526518799999999
v -0.36678826850000001 0 -0.036110877999999999
v -0.35525953799999999 0 -0.045574441549999997
v -0.34267032149999999 0 -0.042617052799999999
v -0.34230673350000002 0 -0.030028231449999998
v -0.33053493499999997 0 -0.039767153549999996
v -0.31828093550000003 0 -0.03745203465
v -0.31805074249999998 0 -0.024637259549999999
v -0.30616033100000001 0 -0.034910961999999997
v -0.29381823549999997 0 -0.032782852649999999
v -0.29371166250000003 0 -0.019265212149999999
v -0.28159975999999998 0 -0.0299518779
v -0.26882576949999998 0 -0.027043499050000003
v -0.26931321600000002 0 -0.012289471945
v -0.25664579850000002 0 -0.022898733595000002
v -0.243667364 0 -0.017708390944999999
v -0.21974158300000002 0 -0.019735164950000002
v -0.202657163 0 -0.028642095649999998
v -0.231807709 0 -0.011294886465000001
v -0.22134780900000001 0 -0.0037579760150000001
v -0.19486492849999998 0 -0.010204829295
v -0.1375635865 0 -0.036107137800000001
v -0.12438994650000001 0 -0.049872487800000004
v -0.14972889449999999 0 -0.02068992423
v -0.131168008 0 -0.017590348629999999
v -0.10971763749999999 0 -0.045562118299999996
v -0.057028710849999997 0 -0.064973205300000003
v -0.097625523900000011 0 -0.032050743700000002
v -0.0883404614 0 -0.044605299799999998
v -0.08809119474999999 0 -0.062845557900000001
v -0.075999081150000009 0 -0.049334183300000001
v -0.057277977500000007 0 -0.0467329472
v -0.051224857600000007 0 -0.0212711729
v -0.032254487300000002 0 -0.036910194899999998
v -0.010465653625000002 0 -0.02899299935
v -0.016518773525000002 0 -0.054454773649999996
v 0.039566822350000003 0 -0.0037550802785
v 0.026713974800000002 0 0.01031720639
v 0.046162128449999999 0 0.0148382012315
v 0.066579684599999994 0 -0.033299282200000002
v 0.052787020800000001 0 -0.018739300568500001
v 0.07280763979999999 0 -0.013794067068499999
v 0.091533869500000004 0 -0.0079137160999999991
v 0.1110999287 0 -0.001767329849999999
v 0.14606744050000001 0 -0.0085693304449999987
v 0.16039764849999999 0 -0.023361146895
v 0.1721637245 0 -0.041066601849999995
v 0.1857273575 0 -0.055432468649999997
v 0.17816853500000002 0 -0.018782839645
v 0.20102405550000002 0 -0.049525201300000002
v 0.20574474300000001 0 -0.033815190199999998
v 0.2168341875 0 -0.046852096900000001
v 0.22888499500000001 0 -0.042305201299999998
v 0.23742037999999999 0 -0.03018830715
v 0.26641809950000001 0 -0.020778510699999999
v 0.25602519499999998 0 -0.015343108195
v 0.2691574095 0 -0.0068870903949999999
v 0.28097188500000003 0 -0.026768449700000002
v 0.29375994249999998 0 -0.031709738100000003
v 0.3070396185 0 -0.036155261100000002
v 0.29233837149999997 0 -0.017263781299999999
v 0.31992018200000005 0 -0.040775209650000005
v 0.31800699249999997 0 -0.026825018249999999
v 0.33254647250000002 0 -0.044989585900000004
v 0.34513342400000002 0 -0.049831718250000004
v 0.3566473725 0 -0.053894728449999998
v 0.34347450750000003 0 -0.036287099150000002
v 0.36727082750000001 0 -0.047197938000000002
v 0.36878407000000002 0 -0.03298861535
v 0.3799934385 0 -0.03905732185
v 0.39044845100000003 0 -0.049025759099999996
v 0.39951205249999999 0 -0.056306883700000004
v 0.39196169349999999 0 -0.034816436450000002
v 0.39524340600000002 0 -0.0229599178
v 0.40569841849999999 0 -0.032928355049999997
v 0.38793110850000001 0 -0.014786189415
v 0.40166783350000002 0 -0.012898108015
v 0.42989039449999999 0 -0.02789649365
v 0.44044041649999999 0 -0.022472143149999999
v 0.43890857699999997 0 -0.035464584799999997
v 0.46614718450000003 0 -0.032657973450000002
v 0.47370600699999998 0 -0.027933351699999998
v 0.47309732449999997 0 -0.039571285250000005
v 0.480023861 0 -0.047206550850000001
v 0.47246503849999999 0 -0.051931172600000006
v 0.48197674749999997 0 -0.022678382699999999
v 0.49164867400000001 0 -0.017755053950000002
v 0.49032807349999996 0 -0.029923334750000002
v -0.48003029799999997 0 -0.025889307300000001
v -0.49002170550000002 0 -0.019183576149999999
v -0.48015308349999997 0 -0.00072283299999999998
v -0.47204494450000001 0 0.0052436403950000005
v -0.47193527199999996 0 -0.0074006729049999999
v -0.44939374900000001 0 -0.01078789493
v -0.44133663150000002 0 -0.0082745496300000009
v -0.44330406150000001 0 -0.0163164027
v -0.46493554100000001 0 -0.014026481655000001
v -0.47304367999999997 0 -0.01999295505
v -0.44071865100000002 0 0.0013908594849999999
v -0.43462896350000002 0 -0.004137648285
v -0.40822291350000001 0 -0.014272738230000002
v -0.40720403199999999 0 -0.0028653382300000002
v -0.39813315849999997 0 -0.0103020123
v -0.42627036550000003 0 -0.010319560780000001
v -0.42565238500000002 0 -0.00065415166500000033
v -0.38682115100000003 0 -0.0068873590999999996
v -0.38784003249999999 0 -0.018294759100000002
v -0.36548507250000001 0 -0.023879118300000002
v -0.36492705349999999 0 -0.011466234945000001
v -0.35388410100000001 0 -0.020465247345
v -0.37783122099999999 0 -0.0271118656
v -0.34174871449999999 0 -0.017615348095
v -0.34156560899999999 0 -0.00498622749
v -0.3299882415 0 -0.014549211595
v -0.31786763699999998 0 -0.012008138945
v -0.31790649900000001 0 0.00097476784000000009
v -0.30596900000000005 0 -0.0091132801149999988
v -0.2937505245 0 -0.0062823053649999992
v -0.29417860500000004 0 0.0072578098850000008
v -0.28192126750000002 0 -0.0028941221499999992
v -0.26974129650000001 0 0.0012506433050000001
v -0.27106404299999998 0 0.015682827699999999
v -0.25845599149999998 0 0.0062874779049999999
v -0.24527358999999999 0 -0.0017312020100000002
v -0.24659633650000001 0 0.012700982385
v -0.161890745 0 -0.0051922695750000001
v -0.12402194749999999 0 8.9542940000000111e-05
v -0.11185663949999999 0 -0.01532767063
v -0.090479463400000001 0 -0.01437085213
v -0.085396677300000001 0 0.0087763359700000002
v -0.071165561700000005 0 -0.0079467371000000002
v -0.046142071500000006 0 0.0018760152
v -0.012438638145 0 0.0040928087999999993
v 0.010721379905000002 0 0.0056789815399999992
v -0.00304134935 0 -0.0098622478599999994
v 0.077741205699999996 0 0.0066462655315000004
v 0.19696927050000002 0 -0.019569386724999999
v 0.21277940249999999 0 -0.016896282325000001
v 0.1852031945 0 -0.0018639317700000001
v 0.1783583165 0 0.012006237655
v 0.197159052 0 0.011219690575
v 0.22815877200000001 0 -0.016664977189999999
v 0.24402427700000001 0 -0.015711198539999999
v 0.21938329950000002 0 -0.0024191737150000003
v 0.24676358700000001 0 -0.0018197782350000001
v 0.26741933799999995 0 0.006761743705
v 0.27781224250000003 0 0.0013263412
v 0.29042148600000001 0 -0.0034383330500000002
v 0.30320954349999996 0 -0.0083796214499999994
v 0.28868341450000001 0 0.010210501050000001
v 0.31619143500000002 0 -0.01305589827
v 0.32907199850000002 0 -0.01767584682
v 0.3142745495 0 0.00076954998
v 0.34214472750000002 0 -0.022648535650000003
v 0.35473167900000002 0 -0.027490668000000003
v 0.34032917000000001 0 -0.0088794156699999998
v 0.36745429000000002 0 -0.019350051850000001
v 0.36367726300000003 0 -0.0054526589600000005
v 0.37772965400000003 0 -0.01095060631
v 0.38415408149999997 0 -0.00088879652499999993
v 0.41117072100000002 0 -0.0096952766400000001
v 0.42239177250000004 0 -0.0066113844399999996
v 0.42020118250000005 0 -0.017987944199999998
v 0.451639652 0 0.0030080973999999996
v 0.46085596100000004 0 0.0076080122850000001
v 0.46007347099999996 0 -0.002706325615
v 0.49164867400000001 0 -0.0052550509500000004
v 0.5 0 -0.012500003000000001
v 0.46802282350000002 0 -0.0095632253149999999
v 0.476293564 0 -0.0043082563149999999
v 0.47502660750000003 0 -0.015765070900000001
v -0.46514272700000003 0 0.011624712495
v -0.45840120350000002 0 0.019808217900000001
v -0.45708560949999999 0 0.006749305895
v -0.5 0 0.0125000179
v -0.49013137800000001 0 0.018460758050000001
v -0.49013137800000001 0 0.0059607401500000002
v -0.45923304600000003 0 0.031027093549999999
v -0.45117592849999999 0 0.026151686949999999
v -0.434420586 0 0.015979288165000001
v -0.42565012000000002 0 0.0206090063
v -0.42524051699999998 0 0.010157478964999999
v -0.41688191900000005 0 0.0039755664699999997
v -0.42598223699999999 0 0.031868070399999997
v -0.41680216800000003 0 0.026046261199999997
v -0.37602281599999998 0 -0.0028351098549999993
v -0.36442184449999998 0 0.00057876110000000015
v -0.40661740300000004 0 0.019521810100000002
v -0.40694952000000001 0 0.030780874199999999
v -0.38631594199999997 0 0.0051576369450000003
v -0.39693951599999999 0 0.012680905400000001
v -0.386141181 0 0.016733154645000001
v -0.36428046250000001 0 0.012974858294999999
v -0.35318470000000002 0 0.0043437332049999994
v -0.34142422699999997 0 0.0074098697049999997
v -0.3414797785 0 0.020064875499999999
v -0.32986068749999997 0 0.010734914804999999
v -0.31796205050000004 0 0.013629773635
v -0.31822359550000001 0 0.026487313200000001
v -0.30626940700000005 0 0.016727166235
v -0.29444015000000001 0 0.02011534945
v -0.29521679850000004 0 0.032979860900000005
v -0.28312599650000003 0 0.023510504550000002
v -0.27184069150000001 0 0.028547339150000003
v -0.27445328250000001 0 0.040295600900000006
v -0.26239132900000001 0 0.032467924049999999
v -0.2489960195 0 0.030638657499999999
v -0.2516086105 0 0.042386919250000002
v -0.235813618 0 0.022619977584999999
v -0.219900608 0 0.011834084985
v -0.20783448199999999 0 0.0033938064999999998
v -0.22230029099999998 0 0.029771760100000003
v -0.1934177275 0 0.0053872317049999995
v -0.18775504800000001 0 0.027162477349999999
v -0.1747854945 0 0.013563841555000001
v -0.15622806550000001 0 0.016582976070000002
v -0.147942662 0 0.034430637949999995
v -0.13504791249999998 0 0.01567452682
v -0.115736544 0 0.017937204819999997
v -0.099340349500000008 0 0.018760136320000002
v -0.080026447800000011 0 0.025184251349999999
v -0.11036631450000001 0 0.034345120199999996
v -0.0474013686 0 0.025844834749999997
v -0.027460664500000002 0 0.012520398949999997
v -0.013697935244999999 0 0.028061628349999999
v 0.017316686005000002 0 0.024272263049999999
v 0.050992429249999999 0 0.034693628550000001
v 0.063845276799999989 0 0.020621341881499999
v 0.082571506500000003 0 0.026501692850000001
v 0.099995851699999999 0 0.032993398649999998
v 0.118140072 0 0.039959698949999997
v 0.1146116557 0 0.019492916800000003
v 0.129244149 0 0.0051989704500000015
v 0.1495791675 0 0.012690916205000001
v 0.1658453345 0 0.020887881054999998
v 0.177801192 0 0.033971503399999999
v 0.20533341199999999 0 0.027514249099999999
v 0.21217828999999999 0 0.013644079675
v 0.22755765950000001 0 0.013875384809999999
v 0.24264109150000002 0 0.0098965140099999994
v 0.25464200949999999 0 0.010264604355
v 0.23543608199999999 0 0.0259597674
v 0.26329684249999996 0 0.018478035949999999
v 0.25985264750000003 0 0.033379040649999997
v 0.272629976 0 0.029876180000000002
v 0.28600537749999999 0 0.023713774999999999
v 0.29861462100000002 0 0.01894910075
v 0.28256118250000001 0 0.038614779700000004
v 0.31177663799999999 0 0.014850894
v 0.30909860099999997 0 0.028354167950000002
v 0.3247585295 0 0.01017461718
v 0.33810663200000002 0 0.0052009075800000006
v 0.35117936100000002 0 0.00022821875000000012
v 0.33560872050000001 0 0.019282251600000001
v 0.36145472499999998 0 0.0086276642899999999
v 0.35992968050000002 0 0.02195961775
v 0.37242758249999997 0 0.01627874004
v 0.39403402850000002 0 0.0057931188349999996
v 0.38383257399999998 0 0.0096287019399999996
v 0.39344465750000002 0 0.028558366000000002
v 0.38230752950000002 0 0.022960655400000002
v 0.382039666 0 0.0352084041
v 0.41519069650000001 0 0.013758040959999999
v 0.40353691599999997 0 0.0089959502099999991
v 0.40536630149999997 0 0.02107270805
v 0.43277883550000001 0 -0.0038649365199999995
v 0.42374837399999998 0 0.0044277310400000006
v 0.46973180800000003 0 0.012114373034999999
v 0.47828960450000002 0 0.017527420049999999
v 0.47784757649999998 0 0.0073066362849999993
v 0.44327878949999999 0 0.01024830713
v 0.435959339 0 0.01558626443
v 0.44510269150000004 0 0.018660392599999999
v 0.48485136049999999 0 0.0011047906999999994
v -0.48060560200000002 0 0.024406872700000002
v -0.49047422399999996 0 0.030946150450000001
v -0.48110723499999997 0 0.049218907950000002
v -0.47438526150000004 0 0.055263623599999999
v -0.47422647449999999 0 0.042936980749999999
v -0.44403314599999999 0 0.043205007949999999
v -0.43544435500000001 0 0.037735134400000002
v -0.44341898000000002 0 0.03190068905
v -0.46698141100000001 0 0.036832660449999999
v -0.47370338449999999 0 0.030787944800000001
v -0.44258713750000001 0 0.020681813399999999
v -0.40738236900000002 0 0.04267022015
v -0.39719760400000004 0 0.036145769049999998
v -0.42659640300000001 0 0.043172389300000003
v -0.3866206405 0 0.040748044849999998
v -0.38618779150000004 0 0.0288586989
v -0.364327073 0 0.025100402549999998
v -0.36446797850000001 0 0.037562891850000002
v -0.35318422350000001 0 0.0292023197
v -0.37556421750000002 0 0.021335430445000001
v -0.34162068400000001 0 0.0325273648
v -0.34178483500000001 0 0.045133829099999995
v -0.33008039 0 0.035996384899999997
v -0.31838774650000001 0 0.039093777499999996
v -0.31859981999999998 0 0.051664486499999995
v -0.30674302549999999 0 0.042155414799999999
v -0.29542887200000001 0 0.045550569900000004
v -0.2955902815 0 0.057690948249999999
v -0.2840640545 0 0.048515394350000005
v -0.27461469199999999 0 0.05243597925
v -0.27254307300000002 0 0.063332289449999996
v -0.26293230099999998 0 0.055112496000000004
v -0.2495369915 0 0.053283229450000004
v -0.22226953499999999 0 0.049494311200000002
v -0.20635652500000001 0 0.038708418600000002
v -0.18772429200000001 0 0.046885028450000005
v -0.19085872149999999 0 0.070438146600000001
v -0.17225724450000002 0 0.058892205350000004
v -0.157966733 0 0.075925260800000005
v -0.15483230349999999 0 0.052372142649999995
v -0.13365215050000001 0 0.051463693399999996
v -0.1231626275 0 0.067396909000000005
v -0.11627298599999999 0 0.049455404299999998
v -0.099876791500000006 0 0.050278335800000004
v -0.085560471050000003 0 0.064081788050000005
v -0.079653799550000001 0 0.048971503949999995
v -0.065710127350000008 0 0.0389877036
v -0.047028720349999997 0 0.049632087349999993
v -0.044078908850000001 0 0.071467190949999995
v -0.0257701501 0 0.058324322099999992
v -0.011000052074999999 0 0.045523405099999997
v 0.00402197428 0 0.03709581495
v -0.0080502405749999992 0 0.0673585087
v 0.020014569175 0 0.041734039799999997
v 0.037488609549999996 0 0.048387184749999999
v 0.055171757899999993 0 0.054170325399999997
v 0.058780938349999992 0 0.074082195749999996
v 0.072284758049999995 0 0.060388639549999998
v 0.086099922800000006 0 0.046968474999999996
v 0.089709103250000005 0 0.066880345349999995
v 0.120191783 0 0.060708940049999993
v 0.13480758700000001 0 0.047208458199999997
v 0.14902204299999999 0 0.034656181950000003
v 0.151073754 0 0.055405423049999999
v 0.18017321850000001 0 0.049523040650000003
v 0.19268620050000002 0 0.040641397250000003
v 0.20770543850000001 0 0.043065786349999996
v 0.2316012385 0 0.038136959050000002
v 0.24668467049999998 0 0.034158088249999996
v 0.25962495800000002 0 0.0575134307
v 0.26281726400000005 0 0.071840733300000001
v 0.27237808699999999 0 0.059104487300000001
v 0.25601780400000002 0 0.045556232299999999
v 0.28013896900000002 0 0.050006717450000002
v 0.29351437050000001 0 0.043844312450000006
v 0.28333127499999999 0 0.064334020049999996
v 0.3047778605 0 0.041831657300000005
v 0.31793987749999997 0 0.037733450549999999
v 0.30235564700000001 0 0.053223595050000003
v 0.33314204199999997 0 0.03545291725
v 0.34649014450000004 0 0.030479207649999999
v 0.3288213015 0 0.048930406600000004
v 0.35746300200000003 0 0.038130283399999999
v 0.35759699349999996 0 0.051667064449999994
v 0.37103652949999999 0 0.043147474549999995
v 0.38217365749999999 0 0.048745185149999995
v 0.436114907 0 0.032624050949999997
v 0.42740166150000003 0 0.024916574349999998
v 0.42573332750000004 0 0.033542275400000002
v 0.42379486550000001 0 0.046291291700000001
v 0.42245888700000001 0 0.05655133725
v 0.4331105945 0 0.05150979755
v 0.4432338475 0 0.0367245078
v 0.44490218149999999 0 0.02809880675
v 0.45222163199999998 0 0.022760849449999999
v 0.45947861700000003 0 0.046791136250000004
v 0.45879316349999999 0 0.056707695150000001
v 0.46756768250000003 0 0.051901623600000002
v 0.49182820299999996 0 0.042102843500000001
v 0.48213934899999999 0 0.045463085149999999
v 0.49031114600000003 0 0.05336025355
v 0.475954771 0 0.038095369899999995
v 0.47443771400000001 0 0.049352779949999995
v -0.46766209599999997 0 0.06105269495
v -0.46040081999999999 0 0.066867947600000005
v -0.46024322500000003 0 0.054796949050000002
v -0.5 0 0.0625
v -0.49063301100000001 0 0.068272769449999993
v -0.49063301100000001 0 0.055772781350000002
v -0.46071839349999999 0 0.078801661750000002
v -0.4532995225 0 0.072545915850000003
v -0.44521331799999997 0 0.066405296350000004
v -0.44553089150000003 0 0.0783390105
v -0.41783678550000003 0 0.048917606500000002
v -0.42729890349999999 0 0.0547846705
v -0.419764519 0 0.072325050850000003
v -0.41021633150000003 0 0.078438371450000002
v -0.40899109850000004 0 0.066643208300000006
v -0.37603437900000003 0 0.045799463999999998
v -0.36489152950000003 0 0.04990138115
v -0.4080848695 0 0.054282501349999998
v -0.39853668200000003 0 0.060395821950000005
v -0.38704419150000002 0 0.053086534150000003
v -0.36513590849999999 0 0.062459945699999998
v -0.35356950799999998 0 0.054223373549999995
v -0.34202921399999997 0 0.057692393649999993
v -0.34211385250000004 0 0.070251882099999996
v -0.33032917950000001 0 0.061162337649999995
v -0.31868445850000005 0 0.064223974949999998
v -0.31864976850000004 0 0.076682180200000005
v -0.30692040900000001 0 0.067184329049999991
v -0.29555559149999999 0 0.070149153500000005
v -0.29513692850000001 0 0.082545697700000004
v -0.283806801 0 0.073052316899999997
v -0.27212440999999998 0 0.075728833649999994
v -0.27178239849999997 0 0.089113414299999999
v -0.26051867049999999 0 0.079393386849999997
v -0.24841260949999999 0 0.071099907150000002
v -0.24807059799999998 0 0.084484487800000008
v -0.23708891900000001 0 0.0583743304
v -0.22114515299999998 0 0.067310988900000007
v -0.20881456100000001 0 0.079990506350000004
v -0.19334751350000001 0 0.091997683250000004
v -0.12943691000000002 0 0.082282572999999998
v -0.1120577455 0 0.080274283899999993
v -0.10301065425 0 0.097849935450000008
v -0.096736371749999994 0 0.082964271450000002
v -0.076513379800000003 0 0.081657439599999992
v -0.069094926099999995 0 0.1047494415
v -0.057919025400000004 0 0.085866958100000002
v -0.03666045515 0 0.094559192850000001
v 0.010546892875 0 0.074882164599999995
v 0.028020933249999998 0 0.08153530954999999
v 0.024193897824999998 0 0.06121073665
v 0.045656725750000002 0 0.087700843799999997
v 0.06276972589999999 0 0.093919157949999998
v 0.1547054055 0 0.0955839156
v 0.15765470300000001 0 0.11768955
v 0.1720229985 0 0.10458642260000001
v 0.2218731645 0 0.047449499349999993
v 0.23312175299999999 0 0.055647820199999996
v 0.20922595300000002 0 0.060576647499999997
v 0.23672890700000002 0 0.067605018599999997
v 0.24645698100000002 0 0.058292478299999999
v 0.28789627550000002 0 0.074319273249999998
v 0.29565715749999999 0 0.065221503399999992
v 0.30692064750000003 0 0.063208848250000005
v 0.31315636600000002 0 0.074900478150000005
v 0.31985485550000003 0 0.062902569800000002
v 0.33505702000000004 0 0.060622036500000004
v 0.33900702000000005 0 0.075576126600000001
v 0.34797346600000001 0 0.061603963400000003
v 0.36154699349999997 0 0.066621154550000006
v 0.36322271849999999 0 0.078900963049999995
v 0.37284624599999999 0 0.0689640641
v 0.39305043200000001 0 0.052948802700000006
v 0.38204729549999999 0 0.060887873150000001
v 0.393380165 0 0.076398700449999996
v 0.40323853500000001 0 0.080834507949999995
v 0.40278244000000002 0 0.069527298200000004
v 0.40303361400000004 0 0.058212161050000003
v 0.41289198400000005 0 0.062647968550000002
v 0.43133318399999998 0 0.0723684728
v 0.44047462950000005 0 0.07740867135
v 0.44091606150000001 0 0.066810041649999999
v 0.47375226049999997 0 0.059269338849999999
v 0.45038080250000001 0 0.061723724000000001
v 0.441239357 0 0.056683525450000001
v 0.476915121 0 0.028270415949999999
v 0.46921348600000001 0 0.032160110749999998
v 0.48264336549999998 0 0.098684489600000008
v 0.49011397349999997 0 0.10731625550000001
v 0.49252939200000001 0 0.091368258100000002
v -0.48124241850000005 0 0.073933243750000002
v -0.49060940750000004 0 0.080660462399999994
v -0.48103857049999998 0 0.098743289849999999
v -0.47428274149999999 0 0.1043559612
v -0.47446298600000003 0 0.091933608050000004
v -0.46776342399999998 0 0.085334986450000011
v -0.47451925299999997 0 0.079722315099999996
v -0.43799066549999999 0 0.083406090749999995
v -0.44607686999999996 0 0.089546710249999995
v -0.401293397 0 0.086613029450000004
v -0.39041602600000003 0 0.092106163699999993
v -0.38856553999999999 0 0.078249663150000009
v -0.42976319799999996 0 0.089367002249999994
v -0.43156981449999998 0 0.099022507750000002
v -0.42279636850000002 0 0.093775719499999993
v -0.3879504205 0 0.065447241099999998
v -0.36575102800000003 0 0.075262367750000003
v -0.36582624900000005 0 0.087922573099999998
v -0.35388910800000001 0 0.079442143450000002
v -0.37707304949999998 0 0.070940375350000001
v -0.34218907350000005 0 0.082912087450000005
v -0.34211325650000002 0 0.095490276799999996
v -0.33033800099999999 0 0.086300015449999989
v -0.31857395150000001 0 0.089260369549999996
v -0.3184223175 0 0.1018680634
v -0.30673408499999999 0 0.092250228150000002
v -0.29498529449999999 0 0.095153391549999994
v -0.29478657249999995 0 0.10805302899999999
v -0.28318941600000003 0 0.098348498549999996
v -0.27158367649999998 0 0.10201305175
v -0.27138483499999999 0 0.11517298249999999
v -0.25997781749999999 0 0.10593789825
v -0.2501534225 0 0.097748458250000003
v -0.2380473615 0 0.089454978550000008
v -0.24995458100000001 0 0.110908389
v -0.2257167695 0 0.10213449600000001
v -0.223633945 0 0.088870525549999996
v -0.16029852649999998 0 0.095698118249999992
v -0.14287358550000001 0 0.089178055549999996
v -0.1317687035 0 0.10205543045
v -0.12809976949999999 0 0.121797234
v -0.11466309399999999 0 0.11490175145000001
v -0.099341720249999987 0 0.117591739
v -0.017898902299999998 0 0.10182255485
v 0.00069823114999999995 0 0.10934621075000001
v -0.0042232051500000001 0 0.08768308159999999
v 0.032009720800000002 0 0.10137227174999999
v 0.092222124249999995 0 0.086885243649999999
v 0.10603728900000001 0 0.073465079099999997
v 0.122704804 0 0.080713838349999997
v 0.15296649949999999 0 0.075219243749999998
v 0.16718095550000001 0 0.062666967500000004
v 0.12444370999999999 0 0.1010785102
v 0.138598204 0 0.088322371149999995
v 0.18492621199999998 0 0.087104737749999994
v 0.19791847499999998 0 0.073960810900000007
v 0.182065964 0 0.069336861350000001
v 0.212086201 0 0.07834452389999999
v 0.2156795265 0 0.093527168049999998
v 0.22698700450000001 0 0.080143004649999988
v 0.24032223250000001 0 0.082787662749999991
v 0.24426734450000001 0 0.096328467149999999
v 0.25400924700000005 0 0.083790481100000008
v 0.26676237600000002 0 0.08538153770000001
v 0.27102434650000001 0 0.097969412800000003
v 0.27983236350000001 0 0.086019664999999995
v 0.29215824600000001 0 0.086907148349999991
v 0.29700017000000001 0 0.098912060250000003
v 0.30506408200000001 0 0.087211668500000006
v 0.31799829000000002 0 0.086905390050000003
v 0.32267844700000003 0 0.0994794071
v 0.33077073099999998 0 0.087168216749999999
v 0.34368717700000001 0 0.088150143649999999
v 0.34747719799999999 0 0.1002625229
v 0.35571348700000005 0 0.08867043275
v 0.36701273950000002 0 0.091013342299999994
v 0.36900985250000001 0 0.100655705
v 0.376519084 0 0.090886235300000007
v 0.3861762285 0 0.094117254099999992
v 0.3841791155 0 0.084474891400000002
v 0.42166614499999999 0 0.089397370800000001
v 0.42176628100000002 0 0.078465104100000002
v 0.41254067400000005 0 0.084895372400000002
v 0.43085491650000002 0 0.093336671750000003
v 0.42162930949999999 0 0.099766940050000003
v 0.46759366999999996 0 0.070830911400000002
v 0.458469868 0 0.066834211350000006
v 0.45918130899999998 0 0.075846940249999995
v 0.45055127150000002 0 0.10063660145
v 0.45936608300000004 0 0.10463270545
v 0.45962476750000003 0 0.095201700900000005
v -0.46716284750000003 0 0.10982331619999999
v -0.45989108099999998 0 0.114817351
v -0.46043539049999999 0 0.10254031420000001
v -0.5 0 0.11250001200000001
v -0.490429163 0 0.11808282149999999
v -0.490429163 0 0.1055828335
v -0.45884037 0 0.125921428
v -0.45211291300000001 0 0.11863842600000001
v -0.44544637200000003 0 0.11162135000000001
v -0.44439566100000005 0 0.122725427
v -0.42873418299999999 0 0.1183993815
v -0.43621873850000004 0 0.125676274
v -0.4272238015 0 0.1283673045
v -0.37752246850000004 0 0.096713066200000003
v -0.36566054850000002 0 0.1008928419
v -0.41144156450000002 0 0.110779971
v -0.41387343399999998 0 0.10195037749999999
v -0.42217111549999997 0 0.1122608185
v -0.39025032549999999 0 0.10507643250000001
v -0.40081703699999999 0 0.113783151
v -0.3879234795 0 0.11839005350000001
v -0.36542177200000003 0 0.1135772765
v -0.35372555250000004 0 0.1047867834
v -0.34187447999999998 0 0.1081747114
v -0.34173369399999998 0 0.1208259465
v -0.33012139800000001 0 0.1115294399
v -0.31828153149999999 0 0.11451929850000001
v -0.31820547600000004 0 0.12734735050000001
v -0.30650639550000003 0 0.117685974
v -0.29471051700000001 0 0.120881081
v -0.29464137550000002 0 0.13405704499999999
v -0.28292155250000001 0 0.1244241
v -0.27131569350000001 0 0.12834894650000001
v -0.27100992200000001 0 0.1420432925
v -0.2594732045 0 0.13279217500000001
v -0.24756133549999998 0 0.123552203
v -0.24725556399999998 0 0.137246549
v -0.23773694049999999 0 0.11536276300000001
v -0.223323524 0 0.11477831000000001
v -0.19445109350000001 0 0.113195032
v -0.17649525399999999 0 0.10364267225
v -0.20965355600000002 0 0.1223606765
v -0.1928012965 0 0.13400566549999998
v -0.1614021065 0 0.116895467
v -0.091939389600000004 0 0.13659942149999998
v -0.080286949849999997 0 0.1195476055
v -0.061692595449999998 0 0.123757124
v -0.056106358750000002 0 0.1438898445
v -0.044914335 0 0.1290916805
v -0.031739018850000002 0 0.11622232199999999
v -0.026152782150000001 0 0.1363550425
v 0.019331656400000001 0 0.11584758774999999
v 0.036967448899999998 0 0.122013122
v 0.06592641769999999 0 0.1128304305
v 0.079050630299999994 0 0.099211782450000008
v 0.095378816049999995 0 0.1057965162
v 0.096893429549999993 0 0.1246693735
v 0.085185229749999994 0 0.133642018
v 0.099871337199999993 0 0.14018833650000001
v 0.11006492349999999 0 0.1123428347
v 0.1259583235 0 0.11995136749999999
v 0.153960347 0 0.1592217085
v 0.171468854 0 0.14818006750000001
v 0.15746378899999999 0 0.13773369800000002
v 0.18787550949999998 0 0.10921037215
v 0.19305610649999999 0 0.1255553365
v 0.20595932 0 0.10807365164999999
v 0.22086012350000001 0 0.10987213239999999
v 0.22567951650000001 0 0.1239605545
v 0.23539972300000001 0 0.10941407089999999
v 0.24908673750000002 0 0.11041688925000001
v 0.25374770150000003 0 0.12347573050000001
v 0.26261532300000001 0 0.11039012675000001
v 0.2756853105 0 0.11102825405
v 0.28044569499999999 0 0.12354934200000001
v 0.2888547185 0 0.11112862805000001
v 0.3017605545 0 0.1114331482
v 0.30669879899999997 0 0.12388694250000001
v 0.31484425049999998 0 0.11167037470000001
v 0.3276166915 0 0.1119332014
v 0.33256661850000002 0 0.123795867
v 0.34040081499999997 0 0.1116048994
v 0.35242712500000001 0 0.1121251885
v 0.35848724850000002 0 0.1232469085
v 0.36556363150000004 0 0.111904532
v 0.37506997600000003 0 0.111777425
v 0.39388692400000003 0 0.098729401600000002
v 0.38622689249999997 0 0.10514074549999999
v 0.39423453799999997 0 0.12161409849999999
v 0.40382325650000001 0 0.12561631200000001
v 0.40352630649999999 0 0.11375510650000001
v 0.4127777815 0 0.10679247955
v 0.40318906300000001 0 0.10279026605
v 0.44081401850000002 0 0.097455918949999998
v 0.44055533400000002 0 0.10688692350000001
v 0.44046688099999998 0 0.12703853850000002
v 0.43261790300000003 0 0.134261191
v 0.441323042 0 0.13707256350000002
v 0.46633815749999996 0 0.10821464645000001
v 0.4572646615 0 0.11364954699999999
v 0.44973230350000004 0 0.11995875850000001
v 0.45670437799999997 0 0.1235406995
v 0.46837234500000002 0 0.089520722600000005
v 0.47674918150000001 0 0.090967148550000002
v 0.47668194750000004 0 0.081290066250000001
v 0.48044156999999998 0 0.1281738875
v 0.49032759650000002 0 0.133357644
v 0.49011397349999997 0 0.1198162435
v -0.48049449899999996 0 0.12378639
v -0.49006533600000002 0 0.13070356850000001
v -0.48007535899999998 0 0.14920729399999999
v -0.47179245949999998 0 0.1551924945
v -0.47184777249999998 0 0.14239233750000002
v -0.44902110100000003 0 0.13846725199999999
v -0.44084417850000002 0 0.14141809899999999
v -0.44288527950000001 0 0.13269334999999999
v -0.46509170550000001 0 0.13523894549999999
v -0.473374605 0 0.129253745
v -0.44016635449999997 0 0.15152674899999999
v -0.434030533 0 0.14575284699999999
v -0.40761291999999999 0 0.135059595
v -0.40660297849999999 0 0.14719045149999999
v -0.39748024949999999 0 0.13922762849999998
v -0.42572200299999996 0 0.1393333075
v -0.42504417900000002 0 0.1494419575
v -0.386112809 0 0.14322805399999999
v -0.3871227505 0 0.13109719749999998
v -0.36462104299999998 0 0.12628442049999999
v -0.364354968 0 0.13894098999999999
v -0.35322070100000003 0 0.13012778750000001
v -0.37655603900000001 0 0.122390479
v -0.341467619 0 0.133482516
v -0.34143626699999996 0 0.1462614535
v -0.32994926000000002 0 0.13695961249999999
v -0.318174124 0 0.14012628799999999
v -0.31827688249999997 0 0.15320026850000001
v -0.30653309849999999 0 0.1435880065
v -0.29474413399999999 0 0.14713102550000001
v -0.29495894950000001 0 0.1606809495
v -0.28306722650000005 0 0.15114998800000001
v -0.27122473749999998 0 0.15559321650000002
v -0.27170825050000003 0 0.16957765800000002
v -0.25965094599999999 0 0.16047096250000001
v -0.247224212 0 0.15290457000000002
v -0.23531234299999998 0 0.143664598
v -0.24770772499999999 0 0.16688901150000002
v -0.221642375 0 0.1512469645
v -0.22167372699999999 0 0.1355889435
v -0.19307047100000002 0 0.154369652
v -0.17786800850000001 0 0.14520400750000001
v -0.16201329250000002 0 0.13758230199999999
v -0.14581656500000001 0 0.129637748
v -0.16228246699999999 0 0.1579462885
v -0.1287109555 0 0.14248406899999999
v -0.1140404045 0 0.1566708685
v -0.10153582694999999 0 0.17490470400000002
v -0.098489582450000002 0 0.15287739049999999
v -0.079434812049999998 0 0.154833257
v -0.066283166399999996 0 0.15353876350000001
v -0.049504905949999997 0 0.15887331999999998
v 0.0056559592500000002 0 0.12998706099999999
v 0.042102880799999999 0 0.14089322100000001
v 0.0547809452 0 0.126417905
v 0.071061849600000004 0 0.13171052950000001
v 0.074039757250000005 0 0.1472294925
v 0.068959444799999992 0 0.16377252349999999
v 0.083082824949999995 0 0.16570401200000001
v 0.12576740949999998 0 0.1399955155
v 0.140146196 0 0.12873119099999999
v 0.217791438 0 0.13783276049999998
v 0.2323310375 0 0.13737469899999999
v 0.19527155200000001 0 0.17340445500000001
v 0.20373606699999999 0 0.18263572449999999
v 0.20543831600000001 0 0.16615015250000001
v 0.245696783 0 0.136464
v 0.2592253685 0 0.1364372375
v 0.2378087045 0 0.150336206
v 0.27249371999999999 0 0.1360175015
v 0.28566312799999999 0 0.13611787550000001
v 0.26444280149999999 0 0.14900577100000001
v 0.29865372199999995 0 0.13590514649999999
v 0.31173741799999999 0 0.13614237299999998
v 0.29070174699999995 0 0.14837330599999998
v 0.3254871365 0 0.1372974515
v 0.33827125999999996 0 0.1369691495
v 0.31744205949999998 0 0.14931565549999998
v 0.35014855849999998 0 0.13300675150000002
v 0.36328506500000002 0 0.13278609499999999
v 0.34306907649999996 0 0.14650833600000002
v 0.36474037199999998 0 0.14638018600000002
v 0.37307906199999996 0 0.13662034300000001
v 0.40486061549999997 0 0.13647711299999998
v 0.41415238399999998 0 0.128618121
v 0.38453292849999998 0 0.14184486899999998
v 0.38307762150000002 0 0.12825077800000001
v 0.42243838350000001 0 0.120992243
v 0.43128991150000001 0 0.1139667035
v 0.42196655300000002 0 0.1107317805
v 0.4243319035 0 0.141887069
v 0.41735053050000004 0 0.14822888400000001
v 0.42649269099999998 0 0.150637031
v 0.45801591850000001 0 0.14272779250000001
v 0.45746159549999998 0 0.132270098
v 0.44972634300000003 0 0.14030760549999999
v 0.45069265349999998 0 0.16166222099999999
v 0.45873093599999998 0 0.16528379900000001
v 0.45831894849999999 0 0.15438687800000001
v 0.49032759650000002 0 0.145857662
v 0.5 0 0.137500018
v 0.466054201 0 0.14634937049999999
v -0.46477913849999997 0 0.16174489250000001
v -0.45782899850000003 0 0.17026728350000001
v -0.45661473299999999 0 0.15689992899999999
v -0.5 0 0.16250002400000002
v -0.49001002299999996 0 0.1685037315
v -0.49001002299999996 0 0.15600374350000001
v -0.4586379525 0 0.18168771249999999
v -0.45047354699999997 0 0.17684274900000002
v -0.4162225725 0 0.15429449100000001
v -0.42453110250000003 0 0.16071403049999999
v -0.37540757650000001 0 0.1476013065
v -0.3640072345 0 0.15144467350000002
v -0.3857650755 0 0.15573173749999999
v -0.39633345600000003 0 0.16346526150000001
v -0.38562822350000003 0 0.16783851399999999
v -0.36401700949999999 0 0.16415590050000001
v -0.35296440099999998 0 0.15549558400000002
v -0.34144604199999995 0 0.15897268050000002
v -0.34165024749999995 0 0.17192482949999999
v -0.33012211349999998 0 0.16269069899999999
v -0.31848108799999997 0 0.16615241749999998
v -0.3188983205 0 0.17950588449999999
v -0.30705308949999999 0 0.17001545400000001
v -0.29537618200000004 0 0.17403441650000001
v -0.29604327699999999 0 0.18811017250000001
v -0.28394913700000002 0 0.178775668
v -0.27237534549999998 0 0.18365341400000001
v -0.27257406699999998 0 0.197600901
v -0.26033318049999998 0 0.18840289100000002
v -0.2499586345 0 0.17973697150000001
v -0.250157356 0 0.19368445849999999
v -0.2375319005 0 0.17217057899999999
v -0.22311949749999999 0 0.17125618450000002
v -0.20948088149999999 0 0.16318052999999999
v -0.22537040699999999 0 0.18410414450000001
v -0.1945475935 0 0.17437887200000002
v -0.1471669675 0 0.17027890700000001
v -0.13249641649999999 0 0.18446570649999999
v -0.13175719999999999 0 0.16451138250000003
v -0.088000834 0 0.18944197899999998
v -0.076040208349999999 0 0.20317667750000001
v -0.074024379249999994 0 0.18484592450000001
v -0.072833359249999993 0 0.16981673250000001
v -0.0074877189550000001 0 0.14657264950000001
v 0.011145706295 0 0.15307402650000002
v -0.037136331199999997 0 0.16795098800000002
v -0.047313138849999999 0 0.177599907
v -0.020663035105000001 0 0.15944200800000002
v 0.018485861845 0 0.17237836150000002
v 0.031629540050000002 0 0.155792773
v 0.049443036349999997 0 0.16019755600000002
v 0.058486104050000001 0 0.1786720755
v 0.094197690750000007 0 0.174578965
v 0.099278003199999992 0 0.15803593399999999
v 0.11098620300000001 0 0.1490632895
v 0.12517407549999998 0 0.15784311300000001
v 0.1670886875 0 0.1871027945
v 0.17989063299999999 0 0.19721376899999998
v 0.1807673575 0 0.17977905249999998
v 0.21070838 0 0.154082894
v 0.21917289499999998 0 0.1633141635
v 0.225165069 0 0.17547029250000001
v 0.23043513300000001 0 0.163403034
v 0.24380087849999998 0 0.16249233499999999
v 0.24961423849999997 0 0.1749176385
v 0.25698780999999998 0 0.1618508105
v 0.27025616149999998 0 0.16143107449999999
v 0.2760392425 0 0.17342865499999999
v 0.28349423399999996 0 0.1605836155
v 0.29648482799999998 0 0.16037088649999998
v 0.3005023 0 0.17100966000000001
v 0.307709813 0 0.15879935049999999
v 0.32145953150000001 0 0.15995442900000001
v 0.32111811600000001 0 0.17463904650000001
v 0.33085036249999999 0 0.16515535149999999
v 0.34206294999999998 0 0.1578503255
v 0.3539402485 0 0.15388792750000002
v 0.34172153449999998 0 0.172534943
v 0.3637342455 0 0.15772217550000001
v 0.36374092099999999 0 0.17081403750000002
v 0.37454104449999998 0 0.16330629600000002
v 0.39658713299999998 0 0.1468325855
v 0.40691626049999996 0 0.14983439450000002
v 0.39691436250000001 0 0.174285352
v 0.4055675265 0 0.18236327149999998
v 0.40729594199999997 0 0.16826778650000002
v 0.41773021200000005 0 0.166662276
v 0.42503595350000001 0 0.17050617949999999
v 0.42681705950000004 0 0.1608227495
v 0.409077048 0 0.15858435650000002
v 0.4337984325 0 0.1544809345
v 0.43433547049999999 0 0.17582750349999998
v 0.4428263905 0 0.17977374800000001
v 0.44261372099999996 0 0.1686128975
v 0.46689724899999996 0 0.16925966749999999
v 0.47420883149999998 0 0.17340815100000001
v 0.47366881350000001 0 0.16215693949999999
v 0.48081779449999995 0 0.1540103555
v 0.47350621199999998 0 0.14986187200000001
v 0.48130035399999999 0 0.1780157685
v 0.490810156 0 0.18236306299999999
v 0.49049019799999999 0 0.1706527175
v -0.48038363449999999 0 0.1745915415
v -0.49037361150000003 0 0.18108782200000001
v -0.48098278049999998 0 0.199528337
v -0.47416591650000001 0 0.2057295445
v -0.47393035900000002 0 0.19337683950000001
v -0.46655344949999999 0 0.18734514699999999
v -0.47337031350000003 0 0.18114393950000002
v -0.44182348250000003 0 0.17145532350000001
v -0.4426324365 0 0.18287575249999999
v -0.44323241699999999 0 0.1944090725
v -0.43458235249999999 0 0.18902164700000001
v -0.41601598299999998 0 0.1772178415
v -0.406259537 0 0.18222057850000001
v -0.40595305000000004 0 0.17056930100000001
v -0.39671170700000002 0 0.18785792600000001
v -0.38633787600000002 0 0.19269853850000002
v -0.38582277300000001 0 0.18041265049999999
v -0.36421155900000002 0 0.17673003700000001
v -0.36454844450000001 0 0.18961000449999998
v -0.35331106150000002 0 0.18108677849999999
v -0.37525439250000003 0 0.1726791265
v -0.341987133 0 0.18480479699999999
v -0.34245896300000001 0 0.197835445
v -0.33079814899999999 0 0.188673496
v -0.31937015050000001 0 0.1925365325
v -0.320362806 0 0.20593971
v -0.30846297750000001 0 0.19677209849999999
v -0.29703593250000004 0 0.20151334999999998
v -0.2987880705 0 0.21752178699999999
v -0.28636837000000004 0 0.20885986099999998
v -0.27432620499999999 0 0.21360933799999998
v -0.24718344199999998 0 0.20588338350000002
v -0.23680889599999999 0 0.19721746400000001
v -0.222396493 0 0.19630306950000001
v -0.219412148 0 0.2146180865
v -0.20797365900000001 0 0.201504767
v -0.19431567199999999 0 0.19329142599999999
v -0.17790526150000002 0 0.18448054799999999
v -0.191331327 0 0.21160644299999998
v -0.13352435800000001 0 0.20369648950000002
v -0.11811459050000001 0 0.19792896500000001
v -0.162789762 0 0.1968131665
v -0.16302168350000001 0 0.1779006125
v -0.076873719700000009 0 0.2200448515
v -0.062897264950000004 0 0.21544879700000003
v -0.10457959755 0 0.21246624
v -0.10355165605 0 0.193235457
v -0.048074915999999995 0 0.21174711000000002
v -0.034515321249999995 0 0.205795586
v -0.04850415885 0 0.19262909900000003
v -0.060872733599999999 0 0.18355143099999999
v 0.03061682735 0 0.18997097000000002
v 0.0383597091 0 0.20705789299999999
v 0.046712577349999999 0 0.19218403100000001
v 0.0030398182599999995 0 0.22071749000000002
v 0.01814815405 0 0.21864062550000002
v 0.0071556233100000003 0 0.2069216965
v -0.0049753421950000003 0 0.18932908800000001
v 0.010132993595000001 0 0.18725222350000001
v 0.066228985800000001 0 0.1957589985
v 0.070633292200000003 0 0.2163470985
v 0.082406818899999998 0 0.202835143
v 0.031312875449999999 0 0.2186943885
v 0.047408625449999998 0 0.22090744950000002
v 0.11031028649999999 0 0.18398004800000001
v 0.124327719 0 0.1932919625
v 0.1244103015 0 0.1762228015
v 0.098519414649999998 0 0.212236226
v 0.094115108249999996 0 0.191648126
v 0.13919150799999999 0 0.1671550275
v 0.153196573 0 0.17760139699999999
v 0.18246960649999999 0 0.1632934805
v 0.21705579749999998 0 0.18745183949999999
v 0.22831803550000002 0 0.18754071
v 0.20688903349999999 0 0.194706142
v 0.242284894 0 0.18804573999999999
v 0.25547182549999997 0 0.1874042155
v 0.23417562250000001 0 0.200027287
v 0.26929998399999999 0 0.18651169550000002
v 0.28253805649999997 0 0.1856642365
v 0.26197063949999999 0 0.19963979700000001
v 0.29732966399999999 0 0.1842629315
v 0.30855464900000001 0 0.18269139549999999
v 0.29059040550000004 0 0.19734597199999998
v 0.31794548 0 0.187892318
v 0.31779456100000003 0 0.20114392049999999
v 0.33035802800000003 0 0.1930915715
v 0.34136569500000002 0 0.18560278450000001
v 0.35257828250000001 0 0.17829775850000001
v 0.341214776 0 0.19885438699999999
v 0.36338508149999998 0 0.183881879
v 0.36282110249999999 0 0.19704288250000002
v 0.37398374099999998 0 0.18955916150000002
v 0.38430285450000001 0 0.19555050099999999
v 0.38486683349999995 0 0.1823894975
v 0.41556215299999999 0 0.18858277800000001
v 0.42486167000000002 0 0.19390410199999999
v 0.42524862299999999 0 0.18166703000000001
v 0.45468044299999999 0 0.203961015
v 0.46260595300000001 0 0.207664609
v 0.46069765100000004 0 0.198647976
v 0.490810156 0 0.19486305100000001
v 0.5 0 0.1875
v 0.468030214 0 0.1914312245
v 0.4751217365 0 0.19603884199999999
v 0.47452878949999999 0 0.18511849650000001
v -0.46744632750000004 0 0.21166956450000002
v -0.46010232000000001 0 0.21781092899999999
v -0.45976948750000002 0 0.2057194115
v -0.5 0 0.21250000599999999
v -0.49060916900000001 0 0.21844053299999999
v -0.49060916900000001 0 0.20594051499999999
v -0.4603509905 0 0.2294386625
v -0.45267415049999998 0 0.22348850949999999
v -0.43582808949999996 0 0.21209591649999998
v -0.427153587 0 0.218101621
v -0.42650783049999996 0 0.20656067150000001
v -0.44444966299999999 0 0.21774882099999998
v -0.44469833349999999 0 0.2293765545
v -0.41888642300000001 0 0.223816872
v -0.40970265849999998 0 0.2299915555
v -0.40864956350000003 0 0.2187410595
v -0.37607681749999999 0 0.19819581549999998
v -0.36517632 0 0.20255255699999999
v -0.40753006899999999 0 0.20635509499999999
v -0.39834630449999997 0 0.21252977849999999
v -0.38696575150000001 0 0.205641091
v -0.36563277249999998 0 0.215562642
v -0.3541043995 0 0.206976831
v -0.34291541549999999 0 0.21084553
v -0.34351277349999998 0 0.22334682950000001
v -0.33186733699999998 0 0.21420544349999998
v -0.32096016399999999 0 0.21844100950000001
v -0.32321584250000002 0 0.22975766650000001
v -0.31171131149999998 0 0.221491933
v -0.30104374899999997 0 0.228838444
v -0.27309823050000004 0 0.2278825045
v -0.25930392749999998 0 0.21662354449999999
v -0.24595546750000002 0 0.22015655000000001
v -0.24407064950000001 0 0.23479318599999999
v -0.23195016400000001 0 0.22405302500000002
v -0.21752733000000002 0 0.22925472250000001
v -0.2162578705 0 0.24453318099999999
v -0.20371985450000002 0 0.2350982425
v -0.19060993200000001 0 0.22837376599999998
v -0.18934047250000002 0 0.24365222449999999
v -0.176951945 0 0.22016042499999999
v -0.16307872550000002 0 0.21475821750000001
v -0.14819514750000001 0 0.20817828199999999
v -0.16235733050000001 0 0.23152554050000002
v -0.1338133215 0 0.22164154050000001
v -0.089698255050000009 0 0.22732710849999999
v -0.076555311649999999 0 0.239599228
v -0.048908427349999999 0 0.228615284
v -0.0079017691350000002 0 0.2222494485
v -0.021019395439999998 0 0.216956079
v -0.020968452094999999 0 0.2302069665
v 0.0030907616049999998 0 0.23396837749999999
v 0.027197070399999999 0 0.23249018199999999
v 0.052150800799999994 0 0.233913183
v 0.059197634449999995 0 0.22227668750000001
v 0.075375467549999992 0 0.22935283200000001
v 0.10107812264999999 0 0.2253614665
v 0.112786412 0 0.2141744495
v 0.12410783749999998 0 0.208978355
v 0.12666654550000001 0 0.2221035955
v 0.13820785250000001 0 0.2012211085
v 0.15231984849999999 0 0.1950361135
v 0.152099967 0 0.210722506
v 0.1822865605 0 0.21473521000000001
v 0.1959652305 0 0.20741146799999999
v 0.16547465350000001 0 0.22010749600000001
v 0.18154925100000002 0 0.23030519499999999
v 0.20928496099999999 0 0.212227583
v 0.21525490250000001 0 0.22587549699999998
v 0.22617870550000002 0 0.21317017100000002
v 0.24014556400000001 0 0.21367520099999998
v 0.24662470800000003 0 0.2261894945
v 0.25462162500000002 0 0.21304661050000001
v 0.26844978350000004 0 0.2121540905
v 0.274979472 0 0.2244083885
v 0.28232848649999998 0 0.211001575
v 0.297120094 0 0.20960026999999998
v 0.30027186849999998 0 0.22216993600000001
v 0.30853378750000005 0 0.208514333
v 0.32094633550000001 0 0.2137135865
v 0.32079505900000005 0 0.22663492000000002
v 0.33005583250000003 0 0.21926450749999998
v 0.34093964099999996 0 0.21185165649999999
v 0.35194730799999996 0 0.20436286949999999
v 0.3407883645 0 0.22477299000000001
v 0.36254596750000001 0 0.21004015200000001
v 0.362182379 0 0.2228778005
v 0.37305617349999998 0 0.2155578135
v 0.3944907185 0 0.20127564650000002
v 0.38360762599999998 0 0.20844531050000001
v 0.39347875100000002 0 0.22674727449999998
v 0.38324403750000002 0 0.221282959
v 0.38292729850000001 0 0.23385977749999998
v 0.414783597 0 0.2134688495
v 0.404485345 0 0.20749515299999999
v 0.40409374200000003 0 0.22014415250000002
v 0.43570232399999997 0 0.19998586200000001
v 0.42601585399999997 0 0.20690161000000001
v 0.46854615199999999 0 0.21297740949999999
v 0.4752516745 0 0.2182129625
v 0.47532868350000002 0 0.20758712299999998
v 0.44481432450000002 0 0.20396387599999999
v 0.4467226265 0 0.21298050899999998
v 0.48182725900000001 0 0.20127439499999999
v 0.48177838299999998 0 0.22455418099999999
v 0.49076127999999997 0 0.23064285499999998
v 0.49101710300000001 0 0.21891135
v -0.48131513599999998 0 0.22416538
v -0.49070596700000002 0 0.230724871
v -0.48129129399999998 0 0.24875450100000002
v -0.47442603100000003 0 0.25439429250000001
v -0.47454667100000003 0 0.24208950950000002
v -0.44489300249999997 0 0.24024450749999998
v -0.43666851500000003 0 0.23450481899999998
v -0.46773028400000005 0 0.23574519150000001
v -0.47459554700000001 0 0.23010540000000002
v -0.42840135099999999 0 0.24022007000000001
v -0.42820668200000001 0 0.22935211699999999
v -0.40186846249999997 0 0.236415863
v -0.39160132400000003 0 0.24369061
v -0.38919866050000002 0 0.23219049
v -0.42942559700000005 0 0.24904239150000002
v -0.42096376400000002 0 0.24388968950000001
v -0.38808524599999999 0 0.21802705550000001
v -0.366746187 0 0.22972607649999999
v -0.36640942100000001 0 0.24196291
v -0.35422408599999999 0 0.23222374950000002
v -0.3778181075 0 0.22530180249999998
v -0.34317600749999999 0 0.235583663
v -0.34315514599999997 0 0.24730479750000001
v -0.33244383349999995 0 0.2384278775
v -0.32319498099999999 0 0.24147880100000002
v -0.320640445 0 0.25134837649999997
v -0.31141245400000001 0 0.24267816549999999
v -0.29848921299999998 0 0.23870801949999998
v -0.29548943049999998 0 0.25334775450000002
v -0.28512072550000001 0 0.23950803300000001
v -0.27009844800000005 0 0.24252223950000001
v -0.26830661300000003 0 0.25650858900000001
v -0.25628411800000001 0 0.24488306050000003
v -0.24227881449999999 0 0.24877953550000001
v -0.24098956599999999 0 0.26267218599999997
v -0.2287760975 0 0.25258231149999999
v -0.214968622 0 0.25842583149999998
v -0.21441900749999998 0 0.2721641065
v -0.20190078049999999 0 0.264114976
v -0.18915772450000001 0 0.25834560399999995
v -0.176047802 0 0.25162112749999999
v -0.18860811 0 0.27208387899999997
v -0.16277653 0 0.24728727349999999
v -0.1489033105 0 0.24188506599999998
v -0.16259378199999999 0 0.26198065299999995
v -0.13488692050000001 0 0.23872065549999999
v -0.120216131 0 0.23423886300000002
v -0.13530612 0 0.25448238849999999
v -0.10426118949999999 0 0.2320206165
v -0.1053347885 0 0.2490997315
v -0.063067972649999998 0 0.24565947050000003
v -0.075892507999999997 0 0.25294172749999999
v -0.052380889649999998 0 0.24397349350000003
v -0.037558540700000004 0 0.24027180650000002
v -0.051718086000000003 0 0.25731599300000002
v -0.025016091749999997 0 0.24027264100000001
v -0.011898465444999999 0 0.24556601049999999
v -0.028488554050000003 0 0.25563085050000001
v 0.00036807730499999972 0 0.246142745
v 0.011309664699999999 0 0.24461078650000001
v -0.0036795623500000003 0 0.25620841950000001
v 0.023636199550000001 0 0.24450588249999999
v 0.036800920949999996 0 0.24455964549999998
v 0.02091351525 0 0.25668025
v 0.049273803800000002 0 0.24450039849999999
v 0.061062812799999998 0 0.24586963649999999
v 0.04571293295 0 0.256516099
v 0.073360413299999996 0 0.24455118149999999
v 0.084796071050000005 0 0.23862159250000001
v 0.07048341629999999 0 0.25513839700000002
v 0.097702294649999993 0 0.2365378145
v 0.111969292 0 0.238476038
v 0.095687240399999998 0 0.25173616399999998
v 0.12541741099999998 0 0.23579728599999999
v 0.13673883649999999 0 0.2306011915
v 0.122041583 0 0.246973634
v 0.1513626575 0 0.22629249099999998
v 0.150113523 0 0.23998618150000001
v 0.17603713300000001 0 0.24663472199999997
v 0.19284904 0 0.24126243599999997
v 0.16156792650000001 0 0.24970209599999998
v 0.17286771549999999 0 0.26065933699999999
v 0.20789039100000001 0 0.23947834950000002
v 0.22478413550000001 0 0.24042093750000001
v 0.202378273 0 0.25580787650000003
v 0.2393263575 0 0.239652634
v 0.25380241850000002 0 0.23902404350000001
v 0.231961846 0 0.25325548650000002
v 0.2679537535 0 0.23790109200000001
v 0.28183245649999999 0 0.2367485765
v 0.26065540300000001 0 0.25136423149999998
v 0.29684591299999996 0 0.2353891135
v 0.30825960650000001 0 0.23430317649999999
v 0.28982019449999996 0 0.24888181700000001
v 0.31736910350000003 0 0.2398540975
v 0.317205191 0 0.25270271300000002
v 0.32974064349999999 0 0.2450344565
v 0.34058511250000001 0 0.23757779600000001
v 0.35146892099999999 0 0.23016494500000001
v 0.34042119999999998 0 0.2504264115
v 0.36197912700000001 0 0.2356826065
v 0.36174178150000003 0 0.248294711
v 0.37245523950000003 0 0.24100756649999999
v 0.38268995299999997 0 0.24647188199999998
v 0.43511331050000002 0 0.22607171549999999
v 0.42562425100000001 0 0.21955060949999999
v 0.42388105349999999 0 0.23263895500000001
v 0.42311942550000003 0 0.24491095550000003
v 0.42187583449999999 0 0.25643181800000003
v 0.43212652200000001 0 0.25068092349999999
v 0.44296336150000004 0 0.23536789400000002
v 0.444706559 0 0.22227954850000001
v 0.45457267750000002 0 0.22227668750000001
v 0.45781445500000001 0 0.25016307800000004
v 0.4558832645 0 0.26357960700000005
v 0.46465301549999999 0 0.25975942600000002
v 0.49076127999999997 0 0.243142843
v 0.5 0 0.23750001199999998
v 0.46752667449999996 0 0.234973073
v 0.47405338299999999 0 0.2413142915
v 0.47499585150000001 0 0.2299444675
v -0.46706461900000001 0 0.25977241950000002
v -0.45920681949999997 0 0.26477336849999999
v -0.45982360850000004 0 0.25273025000000005
v -0.5 0 0.262500018
v -0.49058532700000002 0 0.26802966
v -0.49058532700000002 0 0.255529642
v -0.45756912199999999 0 0.275911927
v -0.45032811149999996 0 0.26886975749999997
v -0.41774702050000001 0 0.25999081099999999
v -0.40888857849999999 0 0.25759279700000004
v -0.413129568 0 0.25031399700000001
v -0.44287908100000001 0 0.26149535150000003
v -0.44124138349999997 0 0.27263390999999998
v -0.412105322 0 0.2414916755
v -0.42364919200000001 0 0.2662645575
v -0.43025028700000001 0 0.27594566349999999
v -0.420107126 0 0.27695071700000001
v -0.3749293085 0 0.2495452165
v -0.36240720749999999 0 0.25204288949999998
v -0.38499104950000002 0 0.25155341649999996
v -0.380988836 0 0.26163339600000002
v -0.36258411400000001 0 0.26382636999999998
v -0.35406422650000002 0 0.25624406350000001
v -0.34333205249999998 0 0.25908827800000001
v -0.34296512599999995 0 0.27141571050000002
v -0.33205604550000001 0 0.26247644449999996
v -0.32027351849999997 0 0.26367580899999998
v -0.3184794185 0 0.27648627749999999
v -0.30706381800000004 0 0.2653582095
v -0.29369533050000002 0 0.26615822300000003
v -0.29166054699999999 0 0.27955341300000003
v -0.28008615950000004 0 0.267542958
v -0.2662718295 0 0.26990377900000001
v -0.26468598850000002 0 0.28299093200000003
v -0.25290644200000001 0 0.27195656300000004
v -0.23940372499999998 0 0.27575933899999999
v -0.2384999995 0 0.2886931895
v -0.22658312349999998 0 0.27940881249999999
v -0.213515282 0 0.28509795700000001
v -0.2133829595 0 0.29786169549999997
v -0.20121884349999999 0 0.29061698950000003
v -0.18895661850000001 0 0.28532445449999999
v -0.188824296 0 0.298088193
v -0.17621356249999998 0 0.2795550825
v -0.1634777785 0 0.27584397799999999
v -0.1502065065 0 0.27151012399999996
v -0.16382628699999999 0 0.28908455350000001
v -0.13703173399999999 0 0.26909780500000002
v -0.1379157305 0 0.28296113000000001
v -0.123015344 0 0.26593339449999998
v -0.10935664175 0 0.26464152350000003
v -0.093401700249999997 0 0.26242327700000001
v -0.11108225575 0 0.27925694000000001
v -0.079956680500000002 0 0.26295280450000003
v -0.083978533750000001 0 0.27849459649999997
v -0.066469341500000001 0 0.26901304700000001
v -0.054086551050000001 0 0.26978862250000002
v -0.043399468050000001 0 0.26810264550000001
v -0.058150723550000005 0 0.2797996995
v -0.031297981750000002 0 0.26796436300000004
v -0.033666446799999999 0 0.28043699249999998
v -0.018755532800000002 0 0.26796519750000003
v -0.0064013609550000001 0 0.26802372899999999
v 0.0058651817949999996 0 0.2686004635
v -0.0092107886549999997 0 0.28035724149999997
v 0.0182794966 0 0.26866042600000001
v 0.015557697995000001 0 0.28047573549999999
v 0.030606031450000001 0 0.26855552199999999
v 0.043112859150000002 0 0.26842129250000002
v 0.055585742 0 0.26836204549999998
v 0.040478840500000002 0 0.28040146850000003
v 0.068178117250000003 0 0.267746806
v 0.065578043449999998 0 0.27965199949999997
v 0.080475717749999995 0 0.26642835100000001
v 0.093262404399999999 0 0.26490664450000001
v 0.106168628 0 0.26282286649999997
v 0.090957105349999998 0 0.2775150535
v 0.1196231245 0 0.26017796999999998
v 0.1171982885 0 0.27334845050000001
v 0.13307124349999999 0 0.25749921799999997
v 0.14694410549999998 0 0.25401079650000002
v 0.14452564699999998 0 0.26721513250000001
v 0.18266350049999999 0 0.27081048499999999
v 0.19137877250000002 0 0.28241741649999996
v 0.19605219400000001 0 0.26919889450000001
v 0.16819429399999999 0 0.273877859
v 0.21109354499999999 0 0.267414808
v 0.21844315549999999 0 0.27981996549999999
v 0.2247692345 0 0.26642894750000001
v 0.23931145649999999 0 0.265660644
v 0.24597883250000002 0 0.27786791350000001
v 0.25317144400000002 0 0.26469445250000001
v 0.26732277900000001 0 0.26357150100000004
v 0.2738153935 0 0.27584457400000001
v 0.28129935249999999 0 0.26251435300000003
v 0.29631280900000001 0 0.26115489000000003
v 0.29935753349999999 0 0.27372181400000001
v 0.30787837549999997 0 0.26008927800000003
v 0.32024991550000004 0 0.265269637
v 0.3200529815 0 0.2780400515
v 0.32937979699999997 0 0.27065348649999998
v 0.34024214750000004 0 0.26310455799999999
v 0.3510866165 0 0.2556478975
v 0.3400452135 0 0.27587497249999998
v 0.36156272899999997 0 0.26097285749999999
v 0.3613767625 0 0.27339983000000001
v 0.37203192750000003 0 0.26604664349999996
v 0.39291036099999999 0 0.25166153899999999
v 0.38243830200000001 0 0.25880932800000001
v 0.39247238600000001 0 0.27607715100000002
v 0.40224409100000003 0 0.28111290900000002
v 0.40243041499999999 0 0.26903474300000002
v 0.40276372400000005 0 0.25733041750000002
v 0.41253542900000001 0 0.26236617550000002
v 0.43058097350000002 0 0.27292096599999999
v 0.43754756449999999 0 0.27812111350000002
v 0.43784952200000005 0 0.26740193349999997
v 0.47145152099999998 0 0.26712048050000003
v 0.4733827115 0 0.25370395150000002
v 0.44693040849999999 0 0.26329267000000001
v 0.43996381750000002 0 0.25809252250000003
v 0.48085188849999999 0 0.24867534599999999
v 0.48109507549999997 0 0.27623093099999996
v 0.491004467 0 0.28319844599999999
v 0.49009060849999997 0 0.26803252099999997
v -0.48079204549999999 0 0.27357101449999999
v -0.49020671849999997 0 0.28054139050000004
v -0.4803419115 0 0.29874885100000004
v -0.47205591199999997 0 0.30476379399999998
v -0.47212743749999997 0 0.29209768800000002
v -0.44653558699999996 0 0.29006075850000002
v -0.43554449049999999 0 0.29337251200000003
v -0.43769931750000002 0 0.28332006949999999
v -0.465144634 0 0.28496408449999999
v -0.47343063350000003 0 0.27894914150000005
v -0.43689143649999995 0 0.30276238899999997
v -0.42805516700000001 0 0.2960217
v -0.40751421450000003 0 0.27564048750000003
v -0.39628648750000001 0 0.27382647999999998
v -0.40227830399999998 0 0.26545560349999997
v -0.38956153400000004 0 0.28171884999999997
v -0.38432562349999999 0 0.27153396600000002
v -0.36592090150000001 0 0.27372693999999997
v -0.36832940600000003 0 0.28785431350000001
v -0.35664963750000001 0 0.28215491749999999
v -0.37426388249999998 0 0.269525766
v -0.3304158445 0 0.28803276999999999
v -0.34537363050000003 0 0.28554308399999995
v -0.344100356 0 0.29877197700000002
v -0.31720614400000002 0 0.28971517050000001
v -0.31498324850000003 0 0.30299746950000001
v -0.30304682250000003 0 0.291450977
v -0.2894376515 0 0.29283571200000003
v -0.28706896299999995 0 0.305431485
v -0.27568268750000002 0 0.29353392099999998
v -0.26231729999999998 0 0.29558670500000001
v -0.26074254499999999 0 0.307596445
v -0.24974584599999999 0 0.29705345599999999
v -0.23692524450000002 0 0.30070292949999999
v -0.23630630950000001 0 0.31304597849999999
v -0.22506046299999999 0 0.304685712
v -0.21276402449999998 0 0.31020474450000002
v -0.213041484 0 0.32222461699999999
v -0.20136398049999998 0 0.31540060049999996
v -0.189978182 0 0.31069588650000002
v -0.17771595699999998 0 0.30540335149999998
v -0.19025564150000002 0 0.32271575899999999
v -0.16537111999999998 0 0.3021401165
v -0.15263533600000001 0 0.29842901199999999
v -0.166525006 0 0.31474780999999996
v -0.13990759850000001 0 0.29578018149999996
v -0.12673282599999999 0 0.29336786250000002
v -0.1414524315 0 0.30883574449999995
v -0.11383175849999999 0 0.29228568099999996
v -0.10017305625 0 0.29099381000000002
v -0.1158236265 0 0.30510473249999998
v -0.087228953849999999 0 0.29070162799999999
v -0.073783934100000004 0 0.29123115550000001
v -0.089978456600000006 0 0.303730369
v -0.061117887500000002 0 0.29141175749999998
v -0.048735097049999995 0 0.29218733299999999
v -0.064368307600000008 0 0.303618789
v -0.036350287499999995 0 0.29231321799999999
v -0.0242488012 0 0.29217493550000001
v -0.039317451449999999 0 0.30392527599999997
v -0.011885638360000001 0 0.29216778300000001
v 0.00046853348500000016 0 0.29222631450000003
v -0.01456947906 0 0.30404400850000002
v 0.012912540695 0 0.292222023
v 0.025326855500000002 0 0.29228198550000001
v 0.010237690989999999 0 0.30403256450000005
v 0.037847206000000001 0 0.29220914850000002
v 0.050354033700000002 0 0.29207491899999999
v 0.035202048700000002 0 0.30395543599999997
v 0.062993139050000008 0 0.2917493585
v 0.07558551429999999 0 0.29113411899999997
v 0.06036150455 0 0.30355703849999999
v 0.088484734300000006 0 0.29025697699999997
v 0.10127142095 0 0.28873527050000003
v 0.085899829900000002 0 0.302354336
v 0.11465007100000001 0 0.28683269
v 0.12810456749999999 0 0.28418779350000001
v 0.11217769995000001 0 0.29957461350000003
v 0.141331017 0 0.28069460400000001
v 0.15520387899999999 0 0.27720618250000001
v 0.1387827995 0 0.29417884350000001
v 0.16499966399999999 0 0.28735733050000001
v 0.16104078300000002 0 0.29796779149999997
v 0.174031198 0 0.29463946799999996
v 0.18519216799999999 0 0.29434621350000001
v 0.19858086150000001 0 0.29273462299999997
v 0.18123328700000002 0 0.30495667449999997
v 0.2115221025 0 0.29220724099999995
v 0.22519779200000001 0 0.29122138050000002
v 0.20533549800000001 0 0.304136038
v 0.23863220200000002 0 0.29057657749999999
v 0.25249218950000002 0 0.289610386
v 0.23171114900000001 0 0.30296385299999995
v 0.26640200650000001 0 0.28889942150000003
v 0.28037857999999999 0 0.28784227350000002
v 0.259055376 0 0.30160808549999996
v 0.29567646949999998 0 0.28695857550000003
v 0.307242036 0 0.28589296350000004
v 0.28826308249999999 0 0.300013423
v 0.31637191749999999 0 0.29127681299999997
v 0.31636476499999999 0 0.30388248000000001
v 0.3291757105 0 0.29602956800000002
v 0.33987867799999999 0 0.28844952599999996
v 0.3507410285 0 0.28090059749999996
v 0.33987152549999999 0 0.301055193
v 0.36121022699999999 0 0.28597438349999998
v 0.36102688299999997 0 0.29834795000000003
v 0.37166261700000003 0 0.29084718249999997
v 0.38188266749999999 0 0.29568803300000002
v 0.38206601149999997 0 0.28331446650000003
v 0.42116045950000003 0 0.29038882249999998
v 0.42124056799999998 0 0.27885532349999997
v 0.4121220115 0 0.28560400000000002
v 0.4306316375 0 0.29458701599999998
v 0.42151308099999996 0 0.30133569250000003
v 0.45522356050000001 0 0.28233122850000003
v 0.45376896899999997 0 0.27288901799999998
v 0.4462707045 0 0.28204429149999999
v 0.491004467 0 0.29569843399999995
v 0.5 0 0.28750002399999997
v -0.46514534949999997 0 0.31071317200000004
v -0.46019506450000003 0 0.31864535799999999
v -0.458891153 0 0.30604481699999997
v -0.5 0 0.3125
v -0.49013519299999997 0 0.31820747250000003
v -0.49013519299999997 0 0.30570748449999996
v -0.4590563775 0 0.32734405999999999
v -0.45280218100000003 0 0.32267570499999998
v -0.42603743100000002 0 0.31270849700000003
v -0.41734659699999999 0 0.3115746975
v -0.42071127899999999 0 0.30427777749999996
v -0.44698429100000003 0 0.31573963149999995
v -0.44584560400000001 0 0.32443833349999995
v -0.41936433299999998 0 0.29488790050000002
v -0.41241204750000005 0 0.3205144405
v -0.40708589550000002 0 0.31208372099999998
v -0.37383341800000003 0 0.2988365885
v -0.38336288949999997 0 0.31143796450000005
v -0.36858761350000002 0 0.30888366700000003
v -0.40031456949999999 0 0.302267432
v -0.39538002 0 0.311207175
v -0.38310468200000003 0 0.29040861100000004
v -0.3648678065 0 0.32250630899999999
v -0.35533833500000001 0 0.30990493299999999
v -0.34038054900000003 0 0.31239461899999998
v -0.33777284600000002 0 0.32575559649999997
v -0.32653486700000001 0 0.31462264049999999
v -0.31237554550000002 0 0.31635844699999999
v -0.30848908399999997 0 0.33072471650000002
v -0.2969374655 0 0.31909954549999997
v -0.28318250150000002 0 0.31979775450000003
v -0.27972960450000001 0 0.32944118999999999
v -0.26986110200000002 0 0.31577312950000003
v -0.25728964799999998 0 0.31723988049999996
v -0.2564229965 0 0.32900857950000001
v -0.2473044395 0 0.32083189499999998
v -0.235439658 0 0.32481467750000004
v -0.234823227 0 0.33710587050000002
v -0.223825097 0 0.32931995400000003
v -0.212425053 0 0.33451580999999997
v -0.21156990549999999 0 0.34625542149999999
v -0.20078629250000002 0 0.33916008450000001
v -0.19215244050000002 0 0.332909703
v -0.19129729300000001 0 0.34464931450000003
v -0.18076664200000001 0 0.328204989
v -0.16874545800000001 0 0.32800710199999999
v -0.15640062100000002 0 0.32474386700000002
v -0.17064225700000002 0 0.33820104600000001
v -0.14388966549999999 0 0.32085776300000002
v -0.1461101175 0 0.334117055
v -0.13116192799999998 0 0.31820893249999999
v -0.1188657285 0 0.31678032849999999
v -0.105964661 0 0.31569814699999998
v -0.1213029625 0 0.32880234699999999
v -0.093294173600000002 0 0.31529307399999995
v -0.096336275599999993 0 0.32696866999999996
v -0.080350071199999998 0 0.31500089200000003
v -0.067731678500000003 0 0.31492149850000001
v -0.055065631899999995 0 0.31510210049999998
v -0.071047395499999999 0 0.32648420349999996
v -0.042562887100000002 0 0.31513857849999999
v -0.045926257999999998 0 0.326441288
v -0.030178077549999998 0 0.31526446350000004
v -0.017735403050000001 0 0.31528162949999999
v -0.0053722402100000004 0 0.315274477
v -0.020980838699999997 0 0.32649493200000002
v 0.0070883305899999988 0 0.31526458300000004
v 0.0039224065999999991 0 0.32650220399999996
v 0.019532337800000001 0 0.31526029150000001
v 0.032043866800000001 0 0.31521797200000001
v 0.0445642173 0 0.31514513499999997
v 0.028894506399999999 0 0.32644999050000001
v 0.057164639199999999 0 0.31499242799999999
v 0.054006457299999998 0 0.32625496399999998
v 0.069803744549999991 0 0.3146668675
v 0.082619696850000007 0 0.31425023099999999
v 0.095518916849999996 0 0.31337308899999999
v 0.079422831499999999 0 0.32568562049999999
v 0.10892543195000001 0 0.31246066100000003
v 0.1056452989 0 0.32435655600000002
v 0.12230408200000001 0 0.3105580805
v 0.13758134850000001 0 0.30876672250000003
v 0.15080779799999999 0 0.30527353300000004
v 0.1343290805 0 0.32165277000000003
v 0.159839332 0 0.31255567049999999
v 0.16415518499999998 0 0.32261085499999997
v 0.17438817000000001 0 0.31530511350000001
v 0.18554914 0 0.31501185900000001
v 0.19165641049999999 0 0.32574701299999997
v 0.1985015275 0 0.31539857400000004
v 0.21144276849999999 0 0.31487119200000002
v 0.2176559565 0 0.32593619800000001
v 0.22448992699999998 0 0.31467366200000002
v 0.23792433699999999 0 0.31402885899999999
v 0.24398708299999999 0 0.325403094
v 0.25120830500000002 0 0.31369328499999999
v 0.26511812199999996 0 0.31298232049999997
v 0.27081274950000001 0 0.32489252099999999
v 0.27865982049999999 0 0.31280732150000001
v 0.29395770999999998 0 0.31192362350000002
v 0.29726827150000001 0 0.32564914249999999
v 0.30687153349999996 0 0.31285524399999998
v 0.31967532649999997 0 0.31760799900000003
v 0.32057845600000001 0 0.32818210149999999
v 0.33007168749999999 0 0.31920933750000002
v 0.339602232 0 0.31353652500000001
v 0.3503051995 0 0.305956483
v 0.34050536149999999 0 0.32411062749999997
v 0.36075758950000003 0 0.31082928200000004
v 0.36047232149999997 0 0.32350230250000001
v 0.37119400499999999 0 0.31589376950000003
v 0.39222657650000003 0 0.30016076550000004
v 0.38182318199999998 0 0.30769348149999998
v 0.39234793150000002 0 0.32437634449999997
v 0.40246891950000002 0 0.32841527449999997
v 0.40228807900000002 0 0.31620514399999999
v 0.42169666299999997 0 0.31288897999999998
v 0.42203784 0 0.324274063
v 0.43132543599999995 0 0.31691896899999999
v 0.412225485 0 0.30869078650000004
v 0.40210449700000001 0 0.30465185650000004
v 0.44069683549999999 0 0.33303451500000003
v 0.43195831799999995 0 0.33983242499999999
v 0.44098854050000003 0 0.34456288800000001
v 0.46522569650000001 0 0.31287276750000004
v 0.47135853750000001 0 0.31979727749999998
v 0.470976114 0 0.30745804300000001
v 0.44034731399999999 0 0.32139372799999999
v 0.44937753650000001 0 0.32612419100000001
v 0.47955894450000003 0 0.30288970449999997
v 0.47342610350000003 0 0.29596519450000003
v 0.47878551450000001 0 0.32583916200000002
v 0.49023103700000004 0 0.33114787950000002
v 0.48855447750000003 0 0.31969127050000001
v -0.48028969799999999 0 0.32400786849999996
v -0.49015450500000002 0 0.330800384
v -0.4802443985 0 0.349033594
v -0.47229886050000003 0 0.35505962400000002
v -0.47236347199999995 0 0.34262681
v -0.44896960250000001 0 0.34072852149999999
v -0.44048476199999997 0 0.34254825099999997
v -0.44317865349999996 0 0.33319413649999996
v -0.46543359750000002 0 0.33598327650000004
v -0.47337913549999999 0 0.32995724650000002
v -0.43736076349999997 0 0.32625806299999999
v -0.43736028650000003 0 0.35167729850000001
v -0.43156933749999998 0 0.34414291350000004
v -0.39817857750000002 0 0.33076310149999999
v -0.38616144699999999 0 0.33099389099999998
v -0.39013421550000005 0 0.32125425350000003
v -0.42516493799999999 0 0.33645570250000001
v -0.42204046249999999 0 0.34558475
v -0.36117100699999999 0 0.33351779000000004
v -0.35832774649999999 0 0.34576749800000001
v -0.34877526749999999 0 0.33577728299999998
v -0.37442028550000001 0 0.33249652400000002
v -0.33492958549999996 0 0.33800530449999999
v -0.3330311775 0 0.35169971
v -0.32202875600000003 0 0.34167802349999998
v -0.30659067600000001 0 0.34441912200000002
v -0.30701923350000004 0 0.36045312899999998
v -0.29347956149999999 0 0.34949982199999996
v -0.28108143799999996 0 0.34097409249999999
v -0.26776003849999996 0 0.33694946749999999
v -0.2815099955 0 0.35700809950000001
v -0.25777483000000001 0 0.34054148200000001
v -0.25705158699999997 0 0.35304343699999996
v -0.24571454500000001 0 0.34510254900000004
v -0.23409998399999998 0 0.34960782550000002
v -0.23272711000000001 0 0.36203014849999998
v -0.221835792 0 0.35403346999999996
v -0.21019703150000002 0 0.35867774450000001
v -0.20861911750000001 0 0.37039136849999998
v -0.19835323100000002 0 0.36261332000000002
v -0.18795514099999999 0 0.35454380499999999
v -0.17932128899999999 0 0.34829342350000003
v -0.18637722700000001 0 0.36625742900000002
v -0.167300105 0 0.34809553650000002
v -0.14790528999999999 0 0.3438795805
v -0.13539433449999999 0 0.3399934765
v -0.12484174949999999 0 0.339267492
v -0.11254554999999999 0 0.337838888
v -0.12663692199999999 0 0.34903001750000001
v -0.10033491280000001 0 0.33756423000000002
v -0.087664425399999996 0 0.33715915699999999
v -0.1038736998 0 0.34802937499999997
v -0.075103074349999993 0 0.3369932175
v -0.062484681649999999 0 0.33691382400000003
v -0.079101711550000009 0 0.3475887775
v -0.049965232649999997 0 0.33687686900000002
v -0.037462487850000004 0 0.33691334699999997
v -0.054020911500000005 0 0.34738588300000001
v -0.024976596249999997 0 0.33691430099999997
v -0.01253392175 0 0.33693146699999998
v -0.029015570900000003 0 0.347349882
v -5.1900744999999748e-05 0 0.33692848649999996
v 0.012408670054999999 0 0.3369185925
v -0.0040476582949999992 0 0.34734785550000002
v 0.024911172699999998 0 0.33689987700000001
v 0.037422701699999998 0 0.33685755750000002
v 0.020936865355000001 0 0.34732615950000001
v 0.049970984449999999 0 0.33679592599999997
v 0.062571406349999997 0 0.33664321899999999
v 0.045987650749999998 0 0.34724581249999997
v 0.075232863399999989 0 0.33647620700000003
v 0.088048815700000005 0 0.33605957050000002
v 0.071197390549999989 0 0.34701716900000001
v 0.1009840669 0 0.33571600899999998
v 0.114390582 0 0.33480358099999996
v 0.096794098800000006 0 0.34650659549999996
v 0.127872765 0 0.33432543300000001
v 0.1431500315 0 0.33253407499999998
v 0.123211533 0 0.34568488600000002
v 0.15689075 0 0.33270251750000002
v 0.17143958799999998 0 0.33545196050000003
v 0.15043443449999999 0 0.34537518050000005
v 0.18473005300000001 0 0.33601427049999999
v 0.1976824405 0 0.33640098549999997
v 0.17746561799999999 0 0.34610593300000003
v 0.21060895899999998 0 0.33652150650000001
v 0.22365611749999997 0 0.33632397650000001
v 0.2036826015 0 0.34678876400000003
v 0.23657047749999999 0 0.33624041049999998
v 0.24985444549999997 0 0.33590483650000003
v 0.22952348 0 0.34682571900000003
v 0.26282322400000002 0 0.33585667600000002
v 0.2763649225 0 0.33568167699999996
v 0.25540661850000002 0 0.34669399249999999
v 0.28918409349999996 0 0.33595085149999998
v 0.30209791699999999 0 0.33688247199999999
v 0.28119456799999998 0 0.34691500649999996
v 0.31453251849999997 0 0.33736372000000003
v 0.32492887949999999 0 0.33896505850000003
v 0.30644834050000003 0 0.34766542899999997
v 0.33859515200000001 0 0.33805275000000001
v 0.34812569650000003 0 0.3323799375
v 0.33254921449999997 0 0.3472343685
v 0.35856211199999999 0 0.33744442499999999
v 0.3589211705 0 0.35041403799999998
v 0.3712677955 0 0.34153640299999999
v 0.40273022650000001 0 0.34013867349999999
v 0.41267037400000001 0 0.33196747299999996
v 0.38207781299999999 0 0.34554624550000002
v 0.38171875450000003 0 0.33257663250000002
v 0.42259085200000002 0 0.34752583500000001
v 0.41331255449999998 0 0.35556960100000001
v 0.42297172549999995 0 0.35940456399999998
v 0.4579241275 0 0.343394637
v 0.46586465850000003 0 0.33711814900000003
v 0.45766758900000004 0 0.33148849000000002
v 0.45853710150000004 0 0.3667656185
v 0.4664833545 0 0.36085975199999998
v 0.45817494400000003 0 0.35493016249999998
v 0.49023103700000004 0 0.34364789750000002
v 0.5 0 0.33750000600000002
v 0.44997787450000004 0 0.34930050349999997
v -0.465423107 0 0.3608220815
v -0.46036648749999998 0 0.3686034675
v -0.45936131449999995 0 0.35643422600000002
v -0.5 0 0.36250001200000004
v -0.49008989349999998 0 0.36823320400000004
v -0.49008989349999998 0 0.35573321600000002
v -0.45903658849999995 0 0.37721753099999999
v -0.45297479600000001 0 0.37282967550000001
v -0.42512059199999996 0 0.36247193799999999
v -0.41522693649999998 0 0.36420941350000002
v -0.41855120649999999 0 0.35500943650000005
v -0.44714713100000003 0 0.366030097
v -0.44581723200000001 0 0.37464416049999999
v -0.412146807 0 0.34732222550000003
v -0.41169059299999999 0 0.37362229800000002
v -0.40512120750000002 0 0.36615979650000002
v -0.36765766150000001 0 0.354167342
v -0.35526192199999995 0 0.356426835
v -0.39789557450000002 0 0.35858356950000003
v -0.39435923100000003 0 0.36799645400000003
v -0.37892854200000003 0 0.35196411599999999
v -0.3758627175 0 0.36262345299999998
v -0.35329926 0 0.36805784699999999
v -0.34396934499999998 0 0.359658003
v -0.330602169 0 0.37784838700000001
v -0.34165418149999999 0 0.38045287150000001
v -0.33024966750000001 0 0.38701224350000002
v -0.33106851549999999 0 0.36333072199999999
v -0.31966400150000002 0 0.369890094
v -0.30655288700000005 0 0.374970794
v -0.30561912050000001 0 0.38863825800000001
v -0.29297435250000003 0 0.37920129299999999
v -0.28040599799999999 0 0.37159204499999998
v -0.26800787449999997 0 0.36306631550000001
v -0.2794722315 0 0.385259509
v -0.2812310455 0 0.3980942965
v -0.26866269100000001 0 0.39048504849999999
v -0.25594758950000002 0 0.36762738249999999
v -0.25372350199999999 0 0.3793637755
v -0.26022911049999997 0 0.38623237599999999
v -0.24704873550000001 0 0.3879458905
v -0.23050302249999999 0 0.37376654149999999
v -0.23051345349999999 0 0.38486790700000001
v -0.22047334899999999 0 0.37755715849999999
v -0.24276721449999999 0 0.369340897
v -0.20862954849999998 0 0.381492734
v -0.17310547800000001 0 0.37062108500000002
v -0.18350356800000001 0 0.37869059999999999
v -0.163199961 0 0.36087095749999998
v -0.154520929 0 0.35077858000000001
v -0.138096094 0 0.36510539050000002
v -0.14453268050000001 0 0.37344944499999999
v -0.13220798950000001 0 0.37500083449999999
v -0.14380514599999999 0 0.35665500150000001
v -0.131480455 0 0.35820639100000001
v -0.12092786999999999 0 0.35748040650000001
v -0.1135930715 0 0.36678421500000002
v -0.10874953849999999 0 0.35760784150000002
v -0.088833391600000006 0 0.36675107499999998
v -0.094344913899999994 0 0.37546026700000001
v -0.081763565499999996 0 0.37529969200000002
v -0.096538901300000007 0 0.35733318349999998
v -0.083957552899999996 0 0.35717260849999999
v -0.071396201850000007 0 0.357006669
v -0.063751801799999994 0 0.36649358300000001
v -0.058895960450000007 0 0.35690975199999997
v -0.038758262949999997 0 0.36636865149999998
v -0.04432983695 0 0.37495350849999998
v -0.031836539499999997 0 0.37492549400000003
v -0.046376511450000005 0 0.35687279699999996
v -0.033883214000000002 0 0.35684478250000001
v -0.021397322400000002 0 0.35684573650000001
v -0.013772994265000001 0 0.3663342
v -0.0089053511649999986 0 0.35683929949999998
v 0.011218249784999999 0 0.36632108699999999
v 0.0056364461850000004 0 0.37488639349999997
v 0.018135719000000002 0 0.37487971750000004
v 0.0035766698400000003 0 0.35683631900000001
v 0.016075942655000001 0 0.35682964299999997
v 0.028578445299999998 0 0.35681092749999999
v 0.036234930149999997 0 0.36629343000000003
v 0.041095852850000003 0 0.35678994650000001
v 0.061315700400000006 0 0.36621439450000004
v 0.055677071199999997 0 0.374834895
v 0.068240433900000008 0 0.37477684050000004
v 0.053644135600000004 0 0.35672831500000002
v 0.066207498300000001 0 0.3566702605
v 0.078868955349999992 0 0.35650324850000004
v 0.086551576850000006 0 0.36603546149999999
v 0.091541469099999995 0 0.35638237
v 0.1120939853 0 0.36574792850000004
v 0.10609853280000001 0 0.37455940249999997
v 0.1189684275 0 0.374392748
v 0.10447672029999999 0 0.35603880850000003
v 0.117346615 0 0.355872154
v 0.130828798 0 0.35539400600000004
v 0.138012946 0 0.36552166949999998
v 0.14387786399999999 0 0.35533440150000001
v 0.16408240800000001 0 0.36559319499999998
v 0.15747380249999998 0 0.3743014335
v 0.1704941985 0 0.37443256349999998
v 0.15761858249999999 0 0.35550284399999998
v 0.17063897849999998 0 0.35563397400000002
v 0.18392944350000001 0 0.35619628400000003
v 0.18994885649999999 0 0.36586630350000005
v 0.19677549599999999 0 0.3563382625
v 0.21552842849999998 0 0.36604988599999999
v 0.20866846999999999 0 0.37469494349999999
v 0.22140198950000001 0 0.37473654750000002
v 0.20970201449999998 0 0.35645878350000004
v 0.22243553399999999 0 0.35650038750000002
v 0.235349894 0 0.35641682149999998
v 0.24093401449999999 0 0.366146207
v 0.24802196049999997 0 0.35647153850000002
v 0.26613306999999997 0 0.36645555499999999
v 0.25886082649999997 0 0.37518680100000001
v 0.27138781550000002 0 0.37544143200000002
v 0.26099073900000003 0 0.35642337800000001
v 0.27351772800000002 0 0.35667800900000002
v 0.28633689900000003 0 0.35694718349999999
v 0.29095566250000005 0 0.36729037749999999
v 0.29863250250000001 0 0.35752737499999998
v 0.315471053 0 0.36875116799999996
v 0.30708158000000002 0 0.37814545599999999
v 0.319301367 0 0.37902605499999997
v 0.31106710400000004 0 0.35800862300000003
v 0.32328689099999997 0 0.35888922200000001
v 0.33695316349999999 0 0.35797691349999999
v 0.33959913249999996 0 0.37168562399999999
v 0.34886145599999996 0 0.36003077049999999
v 0.36257886849999998 0 0.37692606449999999
v 0.35314345349999998 0 0.38591146450000002
v 0.36421489699999998 0 0.38909804800000003
v 0.36156713949999997 0 0.36412274849999998
v 0.39293396450000001 0 0.348982811
v 0.38248300550000003 0 0.35794258150000002
v 0.39391982549999999 0 0.373903394
v 0.40409696099999998 0 0.37693798550000002
v 0.40351629249999998 0 0.36441373850000003
v 0.41434001899999995 0 0.37937605399999996
v 0.42402851549999998 0 0.3827779295
v 0.42338192450000001 0 0.37085020550000003
v 0.40474355200000001 0 0.38886570949999999
v 0.43266022199999998 0 0.36280643950000002
v 0.43385541449999998 0 0.385396242
v 0.44292116199999998 0 0.390158057
v 0.44213616849999998 0 0.37901389600000002
v 0.47376561150000002 0 0.36712634599999999
v 0.473403454 0 0.35529089000000003
v 0.4507153035 0 0.37230587000000004
v 0.45902371399999997 0 0.37823545950000004
v 0.48057389250000004 0 0.34942662749999998
v 0.47329163549999997 0 0.34316003350000002
v 0.48094272599999999 0 0.37362086799999999
v 0.49059987049999998 0 0.380342126
v 0.49034285550000001 0 0.36827874199999999
v -0.48008322749999999 0 0.37360942350000004
v -0.489993334 0 0.3803762195
v -0.48037338299999999 0 0.40172123900000001
v -0.472833157 0 0.40632462499999999
v -0.47244644199999997 0 0.39035582499999999
v -0.44970083199999999 0 0.39154100400000003
v -0.44097733500000003 0 0.3939113615
v -0.44292140000000002 0 0.38381409649999998
v -0.46566724799999998 0 0.38397526699999995
v -0.47320747399999996 0 0.37937188099999997
v -0.43709373500000004 0 0.37701451799999997
v -0.43788492649999999 0 0.40347063500000002
v -0.43110549450000002 0 0.39574372749999998
v -0.39789521699999997 0 0.38478290999999998
v -0.38726258250000001 0 0.386883378
v -0.39095222949999997 0 0.37767314900000004
v -0.42447161700000002 0 0.38812506199999997
v -0.42137920849999999 0 0.39768433549999999
v -0.38372659650000002 0 0.37009692199999999
v -0.3837652205 0 0.39610087849999998
v -0.37682223300000001 0 0.38899111750000004
v -0.35028064250000002 0 0.38705599300000004
v -0.35063314400000001 0 0.37789213649999998
v -0.3697896 0 0.38213443749999998
v -0.36629223799999999 0 0.39135193800000001
v -0.34715604799999999 0 0.39600229250000002
v -0.34277939800000001 0 0.40380513649999999
v -0.33692502999999996 0 0.397419572
v -0.2904118295 0 0.40450298750000002
v -0.279602289 0 0.40972852699999995
v -0.22893953350000001 0 0.39662408849999997
v -0.23896920700000002 0 0.39283347150000003
v -0.18450039600000001 0 0.38974153950000001
v -0.19777214500000001 0 0.38537788350000002
v -0.22878950850000002 0 0.40811562550000002
v -0.22033375499999999 0 0.400150061
v -0.160326302 0 0.3733041285
v -0.1447131035 0 0.39173710350000002
v -0.15443819749999999 0 0.38319957250000003
v -0.16050672500000002 0 0.39159178699999997
v -0.13744747600000001 0 0.40031480799999997
v -0.13137894849999998 0 0.39192259350000003
v -0.099842339899999993 0 0.3841763735
v -0.106912166 0 0.37562775650000002
v -0.12552708400000001 0 0.38384437599999999
v -0.1182614565 0 0.39242208049999999
v -0.093089193099999995 0 0.39201951000000002
v -0.08652836085 0 0.39975786199999996
v -0.080714255550000003 0 0.391747236
v -0.049873679899999995 0 0.38358831400000004
v -0.056795403349999996 0 0.37503147149999999
v -0.074807167049999998 0 0.3838375805
v -0.068246334800000003 0 0.3915759325
v -0.043399646899999998 0 0.39132678500000001
v -0.036943487849999998 0 0.39906966700000002
v -0.030951954449999999 0 0.39125323300000003
v 5.7961800000000743e-05 0 0.38345253450000005
v -0.0068595074149999996 0 0.374893904
v -0.024923052649999999 0 0.38348519800000003
v -0.018466893599999999 0 0.39122807999999998
v 0.0065102554020000005 0 0.39119589300000002
v 0.012962882852 0 0.39893960950000001
v 0.019006542850000002 0 0.39118874050000002
v 0.050081968300000002 0 0.38341462599999998
v 0.043157234799999999 0 0.37485217999999998
v 0.025058023649999997 0 0.38343846749999999
v 0.031510651099999995 0 0.39118218400000004
v 0.056534513799999998 0 0.39115989200000001
v 0.062982752899999994 0 0.39891207200000001
v 0.069050043800000002 0 0.391149521
v 0.10034486665 0 0.38326239600000001
v 0.093470424450000006 0 0.37461757650000005
v 0.075159281500000008 0 0.38335895549999999
v 0.081607520600000011 0 0.39111113549999998
v 0.1067736745 0 0.39103484150000001
v 0.1131438015 0 0.39884662599999998
v 0.11934310200000001 0 0.39101600650000001
v 0.15114051099999998 0 0.38312852350000004
v 0.14472872049999999 0 0.37428915500000004
v 0.12568420199999999 0 0.3831602335
v 0.132054329 0 0.39097201800000003
v 0.157391846 0 0.39097881300000004
v 0.16348552700000002 0 0.3988337515
v 0.16997927400000001 0 0.39099574049999997
v 0.201915383 0 0.38331711300000004
v 0.196041822 0 0.37463045150000002
v 0.17658716400000002 0 0.38319671150000001
v 0.18268084500000001 0 0.39105164999999997
v 0.20785736999999999 0 0.39117407800000004
v 0.21362310600000001 0 0.39911508549999997
v 0.22030776699999999 0 0.3913226125
v 0.251841545 0 0.38389193999999999
v 0.24658679950000001 0 0.37490606299999996
v 0.2270547745 0 0.38349640350000003
v 0.23282051050000002 0 0.39143741099999996
v 0.25727272050000005 0 0.39199984050000003
v 0.26189374949999999 0 0.40041506250000003
v 0.26873660100000002 0 0.39258789999999999
v 0.2993935345 0 0.38704919800000004
v 0.2955632205 0 0.37677431100000003
v 0.27599537350000003 0 0.38492536550000001
v 0.28061640249999997 0 0.39334058750000001
v 0.30282115949999999 0 0.39646398999999999
v 0.30549156649999998 0 0.40702044949999999
v 0.31358230100000001 0 0.39897680250000001
v 0.34408283249999999 0 0.39525306199999999
v 0.34244680399999999 0 0.38308107850000001
v 0.32214903849999998 0 0.39042150949999999
v 0.32481944549999997 0 0.40097796900000005
v 0.37263858299999997 0 0.36730933199999999
v 0.35587322700000001 0 0.40963363650000001
v 0.36605215050000001 0 0.41324007549999997
v 0.36495840550000003 0 0.40168988699999997
v 0.37439382050000003 0 0.39270448699999999
v 0.38481891150000003 0 0.39586198350000001
v 0.38407540299999998 0 0.38327014449999997
v 0.41656327250000003 0 0.40029215849999999
v 0.42639017150000003 0 0.40291047099999999
v 0.42481350899999998 0 0.39392209049999999
v 0.45176005399999997 0 0.39501750450000001
v 0.45986676250000003 0 0.40108811850000003
v 0.45930862449999998 0 0.38984632500000005
v 0.49059987049999998 0 0.392842144
v 0.5 0 0.387500018
v 0.46713042250000003 0 0.38430607350000001
v 0.474307537 0 0.39080059550000001
v 0.47402262650000004 0 0.37918973
v -0.5 0 0.41250002399999997
v -0.49038004899999998 0 0.42134502549999997
v -0.49038004899999998 0 0.40884503750000001
v -0.46231555950000003 0 0.42806839899999999
v -0.45195090800000004 0 0.431041956
v -0.45255792150000002 0 0.42023229600000001
v -0.42394459249999999 0 0.41387510299999997
v -0.4135066275 0 0.4152438645
v -0.41757512099999999 0 0.40667176250000003
v -0.452799797 0 0.44196319549999996
v -0.44304215899999999 0 0.43412709250000003
v -0.4109412435 0 0.39905309700000002
v -0.40970158600000001 0 0.42385721249999997
v -0.40333211450000001 0 0.41665387200000004
v -0.37638413900000001 0 0.41392672050000001
v -0.36973249899999999 0 0.40711081000000005
v -0.37997651099999996 0 0.40502452850000004
v -0.39688265349999996 0 0.40994048150000001
v -0.39307761200000002 0 0.41855382949999997
v -0.36316764349999997 0 0.40029823750000004
v -0.35613501049999996 0 0.39344155749999998
v -0.37284338449999999 0 0.42255949950000005
v -0.36956798999999996 0 0.43133866799999998
v -0.36286473249999995 0 0.42479217050000001
v -0.32895386199999999 0 0.41489052799999998
v -0.31797146749999999 0 0.41684281849999999
v -0.32156598549999998 0 0.40717470649999998
v -0.35598742949999995 0 0.41809248900000001
v -0.35271203499999998 0 0.4268716575
v -0.31504154200000001 0 0.42725110099999997
v -0.30765366550000001 0 0.41953527950000002
v -0.26890397050000003 0 0.41484105599999999
v -0.25974154449999998 0 0.42143929000000002
v -0.26125907900000001 0 0.40991807000000002
v -0.29968333199999997 0 0.41263210750000001
v -0.29675340650000004 0 0.42304038999999999
v -0.25282549850000002 0 0.40566539749999997
v -0.26198792449999997 0 0.39906716349999999
v -0.20947635149999999 0 0.40403521050000002
v -0.209511697 0 0.4136657715
v -0.19880431849999999 0 0.40605938399999997
v -0.16416507950000001 0 0.40225005150000004
v -0.17389017350000002 0 0.3937125205
v -0.1642246845 0 0.424352646
v -0.1567733885 0 0.43144774450000001
v -0.15257728100000001 0 0.42385053649999999
v -0.12281960250000001 0 0.41552460199999997
v -0.11721801749999999 0 0.40784907349999999
v -0.12971490600000002 0 0.40817582649999995
v -0.14767253400000002 0 0.41630339649999998
v -0.14022123800000003 0 0.42339849499999999
v -0.1115083097 0 0.40026521699999995
v -0.1056564452 0 0.39218699950000002
v -0.1157746315 0 0.42257642750000002
v -0.10935065145 0 0.42935323749999998
v -0.10389873395 0 0.42197465899999997
v -0.073814332499999996 0 0.4140256645
v -0.067870467899999995 0 0.40659630299999999
v -0.080097287899999994 0 0.40691494950000001
v -0.098181933249999992 0 0.41477108000000001
v -0.091757953199999992 0 0.42154789000000004
v -0.061772301799999998 0 0.39931440350000003
v -0.055865213299999994 0 0.39140474800000002
v -0.067490518100000008 0 0.42073619350000002
v -0.061209619050000004 0 0.42743587449999998
v -0.05530661345 0 0.42040669899999999
v -0.02445336805 0 0.413287878
v -0.018259573750000001 0 0.40610468399999999
v -0.030689589699999999 0 0.40617930899999999
v -0.049235448249999994 0 0.41353476049999999
v -0.042954549199999997 0 0.4202344415
v -0.012014599997999999 0 0.3989714385
v -0.0059856981979999994 0 0.39120340350000005
v -0.01823068785 0 0.4199664595
v -0.0120470248095 0 0.42662870899999999
v -0.0058396890595000008 0 0.4198755025
v 0.025420658300000003 0 0.41315638999999998
v 0.031687185150000005 0 0.4060412645
v 0.019192643450000001 0 0.4060475825
v 0.00045138225000000004 0 0.4131879805
v 0.0066350452904999999 0 0.41985022999999999
v 0.037963196599999999 0 0.39892745000000002
v 0.044014677399999994 0 0.39117717699999999
v 0.0315902084 0 0.41981542100000002
v 0.037757232750000001 0 0.42647552499999997
v 0.044082224350000004 0 0.41981017599999998
v 0.0754288137 0 0.41313922400000003
v 0.081718027599999993 0 0.40601825699999999
v 0.069209069000000012 0 0.40602266799999998
v 0.050417527550000008 0 0.41314685350000002
v 0.056584551900000002 0 0.41980695749999997
v 0.088036328450000007 0 0.39888358099999999
v 0.094145566149999999 0 0.39109301549999997
v 0.081594169150000007 0 0.41980111600000003
v 0.087754309000000003 0 0.426465869
v 0.09409791214999999 0 0.41979956600000001
v 0.12550276500000002 0 0.41311895850000002
v 0.13187187900000003 0 0.40597164600000002
v 0.119344115 0 0.40597510349999999
v 0.10045638665000001 0 0.41312861449999999
v 0.1066165265 0 0.41979336749999996
v 0.13830566399999999 0 0.39882230750000003
v 0.14464676399999998 0 0.39096653450000002
v 0.1316502095 0 0.41978895650000003
v 0.137770057 0 0.42646694200000002
v 0.14415037650000001 0 0.41979348650000003
v 0.1755788925 0 0.41317844400000003
v 0.18207407 0 0.40603959550000002
v 0.1695777775 0 0.4059895275
v 0.15055656449999999 0 0.41312193850000001
v 0.15667641199999999 0 0.41979992399999999
v 0.18862283200000002 0 0.39890861499999997
v 0.19523072200000002 0 0.39110958600000001
v 0.18163436650000001 0 0.41989016550000002
v 0.187553048 0 0.4267321825
v 0.1939938665 0 0.42007052899999997
v 0.22512495499999999 0 0.4139698745
v 0.23170828799999998 0 0.40681278700000001
v 0.21949016999999998 0 0.40642070750000003
v 0.200491011 0 0.41340315350000001
v 0.20640969249999999 0 0.42024517049999999
v 0.23825168600000002 0 0.3995453115
v 0.24499869350000003 0 0.39171910249999997
v 0.2307987215 0 0.42114388949999998
v 0.23628640200000001 0 0.42887496949999998
v 0.2428307535 0 0.42209303399999998
v 0.27039241749999998 0 0.4153952595
v 0.27674317349999999 0 0.40826487499999997
v 0.26700687400000001 0 0.40813350650000002
v 0.2489995955 0 0.41481292250000001
v 0.25448727599999998 0 0.42254400250000002
v 0.28404402750000002 0 0.40275537949999995
v 0.29130279999999997 0 0.39509284499999997
v 0.27614080900000004 0 0.4229536055
v 0.284739256 0 0.42851185800000002
v 0.28872716399999998 0 0.42108488050000004
v 0.30678915949999996 0 0.41808819750000004
v 0.30953013899999998 0 0.42866551850000001
v 0.31899368750000001 0 0.42011058300000004
v 0.28742957099999999 0 0.41001713249999999
v 0.296028018 0 0.41557538500000002
v 0.32685446699999998 0 0.41213345499999998
v 0.33542120450000001 0 0.40357816200000002
v 0.32412135600000003 0 0.44000792499999997
v 0.33357286450000001 0 0.44360017799999996
v 0.33118617549999996 0 0.434280157
v 0.37532770650000002 0 0.41732382800000001
v 0.38626551649999996 0 0.42151427299999999
v 0.38607513900000001 0 0.40948677099999997
v 0.33904695500000004 0 0.426303029
v 0.34880232799999999 0 0.42952811749999997
v 0.34721159899999998 0 0.41795873650000004
v 0.39575672149999996 0 0.4000524285
v 0.39485096949999998 0 0.426523924
v 0.40229010600000004 0 0.43413603300000003
v 0.4044520855 0 0.42128932500000005
v 0.41501557850000004 0 0.41909098649999998
v 0.42221665399999997 0 0.425180316
v 0.42534101050000001 0 0.41536986850000002
v 0.43359124699999996 0 0.40899980049999995
v 0.43622970599999999 0 0.42978704000000001
v 0.44633781900000002 0 0.43300533299999999
v 0.44265019900000002 0 0.42467749099999996
v 0.46762752549999997 0 0.40760624400000001
v 0.47468328500000001 0 0.41455841049999997
v 0.47447109249999997 0 0.40286910549999999
v 0.48136329649999998 0 0.39775276199999998
v 0.48138260850000003 0 0.42197012899999997
v 0.49061918250000003 0 0.42955949900000001
v 0.490763426 0 0.417410642
v -0.47809004799999999 0 0.42666137250000002
v -0.48365855250000001 0 0.43671119250000001
v -0.48098850250000003 0 0.44568252600000002
v -0.47482585900000002 0 0.44451284400000002
v -0.46797013300000001 0 0.44613552049999999
v -0.468564272 0 0.43725538249999996
v -0.46917128549999998 0 0.42644572250000001
v -0.43576610100000002 0 0.429386616
v -0.43661499000000004 0 0.44030785549999996
v -0.4023270605 0 0.43959867949999998
v -0.39615571500000002 0 0.43330073400000002
v -0.40569841849999999 0 0.43156516550000001
v -0.42060434800000002 0 0.43671524500000003
v -0.42719352249999998 0 0.44283151649999997
v -0.41845893850000004 0 0.44397938250000002
v -0.3895368575 0 0.42718660850000001
v -0.38308739650000001 0 0.42047321800000004
v -0.39903759949999995 0 0.44728779799999996
v -0.39654993999999999 0 0.45392251
v -0.39029669749999996 0 0.44796895999999997
v -0.35696101149999998 0 0.44225621250000002
v -0.34693312599999998 0 0.44456124299999999
v -0.34956145249999998 0 0.43587636949999997
v -0.38342475899999995 0 0.4435987475
v -0.38093709949999999 0 0.45023345950000004
v -0.34268414949999998 0 0.42917668799999997
v -0.34417068949999996 0 0.45295453099999999
v -0.33677113049999996 0 0.446574688
v -0.30197608500000001 0 0.43923568749999997
v -0.291786194 0 0.44227290149999998
v -0.29453384900000001 0 0.43298077600000001
v -0.32951414550000002 0 0.44065070149999996
v -0.326751709 0 0.44904398950000002
v -0.28656351550000003 0 0.426077604
v -0.28135716899999996 0 0.44475364699999997
v -0.27263212199999998 0 0.44850623649999999
v -0.27561891100000002 0 0.43977057949999998
v -0.24062085150000001 0 0.43287158000000003
v -0.2427214385 0 0.421382904
v -0.24999606600000002 0 0.42800497999999998
v -0.26714015000000002 0 0.43494272249999999
v -0.25739467150000001 0 0.4415084125
v -0.25764095749999999 0 0.432927966
v -0.2358596325 0 0.4426567555
v -0.22858500500000001 0 0.43603467949999997
v -0.20210564149999999 0 0.43130838900000001
v -0.194818139 0 0.42375230799999997
v -0.20612716650000001 0 0.423246026
v -0.2233804465 0 0.42852580549999997
v -0.21861922750000001 0 0.43831098099999999
v -0.18969374849999998 0 0.417358279
v -0.17904818049999999 0 0.411698699
v -0.18819409600000001 0 0.41003036500000001
v -0.19601357 0 0.4390807155
v -0.18969815949999999 0 0.44633030900000004
v -0.1844812035 0 0.43906426450000002
v -0.16172200450000002 0 0.43879115600000002
v -0.150074601 0 0.4382890465
v -0.17960870300000001 0 0.4318822625
v -0.1732932925 0 0.43913185600000004
v -0.13317626700000001 0 0.43045032049999998
v -0.12827152 0 0.42290318049999998
v -0.13695597649999999 0 0.45141172399999996
v -0.1303432585 0 0.45772838599999999
v -0.12514776 0 0.45073509199999995
v -0.096331626099999998 0 0.442373395
v -0.090949207549999994 0 0.43524336850000001
v -0.10285717245000001 0 0.43588149549999999
v -0.12000003449999999 0 0.44371497599999998
v -0.1133873165 0 0.45003163800000001
v -0.085434138800000003 0 0.428258419
v -0.079717338100000007 0 0.42105484000000004
v -0.089563399550000006 0 0.44871711749999998
v -0.082663208250000009 0 0.45509672150000002
v -0.077523469900000003 0 0.448114872
v -0.048293322350000001 0 0.44031775000000001
v -0.042613595749999997 0 0.43352103200000003
v -0.054705441 0 0.43390309800000004
v -0.072404414400000006 0 0.44121754200000002
v -0.065504223100000009 0 0.447597146
v -0.036731869 0 0.426913023
v -0.030660703800000001 0 0.42004108449999999
v -0.041305705949999993 0 0.44678759550000002
v -0.034487798850000001 0 0.45324563949999996
v -0.029383569999999998 0 0.44639372799999999
v 0.00045287239999999927 0 0.43935131999999999
v 0.0065521054405000001 0 0.43288934199999995
v -0.0057552590595000008 0 0.43299973000000003
v -0.0240279846 0 0.439698696
v -0.0172100775 0 0.44615674
v 0.012804595390500001 0 0.42650926099999997
v 0.0190956667 0 0.41982173899999997
v 0.0068886946149999996 0 0.44558072049999997
v 0.013117447015 0 0.45167660700000001
v 0.018988989300000002 0 0.44533681849999995
v 0.050122424949999994 0 0.43917560550000001
v 0.056431248749999996 0 0.432821393
v 0.043940424899999997 0 0.43282449249999999
v 0.025195919000000001 0 0.43920981849999996
v 0.0314246714 0 0.445305705
v 0.062749907349999995 0 0.42646884949999997
v 0.069085210549999998 0 0.41980552700000001
v 0.056333661049999997 0 0.44528210150000003
v 0.062546789650000004 0 0.451390505
v 0.068826377399999999 0 0.44528090949999999
v 0.1001132429 0 0.43917143349999999
v 0.10643586499999999 0 0.43281781649999995
v 0.093935429900000006 0 0.43281793599999996
v 0.075113028299999995 0 0.43917202950000001
v 0.081326156900000002 0 0.44528043299999998
v 0.11276397099999999 0 0.42646336549999997
v 0.11912244550000001 0 0.419792414
v 0.10632586499999999 0 0.44528031349999997
v 0.11253094699999999 0 0.451390505
v 0.11881876 0 0.44528150550000001
v 0.150033474 0 0.43924403199999995
v 0.15636944800000002 0 0.4328911305
v 0.14393424999999999 0 0.43282437350000003
v 0.12510597699999998 0 0.43917429450000001
v 0.13131105900000001 0 0.44528448599999998
v 0.16273188599999999 0 0.42651164549999998
v 0.169138074 0 0.41984009750000001
v 0.15608257050000002 0 0.4456373455
v 0.16175806500000001 0 0.4524233345
v 0.1681441665 0 0.44609677800000003
v 0.199011207 0 0.44018960000000001
v 0.20545768749999999 0 0.43376719949999998
v 0.19346606750000001 0 0.43333494650000004
v 0.17474412950000001 0 0.439534068
v 0.180419624 0 0.44632005699999999
v 0.212083459 0 0.42741918550000002
v 0.2185806035 0 0.42075181
v 0.20432841800000001 0 0.44703388199999999
v 0.20711982249999999 0 0.45383119549999995
v 0.21379423149999999 0 0.44741916650000002
v 0.2486991885 0 0.44740819949999999
v 0.25506067300000002 0 0.43833172349999999
v 0.24195694950000002 0 0.43890058999999998
v 0.223299146 0 0.44429945949999999
v 0.22609055049999999 0 0.45109677299999995
v 0.26023566749999999 0 0.43010234849999995
v 0.2664045095 0 0.42282223699999999
v 0.2969379425 0 0.44711685200000001
v 0.30298113799999998 0 0.43701589100000005
v 0.2912824155 0 0.43674409400000003
v 0.34924209100000003 0 0.44118309049999999
v 0.35740673499999998 0 0.43283879800000002
v 0.36624252800000001 0 0.42526757749999999
v 0.36668229099999999 0 0.43692255049999995
v 0.36704850150000001 0 0.44857311249999998
v 0.37588429449999999 0 0.44100189199999995
v 0.38446974750000001 0 0.44601154300000001
v 0.38410353699999999 0 0.43436098099999998
v 0.40929329400000003 0 0.43842875950000004
v 0.41512477400000003 0 0.44489347899999998
v 0.417722702 0 0.43536615350000002
v 0.42804813399999997 0 0.4316450355
v 0.43173575399999997 0 0.43997287750000003
v 0.45190572750000002 0 0.43790090049999997
v 0.45895290399999999 0 0.44496560099999999
v 0.45980548850000003 0 0.43496048450000002
v 0.49061918250000003 0 0.44205948699999997
v 0.5 0 0.4375
v 0.46734619150000001 0 0.43066036699999999
v 0.47404551500000003 0 0.43807208549999999
v 0.47453904150000004 0 0.42670726749999999
v -0.45218896850000001 0 0.45169496549999999
v -0.4610977175 0 0.44860982900000002
v -0.43280124650000001 0 0.45664882699999998
v -0.42937719800000002 0 0.46459722549999999
v -0.42162406450000001 0 0.45804405250000002
v -0.45052063450000002 0 0.46077179950000002
v -0.44222271400000002 0 0.45412516599999997
v -0.41516947749999999 0 0.451668501
v -0.40858030300000003 0 0.44555222950000001
v -0.42570936700000001 0 0.47267627749999996
v -0.421184063 0 0.47992420199999997
v -0.413674712 0 0.47324037549999998
v -0.40720570099999998 0 0.46648001699999997
v -0.40268039700000002 0 0.47372794149999997
v -0.37314569949999998 0 0.4549593925
v -0.38001763799999999 0 0.45932960499999997
v -0.33158409599999999 0 0.461685181
v -0.32185029949999999 0 0.46429443349999999
v -0.32427489749999999 0 0.45757722849999999
v -0.3170179125 0 0.45165324200000001
v -0.3133159875 0 0.46895933150000002
v -0.30274617700000001 0 0.47162055999999997
v -0.30397129049999999 0 0.46284770949999998
v -0.26769280399999995 0 0.45528221149999998
v -0.26195454600000001 0 0.45029914399999998
v -0.29631495499999999 0 0.45701837550000002
v -0.28588592999999995 0 0.45949912100000001
v -0.28879940500000001 0 0.45100855849999999
v -0.263732195 0 0.46304202100000003
v -0.25892591500000001 0 0.4700932505
v -0.25220894799999999 0 0.46412634850000001
v -0.22366982699999999 0 0.45955109599999999
v -0.2180584075 0 0.45290470150000001
v -0.22943520550000002 0 0.45246624950000003
v -0.2460309265 0 0.45809388149999997
v -0.2412246465 0 0.465145111
v -0.21252715599999999 0 0.44608330750000003
v -0.20732259749999998 0 0.43857443350000003
v -0.21817940499999999 0 0.46614623100000002
v -0.21223795449999999 0 0.47246718399999998
v -0.20635157849999999 0 0.46631050100000004
v -0.177342474 0 0.45979166049999998
v -0.17190116599999999 0 0.45290899299999998
v -0.18360710099999999 0 0.4531965255
v -0.200670719 0 0.46003437050000001
v -0.1947292685 0 0.46635532349999997
v -0.166594505 0 0.44597315800000004
v -0.17111355049999999 0 0.46592164050000001
v -0.16465669900000002 0 0.47195529899999999
v -0.1591796875 0 0.46553778649999999
v -0.13547468200000001 0 0.46446418749999996
v -0.12366646549999999 0 0.46378755549999995
v -0.153894007 0 0.45895457299999998
v -0.1474371555 0 0.46498823150000002
v -0.10661908995 0 0.45637536049999999
v -0.10147136444999999 0 0.44935524449999997
v -0.1098546385 0 0.47588109950000002
v -0.10269322975 0 0.48202395450000002
v -0.097552508250000003 0 0.47553658500000001
v -0.068101912700000003 0 0.46798086149999996
v -0.063243985150000001 0 0.46105718600000001
v -0.075481206150000008 0 0.46141815149999998
v -0.09252652535 0 0.4688677785
v -0.087521135799999997 0 0.46202039699999997
v -0.099708527450000001 0 0.46254634849999998
v -0.058516606700000001 0 0.45406699149999996
v -0.053397551199999997 0 0.44716966150000004
v -0.060769557949999997 0 0.474382162
v -0.053007587799999999 0 0.48083996750000002
v -0.048102721550000005 0 0.47407770149999995
v -0.019771125189999999 0 0.46568179100000001
v -0.015329804289999999 0 0.45881938899999997
v -0.027006983799999999 0 0.45971417400000003
v -0.043656498200000005 0 0.467098236
v -0.035894528049999999 0 0.47355604149999997
v -0.010774255284999999 0 0.45238614050000003
v -0.0054186698850000005 0 0.44569110850000004
v -0.01023693009 0 0.47245264050000002
v -0.0032971966900000003 0 0.47683405899999998
v -0.0011542122800000006 0 0.46916842450000001
v 0.025893382749999999 0 0.46330499650000001
v 0.031429648400000003 0 0.4572839735
v 0.01968147605 0 0.457453728
v 0.0030256323599999998 0 0.46413087850000001
v 0.0099653657600000008 0 0.46851229700000002
v 0.037635907500000003 0 0.45141220100000001
v 0.043842837199999998 0 0.44528520100000002
v 0.031869404050000001 0 0.46870422349999996
v 0.03807399425 0 0.47429895399999999
v 0.0438461453 0 0.46872997250000004
v 0.075013756749999994 0 0.46312642100000001
v 0.08127471805 0 0.45725774800000002
v 0.068778544699999999 0 0.45725798600000001
v 0.050079569250000004 0 0.46313095049999997
v 0.056284159450000003 0 0.46872568100000001
v 0.087538779000000011 0 0.45138931300000001
v 0.093825429900000007 0 0.44528043299999998
v 0.081256926049999997 0 0.468727112
v 0.087501764300000007 0 0.47432804099999998
v 0.09375476834999999 0 0.468727112
v 0.12427413500000001 0 0.46449470500000001
v 0.1305348875 0 0.458627224
v 0.1187630895 0 0.45725917799999999
v 0.10000613354999999 0 0.46312642100000001
v 0.1062509718 0 0.46872734999999999
v 0.1373601555 0 0.45167779949999998
v 0.14364737249999998 0 0.44557058849999998
v 0.12856030500000001 0 0.47031116500000003
v 0.1315359475 0 0.47793436049999999
v 0.13902157549999999 0 0.47348594649999998
v 0.17132639900000002 0 0.46718263650000003
v 0.17867398249999999 0 0.45995616950000001
v 0.16647207749999998 0 0.46010923400000003
v 0.14758521350000001 0 0.46659922600000003
v 0.15056085600000002 0 0.47422242149999999
v 0.18573683499999999 0 0.45316433899999997
v 0.19233679799999998 0 0.446601629
v 0.1757654545 0 0.47451305399999999
v 0.1801015135 0 0.48140668850000001
v 0.18786436300000001 0 0.47392320649999997
v 0.2181324955 0 0.46654868100000002
v 0.22282958 0 0.45985150299999999
v 0.21188855149999999 0 0.46091365799999995
v 0.1953598855 0 0.46732020399999996
v 0.1996959445 0 0.47421383849999998
v 0.22284358700000001 0 0.47328114500000001
v 0.2283819315 0 0.4807548525
v 0.23461186849999999 0 0.47296023349999999
v 0.25739264500000003 0 0.47194838549999996
v 0.2455626725 0 0.47226142900000001
v 0.25198018550000001 0 0.48012089749999998
v 0.24002432800000001 0 0.46478772150000003
v 0.280892849 0 0.47160887750000002
v 0.29268968149999997 0 0.47160506250000001
v 0.28634750850000001 0 0.46411466600000001
v 0.33369350399999997 0 0.45385932949999996
v 0.34075832350000002 0 0.4481315615
v 0.2916917805 0 0.45547795299999999
v 0.30339050299999998 0 0.45574975000000001
v 0.3493627305 0 0.45144224199999999
v 0.34969174849999995 0 0.46200442350000004
v 0.35817551599999997 0 0.45505595249999997
v 0.37777435749999999 0 0.46286559100000002
v 0.3871154785 0 0.46687817600000003
v 0.38559162599999997 0 0.45666503899999999
v 0.39381086850000002 0 0.45002412800000002
v 0.41966795899999998 0 0.45103943300000005
v 0.42560028999999999 0 0.45765995950000005
v 0.42948651300000001 0 0.44845139950000001
v 0.43766808499999998 0 0.44659340400000003
v 0.43235230450000001 0 0.46415257450000003
v 0.42253375049999997 0 0.466740608
v 0.46539592750000003 0 0.4500288965
v 0.47145175950000001 0 0.459058523
v 0.47290849700000004 0 0.45105481149999999
v 0.48010134700000001 0 0.44710171199999998
v -0.46760940549999996 0 0.4639239315
v -0.46735930450000002 0 0.45586729049999997
v -0.47448182100000003 0 0.46144962300000003
v -0.49124121649999997 0 0.46584686650000001
v -0.5 0 0.46250000600000002
v -0.49124121649999997 0 0.47834688450000001
v -0.44647610199999999 0 0.479091883
v -0.43688654900000001 0 0.47128105200000003
v -0.450143933 0 0.47101283100000002
v -0.47110795950000001 0 0.48025870349999999
v -0.47874121349999998 0 0.49084687250000003
v -0.46736674 0 0.48941183099999996
v -0.43446958050000001 0 0.447571993
v -0.44160935300000004 0 0.48968005199999998
v -0.4375 0 0.5
v -0.42910936499999996 0 0.48968005199999998
v -0.41707470999999996 0 0.49024414999999999
v -0.39079666150000003 0 0.47356271750000001
v -0.3972656725 0 0.48032307600000002
v -0.39269097149999999 0 0.49007892600000003
v -0.38750000299999998 0 0.5
v -0.3801909685 0 0.49007892600000003
v -0.349340439 0 0.48027372400000001
v -0.34273183350000003 0 0.47365188599999997
v -0.35454189749999998 0 0.47351741800000002
v -0.37326621999999998 0 0.48014855400000001
v -0.36807525149999998 0 0.49006962799999998
v -0.34376518449999999 0 0.49020409600000003
v -0.337499991 0 0.5
v -0.33126518150000001 0 0.49020409600000003
v -0.2985736135 0 0.47927808799999999
v -0.28922891649999999 0 0.47316646600000001
v -0.32481062449999998 0 0.47907018700000004
v -0.31854543099999999 0 0.488866091
v -0.28192532100000001 0 0.4672589305
v -0.27440977099999997 0 0.46124911349999997
v -0.29252818250000001 0 0.49041199699999999
v -0.28749999399999998 0 0.5
v -0.28002816450000001 0 0.49041199699999999
v -0.24857175349999999 0 0.4831149575
v -0.24196469799999998 0 0.47739672649999998
v -0.25400972350000001 0 0.476895809
v -0.272836566 0 0.48171901699999997
v -0.26780837749999997 0 0.49130702000000004
v -0.23573422449999998 0 0.47174024599999997
v -0.22955620300000001 0 0.46570777900000004
v -0.24326336399999998 0 0.49180793749999996
v -0.23749999700000002 0 0.5
v -0.230763361 0 0.49180793749999996
v -0.20021122699999999 0 0.48402953100000001
v -0.19424098749999999 0 0.47832536650000002
v -0.20638036749999999 0 0.4783356185
v -0.22443866749999999 0 0.48382782899999999
v -0.2186753005 0 0.49201989150000003
v -0.18850034500000001 0 0.47248530350000001
v -0.18281948549999999 0 0.46620917299999998
v -0.19403591749999999 0 0.49200963949999998
v -0.18749998499999998 0 0.5
v -0.18153591450000001 0 0.49200963949999998
v -0.15158188350000001 0 0.48336005199999998
v -0.14606690449999998 0 0.47731733300000001
v -0.158237815 0 0.47761416400000001
v -0.1759123205 0 0.48383808100000003
v -0.16937638799999999 0 0.49182844149999999
v -0.14076036250000001 0 0.47104740099999998
v -0.14470548950000001 0 0.49153161049999999
v -0.13750000299999998 0 0.5
v -0.1322054865 0 0.49153161049999999
v -0.12720316649999999 0 0.48271584499999998
v -0.11999768 0 0.49118423450000004
v -0.078032761849999993 0 0.48141193400000004
v -0.07300677894999999 0 0.47474312750000003
v -0.085365116599999999 0 0.4750106335
v -0.095195546749999999 0 0.49083971999999998
v -0.087499991050000003 0 0.5
v -0.082695543799999993 0 0.49083971999999998
v -0.070337206149999998 0 0.49057221400000001
v -0.026360332949999999 0 0.48032689099999998
v -0.021914109599999999 0 0.47334742549999997
v -0.045170366749999996 0 0.49026775349999996
v -0.037499994049999999 0 0.5
v -0.032670378700000002 0 0.49026775349999996
v 0.00056414305000000026 0 0.482009411
v 0.0096468608600000002 0 0.47872519499999999
v -0.018689960250000002 0 0.49005913749999996
v 0.015941387059999999 0 0.47391152400000003
v 0.020121231699999999 0 0.46887397799999997
v 0.0067541003000000004 0 0.49195027349999998
v 0.0125000179 0 0.5
v 0.0192541182 0 0.49195027349999998
v 0.050065711100000007 0 0.48493075350000003
v 0.056279480450000002 0 0.47963762249999997
v 0.043836966150000004 0 0.47961783400000002
v 0.0255656987 0 0.48440575600000002
v 0.031311616299999998 0 0.49245548250000004
v 0.06252732875 0 0.474326372
v 0.068760752700000011 0 0.46872734999999999
v 0.056254118650000004 0 0.49247527099999999
v 0.0625 0 0.5
v 0.068754106750000002 0 0.49247527099999999
v 0.102579981 0 0.48598170299999999
v 0.10882970680000001 0 0.48066949849999996
v 0.093749880799999991 0 0.47964024549999995
v 0.075004190200000001 0 0.48495149599999998
v 0.081250071549999997 0 0.49247622499999999
v 0.1105371418 0 0.47454381000000001
v 0.116788507 0 0.46894311899999996
v 0.10882991550000001 0 0.493505478
v 0.11250001200000001 0 0.5
v 0.1213299035 0 0.493505478
v 0.1549999115 0 0.48155283900000001
v 0.16356354950000002 0 0.47466611849999996
v 0.14599862699999999 0 0.49055457099999999
v 0.15900132049999999 0 0.49099826800000002
v 0.20440703599999999 0 0.48094630250000003
v 0.2119025585 0 0.47434330000000002
v 0.196100205 0 0.4904084205
v 0.20830681899999998 0 0.49053788200000004
v 0.26918041700000001 0 0.4719631675
v 0.26276290400000002 0 0.46410369900000004
v 0.25690507900000004 0 0.48990392699999996
v 0.262500018 0 0.5
v 0.26940509700000004 0 0.48990392699999996
v 0.29937028900000001 0 0.47947812099999998
v 0.30482494849999997 0 0.47198390950000002
v 0.27552259000000001 0 0.479453564
v 0.28111752899999998 0 0.48954963699999998
v 0.30968070049999996 0 0.46457576749999996
v 0.31492686250000002 0 0.45621466649999998
v 0.29361751699999999 0 0.48954963699999998
v 0.305752784 0 0.489928484
v 0.329556346 0 0.47149538999999996
v 0.31636130800000001 0 0.47244882599999999
v 0.32470059400000001 0 0.47890353200000002
v 0.36737751949999997 0 0.45913529399999997
v 0.37222826450000002 0 0.478399992
v 0.36890137200000001 0 0.46934843100000001
v 0.3618314265 0 0.474669695
v 0.3922600745 0 0.47439003000000002
v 0.38403856749999998 0 0.48001956950000002
v 0.39700043200000001 0 0.48133087149999998
v 0.40535724149999997 0 0.46046280849999999
v 0.41123855100000001 0 0.45410203900000001
v 0.40081405650000002 0 0.45431685450000003
v 0.41725385199999998 0 0.47446727749999995
v 0.41050183750000002 0 0.46797466249999997
v 0.40780207550000003 0 0.49375224100000004
v 0.41250002399999997 0 0.5
v 0.42030206349999999 0 0.49375224100000004
v 0.45789098750000001 0 0.46399927149999998
v 0.45749616650000002 0 0.4529693125
v 0.45144796399999998 0 0.45893597600000002
v 0.48989367500000003 0 0.490703583
v 0.5 0 0.48750001200000004
v 0.48989367500000003 0 0.47820359499999998
v 0.47055625950000002 0 0.48254632949999998
v 0.46816259650000003 0 0.49184274650000004
v 0.47739368700000001 0 0.490703583
v 0.38349473449999999 0 0.37074589749999998
v 0.40599977949999999 0 0.402490497
v 0.28326761700000003 0 0.37619411950000003
v 0.23391473299999999 0 0.37485134600000003
v 0.13167965449999999 0 0.37434875950000002
v 0.14446431400000001 0 0.40596616250000001
v -0.31489062300000004 0 0.396767378
v -0.32587301749999997 0 0.39481508749999999
v 0.080797910700000003 0 0.37473845500000003
v 0.094256073149999994 0 0.40600013699999998
v 0.030639827249999998 0 0.37487316100000001
v 0.33053851150000002 0 0.38102722150000001
v 0.3295954465 0 0.42271077600000001
v 0.32386255250000001 0 0.45718431500000001
v 0.31757235500000003 0 0.4483582975
v 0.2432852985 0 0.45603299149999998
v 0.25638902200000002 0 0.455464125
v 0.20242273799999999 0 0.46052837349999998
v 0.007581181365 0 0.45769763000000002
v 0.0198027268 0 0.47908687599999999
v -0.2777527575 0 0.47491645849999997
v 0.44928836849999998 0 -0.28625822049999999
v 0.45798015599999997 0 -0.28490042650000003
v 0.45026493099999998 0 -0.26673185799999999
v 0.45718455349999998 0 -0.26265406599999996
v 0.45913720149999998 0 -0.27369272700000002
v 0.44347930000000002 0 0.40139985049999999
v 0.1544104815 0 0.45964980150000001
v 0.142871201 0 0.4589133265
v 0.1062701945 0 0.45725798600000001
v 0.093773991050000005 0 0.45725774800000002
v 0.441239357 0 0.35609841349999999
v 0.47303509700000002 0 0.33125388649999998
v 0.44187736499999997 0 0.147530258
v 0.473203182 0 0.13820278650000001
v 0.38372302050000001 0 0.07316768165000001
v 0.40313839900000004 0 0.091766774649999994
v 0.46109747899999998 0 0.027267210199999999
v 0.46129798900000002 0 0.017828796049999998
v 0.38368892649999997 0 -0.27975177750000002
v 0.3834917545 0 -0.29243826849999999
v 0.3827806715 0 0.11638957250000001
v 0.38658857349999998 0 0.15520215050000002
v 0.4595575335 0 0.085524618600000005
v 0.45043373149999999 0 0.081527918549999995
v 0.38153791400000003 0 0.320366502
v 0.40313541899999999 0 0.3525350095
v 0.45957040800000004 0 0.23895931200000001
v 0.45080065700000005 0 0.24277949300000001
v 0.46378254899999999 0 0.28685474399999999
v 0.47236537950000002 0 0.2822864055
v 0.4605128765 0 0.22758948800000001
v 0.462528944 0 0.21829044850000001
v 0.38225233550000004 0 0.27123630050000003
v 0.40301537500000001 0 0.24499297149999999
v -0.01935147865 0 0.37490034100000003
v -0.0057783783480000002 0 0.40608000750000001
v -0.1881587505 0 0.40039980399999997
v 0.081030964849999998 0 -0.47182059300000001
v 0.099906116700000006 0 -0.44389605500000001
v 0.37967824950000001 0 -0.47100877750000003
v 0.396103382 0 -0.44064116450000002
v -0.20962637649999999 0 0.39254367349999997
v 0.43281757850000002 0 -0.22025614999999998
v 0.43762719650000004 0 -0.21081286700000001
v 0.46505546549999999 0 -0.217350602
v 0.32991015899999998 0 -0.4739058015
v 0.355562508 0 -0.48996472349999998
v 0.38462686499999998 0 -0.082526922249999995
v -0.069295644749999996 0 0.37512838849999997
v -0.0554893464 0 0.40642511849999996
v -0.1190904975 0 0.37550032150000001
v -0.1046130062 0 0.40761399249999997
v 0.20170980699999999 0 -0.40925908050000004
v 0.40479278549999997 0 -0.20558583750000001
v 0.46247410750000001 0 -0.2266272305
v 0.01862433925 0 -0.4592740535
v 0.40579769050000003 0 -0.49001789100000004
v 0.26777613150000001 0 -0.4583051205
v 0.262500018 0 -0.5
v 0.25576865650000002 0 -0.49008297899999997
v 0.26053738599999998 0 -0.40941870199999997
v 0.0039424486250000008 0 -0.41913402099999997
v 0.0090133007400000006 0 -0.42818057549999999
v -0.29537200949999998 0 -0.41883611700000001
v -0.29029285900000001 0 -0.42894220350000001
v -0.038929119749999998 0 0.46010804150000001
v -0.051137313249999997 0 0.46062970149999999
v 0.44765329349999999 0 -0.116827667
v 0.21403008700000001 0 -0.45584082599999998
v 0.38383102400000002 0 -0.12550801
v 0.39905345400000003 0 -0.10425528884999999
v -0.28749999399999998 0 -0.5
v -0.29396191249999998 0 -0.49006533600000002
v 0.13065004349999998 0 -0.4427683355
v 0.4614777565 0 -0.17489945899999998
v 0.46288371100000003 0 -0.185629189
v 0.23749625699999999 0 -0.42456841499999998
v -0.39201021199999997 0 0.46078562750000002
v -0.38421881199999997 0 0.46551156049999998
v -0.360079765 0 0.46547555899999998
v -0.35113298849999997 0 0.45891833299999996
v -0.36327946150000001 0 0.45749831200000002
v 0.13071012500000001 0 -0.47347545600000002
v -0.48039436349999998 0 0.45456266400000001
v 0.4606981275 0 -0.163329899
v 0.45260715500000004 0 -0.15989750599999999
v 0.4727973935 0 -0.12401944400000001
v -0.40075111399999996 0 0.4601044655
v -0.3788040875 0 0.47210669500000002
v -0.411745429 0 0.45961689949999995
v -0.11675590299999999 0 0.46995854349999999
v -0.1116244795 0 0.46322274200000002
v -0.24147105200000002 0 0.44930314999999998
v -0.23029625449999999 0 0.47795939450000002
v 0.40654075150000002 0 -0.14850097899999998
v -0.340970993 0 0.46093177799999996
v -0.338546395 0 0.46764898300000002
v -0.33334493649999997 0 0.47440528900000001
v -0.1433918475 0 0.44502544399999999
v -0.14858734600000001 0 0.45201873800000003
v -0.134104431 0 0.47679328899999995
v -0.1951394675 0 0.45321297650000003
v -0.20676177749999999 0 0.45316815399999999
v -0.18233120450000001 0 0.47817921600000002
v -0.0035383966750000004 0 0.45835375750000001
v 0.40385842350000001 0 -0.001521548255
v 0.441843033 0 -0.057346567500000001
v 0.47142529499999997 0 -0.063746750349999992
v 0.46041440950000001 0 -0.078594267349999997
v -0.46066212649999999 0 0.091012954700000009
v -0.45339035999999999 0 0.096006989500000001
v -0.44217753449999997 0 0.010230286065
v -0.40679216400000001 0 0.007946292399999999
v -0.47336053850000004 0 0.018302552400000002
v -0.49002170550000002 0 -0.0066835731500000002
v 0.4501578805 0 -0.018673237400000001
v 0.44113969799999997 0 -0.01110514625
v 0.45880651449999998 0 -0.0141631402
v -0.5 0 0.087500006049999995
v -0.49060940750000004 0 0.093160480350000005
v -0.0017430428399999999 0 -0.408310652
v 0.47508025149999999 0 -0.414577484
v -0.3016723395 0 -0.40693378450000001
v -0.29099869700000003 0 -0.38622641550000003
v -0.41206681749999996 0 0.092294872
v 0.31018316749999997 0 -0.38542926300000002
v 0.33681571499999996 0 -0.40595221500000001
v 0.45042693649999999 0 -0.35966718200000003
v 0.4769632815 0 -0.369913459
v 0.21250000599999999 0 -0.5
v 0.2054905595 0 -0.49000906950000001
v 0.0125000179 0 -0.5
v 0.0060866623999999998 0 -0.49042844750000003
v -0.40911471850000003 0 0.124093592
v -0.41823744750000003 0 0.13205641500000001
v 0.24245738999999999 0 -0.389989853
v -0.406089902 0 0.15846252449999998
v -0.5 0 0.137500018
v -0.49006533600000002 0 0.14320358650000001
v -0.45731353750000003 0 0.13906002049999999
v -0.44832229649999999 0 0.15630716049999999
v -0.45527243649999999 0 0.1477847695
v 0.37647795699999997 0 -0.38167071350000004
v 0.38042926799999999 0 -0.34503459949999998
v -0.40677463999999997 0 0.1945064665
v -0.49037361150000003 0 0.19358781
v -0.474498749 0 0.21782106200000001
v 0.36667060849999999 0 -0.38669323899999997
v 0.41155099849999999 0 -0.39411640150000005
v 0.40688037850000003 0 -0.40327203300000003
v -0.41707789900000003 0 0.20071774749999999
v -0.44380390650000001 0 0.2062078715
v -0.45185399049999997 0 0.200061977
v -0.39766085149999997 0 0.25577878949999999
v -0.49070596700000002 0 0.24322485900000002
v -0.47380924199999996 0 0.26643741100000001
v -0.3874034885 0 -0.29093670849999997
v -0.43737852599999999 0 -0.29262900349999998
v -0.43107151999999999 0 -0.28356575950000001
v -0.42789018150000002 0 0.25898575749999997
v -0.43532776849999999 0 0.25531613799999997
v -0.44441449649999998 0 0.25155198550000002
v -0.47412371650000001 0 -0.28318107150000005
v -0.44412887099999998 0 -0.29685151600000004
v 0.38172554999999997 0 -0.33204126349999996
v 0.46250000600000002 0 -0.5
v 0.46811589600000003 0 -0.492953539
v -0.49076747900000001 0 -0.30628958350000002
v 0.4617516995 0 -0.32322394850000002
v -0.41915440599999998 0 0.32895147800000002
v -0.40889370450000001 0 0.3294605015
v -0.40143168000000001 0 0.34862482550000001
v -0.40492093600000001 0 0.33920013900000001
v 0.106135547 0 -0.49026131649999999
v -0.45804071400000002 0 0.34001362349999997
v -0.450290203 0 0.35714912399999998
v -0.45534682250000003 0 0.34936773799999998
v 0.15561696899999999 0 -0.49021410949999999
v -0.5 0 0.33750000600000002
v -0.49015450500000002 0 0.343300402
v -0.5 0 0.387500018
v -0.489993334 0 0.3928762375
v -0.2454748155 0 0.39970207199999996
v -0.40816509749999996 0 0.3828191755
v -0.4044754505 0 0.39202940450000001
v -0.36192572099999998 0 0.37466096849999997
v -0.37245571599999999 0 0.372300148
v -0.41827082650000003 0 0.3808687925
v -0.400671363 0 0.4010168315
v -0.45827555649999996 0 0.38820147500000002
v -0.46391439449999999 0 0.40610897499999998
v -0.45533966999999997 0 0.40944850399999999
v -0.45633149149999996 0 0.39829873999999998
v -0.35957527150000002 0 0.40920042950000002
v -0.16878855250000002 0 0.41056311150000002
v -0.15540510400000002 0 0.40844237799999999
v -0.456423521 0 -0.210491657
v -0.44692683249999998 0 -0.193855047
v -0.45398187649999999 0 -0.20215165600000001
v -0.25019836449999999 0 -0.41068577750000002
v 0.044191211450000004 0 0.4060362575
v -0.5 0 -0.212499991
v -0.48987078649999999 0 -0.2067545355
v 0.18319576949999999 0 0.37448847299999999
v -0.39274311049999999 0 -0.077717155199999999
v -0.40673255899999999 0 -0.076882094149999997
v -0.40941703350000003 0 -0.22514742599999998
v -0.41819024100000002 0 -0.21738165600000001
v -0.13156449799999997 0 -0.42659592599999996
v -0.119510591 0 -0.42742824550000003
v 0.24388647099999999 0 0.40709447850000002
v 0.19462394700000002 0 0.4060975315
v -0.087499991050000003 0 -0.5
v -0.09437175095 0 -0.49038386349999996
v -0.40586578849999999 0 -0.19165074799999998
v 0.346117854 0 0.40640854800000004
v 0.40757644199999998 0 0.41147887750000001
v -0.19921129949999999 0 -0.41488826299999998
v -0.19237381199999998 0 -0.42423105249999998
v 0.442430139 0 0.41385924799999996
v 0.490763426 0 0.40491065400000004
v -0.4718978405 0 -0.18226194350000002
v -0.30131208850000002 0 0.400997877
v -0.27586519700000001 0 0.43119013299999998
v -0.27808475450000003 0 0.42124974699999995
v -0.43200397499999998 0 -0.1833589075
v -0.42354905600000003 0 -0.17834216349999998
v -0.23749999700000002 0 -0.5
v -0.2225729675 0 -0.48802471150000004
v -0.064191877800000005 0 -0.43177938449999997
v -0.41642606250000003 0 -0.47150540350000003
v -0.39455147099999999 0 -0.49041223550000002
v 0.0066963560020000005 0 0.406054735
v 0.019012726850000002 0 0.43286085099999999
v 0.15699034950000001 0 0.40597260000000002
v -0.003303626555 0 -0.443450332
v -0.013629764345 0 -0.44284415249999998
v 0.10677468749999999 0 0.40599393849999998
v 0.20703977299999998 0 0.40627217300000001
v 0.21762859849999999 0 0.43427383899999999
v 0.40754306299999998 0 -0.16715467000000001
v 0.40919852249999999 0 -0.15760231050000001
v 0.25554299349999998 0 0.40754544700000001
v 0.26697790649999997 0 0.43860995800000002
v 0.1905911565 0 0.46023774149999996
v 0.45253825199999997 0 0.417077541
v 0.46029901500000003 0 0.42359566650000002
v 0.46007895500000001 0 0.41277742350000002
v -0.24474597000000001 0 0.4105529785
v -0.47345018400000005 0 -0.48313856099999997
v -0.48064923300000001 0 -0.48122739800000003
v -0.47294998150000001 0 -0.23270130150000001
v -0.44180643549999998 0 -0.2417514325
v -0.44919824600000002 0 -0.2435404065
v -0.48980450649999996 0 -0.1567549855
v -0.47124934200000002 0 -0.13040703549999999
v 0.443749905 0 -0.156498313
v -0.31210923200000001 0 0.43653178250000002
v -0.309361577 0 0.44582390799999999
v -0.38750000299999998 0 -0.5
v -0.44052982350000003 0 -0.14383858399999999
v -0.1198245285 0 -0.47392964400000004
v -0.070259600849999992 0 -0.47396635999999998
v -0.044109791499999995 0 -0.49006772050000003
v 0.031448408949999999 0 0.43282973749999998
v -0.5 0 -0.11249999699999999
v -0.48996925349999998 0 -0.10669438549999999
v 0.13143408299999998 0 0.43281984350000002
v -0.45619750000000003 0 -0.112528801
v -0.44783711400000004 0 -0.093963712399999996
v -0.45691204050000001 0 -0.10031205409999999
v 0.081431686899999994 0 0.43281948599999998
v 0.27352106600000003 0 0.44684219400000003
v 0.27869606050000001 0 0.43861281899999999
v -0.42375194999999999 0 -0.116028726
v -0.41499233250000001 0 -0.12095600349999999
v 0.22992491749999999 0 0.43795144549999998
v 0.39969217800000001 0 0.44366335849999999
v 0.44548523449999999 0 0.44301044950000001
v -0.47203850749999998 0 -0.082288086400000002
v -0.25245535349999998 0 0.44828438749999999
v -0.16032987799999998 0 0.45256829300000001
v -0.30688476549999999 0 0.45435714699999996
v 0.44364809999999999 0 -0.276925802
v 0.44071888949999999 0 -0.2854135035
v -0.44036853300000001 0 -0.093957990399999997
v -0.43435585499999996 0 -0.085595667350000001
v 0.056285828350000004 0 0.45725917799999999
v 0.068756073700000003 0 0.47963929149999995
v -0.40313208099999998 0 -0.408918381
v -0.38979530299999998 0 -0.3808162215
v 0.043847814200000002 0 0.45726346949999996
v -0.41734695449999998 0 -0.07558101415
v 0.11936724200000001 0 0.48088526749999999
v -0.45772504800000002 0 -0.44957685450000001
v -0.45649623900000003 0 -0.45834445950000002
v -0.34523022199999998 0 -0.407241464
v -0.33838415150000001 0 -0.38356733300000001
v -0.45885324500000002 0 -0.0570229888
v -0.45204877850000003 0 -0.051911249749999999
v -0.14560580249999999 0 -0.38567364199999998
v 0.23233449449999999 0 0.45673179600000002
v 0.268176794 0 0.45547890700000004
v 0.27989494800000003 0 0.45548176800000001
v -0.5 0 -0.062499985100000002
v -0.49003624899999998 0 -0.056721344600000001
v 0.44323599349999998 0 0.4514889715
v 0.44363081450000003 0 0.46251893050000004
v -0.41447079149999999 0 -0.4055725335
v 0.42154252550000004 0 0.26813614350000003
v -0.18749998499999998 0 -0.5
v -0.192384571 0 -0.49049854300000001
v 0.40007734299999997 0 0.46818947799999999
v -0.30604544300000003 0 0.488866091
v -0.26553297050000002 0 0.47581148150000002
v -0.47087645550000001 0 -0.37541377549999999
v -0.44880187500000002 0 -0.39812469500000003
v -0.48766732199999996 0 -0.40497966100000005
v 0.137500018 0 0.5
v 0.1338299215 0 0.493505478
v -0.1948764325 0 -0.40423405199999995
v -0.18967753650000002 0 -0.39444077049999998
v -0.19758987450000001 0 -0.38342845449999996
v -0.337499991 0 -0.5
v -0.3442506045 0 -0.49010157600000004
v -0.36678910249999996 0 -0.3941121105
v 0.081252038499999998 0 0.47964024549999995
v 0.087500006049999995 0 0.5
v 0.093750089499999995 0 0.49247622499999999
v 0.458107233 0 -0.025530137099999999
v -0.019440799949999997 0 -0.4721858505
v -0.0061899572500000001 0 0.49005913749999996
v 0.031860224899999998 0 0.479592085
v -0.5 0 -0.012500003000000001
v 0.33104801149999996 0 0.46171569849999999
v 0.33750000600000002 0 0.5
v 0.34394782800000001 0 0.48897504800000002
v 0.33144781000000001 0 0.48897504800000002
v -0.207271278 0 -0.40442252199999995
v -0.41879999649999999 0 -0.01723105833
v 0.23257511850000001 0 0.49021697050000002
v 0.23750001199999998 0 0.5
v 0.2450751065 0 0.49021697050000002
v -0.45759415599999997 0 -0.010131973755000001
v -0.44888520249999997 0 0.00609338472
v -0.45562672599999998 0 -0.0020901206849999999
v 0.45130121749999996 0 0.48453354800000004
v 0.45658397699999997 0 0.47682571400000001
v 0.44656002550000001 0 0.47767376900000003
v 0.46603107450000003 0 0.46490311600000001
v 0.47354364400000004 0 0.46592903099999999
v -0.40972912299999997 0 -0.024667732400000003
v -0.106799096 0 -0.40912008300000002
v -0.48977470400000001 0 -0.35502819699999999
v -0.47460770600000002 0 -0.33022141449999998
v -0.37077772650000002 0 -0.47250890750000002
v -0.35161280649999999 0 -0.44585728650000001
v -0.041836544899999994 0 -0.387900829
v 0.42557775949999999 0 0.016504488880000001
v -0.33545279500000003 0 -0.45787763599999998
v 0.44249629950000002 0 -6.6030769999999867e-05
v 0.40509843800000001 0 0.033320456749999998
v 0.40315997599999998 0 0.046069473050000004
v 0.41508162000000004 0 0.038583815100000002
v -0.45283389099999999 0 -0.46474123000000001
v -0.44214496000000003 0 -0.48972916599999999
v -0.45506200200000002 0 -0.48958516099999999
v 0.48503088949999995 0 0.023462679199999999
v 0.49182820299999996 0 0.02960285545
v 0.49320268649999999 0 0.01885985955
v 0.4425753355 0 0.046423479900000002
v 0.45136261 0 0.041898235700000001
v 0.46013712900000003 0 0.037092164149999995
v -0.38772630699999999 0 -0.458519697
v -0.40644013849999999 0 -0.44632279850000001
v -0.44585013399999995 0 0.10107406975
v -0.42921721950000002 0 0.0781593025
v -0.1939733625 0 -0.48159575500000001
v 0.44085085400000001 0 0.08708634970000001
v 0.47223234149999999 0 0.1159319875
v 0.47433376299999996 0 0.10691514595000001
v 0.4649939535 0 0.12596088649999998
v -0.2453503605 0 -0.45716285699999998
v -0.5 0 -0.36249999700000002
v -0.46076154749999998 0 -0.34994339949999997
v -0.45904088050000003 0 -0.36047577850000001
v 0.42347574249999997 0 0.131853044
v 0.472989559 0 0.124661386
v 0.49049019799999999 0 0.15815272950000001
v -0.41010904300000001 0 -0.36491835149999996
v -0.40940165500000003 0 -0.35179305100000002
v -0.45391392750000004 0 -0.34456503400000005
v 0.44102716450000001 0 0.11714738599999999
v 0.44220173350000003 0 0.15771597649999999
v -0.42250144499999998 0 -0.3637644055
v 0.38659524899999997 0 0.16829401250000001
v -0.20415651800000001 0 -0.44271576400000001
v 0.45193839099999999 0 0.18375176199999999
v 0.44366014050000002 0 0.190966368
v 0.46010470400000003 0 0.18772763050000002
v -0.43752503399999998 0 -0.33776998499999999
v -0.42917609199999995 0 -0.33123671999999998
v -0.13750000299999998 0 -0.5
v -0.14385058000000001 0 -0.49038386349999996
v -0.13197261100000002 0 -0.45954942700000001
v 0.40518057350000003 0 0.19460034349999999
v -0.44546270399999999 0 -0.34259545800000002
v 0.45927095399999995 0 0.17653501050000001
v 0.40377700299999997 0 0.232720971
v 0.41363036600000003 0 0.23838984950000003
v 0.5 0 0.21250000599999999
v 0.49101710300000001 0 0.206411332
v 0.47133660300000002 0 -0.32297229799999999
v -0.051240250449999997 0 -0.44498121700000004
v 0.44120740850000001 0 0.24657166000000003
v -0.096334516849999996 0 -0.445416808
v 0.5 0 0.262500018
v 0.49009060849999997 0 0.25553250299999997
v 0.40216398249999996 0 0.29264640800000002
v -0.083816856150000008 0 -0.46031618099999999
v 0.45628428450000003 0 0.2960100175
v -0.42785418050000001 0 -0.27555060399999998
v 0.42773604399999998 0 -0.26447689499999999
v 0.45693564399999997 0 0.30750846850000002
v 0.4483766555 0 0.302984953
v 0.45731806750000004 0 0.31984770299999998
v -0.5 0 -0.412500009
v -0.4570987225 0 -0.42419993899999997
v -0.42868328099999997 0 0.3275096415
v 0.5 0 -0.28749999399999998
v 0.48980021500000004 0 -0.29232576499999996
v 0.42229914699999999 0 0.33599746200000002
v 0.49034285550000001 0 0.35577875400000003
v 0.44000613700000002 0 0.31000864500000003
v 0.441649556 0 0.36754405499999998
v -0.44950103750000003 0 -0.429465294
v -0.42379021650000004 0 -0.43442034699999998
v -0.4279971125 0 0.37892818449999999
v -0.32670509850000001 0 -0.42377305050000003
v -0.43221271049999999 0 -0.24029612550000001
v -0.3668164015 0 -0.43420767800000004
v -0.38221490349999998 0 -0.4232406615
v -0.49023008349999997 0 -0.25690925100000001
v 0.165875733 0 -0.45777726149999998
v -0.18567222350000001 0 0.42542064199999996
v -0.25530838950000001 0 0.49130702000000004
v -0.21820819399999999 0 0.47817134849999998
v 0.43634223950000001 0 -0.084276616549999989
v 0.43860888499999995 0 -0.046940833299999998
v -0.36668837050000003 0 0.47209739699999997
v -0.36249999700000002 0 0.5
v -0.3555752485 0 0.49006962799999998
v -0.3198316095 0 -0.47214460400000002
v -0.46011018749999999 0 0.46858263049999999
v 0.40813922899999999 0 -0.244986653
v -0.30404675000000003 0 -0.44367587549999998
v -0.31480038200000005 0 -0.44220256800000002
v -0.47303056700000001 0 -0.032515116050000001
v -0.43242251900000001 0 -0.039919689299999998
v -0.40457470699999998 0 0.49024414999999999
v -0.01814625785 0 0.43309068699999997
v 0.46986484549999996 0 -0.077964305849999999
v 0.49032807349999996 0 -0.042423322799999996
v 0.3125 0 -0.5
v 0.30590012649999998 0 -0.4904174805
v 0.5 0 -0.23749999700000002
v 0.49113774300000002 0 -0.24322247499999999
v -0.42789685749999995 0 -0.076107621149999999
v 0.42919945749999999 0 -0.47290325150000001
v -0.092472225450000001 0 0.40718722350000003
v -0.049027293949999995 0 -0.40998566149999999
v -0.024135179850000001 0 -0.4264609815
v 0.28022301199999999 0 -0.4734447
v 0.41866934300000003 0 -0.03098038585
v -0.44083237650000001 0 -0.42520749550000003
v 0.47462534899999997 0 -0.42624402049999999
v 0.49151444450000004 0 -0.39362819500000001
v 0.5 0 -0.087499991050000003
v 0.48813533799999997 0 -0.094000771600000005
v -0.2353707555 0 0.4154195785
v -0.22676497699999998 0 0.41894555099999997
v 0.17915332350000002 0 -0.473069191
v 0.18750602 0 -0.43820154649999998
v 0.19878369550000002 0 -0.43777811550000001
v 0.29426980000000003 0 -0.44324803349999997
v -0.34942257399999999 0 0.41127991650000001
v -0.43510317799999998 0 0.41425442700000004
v -0.43103468450000004 0 0.42282652900000001
v -0.39041686050000002 0 0.402916789
v -0.47184133550000001 0 0.417474389
v 0.5 0 -0.13750000299999998
v 0.490475416 0 -0.14522881799999998
v -0.47234940549999999 0 -0.431562424
v -0.066889345650000001 0 0.43423259250000001
v 0.1837280395 0 -0.39828240850000002
v 0.49147248249999997 0 -0.1944656075
v -0.1551352735 0 -0.44284725199999997
v -0.16685974549999999 0 -0.44214510949999997
v -0.44497501849999999 0 0.41242206100000001
v -0.36682724950000001 0 0.43971729300000001
v -0.36419892300000001 0 0.44840216649999998
v -0.322427034 0 0.43383932149999999
v -0.33244645549999996 0 0.43137002000000002
v -0.38616549950000001 0 0.43522012249999997
v -0.33919155599999995 0 0.41269719599999999
v -0.33559703799999996 0 0.42236530799999999
v -0.44021224999999997 0 -0.18972557750000002
v -0.14304906100000001 0 0.40799033649999999
v -0.13844323149999999 0 0.43768203249999998
v -0.12649351349999999 0 0.43718671799999997
v -0.078908592450000009 0 0.43475031850000001
v -0.043137282149999998 0 0.40625286100000002
v 0.42403662200000003 0 -0.070583641499999988
v 0.5 0 -0.18749998499999998
v -0.432223201 0 -0.36074435700000002
v -0.439917326 0 -0.041236951950000003
v -0.447016835 0 -0.045791983600000002
v 0.35695874699999997 0 -0.41573786749999997
v 0.35668432699999997 0 -0.427379489
v -0.49327850350000002 0 0.44036617899999997
v -0.37680590149999998 0 0.43748462200000005
v 0.31776523599999995 0 -0.45939087850000004
v -0.45700621600000002 0 -0.15637201049999999
v -0.448745966 0 -0.1499688025
v -0.17448431250000002 0 0.42548823349999998
v -0.11473306999999999 0 0.43648326399999998
v 0.03067499395 0 -0.47378611549999999
v 0.49065804499999999 0 -0.441763252
v 0.48951172850000002 0 -0.45484933250000004
v 0.22962796699999999 0 -0.47181797000000003
v 0.25216782100000001 0 -0.44501495349999998
v -0.037499994049999999 0 -0.5
v -0.26966607549999999 0 -0.47217607500000003
v -0.4342172145 0 0.36055827149999997
v -0.43089294450000004 0 0.3697582485
v -0.39066970350000002 0 0.35046148300000002
v -0.39131021500000002 0 -0.27725243600000005
v -0.40573883100000002 0 -0.27642238149999998
v -0.48915600800000003 0 -0.45574983950000003
v -0.4733040335 0 0.3672288655
v -0.5 0 -0.16249999399999998
v -0.41716373000000001 0 -0.27513492100000003
v 0.42474830149999998 0 -0.43130898500000003
v 0.42487967049999997 0 -0.42066800599999998
v -0.45745539699999999 0 -0.2610737085
v -0.4544587135 0 -0.25144052500000003
v 0.45540222500000005 0 -0.48906493200000001
v 0.41772019849999997 0 -0.37552547450000001
v -0.39506554599999999 0 0.29270112500000001
v -0.38246464749999998 0 0.34200537200000003
v -0.24546027149999999 0 -0.44732797149999998
v -0.43471491350000002 0 0.31145691850000001
v -0.43135023150000001 0 0.3187538385
v -0.40677142150000001 0 0.29357767099999998
v -0.4733598235 0 0.317364335
v -0.442204237 0 0.30880773049999999
v -0.44916081399999996 0 0.30704510200000001
v 0.43833291549999998 0 -0.1144750715
v -0.49020671849999997 0 0.2930413785
v -0.41411530949999997 0 0.28532159349999997
v -0.45626592599999999 0 0.28906047349999997
v -0.45411109900000002 0 0.29911291600000001
v -0.43675160400000002 0 0.060618922150000004
v -0.42799198650000003 0 0.066364139350000004
v -0.32062518600000001 0 0.47306728399999998
v -0.412500009 0 0.5
v -0.40903961649999998 0 -0.3141674995
v -0.5 0 0.28750002399999997
v 0.16250002400000002 0 -0.5
v 0.4186480045 0 -0.45657801650000002
v -0.46030211450000003 0 0.24142277200000001
v -0.45244431499999999 0 0.24642372100000001
v -0.20617529749999999 0 0.49201989150000003
v -0.17017167799999999 0 0.47799801799999997
v -0.1568764 0 0.49182844149999999
v -0.12189662449999999 0 0.476445913
v -0.107497677 0 0.49118423450000004
v -0.16709429000000001 0 -0.47266006449999998
v 0.30153930200000001 0 -0.4177554845
v 0.29633688950000003 0 -0.40737104400000002
v 0.47348546999999996 0 -0.33680546300000003
v 0.5 0 -0.337499991
v 0.49048066150000003 0 -0.34512118999999997
v -0.5 0 -0.3125
v -0.18433100000000002 0 -0.38410091400000002
v -0.47300672499999996 0 0.16855984899999998
v -0.4336675405 0 0.16667491200000001
v -0.42484593400000004 0 0.17152744549999999
v 0.47706770900000001 0 -0.38146185900000001
v 0.14561277649999999 0 -0.41473984699999999
v 0.18082988250000001 0 -0.42966198950000001
v 0.30703628049999998 0 -0.42671203599999996
v 0.41944110400000001 0 -0.38723814450000005
v -0.43116605250000001 0 0.109569788
v -0.21679919949999998 0 0.42122185249999999
v 0.055940210800000001 0 -0.49011063599999999
v -0.43328368650000004 0 -0.11393481499999999
v -0.425152421 0 0.18317872299999999
v -0.42575240149999999 0 0.194712043
v -0.5 0 0.037500023850000001
v -0.49047422399999996 0 0.043446138500000002
v -0.42170190799999996 0 -0.32747340199999997
v -0.4745428565 0 0.067334622149999995
v -0.44452023499999999 0 0.0548258275
v 0.096078515099999998 0 -0.415058494
v 0.0625 0 -0.5
v 0.23512601850000001 0 -0.43364310250000004
v 0.2312482595 0 -0.39296281350000001
v 0.15900570149999999 0 -0.38770926
v -0.25668561449999999 0 -0.4411764145
v -0.4375 0 -0.5
v 0.36341476449999999 0 -0.45718812949999998
v 0.42256712949999997 0 -0.13064986449999999
v -0.012500003000000001 0 0.5
v 0.11250001200000001 0 -0.5
v 0.41250002399999997 0 -0.5
v 0.5 0 -0.38750000299999998
v -0.47373843199999999 0 0.11663299799999999
v -0.438132882 0 0.10516107075
v -0.11249999699999999 0 0.5
v -0.5 0 0.1875
v -0.459197998 0 0.19392061250000001
v -0.074621617750000008 0 -0.43227422250000003
v -0.41587293150000004 0 0.43015515800000004
v 0.42607152450000002 0 -0.32389640799999997
v -0.5 0 0.23750001199999998
v -0.062499985100000002 0 0.5
v -0.057837203150000002 0 0.49057221400000001
v -0.413844824 0 -0.32142567649999998
v -0.45975613599999998 0 0.043176129499999993
v -0.45249486 0 0.048991382149999999
v 0.045310720800000003 0 -0.40875744800000002
v -0.035139910900000002 0 -0.45787143699999999
v 0.36250001200000004 0 -0.5
v -0.5 0 -0.26249998799999996
v -0.44313263899999999 0 0.35896360900000002
v 0.49320268649999999 0 0.0063598416499999998
v -0.212499991 0 0.5
v 0.066479265699999998 0 -0.45813918149999999
v 0.44169545199999999 0 -0.26588714099999999
v 0.056693539000000001 0 0.40603303899999998
v 0.068931907399999992 0 0.43281996249999999
v 0.16883111000000001 0 0.43293130400000002
v 0.5 0 -0.4375
v 0.45998287199999999 0 0.47086977949999997
v 0.5 0 -0.037499994049999999
v 0.18110656749999998 0 0.43315458299999998
v -0.42460751549999998 0 0.42900729199999998
v 0.42220771300000004 0 0.067866474400000001
v 0.5 0 0.16250002400000002
v -0.030319750350000001 0 0.43332767500000002
v 0.48284053800000004 0 0.069728493700000005
v 0.49252939200000001 0 0.066368252049999993
v 0.4182053805 0 -0.1665642265
v 0.31518566599999998 0 0.43903827650000005
v 0.037500023850000001 0 0.5
v 0.043811604350000005 0 0.49245548250000004
v 0.43565952800000002 0 -0.32343530649999996
v 0.3818894625 0 0.49348020549999999
v 0.387500018 0 0.5
v 0.3943894805 0 0.49348020549999999
v 0.41041302699999999 0 0.48160290699999997
v 0.42244493999999999 0 0.4803688525
v 0.44056427500000001 0 0.47159957899999999
v 0.22080683699999998 0 0.49053788200000004
v 0.1875 0 0.5
v 0.18360021700000001 0 0.4904084205
v 0.48948216450000004 0 0.45504221300000003
v 0.5 0 0.36250001200000004
v -0.44150865100000003 0 0.16064190849999999
v -0.45486673700000002 0 0.48941183099999996
v -0.3125 0 0.5
v 0.43935477749999996 0 0.29851019400000001
v 0.43900215600000003 0 0.28756332399999995
v 0.5 0 0.41250002399999997
v -0.16249999399999998 0 0.5
v 0.33938729749999996 0 0.46817040450000003
v 0.5 0 0.11250001200000001
v -0.26249998799999996 0 0.5
v 0.47215533249999997 0 0.066290169950000005
v 0.4728667735 0 0.075302898849999994
v 0.12982851249999999 0 0.48406004899999999
v -0.170288205 0 0.41789102550000001
v 0.491004467 0 0.30819842200000003
v 0.5 0 0.3125
v -0.4503626825 0 -0.44469022749999998
v 0.11894178399999999 0 0.432816863
v -0.020662980165000001 0 -0.071498483400000007
v 0.0011258535100000001 0 -0.063581287850000001
v -0.021448638289999999 0 0.19783806800000001
v -0.018471268004999999 0 0.17816859500000001
v 0.18597304850000002 0 0.14180546999999999
v 0.20405685900000001 0 0.1406687495
v -0.185118437 0 -0.13166338250000001
v 0.46767997700000002 0 -0.47595357900000002
v 0.49311590199999999 0 -0.46795353299999998
v 0.48262763050000002 0 -0.4728028775
v -0.467232704 0 0.47416496299999999
v 0.46472406399999999 0 0.47772955849999998
v -0.48064446449999998 0 0.46261930500000004
v 0.47937583950000001 0 0.47074580199999999
v 0.48948216450000004 0 0.46754223100000003
v -0.5 0 -0.462499991
v -0.49338817600000001 0 -0.46855339400000001
v 0.45566257850000003 0 0.49184274650000004
v 0.46250000600000002 0 0.5
v 0.144437015 0 -0.1023983359
v 0.16011208300000002 0 -0.11730122549999999
v 0.1761088965 0 -0.18835002200000001
v 0.15966862400000001 0 -0.17599284649999999
v -0.49327850350000002 0 0.45286616700000004
v -0.48451971999999999 0 0.46871304550000004
v -0.48749999700000002 0 0.5
v -0.49124121649999997 0 0.49084687250000003
v 0.5 0 -0.462499991
v 0.49311590199999999 0 -0.48045353599999996
v 0.48124361000000004 0 0.076749324799999991
v 0.47351813300000001 0 -0.482018471
v 0.48039364800000001 0 -0.479842186
v 0.47902536400000001 0 0.063741326299999998
v 0.28750002399999997 0 0.5
v 0.21250000599999999 0 0.5
v 0.43313863899999999 0 0.4926908015
v 0.4375 0 0.5
v 0.44563862700000001 0 0.4926908015
v 0.47395515450000003 0 0.476590395
v 0.5 0 0.037500023850000001
v 0.48750001200000004 0 0.5
v -0.46838816999999999 0 -0.49355340000000003
v -0.462499991 0 -0.5
v -0.48088817299999997 0 -0.49355340000000003
v 0.31825277200000002 0 0.489928484
v 0.34820008299999999 0 0.471784115
v 0.35152697550000001 0 0.48083567599999999
v 0.35757917150000001 0 0.49186062799999997
v 0.4284406905 0 0.48644304250000003
v -0.48254418399999999 0 -0.47430324550000003
v 0.40219152000000002 0 0.48723244649999997
v 0.43528151549999999 0 0.47930741300000002
v 0.5 0 0.46250000600000002
v 0.3125 0 0.5
v 0.1715013085 0 0.49099826800000002
v -0.5 0 0.48750001200000004
v -0.47860717749999998 0 0.47560000450000001
v 0.49252939200000001 0 0.078868240149999991
v 0.5 0 0.0625
v 0.5 0 0.087500006049999995
v 0.37696862200000003 0 0.48534083350000001
v 0.36250001200000004 0 0.5
v 0.37007915950000003 0 0.49186062799999997
v 0.16250002400000002 0 0.5
v 0.5 0 0.0125000179
v -0.462499991 0 0.5
v 0.5 0 -0.48749999700000002
v -0.5 0 0.4375
v -0.48749999700000002 0 -0.5
f 43 1940 1942
f 1940 1925 1941
f 1942 1941 1562
f 1940 1941 1942
f 1 1943 1945
f 1943 42 1944
f 1945 1944 1938
f 1943 1944 1945
f 1598 1946 1947
f 1946 1925 1940
f 1947 1940 43
f 1946 1940 1947
f 1937 1948 1950
f 1948 84 1949
f 1950 1949 44
f 1948 1949 1950
f 1774 1951 1953
f 1951 1522 1952
f 1953 1952 4
f 1951 1952 1953
f 1774 1954 1956
f 1954 1598 1955
f 1956 1955 44
f 1954 1955 1956
f 1522 1957 1952
f 1957 5 1958
f 1952 1958 4
f 1957 1958 1952
f 1542 1959 1961
f 1959 1619 1960
f 1961 1960 6
f 1959 1960 1961
f 1542 1962 1964
f 1962 1522 1963
f 1964 1963 45
f 1962 1963 1964
f 1619 1965 1960
f 1965 7 1966
f 1960 1966 6
f 1965 1966 1960
f 47 1967 1969
f 1967 46 1968
f 1969 1968 1593
f 1967 1968 1969
f 1580 1970 1972
f 1970 1659 1971
f 1972 1971 8
f 1970 1971 1972
f 1580 1973 1975
f 1973 1619 1974
f 1975 1974 47
f 1973 1974 1975
f 1659 1976 1971
f 1976 9 1977
f 1971 1977 8
f 1976 1977 1971
f 49 1978 1980
f 1978 48 1979
f 1980 1979 1788
f 1978 1979 1980
f 1432 1981 1983
f 1981 1718 1982
f 1983 1982 10
f 1981 1982 1983
f 1432 1984 1986
f 1984 1659 1985
f 1986 1985 49
f 1984 1985 1986
f 1718 1987 1982
f 1987 11 1988
f 1982 1988 10
f 1987 1988 1982
f 1519 1989 1991
f 1989 1603 1990
f 1991 1990 11
f 1989 1990 1991
f 1519 1992 1994
f 1992 1718 1993
f 1994 1993 51
f 1992 1993 1994
f 1939 1995 1997
f 1995 13 1996
f 1997 1996 12
f 1995 1996 1997
f 1617 1998 2000
f 1998 1603 1999
f 2000 1999 52
f 1998 1999 2000
f 1573 2001 2003
f 2001 1746 2002
f 2003 2002 14
f 2001 2002 2003
f 53 2004 2006
f 2004 1939 2005
f 2006 2005 1603
f 2004 2005 2006
f 1746 2007 2002
f 2007 15 2008
f 2002 2008 14
f 2007 2008 2002
f 55 2009 2011
f 2009 54 2010
f 2011 2010 1823
f 2009 2010 2011
f 1620 2012 2014
f 2012 1543 2013
f 2014 2013 16
f 2012 2013 2014
f 1620 2015 2017
f 2015 1746 2016
f 2017 2016 55
f 2015 2016 2017
f 1543 2018 2013
f 2018 17 2019
f 2013 2019 16
f 2018 2019 2013
f 57 2020 2022
f 2020 56 2021
f 2022 2021 1632
f 2020 2021 2022
f 1508 2023 2025
f 2023 1544 2024
f 2025 2024 18
f 2023 2024 2025
f 1508 2026 2028
f 2026 1543 2027
f 2028 2027 57
f 2026 2027 2028
f 1544 2029 2024
f 2029 19 2030
f 2024 2030 18
f 2029 2030 2024
f 59 2031 2033
f 2031 58 2032
f 2033 2032 1628
f 2031 2032 2033
f 1717 2034 2036
f 2034 1582 2035
f 2036 2035 20
f 2034 2035 2036
f 1717 2037 2039
f 2037 1544 2038
f 2039 2038 59
f 2037 2038 2039
f 1582 2040 2035
f 2040 21 2041
f 2035 2041 20
f 2040 2041 2035
f 61 2042 2044
f 2042 60 2043
f 2044 2043 1646
f 2042 2043 2044
f 1466 2045 2047
f 2045 1760 2046
f 2047 2046 22
f 2045 2046 2047
f 1466 2048 2050
f 2048 1582 2049
f 2050 2049 61
f 2048 2049 2050
f 1760 2051 2046
f 2051 23 2052
f 2046 2052 22
f 2051 2052 2046
f 63 2053 2055
f 2053 62 2054
f 2055 2054 1713
f 2053 2054 2055
f 1769 2056 2058
f 2056 1487 2057
f 2058 2057 24
f 2056 2057 2058
f 1769 2059 2061
f 2059 1760 2060
f 2061 2060 63
f 2059 2060 2061
f 1487 2062 2057
f 2062 25 2063
f 2057 2063 24
f 2062 2063 2057
f 65 2064 2066
f 2064 64 2065
f 2066 2065 1408
f 2064 2065 2066
f 1780 2067 2069
f 2067 1488 2068
f 2069 2068 26
f 2067 2068 2069
f 1780 2070 2072
f 2070 1487 2071
f 2072 2071 65
f 2070 2071 2072
f 1488 2073 2068
f 2073 27 2074
f 2068 2074 26
f 2073 2074 2068
f 67 2075 2077
f 2075 66 2076
f 2077 2076 1439
f 2075 2076 2077
f 1741 2078 2080
f 2078 1736 2079
f 2080 2079 28
f 2078 2079 2080
f 1741 2081 2083
f 2081 1488 2082
f 2083 2082 67
f 2081 2082 2083
f 1736 2084 2079
f 2084 29 2085
f 2079 2085 28
f 2084 2085 2079
f 1465 2086 2088
f 2086 1722 2087
f 2088 2087 30
f 2086 2087 2088
f 1465 2089 2091
f 2089 1736 2090
f 2091 2090 69
f 2089 2090 2091
f 1722 2092 2087
f 2092 31 2093
f 2087 2093 30
f 2092 2093 2087
f 71 2094 2096
f 2094 70 2095
f 2096 2095 1715
f 2094 2095 2096
f 1425 2097 2099
f 2097 1675 2098
f 2099 2098 32
f 2097 2098 2099
f 1425 2100 2102
f 2100 1722 2101
f 2102 2101 71
f 2100 2101 2102
f 1675 2103 2098
f 2103 33 2104
f 2098 2104 32
f 2103 2104 2098
f 73 2105 2107
f 2105 72 2106
f 2107 2106 1795
f 2105 2106 2107
f 1667 2108 2110
f 2108 1412 2109
f 2110 2109 34
f 2108 2109 2110
f 1667 2111 2113
f 2111 1675 2112
f 2113 2112 73
f 2111 2112 2113
f 1412 2114 2109
f 2114 35 2115
f 2109 2115 34
f 2114 2115 2109
f 75 2116 2118
f 2116 74 2117
f 2118 2117 1422
f 2116 2117 2118
f 1801 2119 2121
f 2119 1423 2120
f 2121 2120 36
f 2119 2120 2121
f 1801 2122 2124
f 2122 1412 2123
f 2124 2123 75
f 2122 2123 2124
f 1423 2125 2120
f 2125 37 2126
f 2120 2126 36
f 2125 2126 2120
f 77 2127 2129
f 2127 76 2128
f 2129 2128 1409
f 2127 2128 2129
f 1781 2130 2132
f 2130 1726 2131
f 2132 2131 38
f 2130 2131 2132
f 1781 2133 2135
f 2133 1423 2134
f 2135 2134 77
f 2133 2134 2135
f 1726 2136 2131
f 2136 39 2137
f 2131 2137 38
f 2136 2137 2131
f 79 2138 2140
f 2138 78 2139
f 2140 2139 1671
f 2138 2139 2140
f 1483 2141 2143
f 2141 1726 2142
f 2143 2142 79
f 2141 2142 2143
f 1935 2144 2146
f 2144 41 2145
f 2146 2145 40
f 2144 2145 2146
f 1562 2147 2149
f 2147 1720 2148
f 2149 2148 83
f 2147 2148 2149
f 83 2150 2149
f 2150 43 1942
f 2149 1942 1562
f 2150 1942 2149
f 44 2151 1956
f 2151 1601 2152
f 1956 2152 1774
f 2151 2152 1956
f 1601 2153 2155
f 2153 85 2154
f 2155 2154 45
f 2153 2154 2155
f 45 2156 1964
f 2156 46 2157
f 1964 2157 1542
f 2156 2157 1964
f 86 2158 2160
f 2158 85 2159
f 2160 2159 1745
f 2158 2159 2160
f 1593 2161 1969
f 2161 87 2162
f 1969 2162 47
f 2161 2162 1969
f 1593 1968 2164
f 1968 46 2163
f 2164 2163 86
f 1968 2163 2164
f 47 2165 1975
f 2165 48 2166
f 1975 2166 1580
f 2165 2166 1975
f 88 2167 2169
f 2167 87 2168
f 2169 2168 1750
f 2167 2168 2169
f 1788 2170 1980
f 2170 89 2171
f 1980 2171 49
f 2170 2171 1980
f 1788 1979 2173
f 1979 48 2172
f 2173 2172 88
f 1979 2172 2173
f 49 2174 1986
f 2174 50 2175
f 1986 2175 1432
f 2174 2175 1986
f 90 2176 2178
f 2176 89 2177
f 2178 2177 1571
f 2176 2177 2178
f 50 2179 2181
f 2179 91 2180
f 2181 2180 51
f 2179 2180 2181
f 50 2182 2183
f 2182 89 2176
f 2183 2176 90
f 2182 2176 2183
f 51 2184 1994
f 2184 52 2185
f 1994 2185 1519
f 2184 2185 1994
f 1617 2186 2188
f 2186 92 2187
f 2188 2187 53
f 2186 2187 2188
f 1617 2000 2190
f 2000 52 2189
f 2190 2189 1730
f 2000 2189 2190
f 53 2191 2193
f 2191 54 2192
f 2193 2192 1573
f 2191 2192 2193
f 1823 2194 2011
f 2194 93 2195
f 2011 2195 55
f 2194 2195 2011
f 1823 2010 2197
f 2010 54 2196
f 2197 2196 92
f 2010 2196 2197
f 55 2198 2017
f 2198 56 2199
f 2017 2199 1620
f 2198 2199 2017
f 94 2200 2202
f 2200 93 2201
f 2202 2201 1771
f 2200 2201 2202
f 1632 2203 2022
f 2203 95 2204
f 2022 2204 57
f 2203 2204 2022
f 1632 2205 2206
f 2205 93 2200
f 2206 2200 94
f 2205 2200 2206
f 57 2207 2028
f 2207 58 2208
f 2028 2208 1508
f 2207 2208 2028
f 1628 2209 2033
f 2209 97 2210
f 2033 2210 59
f 2209 2210 2033
f 1628 2211 2213
f 2211 95 2212
f 2213 2212 96
f 2211 2212 2213
f 59 2214 2039
f 2214 60 2215
f 2039 2215 1717
f 2214 2215 2039
f 98 2216 2218
f 2216 97 2217
f 2218 2217 1897
f 2216 2217 2218
f 1646 2219 2044
f 2219 99 2220
f 2044 2220 61
f 2219 2220 2044
f 1646 2043 2222
f 2043 60 2221
f 2222 2221 98
f 2043 2221 2222
f 61 2223 2050
f 2223 62 2224
f 2050 2224 1466
f 2223 2224 2050
f 100 2225 2227
f 2225 99 2226
f 2227 2226 1611
f 2225 2226 2227
f 1713 2228 2055
f 2228 101 2229
f 2055 2229 63
f 2228 2229 2055
f 1713 2230 2231
f 2230 99 2225
f 2231 2225 100
f 2230 2225 2231
f 63 2232 2061
f 2232 64 2233
f 2061 2233 1769
f 2232 2233 2061
f 102 2234 2236
f 2234 101 2235
f 2236 2235 1824
f 2234 2235 2236
f 1408 2237 2066
f 2237 103 2238
f 2066 2238 65
f 2237 2238 2066
f 1408 2065 2240
f 2065 64 2239
f 2240 2239 102
f 2065 2239 2240
f 65 2241 2072
f 2241 66 2242
f 2072 2242 1780
f 2241 2242 2072
f 1439 2243 2077
f 2243 104 2244
f 2077 2244 67
f 2243 2244 2077
f 1439 2076 2246
f 2076 66 2245
f 2246 2245 103
f 2076 2245 2246
f 67 2247 2083
f 2247 68 2248
f 2083 2248 1741
f 2247 2248 2083
f 105 2249 2251
f 2249 104 2250
f 2251 2250 137
f 2249 2250 2251
f 69 2252 2254
f 2252 68 2253
f 2254 2253 105
f 2252 2253 2254
f 69 2255 2091
f 2255 70 2256
f 2091 2256 1465
f 2255 2256 2091
f 107 2257 2259
f 2257 106 2258
f 2259 2258 1624
f 2257 2258 2259
f 1715 2260 2096
f 2260 108 2261
f 2096 2261 71
f 2260 2261 2096
f 1715 2095 2263
f 2095 70 2262
f 2263 2262 107
f 2095 2262 2263
f 71 2264 2102
f 2264 72 2265
f 2102 2265 1425
f 2264 2265 2102
f 141 2266 2268
f 2266 108 2267
f 2268 2267 1618
f 2266 2267 2268
f 1795 2269 2107
f 2269 109 2270
f 2107 2270 73
f 2269 2270 2107
f 1795 2271 2272
f 2271 108 2266
f 2272 2266 141
f 2271 2266 2272
f 73 2273 2113
f 2273 74 2274
f 2113 2274 1667
f 2273 2274 2113
f 110 2275 2277
f 2275 109 2276
f 2277 2276 1840
f 2275 2276 2277
f 1422 2278 2118
f 2278 111 2279
f 2118 2279 75
f 2278 2279 2118
f 1422 2280 2281
f 2280 109 2275
f 2281 2275 110
f 2280 2275 2281
f 75 2282 2124
f 2282 76 2283
f 2124 2283 1801
f 2282 2283 2124
f 112 2284 2286
f 2284 111 2285
f 2286 2285 1852
f 2284 2285 2286
f 1409 2287 2129
f 2287 113 2288
f 2129 2288 77
f 2287 2288 2129
f 1409 2128 2290
f 2128 76 2289
f 2290 2289 112
f 2128 2289 2290
f 77 2291 2135
f 2291 78 2292
f 2135 2292 1781
f 2291 2292 2135
f 1671 2293 2140
f 2293 114 2294
f 2140 2294 79
f 2293 2294 2140
f 79 2295 2143
f 2295 80 2296
f 2143 2296 1483
f 2295 2296 2143
f 114 2297 2299
f 2297 145 2298
f 2299 2298 115
f 2297 2298 2299
f 1714 2300 2302
f 2300 1919 2301
f 2302 2301 80
f 2300 2301 2302
f 115 2303 2299
f 2303 80 2304
f 2299 2304 114
f 2303 2304 2299
f 83 2305 2307
f 2305 118 2306
f 2307 2306 119
f 2305 2306 2307
f 82 2308 2310
f 2308 117 2309
f 2310 2309 1720
f 2308 2309 2310
f 119 2311 2313
f 2311 120 2312
f 2313 2312 84
f 2311 2312 2313
f 1803 2314 2316
f 2314 1601 2315
f 2316 2315 84
f 2314 2315 2316
f 121 2317 2319
f 2317 120 2318
f 2319 2318 150
f 2317 2318 2319
f 1745 2320 2160
f 2320 122 2321
f 2160 2321 86
f 2320 2321 2160
f 1745 2322 2324
f 2322 1803 2323
f 2324 2323 121
f 2322 2323 2324
f 1674 2325 2326
f 2325 1593 2164
f 2326 2164 86
f 2325 2164 2326
f 123 2327 2329
f 2327 122 2328
f 2329 2328 1653
f 2327 2328 2329
f 1750 2330 2169
f 2330 124 2331
f 2169 2331 88
f 2330 2331 2169
f 1750 2332 2334
f 2332 1674 2333
f 2334 2333 123
f 2332 2333 2334
f 1571 2335 2337
f 2335 124 2336
f 2337 2336 1662
f 2335 2336 2337
f 90 2338 2183
f 2338 91 2179
f 2183 2179 50
f 2338 2179 2183
f 125 2339 2341
f 2339 1428 2340
f 2341 2340 1698
f 2339 2340 2341
f 126 2342 2343
f 2342 1617 2190
f 2343 2190 1730
f 2342 2190 2343
f 127 2344 2346
f 2344 126 2345
f 2346 2345 1505
f 2344 2345 2346
f 92 2347 2349
f 2347 127 2348
f 2349 2348 128
f 2347 2348 2349
f 1771 2350 2352
f 2350 128 2351
f 2352 2351 1687
f 2350 2351 2352
f 1775 2353 2354
f 2353 1632 2206
f 2354 2206 94
f 2353 2206 2354
f 96 2355 2357
f 2355 1775 2356
f 2357 2356 1521
f 2355 2356 2357
f 1789 2358 2359
f 2358 1628 2213
f 2359 2213 96
f 2358 2213 2359
f 130 2360 2362
f 2360 129 2361
f 2362 2361 1520
f 2360 2361 2362
f 1897 2363 2218
f 2363 131 2364
f 2218 2364 98
f 2363 2364 2218
f 1897 2365 2367
f 2365 1789 2366
f 2367 2366 130
f 2365 2366 2367
f 1611 2368 2370
f 2368 131 2369
f 2370 2369 1526
f 2368 2369 2370
f 132 2371 2373
f 2371 1427 2372
f 2373 2372 1694
f 2371 2372 2373
f 1824 2374 2236
f 2374 133 2375
f 2236 2375 102
f 2374 2375 2236
f 1824 2376 2378
f 2376 1713 2377
f 2378 2377 132
f 2376 2377 2378
f 134 2379 2380
f 2379 1408 2240
f 2380 2240 102
f 2379 2240 2380
f 134 2381 2383
f 2381 133 2382
f 2383 2382 1437
f 2381 2382 2383
f 1833 2384 2386
f 2384 135 2385
f 2386 2385 103
f 2384 2385 2386
f 136 2387 2389
f 2387 135 2388
f 2389 2388 1433
f 2387 2388 2389
f 136 2390 2391
f 2390 104 2243
f 2391 2243 1439
f 2390 2243 2391
f 105 2392 2254
f 2392 106 2393
f 2254 2393 69
f 2392 2393 2254
f 1624 2394 2259
f 2394 139 2395
f 2259 2395 107
f 2394 2395 2259
f 1815 2396 2397
f 2396 1715 2263
f 2397 2263 107
f 2396 2263 2397
f 1618 2398 2400
f 2398 1815 2399
f 2400 2399 140
f 2398 2399 2400
f 1840 2401 2403
f 2401 141 2402
f 2403 2402 1679
f 2401 2402 2403
f 110 2404 2406
f 2404 1756 2405
f 2406 2405 142
f 2404 2405 2406
f 1852 2407 2408
f 2407 1422 2281
f 2408 2281 110
f 2407 2281 2408
f 1852 2409 2411
f 2409 142 2410
f 2411 2410 1419
f 2409 2410 2411
f 112 2412 2414
f 2412 1707 2413
f 2414 2413 143
f 2412 2413 2414
f 143 2415 2414
f 2415 1409 2290
f 2414 2290 112
f 2415 2290 2414
f 1884 2416 2418
f 2416 144 2417
f 2418 2417 113
f 2416 2417 2418
f 1884 2419 2421
f 2419 143 2420
f 2421 2420 1458
f 2419 2420 2421
f 1895 2422 2424
f 2422 1671 2423
f 2424 2423 113
f 2422 2423 2424
f 1895 2425 2427
f 2425 1725 2426
f 2427 2426 145
f 2425 2426 2427
f 145 2428 2298
f 2428 146 2429
f 2298 2429 115
f 2428 2429 2298
f 145 2297 2427
f 2297 114 2430
f 2427 2430 1895
f 2297 2430 2427
f 1813 2431 2433
f 2431 1714 2432
f 2433 2432 115
f 2431 2432 2433
f 1813 2434 2436
f 2434 1677 2435
f 2436 2435 147
f 2434 2435 2436
f 1640 2437 2438
f 2437 1720 2309
f 2438 2309 117
f 2437 2309 2438
f 1640 2439 2441
f 2439 1576 2440
f 2441 2440 149
f 2439 2440 2441
f 149 2442 2441
f 2442 118 2443
f 2441 2443 1640
f 2442 2443 2441
f 150 2444 2446
f 2444 1648 2445
f 2446 2445 149
f 2444 2445 2446
f 1654 2447 2448
f 2447 1745 2324
f 2448 2324 121
f 2447 2324 2448
f 1653 2449 2329
f 2449 152 2450
f 2329 2450 123
f 2449 2450 2329
f 1653 2451 2453
f 2451 1654 2452
f 2453 2452 151
f 2451 2452 2453
f 1651 2454 2455
f 2454 1750 2334
f 2455 2334 123
f 2454 2334 2455
f 1428 2456 2340
f 2456 1461 2457
f 2340 2457 1698
f 2456 2457 2340
f 1428 2339 2459
f 2339 125 2458
f 2459 2458 90
f 2339 2458 2459
f 1497 2460 2462
f 2460 1730 2461
f 2462 2461 125
f 2460 2461 2462
f 1497 2463 2465
f 2463 1589 2464
f 2465 2464 1505
f 2463 2464 2465
f 1505 2345 2465
f 2345 126 2466
f 2465 2466 1497
f 2345 2466 2465
f 1512 2467 2469
f 2467 1579 2468
f 2469 2468 1687
f 2467 2468 2469
f 1687 2351 2469
f 2351 128 2470
f 2469 2470 1512
f 2351 2470 2469
f 1503 2471 2472
f 2471 1771 2352
f 2472 2352 1687
f 2471 2352 2472
f 1521 2356 2474
f 2356 1775 2473
f 2474 2473 1517
f 2356 2473 2474
f 1521 2475 2477
f 2475 1597 2476
f 2477 2476 1520
f 2475 2476 2477
f 1520 2361 2477
f 2361 129 2478
f 2477 2478 1521
f 2361 2478 2477
f 1673 2479 2480
f 2479 1897 2367
f 2480 2367 130
f 2479 2367 2480
f 1427 2481 2372
f 2481 1460 2482
f 2372 2482 1694
f 2481 2482 2372
f 1427 2371 2484
f 2371 132 2483
f 2484 2483 100
f 2371 2483 2484
f 1804 2485 2486
f 2485 1824 2378
f 2486 2378 132
f 2485 2378 2486
f 1804 2487 2489
f 2487 1800 2488
f 2489 2488 1437
f 2487 2488 2489
f 1437 2382 2489
f 2382 133 2490
f 2489 2490 1804
f 2382 2490 2489
f 1797 2491 2493
f 2491 1833 2492
f 2493 2492 134
f 2491 2492 2493
f 1797 2494 2496
f 2494 1768 2495
f 2496 2495 1433
f 2494 2495 2496
f 1433 2388 2496
f 2388 135 2497
f 2496 2497 1797
f 2388 2497 2496
f 1755 2498 2500
f 2498 137 2499
f 2500 2499 136
f 2498 2499 2500
f 1755 2501 2503
f 2501 1799 2502
f 2503 2502 153
f 2501 2502 2503
f 153 2504 2503
f 2504 137 2498
f 2503 2498 1755
f 2504 2498 2503
f 1435 2505 2507
f 2505 1624 2506
f 2507 2506 138
f 2505 2506 2507
f 1435 2508 2510
f 2508 1418 2509
f 2510 2509 155
f 2508 2509 2510
f 155 2511 2510
f 2511 139 2512
f 2510 2512 1435
f 2511 2512 2510
f 1426 2513 2514
f 2513 1618 2400
f 2514 2400 140
f 2513 2400 2514
f 1426 2515 2517
f 2515 1467 2516
f 2517 2516 1679
f 2515 2516 2517
f 1679 2402 2517
f 2402 141 2518
f 2517 2518 1426
f 2402 2518 2517
f 1707 2519 2521
f 2519 1759 2520
f 2521 2520 157
f 2519 2520 2521
f 157 2522 2521
f 2522 143 2413
f 2521 2413 1707
f 2522 2413 2521
f 1725 2523 2426
f 2523 160 2524
f 2426 2524 145
f 2523 2524 2426
f 159 2525 2527
f 2525 144 2526
f 2527 2526 1458
f 2525 2526 2527
f 160 2528 2530
f 2528 1473 2529
f 2530 2529 161
f 2528 2529 2530
f 1677 2531 2435
f 2531 162 2532
f 2435 2532 147
f 2531 2532 2435
f 161 2533 2530
f 2533 146 2534
f 2530 2534 160
f 2533 2534 2530
f 1577 2535 2536
f 2535 1576 2439
f 2536 2439 1640
f 2535 2439 2536
f 148 2537 2539
f 2537 163 2538
f 2539 2538 1577
f 2537 2538 2539
f 1576 2540 2542
f 2540 164 2541
f 2542 2541 165
f 2540 2541 2542
f 1704 2543 2545
f 2543 1570 2544
f 2545 2544 150
f 2543 2544 2545
f 1704 2546 2547
f 2546 1576 2542
f 2547 2542 165
f 2546 2542 2547
f 1570 2548 2550
f 2548 166 2549
f 2550 2549 167
f 2548 2549 2550
f 151 2551 2552
f 2551 1570 2550
f 2552 2550 167
f 2551 2550 2552
f 168 2553 2554
f 2553 1653 2453
f 2554 2453 151
f 2553 2453 2554
f 1564 2555 2557
f 2555 1728 2556
f 2557 2556 1651
f 2555 2556 2557
f 152 2558 2560
f 2558 169 2559
f 2560 2559 1564
f 2558 2559 2560
f 1728 2561 2556
f 2561 1662 2562
f 2556 2562 1651
f 2561 2562 2556
f 1728 2563 2565
f 2563 170 2564
f 2565 2564 171
f 2563 2564 2565
f 1698 2566 2568
f 2566 172 2567
f 2568 2567 173
f 2566 2567 2568
f 1461 2569 2570
f 2569 1728 2565
f 2570 2565 171
f 2569 2565 2570
f 1698 2568 2572
f 2568 173 2571
f 2572 2571 1589
f 2568 2571 2572
f 1589 2573 2575
f 2573 174 2574
f 2575 2574 175
f 2573 2574 2575
f 1579 2576 2468
f 2576 1565 2577
f 2468 2577 1687
f 2576 2577 2468
f 1910 2578 2579
f 2578 1589 2575
f 2579 2575 175
f 2578 2575 2579
f 1565 2580 2582
f 2580 1591 2581
f 2582 2581 1503
f 2580 2581 2582
f 1565 2576 2584
f 2576 1579 2583
f 2584 2583 177
f 2576 2583 2584
f 1591 2585 2581
f 2585 1517 2586
f 2581 2586 1503
f 2585 2586 2581
f 1591 2587 2589
f 2587 178 2588
f 2589 2588 179
f 2587 2588 2589
f 1597 2590 2591
f 2590 1591 2589
f 2591 2589 179
f 2590 2589 2591
f 1597 2592 2476
f 2592 180 2593
f 2476 2593 1520
f 2592 2593 2476
f 1761 2594 2596
f 2594 1594 2595
f 2596 2595 1673
f 2594 2595 2596
f 1520 2597 2599
f 2597 181 2598
f 2599 2598 1761
f 2597 2598 2599
f 1594 2600 2595
f 2600 1526 2601
f 2595 2601 1673
f 2600 2601 2595
f 1594 2602 2604
f 2602 182 2603
f 2604 2603 183
f 2602 2603 2604
f 1460 2605 2606
f 2605 1594 2604
f 2606 2604 183
f 2605 2604 2606
f 1460 2607 2482
f 2607 184 2608
f 2482 2608 1694
f 2607 2608 2482
f 1694 2609 2611
f 2609 185 2610
f 2611 2610 1800
f 2609 2610 2611
f 1800 2612 2614
f 2612 186 2613
f 2614 2613 187
f 2612 2613 2614
f 1437 2615 2617
f 2615 187 2616
f 2617 2616 1768
f 2615 2616 2617
f 1768 2618 2620
f 2618 188 2619
f 2620 2619 189
f 2618 2619 2620
f 1799 2621 2502
f 2621 1770 2622
f 2502 2622 153
f 2621 2622 2502
f 1433 2623 2625
f 2623 189 2624
f 2625 2624 1799
f 2623 2624 2625
f 153 2626 2628
f 2626 154 2627
f 2628 2627 138
f 2626 2627 2628
f 1770 2629 2631
f 2629 190 2630
f 2631 2630 191
f 2629 2630 2631
f 154 2632 2634
f 2632 191 2633
f 2634 2633 1418
f 2632 2633 2634
f 155 2635 2637
f 2635 156 2636
f 2637 2636 140
f 2635 2636 2637
f 1418 2638 2640
f 2638 192 2639
f 2640 2639 193
f 2638 2639 2640
f 156 2641 2643
f 2641 194 2642
f 2643 2642 1467
f 2641 2642 2643
f 1467 2642 2645
f 2642 194 2644
f 2645 2644 195
f 2642 2644 2645
f 1747 2646 2648
f 2646 1463 2647
f 2648 2647 1756
f 2646 2647 2648
f 1747 2649 2650
f 2649 1467 2645
f 2650 2645 195
f 2649 2645 2650
f 1463 2651 2647
f 2651 142 2405
f 2647 2405 1756
f 2651 2405 2647
f 1463 2652 2654
f 2652 196 2653
f 2654 2653 197
f 2652 2653 2654
f 1759 2655 2520
f 2655 1474 2656
f 2520 2656 157
f 2655 2656 2520
f 1419 2657 2659
f 2657 197 2658
f 2659 2658 1759
f 2657 2658 2659
f 157 2660 2662
f 2660 158 2661
f 2662 2661 1458
f 2660 2661 2662
f 199 2663 2665
f 2663 1470 2664
f 2665 2664 1727
f 2663 2664 2665
f 199 2666 2668
f 2666 158 2667
f 2668 2667 1474
f 2666 2667 2668
f 1757 2669 2671
f 2669 1725 2670
f 2671 2670 159
f 2669 2670 2671
f 1757 2672 2674
f 2672 1767 2673
f 2674 2673 200
f 2672 2673 2674
f 1473 2675 2529
f 2675 201 2676
f 2529 2676 161
f 2675 2676 2529
f 200 2677 2674
f 2677 160 2678
f 2674 2678 1757
f 2677 2678 2674
f 1784 2679 2681
f 2679 1677 2680
f 2681 2680 161
f 2679 2680 2681
f 1784 2682 2684
f 2682 1754 2683
f 2684 2683 202
f 2682 2683 2684
f 1610 2685 2686
f 2685 1577 2538
f 2686 2538 163
f 2685 2538 2686
f 1610 2687 2689
f 2687 1592 2688
f 2689 2688 204
f 2687 2688 2689
f 205 2690 2692
f 2690 206 2691
f 2692 2691 165
f 2690 2691 2692
f 204 2693 2689
f 2693 164 2694
f 2689 2694 1610
f 2693 2694 2689
f 165 2695 2547
f 2695 166 2696
f 2547 2696 1704
f 2695 2696 2547
f 167 2697 2699
f 2697 207 2698
f 2699 2698 208
f 2697 2698 2699
f 169 2700 2702
f 2700 208 2701
f 2702 2701 209
f 2700 2701 2702
f 168 2703 2704
f 2703 208 2700
f 2704 2700 169
f 2703 2700 2704
f 170 2705 2707
f 2705 209 2706
f 2707 2706 210
f 2705 2706 2707
f 209 2705 2702
f 2705 170 2708
f 2702 2708 169
f 2705 2708 2702
f 210 2709 2707
f 2709 171 2564
f 2707 2564 170
f 2709 2564 2707
f 171 2709 2711
f 2709 210 2710
f 2711 2710 211
f 2709 2710 2711
f 172 2712 2714
f 2712 211 2713
f 2714 2713 212
f 2712 2713 2714
f 211 2712 2711
f 2712 172 2715
f 2711 2715 171
f 2712 2715 2711
f 212 2716 2714
f 2716 173 2567
f 2714 2567 172
f 2716 2567 2714
f 173 2716 2718
f 2716 212 2717
f 2718 2717 213
f 2716 2717 2718
f 174 2719 2721
f 2719 213 2720
f 2721 2720 214
f 2719 2720 2721
f 213 2719 2718
f 2719 174 2722
f 2718 2722 173
f 2719 2722 2718
f 214 2723 2721
f 2723 175 2574
f 2721 2574 174
f 2723 2574 2721
f 175 2723 2725
f 2723 214 2724
f 2725 2724 215
f 2723 2724 2725
f 176 2726 2728
f 2726 215 2727
f 2728 2727 216
f 2726 2727 2728
f 215 2726 2725
f 2726 176 2729
f 2725 2729 175
f 2726 2729 2725
f 216 2730 2728
f 2730 177 2731
f 2728 2731 176
f 2730 2731 2728
f 177 2730 2733
f 2730 216 2732
f 2733 2732 217
f 2730 2732 2733
f 178 2734 2736
f 2734 217 2735
f 2736 2735 218
f 2734 2735 2736
f 217 2734 2733
f 2734 178 2737
f 2733 2737 177
f 2734 2737 2733
f 218 2738 2736
f 2738 179 2588
f 2736 2588 178
f 2738 2588 2736
f 179 2738 2740
f 2738 218 2739
f 2740 2739 219
f 2738 2739 2740
f 180 2741 2743
f 2741 219 2742
f 2743 2742 220
f 2741 2742 2743
f 219 2741 2740
f 2741 180 2744
f 2740 2744 179
f 2741 2744 2740
f 220 2745 2743
f 2745 181 2746
f 2743 2746 180
f 2745 2746 2743
f 181 2745 2748
f 2745 220 2747
f 2748 2747 221
f 2745 2747 2748
f 182 2749 2751
f 2749 221 2750
f 2751 2750 222
f 2749 2750 2751
f 221 2749 2748
f 2749 182 2752
f 2748 2752 181
f 2749 2752 2748
f 222 2753 2751
f 2753 183 2603
f 2751 2603 182
f 2753 2603 2751
f 183 2753 2755
f 2753 222 2754
f 2755 2754 223
f 2753 2754 2755
f 184 2756 2758
f 2756 223 2757
f 2758 2757 224
f 2756 2757 2758
f 223 2756 2755
f 2756 184 2759
f 2755 2759 183
f 2756 2759 2755
f 224 2760 2758
f 2760 185 2761
f 2758 2761 184
f 2760 2761 2758
f 185 2760 2763
f 2760 224 2762
f 2763 2762 225
f 2760 2762 2763
f 186 2764 2766
f 2764 225 2765
f 2766 2765 226
f 2764 2765 2766
f 225 2764 2763
f 2764 186 2767
f 2763 2767 185
f 2764 2767 2763
f 226 2768 2766
f 2768 187 2613
f 2766 2613 186
f 2768 2613 2766
f 187 2768 2770
f 2768 226 2769
f 2770 2769 227
f 2768 2769 2770
f 188 2771 2773
f 2771 227 2772
f 2773 2772 228
f 2771 2772 2773
f 227 2771 2770
f 2771 188 2774
f 2770 2774 187
f 2771 2774 2770
f 228 2775 2773
f 2775 189 2619
f 2773 2619 188
f 2775 2619 2773
f 189 2775 2777
f 2775 228 2776
f 2777 2776 229
f 2775 2776 2777
f 190 2778 2780
f 2778 229 2779
f 2780 2779 230
f 2778 2779 2780
f 229 2778 2777
f 2778 190 2781
f 2777 2781 189
f 2778 2781 2777
f 230 2782 2780
f 2782 191 2630
f 2780 2630 190
f 2782 2630 2780
f 191 2782 2784
f 2782 230 2783
f 2784 2783 231
f 2782 2783 2784
f 192 2785 2787
f 2785 231 2786
f 2787 2786 232
f 2785 2786 2787
f 231 2785 2784
f 2785 192 2788
f 2784 2788 191
f 2785 2788 2784
f 232 2789 2787
f 2789 193 2639
f 2787 2639 192
f 2789 2639 2787
f 193 2789 2791
f 2789 232 2790
f 2791 2790 233
f 2789 2790 2791
f 194 2792 2794
f 2792 233 2793
f 2794 2793 234
f 2792 2793 2794
f 233 2792 2791
f 2792 194 2795
f 2791 2795 193
f 2792 2795 2791
f 234 2796 2794
f 2796 195 2644
f 2794 2644 194
f 2796 2644 2794
f 195 2796 2798
f 2796 234 2797
f 2798 2797 235
f 2796 2797 2798
f 196 2799 2801
f 2799 235 2800
f 2801 2800 236
f 2799 2800 2801
f 235 2799 2798
f 2799 196 2802
f 2798 2802 195
f 2799 2802 2798
f 237 2803 2804
f 2803 196 2801
f 2804 2801 236
f 2803 2801 2804
f 196 2803 2653
f 2803 237 2805
f 2653 2805 197
f 2803 2805 2653
f 197 2805 2807
f 2805 237 2806
f 2807 2806 198
f 2805 2806 2807
f 198 2806 2809
f 2806 237 2808
f 2809 2808 238
f 2806 2808 2809
f 1470 2663 2810
f 2663 199 2668
f 2810 2668 1474
f 2663 2668 2810
f 198 2809 2812
f 2809 238 2811
f 2812 2811 1470
f 2809 2811 2812
f 1767 2813 2673
f 2813 240 2814
f 2673 2814 200
f 2813 2814 2673
f 1767 2815 2817
f 2815 1727 2816
f 2817 2816 239
f 2815 2816 2817
f 1464 2818 2820
f 2818 1473 2819
f 2820 2819 200
f 2818 2819 2820
f 1464 2821 2823
f 2821 1485 2822
f 2823 2822 241
f 2821 2822 2823
f 1754 2824 2683
f 2824 242 2825
f 2683 2825 202
f 2824 2825 2683
f 241 2826 2823
f 2826 201 2827
f 2823 2827 1464
f 2826 2827 2823
f 204 2828 2830
f 2828 244 2829
f 2830 2829 1622
f 2828 2829 2830
f 203 2831 2833
f 2831 243 2832
f 2833 2832 1592
f 2831 2832 2833
f 1622 2829 2835
f 2829 244 2834
f 2835 2834 245
f 2829 2834 2835
f 1763 2836 2837
f 2836 1622 2835
f 2837 2835 245
f 2836 2835 2837
f 246 2838 2840
f 2838 1615 2839
f 2840 2839 206
f 2838 2839 2840
f 208 2841 2701
f 2841 248 2842
f 2701 2842 209
f 2841 2842 2701
f 207 2843 2845
f 2843 246 2844
f 2845 2844 247
f 2843 2844 2845
f 248 2841 2846
f 2841 208 2698
f 2846 2698 207
f 2841 2698 2846
f 209 2842 2848
f 2842 248 2847
f 2848 2847 249
f 2842 2847 2848
f 210 2849 2851
f 2849 249 2850
f 2851 2850 250
f 2849 2850 2851
f 209 2848 2706
f 2848 249 2849
f 2706 2849 210
f 2848 2849 2706
f 210 2851 2710
f 2851 250 2852
f 2710 2852 211
f 2851 2852 2710
f 211 2852 2854
f 2852 250 2853
f 2854 2853 251
f 2852 2853 2854
f 212 2855 2857
f 2855 251 2856
f 2857 2856 252
f 2855 2856 2857
f 211 2854 2713
f 2854 251 2855
f 2713 2855 212
f 2854 2855 2713
f 212 2857 2717
f 2857 252 2858
f 2717 2858 213
f 2857 2858 2717
f 213 2858 2860
f 2858 252 2859
f 2860 2859 253
f 2858 2859 2860
f 214 2861 2863
f 2861 253 2862
f 2863 2862 254
f 2861 2862 2863
f 213 2860 2720
f 2860 253 2861
f 2720 2861 214
f 2860 2861 2720
f 214 2863 2724
f 2863 254 2864
f 2724 2864 215
f 2863 2864 2724
f 215 2864 2866
f 2864 254 2865
f 2866 2865 255
f 2864 2865 2866
f 216 2867 2869
f 2867 255 2868
f 2869 2868 256
f 2867 2868 2869
f 215 2866 2727
f 2866 255 2867
f 2727 2867 216
f 2866 2867 2727
f 216 2869 2732
f 2869 256 2870
f 2732 2870 217
f 2869 2870 2732
f 217 2870 2872
f 2870 256 2871
f 2872 2871 257
f 2870 2871 2872
f 218 2873 2875
f 2873 257 2874
f 2875 2874 258
f 2873 2874 2875
f 217 2872 2735
f 2872 257 2873
f 2735 2873 218
f 2872 2873 2735
f 218 2875 2739
f 2875 258 2876
f 2739 2876 219
f 2875 2876 2739
f 219 2876 2878
f 2876 258 2877
f 2878 2877 259
f 2876 2877 2878
f 220 2879 2881
f 2879 259 2880
f 2881 2880 260
f 2879 2880 2881
f 219 2878 2742
f 2878 259 2879
f 2742 2879 220
f 2878 2879 2742
f 220 2881 2747
f 2881 260 2882
f 2747 2882 221
f 2881 2882 2747
f 221 2882 2884
f 2882 260 2883
f 2884 2883 261
f 2882 2883 2884
f 222 2885 2887
f 2885 261 2886
f 2887 2886 262
f 2885 2886 2887
f 221 2884 2750
f 2884 261 2885
f 2750 2885 222
f 2884 2885 2750
f 222 2887 2754
f 2887 262 2888
f 2754 2888 223
f 2887 2888 2754
f 223 2888 2890
f 2888 262 2889
f 2890 2889 263
f 2888 2889 2890
f 224 2891 2893
f 2891 263 2892
f 2893 2892 264
f 2891 2892 2893
f 223 2890 2757
f 2890 263 2891
f 2757 2891 224
f 2890 2891 2757
f 224 2893 2762
f 2893 264 2894
f 2762 2894 225
f 2893 2894 2762
f 225 2894 2896
f 2894 264 2895
f 2896 2895 265
f 2894 2895 2896
f 226 2897 2899
f 2897 265 2898
f 2899 2898 266
f 2897 2898 2899
f 225 2896 2765
f 2896 265 2897
f 2765 2897 226
f 2896 2897 2765
f 226 2899 2769
f 2899 266 2900
f 2769 2900 227
f 2899 2900 2769
f 227 2900 2902
f 2900 266 2901
f 2902 2901 267
f 2900 2901 2902
f 228 2903 2905
f 2903 267 2904
f 2905 2904 268
f 2903 2904 2905
f 227 2902 2772
f 2902 267 2903
f 2772 2903 228
f 2902 2903 2772
f 228 2905 2776
f 2905 268 2906
f 2776 2906 229
f 2905 2906 2776
f 229 2906 2908
f 2906 268 2907
f 2908 2907 269
f 2906 2907 2908
f 230 2909 2911
f 2909 269 2910
f 2911 2910 270
f 2909 2910 2911
f 229 2908 2779
f 2908 269 2909
f 2779 2909 230
f 2908 2909 2779
f 230 2911 2783
f 2911 270 2912
f 2783 2912 231
f 2911 2912 2783
f 231 2912 2914
f 2912 270 2913
f 2914 2913 271
f 2912 2913 2914
f 232 2915 2917
f 2915 271 2916
f 2917 2916 272
f 2915 2916 2917
f 231 2914 2786
f 2914 271 2915
f 2786 2915 232
f 2914 2915 2786
f 232 2917 2790
f 2917 272 2918
f 2790 2918 233
f 2917 2918 2790
f 233 2918 2920
f 2918 272 2919
f 2920 2919 273
f 2918 2919 2920
f 234 2921 2923
f 2921 273 2922
f 2923 2922 274
f 2921 2922 2923
f 233 2920 2793
f 2920 273 2921
f 2793 2921 234
f 2920 2921 2793
f 234 2923 2797
f 2923 274 2924
f 2797 2924 235
f 2923 2924 2797
f 235 2924 2926
f 2924 274 2925
f 2926 2925 275
f 2924 2925 2926
f 236 2927 2929
f 2927 275 2928
f 2929 2928 276
f 2927 2928 2929
f 235 2926 2800
f 2926 275 2927
f 2800 2927 236
f 2926 2927 2800
f 236 2930 2804
f 2930 277 2931
f 2804 2931 237
f 2930 2931 2804
f 277 2930 2932
f 2930 236 2929
f 2932 2929 276
f 2930 2929 2932
f 238 2933 2935
f 2933 277 2934
f 2935 2934 278
f 2933 2934 2935
f 237 2931 2808
f 2931 277 2933
f 2808 2933 238
f 2931 2933 2808
f 1470 2936 2664
f 2936 1482 2937
f 2664 2937 1727
f 2936 2937 2664
f 1482 2938 2940
f 2938 1631 2939
f 2940 2939 279
f 2938 2939 2940
f 279 2941 2940
f 2941 1727 2937
f 2940 2937 1482
f 2941 2937 2940
f 239 2942 2817
f 2942 240 2813
f 2817 2813 1767
f 2942 2813 2817
f 240 2943 2945
f 2943 280 2944
f 2945 2944 281
f 2943 2944 2945
f 1485 2946 2822
f 2946 282 2947
f 2822 2947 241
f 2946 2947 2822
f 1485 2948 2949
f 2948 240 2945
f 2949 2945 281
f 2948 2945 2949
f 1749 2950 2952
f 2950 1754 2951
f 2952 2951 241
f 2950 2951 2952
f 1749 2953 2955
f 2953 1892 2954
f 2955 2954 283
f 2953 2954 2955
f 1751 2956 2957
f 2956 1592 2832
f 2957 2832 243
f 2956 2832 2957
f 1751 2958 2960
f 2958 1484 2959
f 2960 2959 285
f 2958 2959 2960
f 245 2961 2837
f 2961 286 2962
f 2837 2962 1763
f 2961 2962 2837
f 285 2963 2960
f 2963 244 2964
f 2960 2964 1751
f 2963 2964 2960
f 1796 2965 2966
f 2965 1763 2962
f 2966 2962 286
f 2965 2962 2966
f 247 2967 2969
f 2967 287 2968
f 2969 2968 248
f 2967 2968 2969
f 247 2969 2845
f 2969 248 2846
f 2845 2846 207
f 2969 2846 2845
f 249 2970 2972
f 2970 288 2971
f 2972 2971 289
f 2970 2971 2972
f 248 2973 2847
f 2973 288 2970
f 2847 2970 249
f 2973 2970 2847
f 250 2974 2976
f 2974 289 2975
f 2976 2975 290
f 2974 2975 2976
f 289 2974 2972
f 2974 250 2850
f 2972 2850 249
f 2974 2850 2972
f 251 2977 2979
f 2977 290 2978
f 2979 2978 291
f 2977 2978 2979
f 250 2976 2853
f 2976 290 2977
f 2853 2977 251
f 2976 2977 2853
f 252 2980 2982
f 2980 291 2981
f 2982 2981 292
f 2980 2981 2982
f 291 2980 2979
f 2980 252 2856
f 2979 2856 251
f 2980 2856 2979
f 253 2983 2985
f 2983 292 2984
f 2985 2984 293
f 2983 2984 2985
f 252 2982 2859
f 2982 292 2983
f 2859 2983 253
f 2982 2983 2859
f 254 2986 2988
f 2986 293 2987
f 2988 2987 294
f 2986 2987 2988
f 293 2986 2985
f 2986 254 2862
f 2985 2862 253
f 2986 2862 2985
f 255 2989 2991
f 2989 294 2990
f 2991 2990 295
f 2989 2990 2991
f 254 2988 2865
f 2988 294 2989
f 2865 2989 255
f 2988 2989 2865
f 256 2992 2994
f 2992 295 2993
f 2994 2993 296
f 2992 2993 2994
f 295 2992 2991
f 2992 256 2868
f 2991 2868 255
f 2992 2868 2991
f 257 2995 2997
f 2995 296 2996
f 2997 2996 297
f 2995 2996 2997
f 256 2994 2871
f 2994 296 2995
f 2871 2995 257
f 2994 2995 2871
f 258 2998 3000
f 2998 297 2999
f 3000 2999 298
f 2998 2999 3000
f 297 2998 2997
f 2998 258 2874
f 2997 2874 257
f 2998 2874 2997
f 259 3001 3003
f 3001 298 3002
f 3003 3002 299
f 3001 3002 3003
f 258 3000 2877
f 3000 298 3001
f 2877 3001 259
f 3000 3001 2877
f 260 3004 3006
f 3004 299 3005
f 3006 3005 300
f 3004 3005 3006
f 299 3004 3003
f 3004 260 2880
f 3003 2880 259
f 3004 2880 3003
f 261 3007 3009
f 3007 300 3008
f 3009 3008 301
f 3007 3008 3009
f 260 3006 2883
f 3006 300 3007
f 2883 3007 261
f 3006 3007 2883
f 262 3010 3012
f 3010 301 3011
f 3012 3011 302
f 3010 3011 3012
f 301 3010 3009
f 3010 262 2886
f 3009 2886 261
f 3010 2886 3009
f 263 3013 3015
f 3013 302 3014
f 3015 3014 303
f 3013 3014 3015
f 262 3012 2889
f 3012 302 3013
f 2889 3013 263
f 3012 3013 2889
f 264 3016 3018
f 3016 303 3017
f 3018 3017 304
f 3016 3017 3018
f 303 3016 3015
f 3016 264 2892
f 3015 2892 263
f 3016 2892 3015
f 265 3019 3021
f 3019 304 3020
f 3021 3020 305
f 3019 3020 3021
f 264 3018 2895
f 3018 304 3019
f 2895 3019 265
f 3018 3019 2895
f 305 3022 3021
f 3022 266 2898
f 3021 2898 265
f 3022 2898 3021
f 267 2901 3024
f 2901 266 3023
f 3024 3023 306
f 2901 3023 3024
f 268 3025 3027
f 3025 306 3026
f 3027 3026 307
f 3025 3026 3027
f 306 3025 3024
f 3025 268 2904
f 3024 2904 267
f 3025 2904 3024
f 269 3028 3030
f 3028 307 3029
f 3030 3029 308
f 3028 3029 3030
f 268 3027 2907
f 3027 307 3028
f 2907 3028 269
f 3027 3028 2907
f 270 3031 3033
f 3031 308 3032
f 3033 3032 309
f 3031 3032 3033
f 308 3031 3030
f 3031 270 2910
f 3030 2910 269
f 3031 2910 3030
f 271 3034 3036
f 3034 309 3035
f 3036 3035 310
f 3034 3035 3036
f 270 3033 2913
f 3033 309 3034
f 2913 3034 271
f 3033 3034 2913
f 272 3037 3039
f 3037 310 3038
f 3039 3038 311
f 3037 3038 3039
f 310 3037 3036
f 3037 272 2916
f 3036 2916 271
f 3037 2916 3036
f 273 3040 3042
f 3040 311 3041
f 3042 3041 312
f 3040 3041 3042
f 272 3039 2919
f 3039 311 3040
f 2919 3040 273
f 3039 3040 2919
f 274 3043 3045
f 3043 312 3044
f 3045 3044 313
f 3043 3044 3045
f 312 3043 3042
f 3043 274 2922
f 3042 2922 273
f 3043 2922 3042
f 275 3046 3048
f 3046 313 3047
f 3048 3047 314
f 3046 3047 3048
f 274 3045 2925
f 3045 313 3046
f 2925 3046 275
f 3045 3046 2925
f 276 3049 3051
f 3049 314 3050
f 3051 3050 315
f 3049 3050 3051
f 314 3049 3048
f 3049 276 2928
f 3048 2928 275
f 3049 2928 3048
f 276 3052 2932
f 3052 316 3053
f 2932 3053 277
f 3052 3053 2932
f 276 3051 3052
f 3051 315 3054
f 3052 3054 316
f 3051 3054 3052
f 277 3053 2934
f 3053 316 3055
f 2934 3055 278
f 3053 3055 2934
f 278 3055 3057
f 3055 316 3056
f 3057 3056 317
f 3055 3056 3057
f 1631 3058 2939
f 3058 1842 3059
f 2939 3059 279
f 3058 3059 2939
f 278 3057 3061
f 3057 317 3060
f 3061 3060 1631
f 3057 3060 3061
f 279 3062 3064
f 3062 280 3063
f 3064 3063 239
f 3062 3063 3064
f 1842 3065 3067
f 3065 318 3066
f 3067 3066 319
f 3065 3066 3067
f 1861 3068 3070
f 3068 1627 3069
f 3070 3069 281
f 3068 3069 3070
f 1861 3071 3072
f 3071 1842 3067
f 3072 3067 319
f 3071 3067 3072
f 281 3073 2949
f 3073 282 2946
f 2949 2946 1485
f 3073 2946 2949
f 1627 3074 3076
f 3074 320 3075
f 3076 3075 321
f 3074 3075 3076
f 1892 3077 2954
f 3077 322 3078
f 2954 3078 283
f 3077 3078 2954
f 1892 3079 3080
f 3079 1627 3076
f 3080 3076 321
f 3079 3076 3080
f 285 3081 3083
f 3081 324 3082
f 3083 3082 1481
f 3081 3082 3083
f 284 3084 3086
f 3084 323 3085
f 3086 3085 1484
f 3084 3085 3086
f 1481 3087 3083
f 3087 245 3088
f 3083 3088 285
f 3087 3088 3083
f 1481 3082 3090
f 3082 324 3089
f 3090 3089 325
f 3082 3089 3090
f 286 3091 3093
f 3091 326 3092
f 3093 3092 1479
f 3091 3092 3093
f 1637 3094 3095
f 3094 1481 3090
f 3095 3090 325
f 3094 3090 3095
f 1479 3096 3093
f 3096 1796 2966
f 3093 2966 286
f 3096 2966 3093
f 1479 3092 3098
f 3092 326 3097
f 3098 3097 327
f 3092 3097 3098
f 288 3099 2971
f 3099 328 3100
f 2971 3100 289
f 3099 3100 2971
f 287 3101 3102
f 3101 1479 3098
f 3102 3098 327
f 3101 3098 3102
f 328 3099 3104
f 3099 288 3103
f 3104 3103 287
f 3099 3103 3104
f 289 3100 3106
f 3100 328 3105
f 3106 3105 329
f 3100 3105 3106
f 290 3107 3109
f 3107 329 3108
f 3109 3108 330
f 3107 3108 3109
f 289 3106 2975
f 3106 329 3107
f 2975 3107 290
f 3106 3107 2975
f 290 3109 2978
f 3109 330 3110
f 2978 3110 291
f 3109 3110 2978
f 291 3110 3112
f 3110 330 3111
f 3112 3111 331
f 3110 3111 3112
f 292 3113 3115
f 3113 331 3114
f 3115 3114 332
f 3113 3114 3115
f 291 3112 2981
f 3112 331 3113
f 2981 3113 292
f 3112 3113 2981
f 292 3115 2984
f 3115 332 3116
f 2984 3116 293
f 3115 3116 2984
f 293 3116 3118
f 3116 332 3117
f 3118 3117 333
f 3116 3117 3118
f 294 3119 3121
f 3119 333 3120
f 3121 3120 334
f 3119 3120 3121
f 293 3118 2987
f 3118 333 3119
f 2987 3119 294
f 3118 3119 2987
f 294 3121 2990
f 3121 334 3122
f 2990 3122 295
f 3121 3122 2990
f 295 3122 3124
f 3122 334 3123
f 3124 3123 335
f 3122 3123 3124
f 296 3125 3127
f 3125 335 3126
f 3127 3126 336
f 3125 3126 3127
f 295 3124 2993
f 3124 335 3125
f 2993 3125 296
f 3124 3125 2993
f 296 3127 2996
f 3127 336 3128
f 2996 3128 297
f 3127 3128 2996
f 297 3128 3130
f 3128 336 3129
f 3130 3129 337
f 3128 3129 3130
f 298 3131 3133
f 3131 337 3132
f 3133 3132 338
f 3131 3132 3133
f 297 3130 2999
f 3130 337 3131
f 2999 3131 298
f 3130 3131 2999
f 298 3133 3002
f 3133 338 3134
f 3002 3134 299
f 3133 3134 3002
f 299 3134 3136
f 3134 338 3135
f 3136 3135 339
f 3134 3135 3136
f 300 3137 3139
f 3137 339 3138
f 3139 3138 340
f 3137 3138 3139
f 299 3136 3005
f 3136 339 3137
f 3005 3137 300
f 3136 3137 3005
f 300 3139 3008
f 3139 340 3140
f 3008 3140 301
f 3139 3140 3008
f 301 3140 3142
f 3140 340 3141
f 3142 3141 341
f 3140 3141 3142
f 302 3143 3145
f 3143 341 3144
f 3145 3144 342
f 3143 3144 3145
f 301 3142 3011
f 3142 341 3143
f 3011 3143 302
f 3142 3143 3011
f 302 3145 3014
f 3145 342 3146
f 3014 3146 303
f 3145 3146 3014
f 304 3147 3149
f 3147 342 3148
f 3149 3148 343
f 3147 3148 3149
f 303 3146 3017
f 3146 342 3147
f 3017 3147 304
f 3146 3147 3017
f 344 3150 3151
f 3150 305 3020
f 3151 3020 304
f 3150 3020 3151
f 345 3152 3153
f 3152 305 3150
f 3153 3150 344
f 3152 3150 3153
f 305 3152 3022
f 3152 345 3154
f 3022 3154 266
f 3152 3154 3022
f 266 3154 3023
f 3154 345 3155
f 3023 3155 306
f 3154 3155 3023
f 306 3155 3157
f 3155 345 3156
f 3157 3156 346
f 3155 3156 3157
f 307 3158 3160
f 3158 346 3159
f 3160 3159 347
f 3158 3159 3160
f 306 3157 3026
f 3157 346 3158
f 3026 3158 307
f 3157 3158 3026
f 307 3160 3029
f 3160 347 3161
f 3029 3161 308
f 3160 3161 3029
f 308 3161 3163
f 3161 347 3162
f 3163 3162 348
f 3161 3162 3163
f 309 3164 3166
f 3164 348 3165
f 3166 3165 349
f 3164 3165 3166
f 308 3163 3032
f 3163 348 3164
f 3032 3164 309
f 3163 3164 3032
f 309 3166 3035
f 3166 349 3167
f 3035 3167 310
f 3166 3167 3035
f 311 3168 3170
f 3168 349 3169
f 3170 3169 350
f 3168 3169 3170
f 310 3167 3038
f 3167 349 3168
f 3038 3168 311
f 3167 3168 3038
f 311 3170 3041
f 3170 350 3171
f 3041 3171 312
f 3170 3171 3041
f 312 3171 3173
f 3171 350 3172
f 3173 3172 351
f 3171 3172 3173
f 313 3174 3176
f 3174 351 3175
f 3176 3175 352
f 3174 3175 3176
f 312 3173 3044
f 3173 351 3174
f 3044 3174 313
f 3173 3174 3044
f 313 3176 3047
f 3176 352 3177
f 3047 3177 314
f 3176 3177 3047
f 314 3177 3179
f 3177 352 3178
f 3179 3178 353
f 3177 3178 3179
f 315 3180 3182
f 3180 353 3181
f 3182 3181 354
f 3180 3181 3182
f 314 3179 3050
f 3179 353 3180
f 3050 3180 315
f 3179 3180 3050
f 315 3183 3054
f 3183 355 3184
f 3054 3184 316
f 3183 3184 3054
f 355 3183 3185
f 3183 315 3182
f 3185 3182 354
f 3183 3182 3185
f 317 3186 3188
f 3186 355 3187
f 3188 3187 356
f 3186 3187 3188
f 316 3184 3056
f 3184 355 3186
f 3056 3186 317
f 3184 3186 3056
f 1631 3189 3191
f 3189 1399 3190
f 3191 3190 318
f 3189 3190 3191
f 1399 3192 3194
f 3192 1645 3193
f 3194 3193 357
f 3192 3193 3194
f 357 3195 3194
f 3195 318 3190
f 3194 3190 1399
f 3195 3190 3194
f 319 3196 3072
f 3196 320 3197
f 3072 3197 1861
f 3196 3197 3072
f 321 3198 3200
f 3198 359 3199
f 3200 3199 1642
f 3198 3199 3200
f 1642 3201 3200
f 3201 1892 3080
f 3200 3080 321
f 3201 3080 3200
f 1642 3202 3204
f 3202 1814 3203
f 3204 3203 360
f 3202 3203 3204
f 1802 3205 3206
f 3205 1484 3085
f 3206 3085 323
f 3205 3085 3206
f 1802 3207 3209
f 3207 1655 3208
f 3209 3208 362
f 3207 3208 3209
f 325 3210 3212
f 3210 363 3211
f 3212 3211 1883
f 3210 3211 3212
f 362 3213 3209
f 3213 324 3214
f 3209 3214 1802
f 3213 3214 3209
f 1883 3215 3212
f 3215 1637 3095
f 3212 3095 325
f 3215 3095 3212
f 1883 3211 3217
f 3211 363 3216
f 3217 3216 364
f 3211 3216 3217
f 1724 3218 3219
f 3218 1883 3217
f 3219 3217 364
f 3218 3217 3219
f 366 3220 3222
f 3220 1724 3221
f 3222 3221 365
f 3220 3221 3222
f 329 3223 3225
f 3223 366 3224
f 3225 3224 367
f 3223 3224 3225
f 328 3226 3105
f 3226 366 3223
f 3105 3223 329
f 3226 3223 3105
f 330 3227 3229
f 3227 367 3228
f 3229 3228 368
f 3227 3228 3229
f 367 3227 3225
f 3227 330 3108
f 3225 3108 329
f 3227 3108 3225
f 331 3230 3232
f 3230 368 3231
f 3232 3231 369
f 3230 3231 3232
f 330 3229 3111
f 3229 368 3230
f 3111 3230 331
f 3229 3230 3111
f 332 3233 3235
f 3233 369 3234
f 3235 3234 370
f 3233 3234 3235
f 369 3233 3232
f 3233 332 3114
f 3232 3114 331
f 3233 3114 3232
f 333 3236 3238
f 3236 370 3237
f 3238 3237 371
f 3236 3237 3238
f 332 3235 3117
f 3235 370 3236
f 3117 3236 333
f 3235 3236 3117
f 334 3239 3241
f 3239 371 3240
f 3241 3240 372
f 3239 3240 3241
f 371 3239 3238
f 3239 334 3120
f 3238 3120 333
f 3239 3120 3238
f 335 3242 3244
f 3242 372 3243
f 3244 3243 373
f 3242 3243 3244
f 334 3241 3123
f 3241 372 3242
f 3123 3242 335
f 3241 3242 3123
f 336 3245 3247
f 3245 373 3246
f 3247 3246 374
f 3245 3246 3247
f 373 3245 3244
f 3245 336 3126
f 3244 3126 335
f 3245 3126 3244
f 337 3248 3250
f 3248 374 3249
f 3250 3249 375
f 3248 3249 3250
f 336 3247 3129
f 3247 374 3248
f 3129 3248 337
f 3247 3248 3129
f 338 3251 3253
f 3251 375 3252
f 3253 3252 376
f 3251 3252 3253
f 375 3251 3250
f 3251 338 3132
f 3250 3132 337
f 3251 3132 3250
f 339 3254 3256
f 3254 376 3255
f 3256 3255 377
f 3254 3255 3256
f 338 3253 3135
f 3253 376 3254
f 3135 3254 339
f 3253 3254 3135
f 340 3257 3259
f 3257 377 3258
f 3259 3258 378
f 3257 3258 3259
f 377 3257 3256
f 3257 340 3138
f 3256 3138 339
f 3257 3138 3256
f 341 3260 3262
f 3260 378 3261
f 3262 3261 379
f 3260 3261 3262
f 340 3259 3141
f 3259 378 3260
f 3141 3260 341
f 3259 3260 3141
f 379 3263 3262
f 3263 342 3144
f 3262 3144 341
f 3263 3144 3262
f 342 3263 3148
f 3263 379 3264
f 3148 3264 343
f 3263 3264 3148
f 343 3265 3267
f 3265 380 3266
f 3267 3266 381
f 3265 3266 3267
f 380 3265 3268
f 3265 343 3264
f 3268 3264 379
f 3265 3264 3268
f 344 3269 3271
f 3269 381 3270
f 3271 3270 382
f 3269 3270 3271
f 343 3267 3272
f 3267 381 3269
f 3272 3269 344
f 3267 3269 3272
f 382 3273 3271
f 3273 345 3153
f 3271 3153 344
f 3273 3153 3271
f 346 3274 3276
f 3274 382 3275
f 3276 3275 383
f 3274 3275 3276
f 345 3273 3156
f 3273 382 3274
f 3156 3274 346
f 3273 3274 3156
f 347 3277 3279
f 3277 449 3278
f 3279 3278 384
f 3277 3278 3279
f 383 3280 3276
f 3280 347 3159
f 3276 3159 346
f 3280 3159 3276
f 348 3281 3283
f 3281 384 3282
f 3283 3282 385
f 3281 3282 3283
f 347 3279 3162
f 3279 384 3281
f 3162 3281 348
f 3279 3281 3162
f 385 3284 3283
f 3284 349 3165
f 3283 3165 348
f 3284 3165 3283
f 349 3284 3286
f 3284 385 3285
f 3286 3285 386
f 3284 3285 3286
f 350 3287 3289
f 3287 386 3288
f 3289 3288 387
f 3287 3288 3289
f 386 3287 3286
f 3287 350 3169
f 3286 3169 349
f 3287 3169 3286
f 351 3290 3292
f 3290 387 3291
f 3292 3291 388
f 3290 3291 3292
f 350 3289 3172
f 3289 387 3290
f 3172 3290 351
f 3289 3290 3172
f 352 3293 3295
f 3293 388 3294
f 3295 3294 389
f 3293 3294 3295
f 388 3293 3292
f 3293 352 3175
f 3292 3175 351
f 3293 3175 3292
f 353 3296 3298
f 3296 389 3297
f 3298 3297 390
f 3296 3297 3298
f 352 3295 3178
f 3295 389 3296
f 3178 3296 353
f 3295 3296 3178
f 354 3299 3301
f 3299 390 3300
f 3301 3300 391
f 3299 3300 3301
f 390 3299 3298
f 3299 354 3181
f 3298 3181 353
f 3299 3181 3298
f 354 3302 3185
f 3302 392 3303
f 3185 3303 355
f 3302 3303 3185
f 354 3301 3302
f 3301 391 3304
f 3302 3304 392
f 3301 3304 3302
f 355 3303 3187
f 3303 392 3305
f 3187 3305 356
f 3303 3305 3187
f 356 3305 3307
f 3305 392 3306
f 3307 3306 393
f 3305 3306 3307
f 1645 3308 3193
f 3308 1893 3309
f 3193 3309 357
f 3308 3309 3193
f 356 3307 3311
f 3307 393 3310
f 3311 3310 1645
f 3307 3310 3311
f 357 3312 3314
f 3312 358 3313
f 3314 3313 319
f 3312 3313 3314
f 1893 3315 3317
f 3315 1661 3316
f 3317 3316 1689
f 3315 3316 3317
f 1810 3318 3319
f 3318 1893 3317
f 3319 3317 1689
f 3318 3317 3319
f 1810 3320 3322
f 3320 1421 3321
f 3322 3321 395
f 3320 3321 3322
f 1814 3323 3203
f 3323 396 3324
f 3203 3324 360
f 3323 3324 3203
f 359 3325 3327
f 3325 395 3326
f 3327 3326 1814
f 3325 3326 3327
f 362 3328 3330
f 3328 398 3329
f 3330 3329 1535
f 3328 3329 3330
f 361 3331 3333
f 3331 397 3332
f 3333 3332 1655
f 3331 3332 3333
f 1535 3329 3335
f 3329 398 3334
f 3335 3334 399
f 3329 3334 3335
f 1809 3336 3337
f 3336 1535 3335
f 3337 3335 399
f 3336 3335 3337
f 400 3338 3340
f 3338 1809 3339
f 3340 3339 1702
f 3338 3339 3340
f 366 3341 3224
f 3341 401 3342
f 3224 3342 367
f 3341 3342 3224
f 400 3343 3345
f 3343 365 3344
f 3345 3344 364
f 3343 3344 3345
f 401 3346 3348
f 3346 365 3347
f 3348 3347 1649
f 3346 3347 3348
f 367 3342 3350
f 3342 401 3349
f 3350 3349 402
f 3342 3349 3350
f 368 3351 3353
f 3351 402 3352
f 3353 3352 403
f 3351 3352 3353
f 367 3350 3228
f 3350 402 3351
f 3228 3351 368
f 3350 3351 3228
f 368 3353 3231
f 3353 403 3354
f 3231 3354 369
f 3353 3354 3231
f 369 3354 3356
f 3354 403 3355
f 3356 3355 404
f 3354 3355 3356
f 370 3357 3359
f 3357 404 3358
f 3359 3358 405
f 3357 3358 3359
f 369 3356 3234
f 3356 404 3357
f 3234 3357 370
f 3356 3357 3234
f 370 3359 3237
f 3359 405 3360
f 3237 3360 371
f 3359 3360 3237
f 371 3360 3362
f 3360 405 3361
f 3362 3361 406
f 3360 3361 3362
f 372 3363 3365
f 3363 406 3364
f 3365 3364 407
f 3363 3364 3365
f 371 3362 3240
f 3362 406 3363
f 3240 3363 372
f 3362 3363 3240
f 372 3365 3243
f 3365 407 3366
f 3243 3366 373
f 3365 3366 3243
f 373 3366 3368
f 3366 407 3367
f 3368 3367 408
f 3366 3367 3368
f 374 3369 3371
f 3369 408 3370
f 3371 3370 409
f 3369 3370 3371
f 373 3368 3246
f 3368 408 3369
f 3246 3369 374
f 3368 3369 3246
f 374 3371 3249
f 3371 409 3372
f 3249 3372 375
f 3371 3372 3249
f 375 3372 3374
f 3372 409 3373
f 3374 3373 410
f 3372 3373 3374
f 376 3375 3377
f 3375 410 3376
f 3377 3376 411
f 3375 3376 3377
f 375 3374 3252
f 3374 410 3375
f 3252 3375 376
f 3374 3375 3252
f 376 3377 3255
f 3377 411 3378
f 3255 3378 377
f 3377 3378 3255
f 377 3378 3380
f 3378 411 3379
f 3380 3379 443
f 3378 3379 3380
f 377 3380 3258
f 3380 443 3381
f 3258 3381 378
f 3380 3381 3258
f 379 3261 3383
f 3261 378 3382
f 3383 3382 412
f 3261 3382 3383
f 380 3384 3386
f 3384 445 3385
f 3386 3385 413
f 3384 3385 3386
f 381 3387 3389
f 3387 413 3388
f 3389 3388 414
f 3387 3388 3389
f 380 3386 3266
f 3386 413 3387
f 3266 3387 381
f 3386 3387 3266
f 381 3389 3270
f 3389 414 3390
f 3270 3390 382
f 3389 3390 3270
f 382 3390 3392
f 3390 414 3391
f 3392 3391 415
f 3390 3391 3392
f 382 3392 3275
f 3392 415 3393
f 3275 3393 383
f 3392 3393 3275
f 383 3394 3396
f 3394 448 3395
f 3396 3395 449
f 3394 3395 3396
f 383 3396 3280
f 3396 449 3277
f 3280 3277 347
f 3396 3277 3280
f 385 3282 3398
f 3282 384 3397
f 3398 3397 416
f 3282 3397 3398
f 385 3398 3285
f 3398 416 3399
f 3285 3399 386
f 3398 3399 3285
f 386 3399 3401
f 3399 416 3400
f 3401 3400 417
f 3399 3400 3401
f 387 3402 3404
f 3402 417 3403
f 3404 3403 418
f 3402 3403 3404
f 386 3401 3288
f 3401 417 3402
f 3288 3402 387
f 3401 3402 3288
f 387 3404 3291
f 3404 418 3405
f 3291 3405 388
f 3404 3405 3291
f 388 3405 3407
f 3405 418 3406
f 3407 3406 419
f 3405 3406 3407
f 389 3408 3410
f 3408 419 3409
f 3410 3409 420
f 3408 3409 3410
f 388 3407 3294
f 3407 419 3408
f 3294 3408 389
f 3407 3408 3294
f 389 3410 3297
f 3410 420 3411
f 3297 3411 390
f 3410 3411 3297
f 390 3411 3413
f 3411 420 3412
f 3413 3412 421
f 3411 3412 3413
f 391 3414 3416
f 3414 421 3415
f 3416 3415 422
f 3414 3415 3416
f 390 3413 3300
f 3413 421 3414
f 3300 3414 391
f 3413 3414 3300
f 391 3417 3304
f 3417 423 3418
f 3304 3418 392
f 3417 3418 3304
f 423 3417 3419
f 3417 391 3416
f 3419 3416 422
f 3417 3416 3419
f 393 3420 3422
f 3420 423 3421
f 3422 3421 424
f 3420 3421 3422
f 392 3418 3306
f 3418 423 3420
f 3306 3420 393
f 3418 3420 3306
f 1645 3310 3424
f 3310 393 3423
f 3424 3423 394
f 3310 3423 3424
f 394 3425 3427
f 3425 424 3426
f 3427 3426 1420
f 3425 3426 3427
f 1661 3428 3429
f 3428 394 3427
f 3429 3427 1420
f 3428 3427 3429
f 395 3430 3432
f 3430 425 3431
f 3432 3431 1668
f 3430 3431 3432
f 1668 3433 3432
f 3433 1814 3326
f 3432 3326 395
f 3433 3326 3432
f 1668 3434 3436
f 3434 1686 3435
f 3436 3435 426
f 3434 3435 3436
f 1501 3437 3438
f 3437 1655 3332
f 3438 3332 397
f 3437 3332 3438
f 1501 3439 3441
f 3439 1515 3440
f 3441 3440 428
f 3439 3440 3441
f 399 3442 3444
f 3442 429 3443
f 3444 3443 1702
f 3442 3443 3444
f 428 3445 3441
f 3445 398 3446
f 3441 3446 1501
f 3445 3446 3441
f 1702 3339 3444
f 3339 1809 3337
f 3444 3337 399
f 3339 3337 3444
f 1702 3443 3448
f 3443 429 3447
f 3448 3447 430
f 3443 3447 3448
f 1649 3449 3451
f 3449 1509 3450
f 3451 3450 431
f 3449 3450 3451
f 1509 3452 3453
f 3452 1702 3448
f 3453 3448 430
f 3452 3448 3453
f 1649 3451 3455
f 3451 431 3454
f 3455 3454 432
f 3451 3454 3455
f 402 3456 3458
f 3456 432 3457
f 3458 3457 433
f 3456 3457 3458
f 401 3459 3349
f 3459 432 3456
f 3349 3456 402
f 3459 3456 3349
f 403 3460 3462
f 3460 433 3461
f 3462 3461 434
f 3460 3461 3462
f 433 3460 3458
f 3460 403 3352
f 3458 3352 402
f 3460 3352 3458
f 404 3463 3465
f 3463 434 3464
f 3465 3464 435
f 3463 3464 3465
f 403 3462 3355
f 3462 434 3463
f 3355 3463 404
f 3462 3463 3355
f 405 3466 3468
f 3466 435 3467
f 3468 3467 436
f 3466 3467 3468
f 435 3466 3465
f 3466 405 3358
f 3465 3358 404
f 3466 3358 3465
f 406 3469 3471
f 3469 436 3470
f 3471 3470 437
f 3469 3470 3471
f 405 3468 3361
f 3468 436 3469
f 3361 3469 406
f 3468 3469 3361
f 407 3472 3474
f 3472 437 3473
f 3474 3473 438
f 3472 3473 3474
f 437 3472 3471
f 3472 407 3364
f 3471 3364 406
f 3472 3364 3471
f 408 3475 3477
f 3475 438 3476
f 3477 3476 439
f 3475 3476 3477
f 407 3474 3367
f 3474 438 3475
f 3367 3475 408
f 3474 3475 3367
f 409 3478 3480
f 3478 439 3479
f 3480 3479 440
f 3478 3479 3480
f 439 3478 3477
f 3478 409 3370
f 3477 3370 408
f 3478 3370 3477
f 410 3481 3483
f 3481 440 3482
f 3483 3482 441
f 3481 3482 3483
f 409 3480 3373
f 3480 440 3481
f 3373 3481 410
f 3480 3481 3373
f 411 3484 3486
f 3484 441 3485
f 3486 3485 442
f 3484 3485 3486
f 441 3484 3483
f 3484 411 3376
f 3483 3376 410
f 3484 3376 3483
f 411 3486 3379
f 3486 442 3487
f 3379 3487 443
f 3486 3487 3379
f 412 3488 3490
f 3488 443 3489
f 3490 3489 444
f 3488 3489 3490
f 378 3381 3382
f 3381 443 3488
f 3382 3488 412
f 3381 3488 3382
f 412 3491 3383
f 3491 380 3268
f 3383 3268 379
f 3491 3268 3383
f 445 3492 3493
f 3492 412 3490
f 3493 3490 444
f 3492 3490 3493
f 413 3385 3495
f 3385 445 3494
f 3495 3494 446
f 3385 3494 3495
f 380 3491 3384
f 3491 412 3492
f 3384 3492 445
f 3491 3492 3384
f 413 3496 3388
f 3496 447 3497
f 3388 3497 414
f 3496 3497 3388
f 447 3496 3498
f 3496 413 3495
f 3498 3495 446
f 3496 3495 3498
f 414 3497 3391
f 3497 447 3499
f 3391 3499 415
f 3497 3499 3391
f 415 3500 3393
f 3500 448 3394
f 3393 3394 383
f 3500 3394 3393
f 384 3278 3502
f 3278 449 3501
f 3502 3501 450
f 3278 3501 3502
f 416 3503 3505
f 3503 450 3504
f 3505 3504 451
f 3503 3504 3505
f 450 3503 3502
f 3503 416 3397
f 3502 3397 384
f 3503 3397 3502
f 417 3506 3508
f 3506 451 3507
f 3508 3507 452
f 3506 3507 3508
f 416 3505 3400
f 3505 451 3506
f 3400 3506 417
f 3505 3506 3400
f 418 3509 3511
f 3509 452 3510
f 3511 3510 453
f 3509 3510 3511
f 452 3509 3508
f 3509 418 3403
f 3508 3403 417
f 3509 3403 3508
f 419 3512 3514
f 3512 453 3513
f 3514 3513 454
f 3512 3513 3514
f 418 3511 3406
f 3511 453 3512
f 3406 3512 419
f 3511 3512 3406
f 420 3515 3517
f 3515 454 3516
f 3517 3516 455
f 3515 3516 3517
f 454 3515 3514
f 3515 420 3409
f 3514 3409 419
f 3515 3409 3514
f 455 3518 3517
f 3518 421 3412
f 3517 3412 420
f 3518 3412 3517
f 422 3519 3521
f 3519 455 3520
f 3521 3520 456
f 3519 3520 3521
f 455 3519 3518
f 3519 422 3415
f 3518 3415 421
f 3519 3415 3518
f 422 3522 3419
f 3522 457 3523
f 3419 3523 423
f 3522 3523 3419
f 422 3521 3522
f 3521 456 3524
f 3522 3524 457
f 3521 3524 3522
f 423 3523 3421
f 3523 457 3525
f 3421 3525 424
f 3523 3525 3421
f 424 3525 3527
f 3525 457 3526
f 3527 3526 458
f 3525 3526 3527
f 1661 3528 3530
f 3528 459 3529
f 3530 3529 1682
f 3528 3529 3530
f 424 3527 3426
f 3527 458 3531
f 3426 3531 1420
f 3527 3531 3426
f 1682 3529 3533
f 3529 459 3532
f 3533 3532 1772
f 3529 3532 3533
f 1689 3534 3536
f 3534 460 3535
f 3536 3535 1421
f 3534 3535 3536
f 1411 3537 3538
f 3537 1421 3535
f 3538 3535 460
f 3537 3535 3538
f 1411 3539 3541
f 3539 1434 3540
f 3541 3540 461
f 3539 3540 3541
f 1686 3542 3435
f 3542 462 3543
f 3435 3543 426
f 3542 3543 3435
f 425 3544 3546
f 3544 461 3545
f 3546 3545 1686
f 3544 3545 3546
f 428 3547 3549
f 3547 464 3548
f 3549 3548 1693
f 3547 3548 3549
f 427 3550 3552
f 3550 463 3551
f 3552 3551 1515
f 3550 3551 3552
f 1693 3548 3554
f 3548 464 3553
f 3554 3553 465
f 3548 3553 3554
f 1518 3555 3556
f 3555 1509 3453
f 3556 3453 430
f 3555 3453 3556
f 432 3557 3457
f 3557 466 3558
f 3457 3558 433
f 3557 3558 3457
f 1523 3559 3561
f 3559 1518 3560
f 3561 3560 1703
f 3559 3560 3561
f 466 3562 3564
f 3562 431 3563
f 3564 3563 1523
f 3562 3563 3564
f 433 3558 3566
f 3558 466 3565
f 3566 3565 467
f 3558 3565 3566
f 434 3567 3569
f 3567 467 3568
f 3569 3568 468
f 3567 3568 3569
f 433 3566 3461
f 3566 467 3567
f 3461 3567 434
f 3566 3567 3461
f 434 3569 3464
f 3569 468 3570
f 3464 3570 435
f 3569 3570 3464
f 435 3570 3572
f 3570 468 3571
f 3572 3571 469
f 3570 3571 3572
f 436 3573 3575
f 3573 469 3574
f 3575 3574 470
f 3573 3574 3575
f 435 3572 3467
f 3572 469 3573
f 3467 3573 436
f 3572 3573 3467
f 436 3575 3470
f 3575 470 3576
f 3470 3576 437
f 3575 3576 3470
f 437 3576 3578
f 3576 470 3577
f 3578 3577 471
f 3576 3577 3578
f 438 3579 3581
f 3579 471 3580
f 3581 3580 472
f 3579 3580 3581
f 437 3578 3473
f 3578 471 3579
f 3473 3579 438
f 3578 3579 3473
f 438 3581 3476
f 3581 472 3582
f 3476 3582 439
f 3581 3582 3476
f 439 3582 3584
f 3582 472 3583
f 3584 3583 1909
f 3582 3583 3584
f 440 3585 3587
f 3585 1909 3586
f 3587 3586 473
f 3585 3586 3587
f 439 3584 3479
f 3584 1909 3585
f 3479 3585 440
f 3584 3585 3479
f 440 3587 3482
f 3587 473 3588
f 3482 3588 441
f 3587 3588 3482
f 474 3589 3591
f 3589 473 3590
f 3591 3590 501
f 3589 3590 3591
f 441 3592 3485
f 3592 474 3593
f 3485 3593 442
f 3592 3593 3485
f 442 3593 3595
f 3593 474 3594
f 3595 3594 475
f 3593 3594 3595
f 442 3595 3487
f 3595 475 3596
f 3487 3596 443
f 3595 3596 3487
f 443 3596 3489
f 3596 475 3597
f 3489 3597 444
f 3596 3597 3489
f 444 3598 3493
f 3598 476 3599
f 3493 3599 445
f 3598 3599 3493
f 444 3600 3598
f 3600 503 3601
f 3598 3601 476
f 3600 3601 3598
f 445 3599 3494
f 3599 476 3602
f 3494 3602 446
f 3599 3602 3494
f 446 3603 3498
f 3603 477 3604
f 3498 3604 447
f 3603 3604 3498
f 446 3605 3603
f 3605 504 3606
f 3603 3606 477
f 3605 3606 3603
f 447 3604 3608
f 3604 477 3607
f 3608 3607 478
f 3604 3607 3608
f 447 3608 3499
f 3608 478 3609
f 3499 3609 415
f 3608 3609 3499
f 415 3609 3500
f 3609 478 3610
f 3500 3610 448
f 3609 3610 3500
f 448 3610 3612
f 3610 478 3611
f 3612 3611 479
f 3610 3611 3612
f 448 3612 3395
f 3612 479 3613
f 3395 3613 449
f 3612 3613 3395
f 449 3613 3501
f 3613 479 3614
f 3501 3614 450
f 3613 3614 3501
f 1917 3615 3617
f 3615 1914 3616
f 3617 3616 480
f 3615 3616 3617
f 450 3618 3504
f 3618 507 3619
f 3504 3619 451
f 3618 3619 3504
f 452 3620 3621
f 3620 1917 3617
f 3621 3617 480
f 3620 3617 3621
f 453 3622 3624
f 3622 508 3623
f 3624 3623 481
f 3622 3623 3624
f 453 3624 3513
f 3624 481 3625
f 3513 3625 454
f 3624 3625 3513
f 454 3626 3516
f 3626 482 3627
f 3516 3627 455
f 3626 3627 3516
f 454 3625 3626
f 3625 481 3628
f 3626 3628 482
f 3625 3628 3626
f 455 3627 3630
f 3627 482 3629
f 3630 3629 483
f 3627 3629 3630
f 456 3631 3633
f 3631 483 3632
f 3633 3632 484
f 3631 3632 3633
f 455 3630 3520
f 3630 483 3631
f 3520 3631 456
f 3630 3631 3520
f 456 3634 3524
f 3634 485 3635
f 3524 3635 457
f 3634 3635 3524
f 485 3634 3636
f 3634 456 3633
f 3636 3633 484
f 3634 3633 3636
f 458 3637 3639
f 3637 485 3638
f 3639 3638 486
f 3637 3638 3639
f 457 3635 3526
f 3635 485 3637
f 3526 3637 458
f 3635 3637 3526
f 1424 3640 3641
f 3640 1420 3531
f 3641 3531 458
f 3640 3531 3641
f 1530 3642 3644
f 3642 1424 3643
f 3644 3643 486
f 3642 3643 3644
f 487 3645 3647
f 3645 459 3646
f 3647 3646 1424
f 3645 3646 3647
f 461 3648 3650
f 3648 488 3649
f 3650 3649 1701
f 3648 3649 3650
f 460 3651 3653
f 3651 1772 3652
f 3653 3652 1434
f 3651 3652 3653
f 1701 3654 3650
f 3654 1686 3545
f 3650 3545 461
f 3654 3545 3650
f 1701 3655 3657
f 3655 1822 3656
f 3657 3656 489
f 3655 3656 3657
f 1723 3658 3659
f 3658 1515 3551
f 3659 3551 463
f 3658 3551 3659
f 1723 3660 3662
f 3660 1536 3661
f 3662 3661 491
f 3660 3661 3662
f 491 3663 3662
f 3663 464 3664
f 3662 3664 1723
f 3663 3664 3662
f 1898 3665 3666
f 3665 1693 3554
f 3666 3554 465
f 3665 3554 3666
f 1898 3666 3668
f 3666 465 3667
f 3668 3667 492
f 3666 3667 3668
f 1703 3669 3561
f 3669 493 3670
f 3561 3670 1523
f 3669 3670 3561
f 1703 3671 3672
f 3671 1898 3668
f 3672 3668 492
f 3671 3668 3672
f 1523 3670 3674
f 3670 493 3673
f 3674 3673 494
f 3670 3673 3674
f 467 3675 3677
f 3675 494 3676
f 3677 3676 495
f 3675 3676 3677
f 466 3678 3565
f 3678 494 3675
f 3565 3675 467
f 3678 3675 3565
f 468 3679 3681
f 3679 495 3680
f 3681 3680 496
f 3679 3680 3681
f 495 3679 3677
f 3679 468 3568
f 3677 3568 467
f 3679 3568 3677
f 469 3682 3684
f 3682 496 3683
f 3684 3683 497
f 3682 3683 3684
f 468 3681 3571
f 3681 496 3682
f 3571 3682 469
f 3681 3682 3571
f 470 3685 3687
f 3685 497 3686
f 3687 3686 498
f 3685 3686 3687
f 497 3685 3684
f 3685 470 3574
f 3684 3574 469
f 3685 3574 3684
f 471 3688 3690
f 3688 498 3689
f 3690 3689 499
f 3688 3689 3690
f 470 3687 3577
f 3687 498 3688
f 3577 3688 471
f 3687 3688 3577
f 472 3691 3693
f 3691 499 3692
f 3693 3692 500
f 3691 3692 3693
f 499 3691 3690
f 3691 472 3580
f 3690 3580 471
f 3691 3580 3690
f 1909 3694 3696
f 3694 500 3695
f 3696 3695 528
f 3694 3695 3696
f 472 3693 3583
f 3693 500 3694
f 3583 3694 1909
f 3693 3694 3583
f 1921 3697 3698
f 3697 473 3586
f 3698 3586 1909
f 3697 3586 3698
f 473 3589 3588
f 3589 474 3592
f 3588 3592 441
f 3589 3592 3588
f 501 3699 3701
f 3699 1921 3700
f 3701 3700 529
f 3699 3700 3701
f 474 3591 3703
f 3591 501 3702
f 3703 3702 502
f 3591 3702 3703
f 474 3703 3594
f 3703 502 3704
f 3594 3704 475
f 3703 3704 3594
f 475 3704 3706
f 3704 502 3705
f 3706 3705 503
f 3704 3705 3706
f 475 3706 3597
f 3706 503 3600
f 3597 3600 444
f 3706 3600 3597
f 476 3601 3708
f 3601 503 3707
f 3708 3707 532
f 3601 3707 3708
f 476 3708 3710
f 3708 532 3709
f 3710 3709 504
f 3708 3709 3710
f 476 3710 3602
f 3710 504 3605
f 3602 3605 446
f 3710 3605 3602
f 477 3711 3713
f 3711 533 3712
f 3713 3712 505
f 3711 3712 3713
f 477 3713 3607
f 3713 505 3714
f 3607 3714 478
f 3713 3714 3607
f 478 3715 3611
f 3715 506 3716
f 3611 3716 479
f 3715 3716 3611
f 478 3714 3715
f 3714 505 3717
f 3715 3717 506
f 3714 3717 3715
f 479 3716 3719
f 3716 506 3718
f 3719 3718 507
f 3716 3718 3719
f 479 3719 3614
f 3719 507 3618
f 3614 3618 450
f 3719 3618 3614
f 1914 3720 3616
f 3720 536 3721
f 3616 3721 480
f 3720 3721 3616
f 480 3722 3621
f 3722 508 3723
f 3621 3723 452
f 3722 3723 3621
f 480 3724 3722
f 3724 537 3725
f 3722 3725 508
f 3724 3725 3722
f 481 3623 3727
f 3623 508 3726
f 3727 3726 509
f 3623 3726 3727
f 508 3622 3723
f 3622 453 3510
f 3723 3510 452
f 3622 3510 3723
f 482 3628 3729
f 3628 481 3728
f 3729 3728 510
f 3628 3728 3729
f 483 3730 3732
f 3730 510 3731
f 3732 3731 511
f 3730 3731 3732
f 482 3729 3629
f 3729 510 3730
f 3629 3730 483
f 3729 3730 3629
f 483 3732 3632
f 3732 511 3733
f 3632 3733 484
f 3732 3733 3632
f 484 3733 3735
f 3733 511 3734
f 3735 3734 512
f 3733 3734 3735
f 513 3736 3737
f 3736 484 3735
f 3737 3735 512
f 3736 3735 3737
f 484 3736 3636
f 3736 513 3738
f 3636 3738 485
f 3736 3738 3636
f 485 3738 3638
f 3738 513 3739
f 3638 3739 486
f 3738 3739 3638
f 486 3739 3741
f 3739 513 3740
f 3741 3740 514
f 3739 3740 3741
f 486 3741 3644
f 3741 514 3742
f 3644 3742 1530
f 3741 3742 3644
f 487 3743 3745
f 3743 1817 3744
f 3745 3744 1772
f 3743 3744 3745
f 1836 3746 3748
f 3746 1782 3747
f 3748 3747 1778
f 3746 3747 3748
f 1817 3749 3744
f 3749 1537 3750
f 3744 3750 1772
f 3749 3750 3744
f 1817 3751 3752
f 3751 1836 3748
f 3752 3748 1778
f 3751 3748 3752
f 1537 3753 3750
f 3753 1434 3652
f 3750 3652 1772
f 3753 3652 3750
f 516 3754 3756
f 3754 515 3755
f 3756 3755 1441
f 3754 3755 3756
f 1822 3757 3656
f 3757 517 3758
f 3656 3758 489
f 3757 3758 3656
f 488 3759 3761
f 3759 516 3760
f 3761 3760 1822
f 3759 3760 3761
f 491 3762 3764
f 3762 519 3763
f 3764 3763 1538
f 3762 3763 3764
f 490 3765 3767
f 3765 518 3766
f 3767 3766 1536
f 3765 3766 3767
f 1538 3763 3769
f 3763 519 3768
f 3769 3768 520
f 3763 3768 3769
f 492 3770 3772
f 3770 521 3771
f 3772 3771 1540
f 3770 3771 3772
f 1540 3773 3772
f 3773 1703 3672
f 3772 3672 492
f 3773 3672 3772
f 494 3774 3676
f 3774 522 3775
f 3676 3775 495
f 3774 3775 3676
f 522 3776 3778
f 3776 493 3777
f 3778 3777 552
f 3776 3777 3778
f 495 3775 3780
f 3775 522 3779
f 3780 3779 523
f 3775 3779 3780
f 496 3781 3783
f 3781 523 3782
f 3783 3782 524
f 3781 3782 3783
f 495 3780 3680
f 3780 523 3781
f 3680 3781 496
f 3780 3781 3680
f 496 3783 3683
f 3783 524 3784
f 3683 3784 497
f 3783 3784 3683
f 497 3784 3786
f 3784 524 3785
f 3786 3785 525
f 3784 3785 3786
f 498 3787 3789
f 3787 525 3788
f 3789 3788 526
f 3787 3788 3789
f 497 3786 3686
f 3786 525 3787
f 3686 3787 498
f 3786 3787 3686
f 498 3789 3689
f 3789 526 3790
f 3689 3790 499
f 3789 3790 3689
f 499 3790 3792
f 3790 526 3791
f 3792 3791 527
f 3790 3791 3792
f 500 3793 3795
f 3793 527 3794
f 3795 3794 559
f 3793 3794 3795
f 499 3792 3692
f 3792 527 3793
f 3692 3793 500
f 3792 3793 3692
f 500 3795 3695
f 3795 559 3796
f 3695 3796 528
f 3795 3796 3695
f 501 3797 3702
f 3797 530 3798
f 3702 3798 502
f 3797 3798 3702
f 502 3798 3800
f 3798 530 3799
f 3800 3799 531
f 3798 3799 3800
f 502 3800 3705
f 3800 531 3801
f 3705 3801 503
f 3800 3801 3705
f 504 3709 3803
f 3709 532 3802
f 3803 3802 564
f 3709 3802 3803
f 504 3804 3606
f 3804 533 3711
f 3606 3711 477
f 3804 3711 3606
f 504 3803 3804
f 3803 564 3805
f 3804 3805 533
f 3803 3805 3804
f 505 3712 3807
f 3712 533 3806
f 3807 3806 534
f 3712 3806 3807
f 505 3807 3717
f 3807 534 3808
f 3717 3808 506
f 3807 3808 3717
f 506 3809 3718
f 3809 535 3810
f 3718 3810 507
f 3809 3810 3718
f 507 3810 3812
f 3810 535 3811
f 3812 3811 1914
f 3810 3811 3812
f 537 3724 3813
f 3724 480 3721
f 3813 3721 536
f 3724 3721 3813
f 508 3725 3726
f 3725 537 3814
f 3726 3814 509
f 3725 3814 3726
f 509 3815 3727
f 3815 538 3816
f 3727 3816 481
f 3815 3816 3727
f 538 3815 3818
f 3815 509 3817
f 3818 3817 569
f 3815 3817 3818
f 510 3819 3821
f 3819 538 3820
f 3821 3820 539
f 3819 3820 3821
f 481 3816 3728
f 3816 538 3819
f 3728 3819 510
f 3816 3819 3728
f 511 3822 3824
f 3822 539 3823
f 3824 3823 540
f 3822 3823 3824
f 539 3822 3821
f 3822 511 3731
f 3821 3731 510
f 3822 3731 3821
f 512 3825 3827
f 3825 540 3826
f 3827 3826 541
f 3825 3826 3827
f 511 3824 3734
f 3824 540 3825
f 3734 3825 512
f 3824 3825 3734
f 512 3828 3737
f 3828 542 3829
f 3737 3829 513
f 3828 3829 3737
f 542 3828 3830
f 3828 512 3827
f 3830 3827 541
f 3828 3827 3830
f 514 3831 3833
f 3831 542 3832
f 3833 3832 543
f 3831 3832 3833
f 513 3829 3740
f 3829 542 3831
f 3740 3831 514
f 3829 3831 3740
f 1446 3834 3835
f 3834 1530 3742
f 3835 3742 514
f 3834 3742 3835
f 1446 3836 3838
f 3836 1431 3837
f 3838 3837 544
f 3836 3837 3838
f 1782 3839 3840
f 3839 1446 3838
f 3840 3838 544
f 3839 3838 3840
f 1778 3841 3843
f 3841 545 3842
f 3843 3842 546
f 3841 3842 3843
f 1441 3844 3756
f 3844 1684 3845
f 3756 3845 516
f 3844 3845 3756
f 546 3846 3843
f 3846 515 3847
f 3843 3847 1778
f 3846 3847 3843
f 1684 3848 3845
f 3848 1822 3760
f 3845 3760 516
f 3848 3760 3845
f 1684 3849 3851
f 3849 1716 3850
f 3851 3850 547
f 3849 3850 3851
f 1546 3852 3853
f 3852 1536 3766
f 3853 3766 518
f 3852 3766 3853
f 1546 3854 3856
f 3854 1553 3855
f 3856 3855 549
f 3854 3855 3856
f 520 3857 3859
f 3857 550 3858
f 3859 3858 551
f 3857 3858 3859
f 549 3860 3856
f 3860 519 3861
f 3856 3861 1546
f 3860 3861 3856
f 520 3862 3769
f 3862 521 3863
f 3769 3863 1538
f 3862 3863 3769
f 1540 3864 3865
f 3864 552 3777
f 3865 3777 493
f 3864 3777 3865
f 523 3866 3868
f 3866 553 3867
f 3868 3867 554
f 3866 3867 3868
f 522 3869 3779
f 3869 553 3866
f 3779 3866 523
f 3869 3866 3779
f 524 3870 3872
f 3870 554 3871
f 3872 3871 555
f 3870 3871 3872
f 554 3870 3868
f 3870 524 3782
f 3868 3782 523
f 3870 3782 3868
f 525 3873 3875
f 3873 555 3874
f 3875 3874 556
f 3873 3874 3875
f 524 3872 3785
f 3872 555 3873
f 3785 3873 525
f 3872 3873 3785
f 526 3876 3878
f 3876 556 3877
f 3878 3877 557
f 3876 3877 3878
f 556 3876 3875
f 3876 526 3788
f 3875 3788 525
f 3876 3788 3875
f 527 3879 3881
f 3879 557 3880
f 3881 3880 558
f 3879 3880 3881
f 526 3878 3791
f 3878 557 3879
f 3791 3879 527
f 3878 3879 3791
f 558 3882 3881
f 3882 559 3794
f 3881 3794 527
f 3882 3794 3881
f 528 3796 3884
f 3796 559 3883
f 3884 3883 560
f 3796 3883 3884
f 528 3884 3886
f 3884 560 3885
f 3886 3885 529
f 3884 3885 3886
f 529 3887 3701
f 3887 561 3888
f 3701 3888 501
f 3887 3888 3701
f 501 3888 3797
f 3888 561 3889
f 3797 3889 530
f 3888 3889 3797
f 530 3889 3891
f 3889 561 3890
f 3891 3890 562
f 3889 3890 3891
f 530 3891 3799
f 3891 562 3892
f 3799 3892 531
f 3891 3892 3799
f 531 3892 3894
f 3892 562 3893
f 3894 3893 593
f 3892 3893 3894
f 531 3895 3801
f 3895 563 3896
f 3801 3896 503
f 3895 3896 3801
f 531 3894 3895
f 3894 593 3897
f 3895 3897 563
f 3894 3897 3895
f 503 3896 3707
f 3896 563 3898
f 3707 3898 532
f 3896 3898 3707
f 532 3898 3900
f 3898 563 3899
f 3900 3899 594
f 3898 3899 3900
f 532 3900 3802
f 3900 594 3901
f 3802 3901 564
f 3900 3901 3802
f 533 3902 3806
f 3902 565 3903
f 3806 3903 534
f 3902 3903 3806
f 534 3903 3905
f 3903 565 3904
f 3905 3904 566
f 3903 3904 3905
f 534 3906 3808
f 3906 535 3809
f 3808 3809 506
f 3906 3809 3808
f 535 3906 3907
f 3906 534 3905
f 3907 3905 566
f 3906 3905 3907
f 535 3907 3909
f 3907 566 3908
f 3909 3908 1916
f 3907 3908 3909
f 1916 3910 3909
f 3910 1914 3811
f 3909 3811 535
f 3910 3811 3909
f 536 3911 3913
f 3911 567 3912
f 3913 3912 598
f 3911 3912 3913
f 536 3914 3813
f 3914 568 3915
f 3813 3915 537
f 3914 3915 3813
f 536 3913 3914
f 3913 598 3916
f 3914 3916 568
f 3913 3916 3914
f 537 3915 3918
f 3915 568 3917
f 3918 3917 569
f 3915 3917 3918
f 538 3818 3920
f 3818 569 3919
f 3920 3919 570
f 3818 3919 3920
f 537 3918 3814
f 3918 569 3817
f 3814 3817 509
f 3918 3817 3814
f 539 3921 3923
f 3921 570 3922
f 3923 3922 571
f 3921 3922 3923
f 570 3921 3920
f 3921 539 3820
f 3920 3820 538
f 3921 3820 3920
f 540 3924 3926
f 3924 571 3925
f 3926 3925 572
f 3924 3925 3926
f 539 3923 3823
f 3923 571 3924
f 3823 3924 540
f 3923 3924 3823
f 540 3926 3826
f 3926 572 3927
f 3826 3927 541
f 3926 3927 3826
f 541 3927 3929
f 3927 572 3928
f 3929 3928 603
f 3927 3928 3929
f 573 3930 3931
f 3930 541 3929
f 3931 3929 603
f 3930 3929 3931
f 541 3930 3830
f 3930 573 3932
f 3830 3932 542
f 3930 3932 3830
f 542 3932 3832
f 3932 573 3933
f 3832 3933 543
f 3932 3933 3832
f 543 3933 3935
f 3933 573 3934
f 3935 3934 574
f 3933 3934 3935
f 544 3936 3938
f 3936 575 3937
f 3938 3937 576
f 3936 3937 3938
f 543 3935 3940
f 3935 574 3939
f 3940 3939 1431
f 3935 3939 3940
f 576 3941 3938
f 3941 545 3942
f 3938 3942 544
f 3941 3942 3938
f 546 3943 3945
f 3943 577 3944
f 3945 3944 1441
f 3943 3944 3945
f 577 3946 3948
f 3946 1430 3947
f 3948 3947 1453
f 3946 3947 3948
f 1716 3949 3850
f 3949 578 3950
f 3850 3950 547
f 3949 3950 3850
f 549 3951 3953
f 3951 580 3952
f 3953 3952 1669
f 3951 3952 3953
f 548 3954 3956
f 3954 579 3955
f 3956 3955 1553
f 3954 3955 3956
f 1669 3952 3958
f 3952 580 3957
f 3958 3957 581
f 3952 3957 3958
f 551 3959 3961
f 3959 582 3960
f 3961 3960 1550
f 3959 3960 3961
f 1550 3960 3963
f 3960 582 3962
f 3963 3962 583
f 3960 3962 3963
f 553 3964 3867
f 3964 584 3965
f 3867 3965 554
f 3964 3965 3867
f 552 3966 3967
f 3966 1550 3963
f 3967 3963 583
f 3966 3963 3967
f 584 3964 3969
f 3964 553 3968
f 3969 3968 552
f 3964 3968 3969
f 554 3965 3971
f 3965 584 3970
f 3971 3970 585
f 3965 3970 3971
f 555 3972 3974
f 3972 585 3973
f 3974 3973 586
f 3972 3973 3974
f 554 3971 3871
f 3971 585 3972
f 3871 3972 555
f 3971 3972 3871
f 555 3974 3874
f 3974 586 3975
f 3874 3975 556
f 3974 3975 3874
f 556 3975 3977
f 3975 586 3976
f 3977 3976 587
f 3975 3976 3977
f 557 3978 3980
f 3978 587 3979
f 3980 3979 588
f 3978 3979 3980
f 556 3977 3877
f 3977 587 3978
f 3877 3978 557
f 3977 3978 3877
f 557 3980 3880
f 3980 588 3981
f 3880 3981 558
f 3980 3981 3880
f 558 3981 3983
f 3981 588 3982
f 3983 3982 589
f 3981 3982 3983
f 559 3984 3986
f 3984 589 3985
f 3986 3985 590
f 3984 3985 3986
f 558 3983 3882
f 3983 589 3984
f 3882 3984 559
f 3983 3984 3882
f 559 3986 3883
f 3986 590 3987
f 3883 3987 560
f 3986 3987 3883
f 560 3987 3989
f 3987 590 3988
f 3989 3988 623
f 3987 3988 3989
f 591 3990 3991
f 3990 560 3989
f 3991 3989 623
f 3990 3989 3991
f 560 3990 3885
f 3990 591 3992
f 3885 3992 529
f 3990 3992 3885
f 529 3992 3887
f 3992 591 3993
f 3887 3993 561
f 3992 3993 3887
f 561 3994 3890
f 3994 592 3995
f 3890 3995 562
f 3994 3995 3890
f 592 3996 3998
f 3996 591 3997
f 3998 3997 624
f 3996 3997 3998
f 562 3995 4000
f 3995 592 3999
f 4000 3999 625
f 3995 3999 4000
f 562 4001 3893
f 4001 1904 4002
f 3893 4002 593
f 4001 4002 3893
f 563 3897 3899
f 3897 593 4003
f 3899 4003 594
f 3897 4003 3899
f 564 4004 4006
f 4004 1908 4005
f 4006 4005 595
f 4004 4005 4006
f 564 4007 3805
f 4007 565 3902
f 3805 3902 533
f 4007 3902 3805
f 565 4007 4008
f 4007 564 4006
f 4008 4006 595
f 4007 4006 4008
f 565 4009 3904
f 4009 596 4010
f 3904 4010 566
f 4009 4010 3904
f 566 4010 4012
f 4010 596 4011
f 4012 4011 597
f 4010 4011 4012
f 566 4012 4014
f 4012 597 4013
f 4014 4013 567
f 4012 4013 4014
f 568 4015 4017
f 4015 630 4016
f 4017 4016 599
f 4015 4016 4017
f 568 4017 3917
f 4017 599 4018
f 3917 4018 569
f 4017 4018 3917
f 569 4018 3919
f 4018 599 4019
f 3919 4019 570
f 4018 4019 3919
f 570 4019 4021
f 4019 599 4020
f 4021 4020 600
f 4019 4020 4021
f 601 4022 4023
f 4022 570 4021
f 4023 4021 600
f 4022 4021 4023
f 570 4022 3922
f 4022 601 4024
f 3922 4024 571
f 4022 4024 3922
f 571 4025 3925
f 4025 602 4026
f 3925 4026 572
f 4025 4026 3925
f 602 4025 4027
f 4025 571 4024
f 4027 4024 601
f 4025 4024 4027
f 603 3928 4028
f 3928 572 4026
f 4028 4026 602
f 3928 4026 4028
f 603 4029 3931
f 4029 604 4030
f 3931 4030 573
f 4029 4030 3931
f 574 4031 4033
f 4031 604 4032
f 4033 4032 605
f 4031 4032 4033
f 573 4030 3934
f 4030 604 4031
f 3934 4031 574
f 4030 4031 3934
f 1413 4034 4035
f 4034 1431 3939
f 4035 3939 574
f 4034 3939 4035
f 1413 4036 4038
f 4036 1452 4037
f 4038 4037 606
f 4036 4037 4038
f 606 4039 4038
f 4039 575 4040
f 4038 4040 1413
f 4039 4040 4038
f 1670 4041 4043
f 4041 1430 4042
f 4043 4042 576
f 4041 4042 4043
f 608 4044 4046
f 4044 607 4045
f 4046 4045 1657
f 4044 4045 4046
f 1453 4047 3948
f 4047 1678 4048
f 3948 4048 577
f 4047 4048 3948
f 1453 4049 4051
f 4049 1670 4050
f 4051 4050 608
f 4049 4050 4051
f 1678 4052 4048
f 4052 1716 4053
f 4048 4053 577
f 4052 4053 4048
f 1678 4054 4056
f 4054 1666 4055
f 4056 4055 610
f 4054 4055 4056
f 1568 4057 4058
f 4057 1553 3955
f 4058 3955 579
f 4057 3955 4058
f 1568 4059 4061
f 4059 1663 4060
f 4061 4060 612
f 4059 4060 4061
f 581 4062 4064
f 4062 613 4063
f 4064 4063 1706
f 4062 4063 4064
f 612 4065 4061
f 4065 580 4066
f 4061 4066 1568
f 4065 4066 4061
f 1706 4067 4064
f 4067 1669 3958
f 4064 3958 581
f 4067 3958 4064
f 1706 4063 4069
f 4063 613 4068
f 4069 4068 614
f 4063 4068 4069
f 616 4070 4072
f 4070 1560 4071
f 4072 4071 615
f 4070 4071 4072
f 1560 4073 4074
f 4073 1706 4069
f 4074 4069 614
f 4073 4069 4074
f 583 4075 3967
f 4075 584 3969
f 3967 3969 552
f 4075 3969 3967
f 585 4076 4078
f 4076 616 4077
f 4078 4077 617
f 4076 4077 4078
f 584 4079 3970
f 4079 616 4076
f 3970 4076 585
f 4079 4076 3970
f 586 4080 4082
f 4080 617 4081
f 4082 4081 618
f 4080 4081 4082
f 617 4080 4078
f 4080 586 3973
f 4078 3973 585
f 4080 3973 4078
f 587 4083 4085
f 4083 618 4084
f 4085 4084 619
f 4083 4084 4085
f 586 4082 3976
f 4082 618 4083
f 3976 4083 587
f 4082 4083 3976
f 588 4086 4088
f 4086 619 4087
f 4088 4087 620
f 4086 4087 4088
f 619 4086 4085
f 4086 588 3979
f 4085 3979 587
f 4086 3979 4085
f 589 4089 4091
f 4089 620 4090
f 4091 4090 621
f 4089 4090 4091
f 588 4088 3982
f 4088 620 4089
f 3982 4089 589
f 4088 4089 3982
f 590 4092 4094
f 4092 621 4093
f 4094 4093 622
f 4092 4093 4094
f 621 4092 4091
f 4092 590 3985
f 4091 3985 589
f 4092 3985 4091
f 590 4094 3988
f 4094 622 4095
f 3988 4095 623
f 4094 4095 3988
f 591 3991 3997
f 3991 623 4096
f 3997 4096 624
f 3991 4096 3997
f 624 4096 4098
f 4096 623 4097
f 4098 4097 652
f 4096 4097 4098
f 591 3996 3993
f 3996 592 3994
f 3993 3994 561
f 3996 3994 3993
f 593 4099 4003
f 4099 626 4100
f 4003 4100 594
f 4099 4100 4003
f 1908 4004 4101
f 4004 564 3901
f 4101 3901 594
f 4004 3901 4101
f 1903 4102 4104
f 4102 627 4103
f 4104 4103 595
f 4102 4103 4104
f 595 4105 4008
f 4105 596 4009
f 4008 4009 565
f 4105 4009 4008
f 627 4102 4107
f 4102 1903 4106
f 4107 4106 656
f 4102 4106 4107
f 596 4105 4108
f 4105 595 4103
f 4108 4103 627
f 4105 4103 4108
f 596 4109 4011
f 4109 628 4110
f 4011 4110 597
f 4109 4110 4011
f 597 4111 4113
f 4111 658 4112
f 4113 4112 629
f 4111 4112 4113
f 597 4113 4013
f 4113 629 4114
f 4013 4114 567
f 4113 4114 4013
f 658 4111 4115
f 4111 597 4110
f 4115 4110 628
f 4111 4110 4115
f 567 4114 3912
f 4114 629 4116
f 3912 4116 598
f 4114 4116 3912
f 598 4117 3916
f 4117 630 4015
f 3916 4015 568
f 4117 4015 3916
f 599 4016 4119
f 4016 630 4118
f 4119 4118 631
f 4016 4118 4119
f 600 4120 4122
f 4120 631 4121
f 4122 4121 632
f 4120 4121 4122
f 599 4119 4020
f 4119 631 4120
f 4020 4120 600
f 4119 4120 4020
f 600 4123 4023
f 4123 633 4124
f 4023 4124 601
f 4123 4124 4023
f 633 4123 4125
f 4123 600 4122
f 4125 4122 632
f 4123 4122 4125
f 601 4126 4027
f 4126 634 4127
f 4027 4127 602
f 4126 4127 4027
f 601 4124 4126
f 4124 633 4128
f 4126 4128 634
f 4124 4128 4126
f 602 4129 4028
f 4129 635 4130
f 4028 4130 603
f 4129 4130 4028
f 635 4129 4131
f 4129 602 4127
f 4131 4127 634
f 4129 4127 4131
f 603 4132 4029
f 4132 636 4133
f 4029 4133 604
f 4132 4133 4029
f 603 4130 4132
f 4130 635 4134
f 4132 4134 636
f 4130 4134 4132
f 604 4133 4032
f 4133 636 4135
f 4032 4135 605
f 4133 4135 4032
f 605 4135 4137
f 4135 636 4136
f 4137 4136 637
f 4135 4136 4137
f 1452 4138 4037
f 4138 1699 4139
f 4037 4139 606
f 4138 4139 4037
f 605 4137 4141
f 4137 637 4140
f 4141 4140 1452
f 4137 4140 4141
f 606 4142 4144
f 4142 607 4143
f 4144 4143 576
f 4142 4143 4144
f 1699 4145 4147
f 4145 638 4146
f 4147 4146 1864
f 4145 4146 4147
f 1657 4148 4149
f 4148 1699 4147
f 4149 4147 1864
f 4148 4147 4149
f 639 4150 4152
f 4150 609 4151
f 4152 4151 608
f 4150 4151 4152
f 639 4153 4155
f 4153 666 4154
f 4155 4154 640
f 4153 4154 4155
f 1666 4156 4055
f 4156 641 4157
f 4055 4157 610
f 4156 4157 4055
f 640 4158 4155
f 4158 609 4150
f 4155 4150 639
f 4158 4150 4155
f 612 4159 4161
f 4159 643 4160
f 4161 4160 1705
f 4159 4160 4161
f 611 4162 4164
f 4162 642 4163
f 4164 4163 1663
f 4162 4163 4164
f 1705 4160 4166
f 4160 643 4165
f 4166 4165 644
f 4160 4165 4166
f 1849 4167 4168
f 4167 1705 4166
f 4168 4166 644
f 4167 4166 4168
f 645 4169 4171
f 4169 1849 4170
f 4171 4170 1735
f 4169 4170 4171
f 616 4172 4077
f 4172 646 4173
f 4077 4173 617
f 4172 4173 4077
f 645 4174 4176
f 4174 615 4175
f 4176 4175 614
f 4174 4175 4176
f 646 4177 4179
f 4177 615 4178
f 4179 4178 1798
f 4177 4178 4179
f 617 4173 4181
f 4173 646 4180
f 4181 4180 647
f 4173 4180 4181
f 618 4182 4184
f 4182 647 4183
f 4184 4183 648
f 4182 4183 4184
f 617 4181 4081
f 4181 647 4182
f 4081 4182 618
f 4181 4182 4081
f 618 4184 4084
f 4184 648 4185
f 4084 4185 619
f 4184 4185 4084
f 619 4185 4187
f 4185 648 4186
f 4187 4186 649
f 4185 4186 4187
f 620 4188 4190
f 4188 649 4189
f 4190 4189 650
f 4188 4189 4190
f 619 4187 4087
f 4187 649 4188
f 4087 4188 620
f 4187 4188 4087
f 620 4190 4090
f 4190 650 4191
f 4090 4191 621
f 4190 4191 4090
f 621 4191 4193
f 4191 650 4192
f 4193 4192 651
f 4191 4192 4193
f 621 4193 4093
f 4193 651 4194
f 4093 4194 622
f 4193 4194 4093
f 622 4195 4095
f 4195 681 4196
f 4095 4196 623
f 4195 4196 4095
f 681 4195 4198
f 4195 622 4197
f 4198 4197 680
f 4195 4197 4198
f 623 4196 4097
f 4196 681 4199
f 4097 4199 652
f 4196 4199 4097
f 624 4200 3998
f 4200 653 4201
f 3998 4201 592
f 4200 4201 3998
f 624 4202 4200
f 4202 682 4203
f 4200 4203 653
f 4202 4203 4200
f 592 4201 3999
f 4201 653 4204
f 3999 4204 625
f 4201 4204 3999
f 1904 4205 4002
f 4205 626 4099
f 4002 4099 593
f 4205 4099 4002
f 625 4204 4207
f 4204 653 4206
f 4207 4206 654
f 4204 4206 4207
f 1904 4208 4209
f 4208 625 4207
f 4209 4207 654
f 4208 4207 4209
f 626 4210 4212
f 4210 654 4211
f 4212 4211 655
f 4210 4211 4212
f 626 4212 4214
f 4212 655 4213
f 4214 4213 1903
f 4212 4213 4214
f 657 4215 4217
f 4215 656 4216
f 4217 4216 715
f 4215 4216 4217
f 627 4218 4108
f 4218 628 4109
f 4108 4109 596
f 4218 4109 4108
f 628 4218 4220
f 4218 627 4219
f 4220 4219 657
f 4218 4219 4220
f 628 4221 4115
f 4221 686 4222
f 4115 4222 658
f 4221 4222 4115
f 629 4112 4224
f 4112 658 4223
f 4224 4223 687
f 4112 4223 4224
f 629 4225 4116
f 4225 659 4226
f 4116 4226 598
f 4225 4226 4116
f 629 4224 4225
f 4224 687 4227
f 4225 4227 659
f 4224 4227 4225
f 598 4226 4117
f 4226 659 4228
f 4117 4228 630
f 4226 4228 4117
f 630 4228 4230
f 4228 659 4229
f 4230 4229 660
f 4228 4229 4230
f 631 4231 4121
f 4231 660 4232
f 4121 4232 632
f 4231 4232 4121
f 630 4230 4118
f 4230 660 4231
f 4118 4231 631
f 4230 4231 4118
f 661 4233 4235
f 4233 632 4234
f 4235 4234 690
f 4233 4234 4235
f 632 4233 4125
f 4233 661 4236
f 4125 4236 633
f 4233 4236 4125
f 633 4237 4128
f 4237 662 4238
f 4128 4238 634
f 4237 4238 4128
f 662 4237 4239
f 4237 633 4236
f 4239 4236 661
f 4237 4236 4239
f 663 4240 4241
f 4240 634 4238
f 4241 4238 662
f 4240 4238 4241
f 634 4240 4131
f 4240 663 4242
f 4131 4242 635
f 4240 4242 4131
f 635 4243 4134
f 4243 664 4244
f 4134 4244 636
f 4243 4244 4134
f 664 4243 4245
f 4243 635 4242
f 4245 4242 663
f 4243 4242 4245
f 637 4246 4248
f 4246 664 4247
f 4248 4247 665
f 4246 4247 4248
f 636 4244 4136
f 4244 664 4246
f 4136 4246 637
f 4244 4246 4136
f 1452 4140 4250
f 4140 637 4249
f 4250 4249 638
f 4140 4249 4250
f 638 4251 4253
f 4251 665 4252
f 4253 4252 1819
f 4251 4252 4253
f 1819 4252 4255
f 4252 665 4254
f 4255 4254 1451
f 4252 4254 4255
f 1864 4256 4258
f 4256 1676 4257
f 4258 4257 666
f 4256 4257 4258
f 640 4259 4261
f 4259 667 4260
f 4261 4260 1820
f 4259 4260 4261
f 1820 4262 4261
f 4262 1666 4263
f 4261 4263 640
f 4262 4263 4261
f 1820 4264 4266
f 4264 1807 4265
f 4266 4265 668
f 4264 4265 4266
f 1584 4267 4268
f 4267 1663 4163
f 4268 4163 642
f 4267 4163 4268
f 1584 4269 4271
f 4269 1456 4270
f 4271 4270 670
f 4269 4270 4271
f 644 4272 4274
f 4272 671 4273
f 4274 4273 1735
f 4272 4273 4274
f 670 4275 4271
f 4275 643 4276
f 4271 4276 1584
f 4275 4276 4271
f 1735 4170 4274
f 4170 1849 4168
f 4274 4168 644
f 4170 4168 4274
f 1735 4273 4278
f 4273 671 4277
f 4278 4277 672
f 4273 4277 4278
f 1798 4279 4281
f 4279 1587 4280
f 4281 4280 673
f 4279 4280 4281
f 1587 4282 4283
f 4282 1735 4278
f 4283 4278 672
f 4282 4278 4283
f 1798 4281 4285
f 4281 673 4284
f 4285 4284 674
f 4281 4284 4285
f 647 4286 4288
f 4286 674 4287
f 4288 4287 675
f 4286 4287 4288
f 646 4289 4180
f 4289 674 4286
f 4180 4286 647
f 4289 4286 4180
f 648 4290 4292
f 4290 675 4291
f 4292 4291 676
f 4290 4291 4292
f 675 4290 4288
f 4290 648 4183
f 4288 4183 647
f 4290 4183 4288
f 649 4293 4295
f 4293 676 4294
f 4295 4294 677
f 4293 4294 4295
f 648 4292 4186
f 4292 676 4293
f 4186 4293 649
f 4292 4293 4186
f 650 4296 4298
f 4296 677 4297
f 4298 4297 678
f 4296 4297 4298
f 677 4296 4295
f 4296 650 4189
f 4295 4189 649
f 4296 4189 4295
f 651 4299 4301
f 4299 678 4300
f 4301 4300 679
f 4299 4300 4301
f 650 4298 4192
f 4298 678 4299
f 4192 4299 651
f 4298 4299 4192
f 680 4302 4303
f 4302 651 4301
f 4303 4301 679
f 4302 4301 4303
f 651 4302 4194
f 4302 680 4197
f 4194 4197 622
f 4302 4197 4194
f 652 4304 4098
f 4304 682 4202
f 4098 4202 624
f 4304 4202 4098
f 653 4203 4306
f 4203 682 4305
f 4306 4305 683
f 4203 4305 4306
f 653 4306 4206
f 4306 683 4307
f 4206 4307 654
f 4306 4307 4206
f 654 4307 4309
f 4307 683 4308
f 4309 4308 684
f 4307 4308 4309
f 654 4309 4211
f 4309 684 4310
f 4211 4310 655
f 4309 4310 4211
f 655 4311 4313
f 4311 685 4312
f 4313 4312 656
f 4311 4312 4313
f 656 4215 4107
f 4215 657 4219
f 4107 4219 627
f 4215 4219 4107
f 657 4314 4220
f 4314 686 4221
f 4220 4221 628
f 4314 4221 4220
f 659 4315 4229
f 4315 688 4316
f 4229 4316 660
f 4315 4316 4229
f 688 4315 4317
f 4315 659 4227
f 4317 4227 687
f 4315 4227 4317
f 688 4317 4319
f 4317 687 4318
f 4319 4318 718
f 4317 4318 4319
f 660 4320 4232
f 4320 689 4321
f 4232 4321 632
f 4320 4321 4232
f 689 4320 4322
f 4320 660 4316
f 4322 4316 688
f 4320 4316 4322
f 690 4234 4323
f 4234 632 4321
f 4323 4321 689
f 4234 4321 4323
f 690 4324 4235
f 4324 691 4325
f 4235 4325 661
f 4324 4325 4235
f 661 4326 4239
f 4326 692 4327
f 4239 4327 662
f 4326 4327 4239
f 661 4325 4326
f 4325 691 4328
f 4326 4328 692
f 4325 4328 4326
f 662 4329 4241
f 4329 693 4330
f 4241 4330 663
f 4329 4330 4241
f 693 4329 4331
f 4329 662 4327
f 4331 4327 692
f 4329 4327 4331
f 663 4332 4245
f 4332 694 4333
f 4245 4333 664
f 4332 4333 4245
f 663 4330 4332
f 4330 693 4334
f 4332 4334 694
f 4330 4334 4332
f 664 4333 4247
f 4333 694 4335
f 4247 4335 665
f 4333 4335 4247
f 665 4335 4337
f 4335 694 4336
f 4337 4336 695
f 4335 4336 4337
f 665 4337 4254
f 4337 695 4338
f 4254 4338 1451
f 4337 4338 4254
f 1819 4339 4341
f 4339 696 4340
f 4341 4340 1676
f 4339 4340 4341
f 697 4342 4344
f 4342 1398 4343
f 4344 4343 698
f 4342 4343 4344
f 1807 4345 4265
f 4345 699 4346
f 4265 4346 668
f 4345 4346 4265
f 667 4347 4349
f 4347 698 4348
f 4349 4348 1807
f 4347 4348 4349
f 670 4350 4352
f 4350 701 4351
f 4352 4351 1455
f 4350 4351 4352
f 669 4353 4355
f 4353 700 4354
f 4355 4354 1456
f 4353 4354 4355
f 1455 4351 4357
f 4351 701 4356
f 4357 4356 702
f 4351 4356 4357
f 672 4358 4360
f 4358 1837 4359
f 4360 4359 1454
f 4358 4359 4360
f 1454 4361 4360
f 4361 1587 4283
f 4360 4283 672
f 4361 4283 4360
f 1454 4359 4363
f 4359 1837 4362
f 4363 4362 1766
f 4359 4362 4363
f 674 4364 4287
f 4364 703 4365
f 4287 4365 675
f 4364 4365 4287
f 1459 4366 4367
f 4366 1454 4363
f 4367 4363 1766
f 4366 4363 4367
f 703 4368 4370
f 4368 673 4369
f 4370 4369 1459
f 4368 4369 4370
f 675 4365 4372
f 4365 703 4371
f 4372 4371 704
f 4365 4371 4372
f 676 4373 4375
f 4373 704 4374
f 4375 4374 705
f 4373 4374 4375
f 675 4372 4291
f 4372 704 4373
f 4291 4373 676
f 4372 4373 4291
f 676 4375 4294
f 4375 705 4376
f 4294 4376 677
f 4375 4376 4294
f 677 4376 4378
f 4376 705 4377
f 4378 4377 706
f 4376 4377 4378
f 678 4379 4381
f 4379 706 4380
f 4381 4380 707
f 4379 4380 4381
f 677 4378 4297
f 4378 706 4379
f 4297 4379 678
f 4378 4379 4297
f 678 4381 4300
f 4381 707 4382
f 4300 4382 679
f 4381 4382 4300
f 679 4382 4384
f 4382 707 4383
f 4384 4383 708
f 4382 4383 4384
f 709 4385 4386
f 4385 679 4384
f 4386 4384 708
f 4385 4384 4386
f 679 4385 4303
f 4385 709 4387
f 4303 4387 680
f 4385 4387 4303
f 680 4388 4198
f 4388 710 4389
f 4198 4389 681
f 4388 4389 4198
f 710 4388 4390
f 4388 680 4387
f 4390 4387 709
f 4388 4387 4390
f 652 4391 4393
f 4391 710 4392
f 4393 4392 711
f 4391 4392 4393
f 681 4389 4199
f 4389 710 4391
f 4199 4391 652
f 4389 4391 4199
f 652 4393 4304
f 4393 711 4394
f 4304 4394 682
f 4393 4394 4304
f 682 4394 4396
f 4394 711 4395
f 4396 4395 712
f 4394 4395 4396
f 682 4396 4305
f 4396 712 4397
f 4305 4397 683
f 4396 4397 4305
f 683 4398 4308
f 4398 713 4399
f 4308 4399 684
f 4398 4399 4308
f 683 4397 4398
f 4397 712 4400
f 4398 4400 713
f 4397 4400 4398
f 684 4401 4310
f 4401 714 4402
f 4310 4402 655
f 4401 4402 4310
f 655 4402 4311
f 4402 714 4403
f 4311 4403 685
f 4402 4403 4311
f 685 4404 4312
f 4404 715 4216
f 4312 4216 656
f 4404 4216 4312
f 657 4217 4406
f 4217 715 4405
f 4406 4405 716
f 4217 4405 4406
f 657 4406 4314
f 4406 716 4407
f 4314 4407 686
f 4406 4407 4314
f 686 4408 4410
f 4408 745 4409
f 4410 4409 717
f 4408 4409 4410
f 686 4410 4222
f 4410 717 4411
f 4222 4411 658
f 4410 4411 4222
f 658 4411 4223
f 4411 717 4412
f 4223 4412 687
f 4411 4412 4223
f 687 4413 4318
f 4413 746 4414
f 4318 4414 718
f 4413 4414 4318
f 688 4319 4416
f 4319 718 4415
f 4416 4415 719
f 4319 4415 4416
f 688 4416 4322
f 4416 719 4417
f 4322 4417 689
f 4416 4417 4322
f 689 4418 4323
f 4418 720 4419
f 4323 4419 690
f 4418 4419 4323
f 720 4418 4420
f 4418 689 4417
f 4420 4417 719
f 4418 4417 4420
f 720 4421 4419
f 4421 691 4324
f 4419 4324 690
f 4421 4324 4419
f 691 4421 4423
f 4421 720 4422
f 4423 4422 721
f 4421 4422 4423
f 691 4424 4328
f 4424 722 4425
f 4328 4425 692
f 4424 4425 4328
f 722 4424 4426
f 4424 691 4423
f 4426 4423 721
f 4424 4423 4426
f 723 4427 4428
f 4427 692 4425
f 4428 4425 722
f 4427 4425 4428
f 692 4427 4331
f 4427 723 4429
f 4331 4429 693
f 4427 4429 4331
f 693 4430 4334
f 4430 724 4431
f 4334 4431 694
f 4430 4431 4334
f 724 4430 4432
f 4430 693 4429
f 4432 4429 723
f 4430 4429 4432
f 695 4433 4435
f 4433 724 4434
f 4435 4434 725
f 4433 4434 4435
f 694 4431 4336
f 4431 724 4433
f 4336 4433 695
f 4431 4433 4336
f 1386 4436 4437
f 4436 1451 4338
f 4437 4338 695
f 4436 4338 4437
f 1596 4438 4440
f 4438 1386 4439
f 4440 4439 725
f 4438 4439 4440
f 726 4441 4443
f 4441 696 4442
f 4443 4442 1386
f 4441 4442 4443
f 1595 4444 4445
f 4444 1676 4340
f 4445 4340 696
f 4444 4340 4445
f 698 4446 4448
f 4446 728 4447
f 4448 4447 1933
f 4446 4447 4448
f 1398 4449 4451
f 4449 1595 4450
f 4451 4450 727
f 4449 4450 4451
f 1933 4452 4448
f 4452 1807 4348
f 4448 4348 698
f 4452 4348 4448
f 1762 4453 4454
f 4453 1456 4354
f 4454 4354 700
f 4453 4354 4454
f 1762 4455 4457
f 4455 1765 4456
f 4457 4456 731
f 4455 4456 4457
f 702 4458 4460
f 4458 732 4459
f 4460 4459 1837
f 4458 4459 4460
f 731 4461 4457
f 4461 701 4462
f 4457 4462 1762
f 4461 4462 4457
f 1837 4463 4460
f 4463 1455 4357
f 4460 4357 702
f 4463 4357 4460
f 1766 4464 4367
f 4464 733 4465
f 4367 4465 1459
f 4464 4465 4367
f 1766 4362 4466
f 4362 1837 4459
f 4466 4459 732
f 4362 4459 4466
f 1459 4465 4468
f 4465 733 4467
f 4468 4467 734
f 4465 4467 4468
f 704 4469 4471
f 4469 734 4470
f 4471 4470 735
f 4469 4470 4471
f 703 4472 4371
f 4472 734 4469
f 4371 4469 704
f 4472 4469 4371
f 705 4473 4475
f 4473 735 4474
f 4475 4474 736
f 4473 4474 4475
f 735 4473 4471
f 4473 705 4374
f 4471 4374 704
f 4473 4374 4471
f 706 4476 4478
f 4476 736 4477
f 4478 4477 737
f 4476 4477 4478
f 705 4475 4377
f 4475 736 4476
f 4377 4476 706
f 4475 4476 4377
f 707 4479 4481
f 4479 737 4480
f 4481 4480 738
f 4479 4480 4481
f 737 4479 4478
f 4479 707 4380
f 4478 4380 706
f 4479 4380 4478
f 708 4482 4484
f 4482 738 4483
f 4484 4483 739
f 4482 4483 4484
f 707 4481 4383
f 4481 738 4482
f 4383 4482 708
f 4481 4482 4383
f 709 4386 4485
f 4386 708 4484
f 4485 4484 739
f 4386 4484 4485
f 709 4486 4390
f 4486 740 4487
f 4390 4487 710
f 4486 4487 4390
f 710 4487 4392
f 4487 740 4488
f 4392 4488 711
f 4487 4488 4392
f 711 4488 4490
f 4488 740 4489
f 4490 4489 766
f 4488 4489 4490
f 711 4490 4492
f 4490 766 4491
f 4492 4491 741
f 4490 4491 4492
f 711 4492 4395
f 4492 741 4493
f 4395 4493 712
f 4492 4493 4395
f 712 4493 4495
f 4493 741 4494
f 4495 4494 742
f 4493 4494 4495
f 712 4495 4400
f 4495 742 4496
f 4400 4496 713
f 4495 4496 4400
f 713 4496 4498
f 4496 742 4497
f 4498 4497 743
f 4496 4497 4498
f 713 4498 4399
f 4498 743 4499
f 4399 4499 684
f 4498 4499 4399
f 684 4499 4401
f 4499 743 4500
f 4401 4500 714
f 4499 4500 4401
f 714 4500 4502
f 4500 743 4501
f 4502 4501 769
f 4500 4501 4502
f 714 4503 4403
f 4503 744 4504
f 4403 4504 685
f 4503 4504 4403
f 714 4502 4503
f 4502 769 4505
f 4503 4505 744
f 4502 4505 4503
f 685 4504 4404
f 4504 744 4506
f 4404 4506 715
f 4504 4506 4404
f 715 4507 4405
f 4507 770 4508
f 4405 4508 716
f 4507 4508 4405
f 716 4508 4510
f 4508 770 4509
f 4510 4509 771
f 4508 4509 4510
f 716 4511 4407
f 4511 745 4408
f 4407 4408 686
f 4511 4408 4407
f 716 4510 4511
f 4510 771 4512
f 4511 4512 745
f 4510 4512 4511
f 717 4409 4514
f 4409 745 4513
f 4514 4513 772
f 4409 4513 4514
f 717 4515 4412
f 4515 746 4413
f 4412 4413 687
f 4515 4413 4412
f 717 4514 4515
f 4514 772 4516
f 4515 4516 746
f 4514 4516 4515
f 718 4414 4518
f 4414 746 4517
f 4518 4517 774
f 4414 4517 4518
f 718 4518 4415
f 4518 774 4519
f 4415 4519 719
f 4518 4519 4415
f 719 4520 4420
f 4520 747 4521
f 4420 4521 720
f 4520 4521 4420
f 721 4522 4524
f 4522 776 4523
f 4524 4523 777
f 4522 4523 4524
f 747 4525 4521
f 4525 721 4422
f 4521 4422 720
f 4525 4422 4521
f 721 4526 4426
f 4526 748 4527
f 4426 4527 722
f 4526 4527 4426
f 721 4524 4526
f 4524 777 4528
f 4526 4528 748
f 4524 4528 4526
f 722 4529 4428
f 4529 749 4530
f 4428 4530 723
f 4529 4530 4428
f 749 4529 4531
f 4529 722 4527
f 4531 4527 748
f 4529 4527 4531
f 723 4532 4432
f 4532 750 4533
f 4432 4533 724
f 4532 4533 4432
f 723 4530 4532
f 4530 749 4534
f 4532 4534 750
f 4530 4534 4532
f 724 4533 4434
f 4533 750 4535
f 4434 4535 725
f 4533 4535 4434
f 725 4535 4537
f 4535 750 4536
f 4537 4536 751
f 4535 4536 4537
f 725 4537 4440
f 4537 751 4538
f 4440 4538 1596
f 4537 4538 4440
f 1863 4539 4541
f 4539 727 4540
f 4541 4540 726
f 4539 4540 4541
f 1863 4542 4544
f 4542 1827 4543
f 4544 4543 1887
f 4542 4543 4544
f 1863 4545 4539
f 4545 1599 4546
f 4539 4546 727
f 4545 4546 4539
f 1599 4547 4546
f 4547 1398 4451
f 4546 4451 727
f 4547 4451 4546
f 753 4548 4550
f 4548 752 4549
f 4550 4549 1600
f 4548 4549 4550
f 754 4551 4553
f 4551 1835 4552
f 4553 4552 1923
f 4551 4552 4553
f 1835 4554 4552
f 4554 753 4555
f 4552 4555 1923
f 4554 4555 4552
f 731 4556 4558
f 4556 756 4557
f 4558 4557 1764
f 4556 4557 4558
f 730 4559 4561
f 4559 755 4560
f 4561 4560 1765
f 4559 4560 4561
f 1764 4557 4563
f 4557 756 4562
f 4563 4562 757
f 4557 4562 4563
f 1888 4564 4565
f 4564 1764 4563
f 4565 4563 757
f 4564 4563 4565
f 1737 4566 4567
f 4566 1766 4466
f 4567 4466 732
f 4566 4466 4567
f 1737 4568 4570
f 4568 1462 4569
f 4570 4569 758
f 4568 4569 4570
f 734 4571 4470
f 4571 759 4572
f 4470 4572 735
f 4571 4572 4470
f 733 4573 4574
f 4573 1737 4570
f 4574 4570 758
f 4573 4570 4574
f 759 4571 4575
f 4571 734 4467
f 4575 4467 733
f 4571 4467 4575
f 735 4572 4577
f 4572 759 4576
f 4577 4576 760
f 4572 4576 4577
f 736 4578 4580
f 4578 760 4579
f 4580 4579 761
f 4578 4579 4580
f 735 4577 4474
f 4577 760 4578
f 4474 4578 736
f 4577 4578 4474
f 736 4580 4477
f 4580 761 4581
f 4477 4581 737
f 4580 4581 4477
f 737 4581 4583
f 4581 761 4582
f 4583 4582 762
f 4581 4582 4583
f 738 4584 4586
f 4584 762 4585
f 4586 4585 763
f 4584 4585 4586
f 737 4583 4480
f 4583 762 4584
f 4480 4584 738
f 4583 4584 4480
f 738 4586 4483
f 4586 763 4587
f 4483 4587 739
f 4586 4587 4483
f 739 4587 4589
f 4587 763 4588
f 4589 4588 764
f 4587 4588 4589
f 765 4590 4591
f 4590 739 4589
f 4591 4589 764
f 4590 4589 4591
f 739 4590 4485
f 4590 765 4592
f 4485 4592 709
f 4590 4592 4485
f 709 4592 4486
f 4592 765 4593
f 4486 4593 740
f 4592 4593 4486
f 740 4594 4489
f 4594 798 4595
f 4489 4595 766
f 4594 4595 4489
f 741 4596 4494
f 4596 767 4597
f 4494 4597 742
f 4596 4597 4494
f 742 4597 4599
f 4597 767 4598
f 4599 4598 768
f 4597 4598 4599
f 742 4599 4497
f 4599 768 4600
f 4497 4600 743
f 4599 4600 4497
f 743 4600 4602
f 4600 768 4601
f 4602 4601 800
f 4600 4601 4602
f 743 4602 4501
f 4602 800 4603
f 4501 4603 769
f 4602 4603 4501
f 744 4604 4606
f 4604 801 4605
f 4606 4605 770
f 4604 4605 4606
f 744 4606 4506
f 4606 770 4507
f 4506 4507 715
f 4606 4507 4506
f 771 4509 4608
f 4509 770 4607
f 4608 4607 802
f 4509 4607 4608
f 773 4609 4611
f 4609 804 4610
f 4611 4610 1905
f 4609 4610 4611
f 719 4612 4520
f 4612 775 4613
f 4520 4613 747
f 4612 4613 4520
f 719 4519 4612
f 4519 774 4614
f 4612 4614 775
f 4519 4614 4612
f 747 4613 4616
f 4613 775 4615
f 4616 4615 776
f 4613 4615 4616
f 747 4616 4525
f 4616 776 4522
f 4525 4522 721
f 4616 4522 4525
f 748 4528 4618
f 4528 777 4617
f 4618 4617 778
f 4528 4617 4618
f 749 4619 4621
f 4619 778 4620
f 4621 4620 779
f 4619 4620 4621
f 748 4618 4531
f 4618 778 4619
f 4531 4619 749
f 4618 4619 4531
f 750 4622 4624
f 4622 779 4623
f 4624 4623 780
f 4622 4623 4624
f 779 4622 4621
f 4622 750 4534
f 4621 4534 749
f 4622 4534 4621
f 751 4625 4627
f 4625 780 4626
f 4627 4626 781
f 4625 4626 4627
f 750 4624 4536
f 4624 780 4625
f 4536 4625 751
f 4624 4625 4536
f 1602 4628 4629
f 4628 1596 4538
f 4629 4538 751
f 4628 4538 4629
f 1602 4630 4632
f 4630 1397 4631
f 4632 4631 782
f 4630 4631 4632
f 1827 4633 4634
f 4633 1602 4632
f 4634 4632 782
f 4633 4632 4634
f 1887 4635 4637
f 4635 783 4636
f 4637 4636 784
f 4635 4636 4637
f 1600 4638 4550
f 4638 1923 4555
f 4550 4555 753
f 4638 4555 4550
f 784 4639 4637
f 4639 752 4640
f 4637 4640 1887
f 4639 4640 4637
f 753 4554 4642
f 4554 1835 4641
f 4642 4641 728
f 4554 4641 4642
f 1930 4643 4645
f 4643 1868 4644
f 4645 4644 814
f 4643 4644 4645
f 1457 4646 4647
f 4646 1765 4560
f 4647 4560 755
f 4646 4560 4647
f 1457 4648 4650
f 4648 1790 4649
f 4650 4649 787
f 4648 4649 4650
f 787 4651 4650
f 4651 756 4652
f 4650 4652 1457
f 4651 4652 4650
f 788 4653 4654
f 4653 1888 4565
f 4654 4565 757
f 4653 4565 4654
f 758 4655 4657
f 4655 790 4656
f 4657 4656 791
f 4655 4656 4657
f 1462 4658 4660
f 4658 788 4659
f 4660 4659 789
f 4658 4659 4660
f 758 4661 4574
f 4661 759 4575
f 4574 4575 733
f 4661 4575 4574
f 760 4662 4664
f 4662 791 4663
f 4664 4663 792
f 4662 4663 4664
f 759 4665 4576
f 4665 791 4662
f 4576 4662 760
f 4665 4662 4576
f 761 4666 4668
f 4666 792 4667
f 4668 4667 793
f 4666 4667 4668
f 792 4666 4664
f 4666 761 4579
f 4664 4579 760
f 4666 4579 4664
f 762 4669 4671
f 4669 793 4670
f 4671 4670 794
f 4669 4670 4671
f 761 4668 4582
f 4668 793 4669
f 4582 4669 762
f 4668 4669 4582
f 763 4672 4674
f 4672 794 4673
f 4674 4673 795
f 4672 4673 4674
f 794 4672 4671
f 4672 763 4585
f 4671 4585 762
f 4672 4585 4671
f 764 4675 4677
f 4675 795 4676
f 4677 4676 796
f 4675 4676 4677
f 763 4674 4588
f 4674 795 4675
f 4588 4675 764
f 4674 4675 4588
f 764 4678 4591
f 4678 797 4679
f 4591 4679 765
f 4678 4679 4591
f 797 4678 4680
f 4678 764 4677
f 4680 4677 796
f 4678 4677 4680
f 765 4679 4682
f 4679 797 4681
f 4682 4681 798
f 4679 4681 4682
f 765 4682 4593
f 4682 798 4594
f 4593 4594 740
f 4682 4594 4593
f 766 4683 4491
f 4683 799 4684
f 4491 4684 741
f 4683 4684 4491
f 741 4684 4596
f 4684 799 4685
f 4596 4685 767
f 4684 4685 4596
f 767 4685 4687
f 4685 799 4686
f 4687 4686 827
f 4685 4686 4687
f 767 4687 4598
f 4687 827 4688
f 4598 4688 768
f 4687 4688 4598
f 769 4689 4691
f 4689 829 4690
f 4691 4690 801
f 4689 4690 4691
f 769 4691 4505
f 4691 801 4604
f 4505 4604 744
f 4691 4604 4505
f 770 4605 4607
f 4605 801 4692
f 4607 4692 802
f 4605 4692 4607
f 771 4693 4512
f 4693 803 4694
f 4512 4694 745
f 4693 4694 4512
f 745 4694 4513
f 4694 803 4695
f 4513 4695 772
f 4694 4695 4513
f 772 4696 4516
f 4696 773 4697
f 4516 4697 746
f 4696 4697 4516
f 772 4695 4699
f 4695 803 4698
f 4699 4698 804
f 4695 4698 4699
f 773 4700 4702
f 4700 805 4701
f 4702 4701 774
f 4700 4701 4702
f 775 4703 4705
f 4703 805 4704
f 4705 4704 806
f 4703 4704 4705
f 805 4703 4701
f 4703 775 4614
f 4701 4614 774
f 4703 4614 4701
f 776 4706 4708
f 4706 806 4707
f 4708 4707 807
f 4706 4707 4708
f 775 4705 4615
f 4705 806 4706
f 4615 4706 776
f 4705 4706 4615
f 776 4708 4523
f 4708 807 4709
f 4523 4709 777
f 4708 4709 4523
f 777 4709 4711
f 4709 807 4710
f 4711 4710 808
f 4709 4710 4711
f 778 4712 4714
f 4712 808 4713
f 4714 4713 809
f 4712 4713 4714
f 777 4711 4617
f 4711 808 4712
f 4617 4712 778
f 4711 4712 4617
f 778 4714 4620
f 4714 809 4715
f 4620 4715 779
f 4714 4715 4620
f 779 4715 4717
f 4715 809 4716
f 4717 4716 810
f 4715 4716 4717
f 780 4718 4720
f 4718 810 4719
f 4720 4719 811
f 4718 4719 4720
f 779 4717 4623
f 4717 810 4718
f 4623 4718 780
f 4717 4718 4623
f 780 4720 4626
f 4720 811 4721
f 4626 4721 781
f 4720 4721 4626
f 781 4721 4723
f 4721 811 4722
f 4723 4722 812
f 4721 4722 4723
f 781 4723 4725
f 4723 812 4724
f 4725 4724 1397
f 4723 4724 4725
f 1604 4726 4728
f 4726 783 4727
f 4728 4727 782
f 4726 4727 4728
f 813 4729 4730
f 4729 783 4726
f 4730 4726 1604
f 4729 4726 4730
f 1606 4731 4733
f 4731 1600 4732
f 4733 4732 784
f 4731 4732 4733
f 1605 4734 4736
f 4734 1902 4735
f 4736 4735 1920
f 4734 4735 4736
f 787 4737 4739
f 4737 816 4738
f 4739 4738 1785
f 4737 4738 4739
f 786 4740 4742
f 4740 815 4741
f 4742 4741 1790
f 4740 4741 4742
f 1785 4738 4744
f 4738 816 4743
f 4744 4743 817
f 4738 4743 4744
f 1832 4745 4746
f 4745 1785 4744
f 4746 4744 817
f 4745 4744 4746
f 818 4747 4749
f 4747 1832 4748
f 4749 4748 1609
f 4747 4748 4749
f 791 4750 4663
f 4750 819 4751
f 4663 4751 792
f 4750 4751 4663
f 818 4752 4754
f 4752 790 4753
f 4754 4753 789
f 4752 4753 4754
f 819 4755 4757
f 4755 790 4756
f 4757 4756 1777
f 4755 4756 4757
f 792 4751 4759
f 4751 819 4758
f 4759 4758 820
f 4751 4758 4759
f 793 4760 4762
f 4760 820 4761
f 4762 4761 821
f 4760 4761 4762
f 792 4759 4667
f 4759 820 4760
f 4667 4760 793
f 4759 4760 4667
f 793 4762 4670
f 4762 821 4763
f 4670 4763 794
f 4762 4763 4670
f 794 4763 4765
f 4763 821 4764
f 4765 4764 822
f 4763 4764 4765
f 795 4766 4768
f 4766 822 4767
f 4768 4767 823
f 4766 4767 4768
f 794 4765 4673
f 4765 822 4766
f 4673 4766 795
f 4765 4766 4673
f 795 4768 4676
f 4768 823 4769
f 4676 4769 796
f 4768 4769 4676
f 796 4769 4771
f 4769 823 4770
f 4771 4770 824
f 4769 4770 4771
f 825 4772 4773
f 4772 796 4771
f 4773 4771 824
f 4772 4771 4773
f 796 4772 4680
f 4772 825 4774
f 4680 4774 797
f 4772 4774 4680
f 797 4774 4681
f 4774 825 4775
f 4681 4775 798
f 4774 4775 4681
f 798 4776 4595
f 4776 826 4777
f 4595 4777 766
f 4776 4777 4595
f 798 4778 4776
f 4778 856 4779
f 4776 4779 826
f 4778 4779 4776
f 766 4777 4683
f 4777 826 4780
f 4683 4780 799
f 4777 4780 4683
f 768 4688 4782
f 4688 827 4781
f 4782 4781 828
f 4688 4781 4782
f 768 4782 4601
f 4782 828 4783
f 4601 4783 800
f 4782 4783 4601
f 800 4783 4785
f 4783 828 4784
f 4785 4784 859
f 4783 4784 4785
f 800 4786 4603
f 4786 829 4689
f 4603 4689 769
f 4786 4689 4603
f 800 4785 4786
f 4785 859 4787
f 4786 4787 829
f 4785 4787 4786
f 801 4788 4692
f 4788 860 4789
f 4692 4789 802
f 4788 4789 4692
f 802 4790 4608
f 4790 830 4791
f 4608 4791 771
f 4790 4791 4608
f 771 4791 4693
f 4791 830 4792
f 4693 4792 803
f 4791 4792 4693
f 831 4793 4795
f 4793 830 4794
f 4795 4794 862
f 4793 4794 4795
f 803 4796 4698
f 4796 831 4797
f 4698 4797 804
f 4796 4797 4698
f 863 4798 4800
f 4798 893 4799
f 4800 4799 1905
f 4798 4799 4800
f 805 4801 4803
f 4801 1905 4802
f 4803 4802 832
f 4801 4802 4803
f 805 4803 4704
f 4803 832 4804
f 4704 4804 806
f 4803 4804 4704
f 806 4804 4806
f 4804 832 4805
f 4806 4805 833
f 4804 4805 4806
f 807 4807 4809
f 4807 833 4808
f 4809 4808 834
f 4807 4808 4809
f 833 4807 4806
f 4807 807 4707
f 4806 4707 806
f 4807 4707 4806
f 808 4810 4812
f 4810 834 4811
f 4812 4811 835
f 4810 4811 4812
f 807 4809 4710
f 4809 834 4810
f 4710 4810 808
f 4809 4810 4710
f 809 4813 4815
f 4813 835 4814
f 4815 4814 836
f 4813 4814 4815
f 835 4813 4812
f 4813 809 4713
f 4812 4713 808
f 4813 4713 4812
f 810 4816 4818
f 4816 836 4817
f 4818 4817 837
f 4816 4817 4818
f 809 4815 4716
f 4815 836 4816
f 4716 4816 810
f 4815 4816 4716
f 811 4819 4821
f 4819 837 4820
f 4821 4820 838
f 4819 4820 4821
f 837 4819 4818
f 4819 811 4719
f 4818 4719 810
f 4819 4719 4818
f 811 4821 4722
f 4821 838 4822
f 4722 4822 812
f 4821 4822 4722
f 1607 4823 4824
f 4823 1397 4724
f 4824 4724 812
f 4823 4724 4824
f 1607 4825 4827
f 4825 1400 4826
f 4827 4826 839
f 4825 4826 4827
f 839 4828 4827
f 4828 1604 4829
f 4827 4829 1607
f 4828 4829 4827
f 1902 4734 4831
f 4734 1605 4830
f 4831 4830 813
f 4734 4830 4831
f 841 4832 4834
f 4832 840 4833
f 4834 4833 1614
f 4832 4833 4834
f 1608 4835 4836
f 4835 1920 4735
f 4836 4735 1902
f 4835 4735 4836
f 1608 4836 4838
f 4836 1902 4837
f 4838 4837 841
f 4836 4837 4838
f 1606 4839 4841
f 4839 1920 4840
f 4841 4840 1930
f 4839 4840 4841
f 1868 4842 4844
f 4842 1613 4843
f 4844 4843 843
f 4842 4843 4844
f 1469 4845 4846
f 4845 1790 4741
f 4846 4741 815
f 4845 4741 4846
f 1469 4847 4849
f 4847 1776 4848
f 4849 4848 845
f 4847 4848 4849
f 817 4850 4852
f 4850 846 4851
f 4852 4851 1609
f 4850 4851 4852
f 845 4853 4849
f 4853 816 4854
f 4849 4854 1469
f 4853 4854 4849
f 1609 4748 4852
f 4748 1832 4746
f 4852 4746 817
f 4748 4746 4852
f 1609 4851 4856
f 4851 846 4855
f 4856 4855 847
f 4851 4855 4856
f 1777 4857 4859
f 4857 1468 4858
f 4859 4858 848
f 4857 4858 4859
f 1468 4860 4861
f 4860 1609 4856
f 4861 4856 847
f 4860 4856 4861
f 1777 4859 4863
f 4859 848 4862
f 4863 4862 849
f 4859 4862 4863
f 820 4864 4866
f 4864 849 4865
f 4866 4865 850
f 4864 4865 4866
f 819 4867 4758
f 4867 849 4864
f 4758 4864 820
f 4867 4864 4758
f 821 4868 4870
f 4868 850 4869
f 4870 4869 851
f 4868 4869 4870
f 850 4868 4866
f 4868 821 4761
f 4866 4761 820
f 4868 4761 4866
f 822 4871 4873
f 4871 851 4872
f 4873 4872 852
f 4871 4872 4873
f 821 4870 4764
f 4870 851 4871
f 4764 4871 822
f 4870 4871 4764
f 823 4874 4876
f 4874 852 4875
f 4876 4875 853
f 4874 4875 4876
f 852 4874 4873
f 4874 823 4767
f 4873 4767 822
f 4874 4767 4873
f 824 4877 4879
f 4877 853 4878
f 4879 4878 854
f 4877 4878 4879
f 823 4876 4770
f 4876 853 4877
f 4770 4877 824
f 4876 4877 4770
f 824 4880 4773
f 4880 855 4881
f 4773 4881 825
f 4880 4881 4773
f 855 4880 4882
f 4880 824 4879
f 4882 4879 854
f 4880 4879 4882
f 825 4881 4884
f 4881 855 4883
f 4884 4883 856
f 4881 4883 4884
f 825 4884 4775
f 4884 856 4778
f 4775 4778 798
f 4884 4778 4775
f 826 4779 4886
f 4779 856 4885
f 4886 4885 886
f 4779 4885 4886
f 826 4887 4780
f 4887 857 4888
f 4780 4888 799
f 4887 4888 4780
f 826 4886 4887
f 4886 886 4889
f 4887 4889 857
f 4886 4889 4887
f 799 4888 4686
f 4888 857 4890
f 4686 4890 827
f 4888 4890 4686
f 827 4891 4893
f 4891 887 4892
f 4893 4892 858
f 4891 4892 4893
f 827 4893 4781
f 4893 858 4894
f 4781 4894 828
f 4893 4894 4781
f 828 4895 4784
f 4895 1907 4896
f 4784 4896 859
f 4895 4896 4784
f 829 4897 4690
f 4897 860 4788
f 4690 4788 801
f 4897 4788 4690
f 860 4898 4789
f 4898 861 4899
f 4789 4899 802
f 4898 4899 4789
f 802 4899 4790
f 4899 861 4900
f 4790 4900 830
f 4899 4900 4790
f 830 4900 4794
f 4900 861 4901
f 4794 4901 862
f 4900 4901 4794
f 862 4901 4903
f 4901 861 4902
f 4903 4902 891
f 4901 4902 4903
f 830 4793 4792
f 4793 831 4796
f 4792 4796 803
f 4793 4796 4792
f 831 4904 4797
f 4904 863 4905
f 4797 4905 804
f 4904 4905 4797
f 804 4609 4699
f 4609 773 4696
f 4699 4696 772
f 4609 4696 4699
f 832 4906 4805
f 4906 864 4907
f 4805 4907 833
f 4906 4907 4805
f 1913 4908 4910
f 4908 924 4909
f 4910 4909 894
f 4908 4909 4910
f 833 4911 4808
f 4911 865 4912
f 4808 4912 834
f 4911 4912 4808
f 833 4907 4911
f 4907 864 4913
f 4911 4913 865
f 4907 4913 4911
f 834 4914 4811
f 4914 866 4915
f 4811 4915 835
f 4914 4915 4811
f 866 4914 4916
f 4914 834 4912
f 4916 4912 865
f 4914 4912 4916
f 835 4917 4814
f 4917 867 4918
f 4814 4918 836
f 4917 4918 4814
f 835 4915 4917
f 4915 866 4919
f 4917 4919 867
f 4915 4919 4917
f 836 4920 4817
f 4920 868 4921
f 4817 4921 837
f 4920 4921 4817
f 868 4920 4922
f 4920 836 4918
f 4922 4918 867
f 4920 4918 4922
f 837 4923 4820
f 4923 869 4924
f 4820 4924 838
f 4923 4924 4820
f 837 4921 4923
f 4921 868 4925
f 4923 4925 869
f 4921 4925 4923
f 838 4924 4927
f 4924 869 4926
f 4927 4926 870
f 4924 4926 4927
f 1400 4928 4826
f 4928 1612 4929
f 4826 4929 839
f 4928 4929 4826
f 838 4927 4931
f 4927 870 4930
f 4931 4930 1400
f 4927 4930 4931
f 839 4932 4934
f 4932 840 4933
f 4934 4933 813
f 4932 4933 4934
f 1614 4935 4937
f 4935 1612 4936
f 4937 4936 871
f 4935 4936 4937
f 872 4938 4940
f 4938 842 4939
f 4940 4939 841
f 4938 4939 4940
f 872 4941 4943
f 4941 903 4942
f 4943 4942 873
f 4941 4942 4943
f 1613 4944 4843
f 4944 874 4945
f 4843 4945 843
f 4944 4945 4843
f 873 4946 4943
f 4946 842 4938
f 4943 4938 872
f 4946 4938 4943
f 845 4947 4949
f 4947 876 4948
f 4949 4948 1753
f 4947 4948 4949
f 844 4950 4952
f 4950 875 4951
f 4952 4951 1776
f 4950 4951 4952
f 1753 4948 4954
f 4948 876 4953
f 4954 4953 877
f 4948 4953 4954
f 878 4955 4956
f 4955 1468 4861
f 4956 4861 847
f 4955 4861 4956
f 849 4957 4865
f 4957 879 4958
f 4865 4958 850
f 4957 4958 4865
f 879 4959 4961
f 4959 848 4960
f 4961 4960 1752
f 4959 4960 4961
f 850 4958 4963
f 4958 879 4962
f 4963 4962 880
f 4958 4962 4963
f 851 4964 4966
f 4964 880 4965
f 4966 4965 881
f 4964 4965 4966
f 850 4963 4869
f 4963 880 4964
f 4869 4964 851
f 4963 4964 4869
f 851 4966 4872
f 4966 881 4967
f 4872 4967 852
f 4966 4967 4872
f 852 4967 4969
f 4967 881 4968
f 4969 4968 882
f 4967 4968 4969
f 853 4970 4972
f 4970 882 4971
f 4972 4971 883
f 4970 4971 4972
f 852 4969 4875
f 4969 882 4970
f 4875 4970 853
f 4969 4970 4875
f 853 4972 4878
f 4972 883 4973
f 4878 4973 854
f 4972 4973 4878
f 854 4973 4975
f 4973 883 4974
f 4975 4974 914
f 4973 4974 4975
f 884 4976 4977
f 4976 854 4975
f 4977 4975 914
f 4976 4975 4977
f 854 4976 4882
f 4976 884 4978
f 4882 4978 855
f 4976 4978 4882
f 855 4979 4883
f 4979 885 4980
f 4883 4980 856
f 4979 4980 4883
f 885 4979 4981
f 4979 855 4978
f 4981 4978 884
f 4979 4978 4981
f 856 4980 4885
f 4980 885 4982
f 4885 4982 886
f 4980 4982 4885
f 857 4983 4985
f 4983 918 4984
f 4985 4984 887
f 4983 4984 4985
f 857 4985 4890
f 4985 887 4891
f 4890 4891 827
f 4985 4891 4890
f 858 4986 4988
f 4986 919 4987
f 4988 4987 888
f 4986 4987 4988
f 858 4989 4894
f 4989 1907 4895
f 4894 4895 828
f 4989 4895 4894
f 829 4990 4897
f 4990 1906 4991
f 4897 4991 860
f 4990 4991 4897
f 1911 4992 4993
f 4992 859 4896
f 4993 4896 1907
f 4992 4896 4993
f 1906 4990 4994
f 4990 829 4787
f 4994 4787 859
f 4990 4787 4994
f 1906 4995 4991
f 4995 890 4996
f 4991 4996 860
f 4995 4996 4991
f 860 4996 4898
f 4996 890 4997
f 4898 4997 861
f 4996 4997 4898
f 861 4997 4902
f 4997 890 4998
f 4902 4998 891
f 4997 4998 4902
f 862 4903 5000
f 4903 891 4999
f 5000 4999 892
f 4903 4999 5000
f 862 5000 4795
f 5000 892 5001
f 4795 5001 831
f 5000 5001 4795
f 831 5001 4904
f 5001 892 5002
f 4904 5002 863
f 5001 5002 4904
f 893 5003 5005
f 5003 960 5004
f 5005 5004 924
f 5003 5004 5005
f 864 5006 5007
f 5006 1913 4910
f 5007 4910 894
f 5006 4910 5007
f 864 5007 5009
f 5007 894 5008
f 5009 5008 895
f 5007 5008 5009
f 865 5010 5012
f 5010 895 5011
f 5012 5011 896
f 5010 5011 5012
f 895 5010 5009
f 5010 865 4913
f 5009 4913 864
f 5010 4913 5009
f 866 5013 5015
f 5013 896 5014
f 5015 5014 897
f 5013 5014 5015
f 865 5012 4916
f 5012 896 5013
f 4916 5013 866
f 5012 5013 4916
f 867 5016 5018
f 5016 897 5017
f 5018 5017 898
f 5016 5017 5018
f 897 5016 5015
f 5016 867 4919
f 5015 4919 866
f 5016 4919 5015
f 868 5019 5021
f 5019 898 5020
f 5021 5020 899
f 5019 5020 5021
f 867 5018 4922
f 5018 898 5019
f 4922 5019 868
f 5018 5019 4922
f 868 5022 4925
f 5022 900 5023
f 4925 5023 869
f 5022 5023 4925
f 900 5022 5024
f 5022 868 5021
f 5024 5021 899
f 5022 5021 5024
f 870 5025 5027
f 5025 900 5026
f 5027 5026 901
f 5025 5026 5027
f 869 5023 4926
f 5023 900 5025
f 4926 5025 870
f 5023 5025 4926
f 1400 5028 4928
f 5028 1616 5029
f 4928 5029 1612
f 5028 5029 4928
f 1616 5030 5032
f 5030 1621 5031
f 5032 5031 902
f 5030 5031 5032
f 871 5033 5035
f 5033 902 5034
f 5035 5034 1829
f 5033 5034 5035
f 902 5033 5032
f 5033 871 5036
f 5032 5036 1616
f 5033 5036 5032
f 1829 5037 5035
f 5037 1614 4937
f 5035 4937 871
f 5037 4937 5035
f 1829 5038 5040
f 5038 1896 5039
f 5040 5039 903
f 5038 5039 5040
f 873 5041 5043
f 5041 904 5042
f 5043 5042 1828
f 5041 5042 5043
f 1828 5044 5043
f 5044 1613 5045
f 5043 5045 873
f 5044 5045 5043
f 1828 5046 5048
f 5046 1872 5047
f 5048 5047 905
f 5046 5047 5048
f 1787 5049 5050
f 5049 1776 4951
f 5050 4951 875
f 5049 4951 5050
f 1787 5051 5053
f 5051 1472 5052
f 5053 5052 907
f 5051 5052 5053
f 907 5054 5053
f 5054 876 5055
f 5053 5055 1787
f 5054 5055 5053
f 1865 5056 5057
f 5056 1753 4954
f 5057 4954 877
f 5056 4954 5057
f 1865 5057 5059
f 5057 877 5058
f 5059 5058 908
f 5057 5058 5059
f 878 5060 5062
f 5060 909 5061
f 5062 5061 1752
f 5060 5061 5062
f 1752 5063 5065
f 5063 1471 5064
f 5065 5064 910
f 5063 5064 5065
f 880 5066 5068
f 5066 910 5067
f 5068 5067 911
f 5066 5067 5068
f 879 5069 4962
f 5069 910 5066
f 4962 5066 880
f 5069 5066 4962
f 881 5070 5072
f 5070 911 5071
f 5072 5071 912
f 5070 5071 5072
f 911 5070 5068
f 5070 881 4965
f 5068 4965 880
f 5070 4965 5068
f 882 5073 5075
f 5073 912 5074
f 5075 5074 913
f 5073 5074 5075
f 881 5072 4968
f 5072 912 5073
f 4968 5073 882
f 5072 5073 4968
f 883 5076 5078
f 5076 913 5077
f 5078 5077 944
f 5076 5077 5078
f 913 5076 5075
f 5076 883 4971
f 5075 4971 882
f 5076 4971 5075
f 883 5078 4974
f 5078 944 5079
f 4974 5079 914
f 5078 5079 4974
f 884 4977 5081
f 4977 914 5080
f 5081 5080 915
f 4977 5080 5081
f 885 5082 5084
f 5082 915 5083
f 5084 5083 916
f 5082 5083 5084
f 884 5081 4981
f 5081 915 5082
f 4981 5082 885
f 5081 5082 4981
f 885 5085 4982
f 5085 917 5086
f 4982 5086 886
f 5085 5086 4982
f 917 5085 5087
f 5085 885 5084
f 5087 5084 916
f 5085 5084 5087
f 887 4984 5089
f 4984 918 5088
f 5089 5088 950
f 4984 5088 5089
f 886 5086 5091
f 5086 917 5090
f 5091 5090 918
f 5086 5090 5091
f 918 4983 5091
f 4983 857 4889
f 5091 4889 886
f 4983 4889 5091
f 888 4987 5093
f 4987 919 5092
f 5093 5092 951
f 4987 5092 5093
f 887 5089 5095
f 5089 950 5094
f 5095 5094 919
f 5089 5094 5095
f 919 4986 5095
f 4986 858 4892
f 5095 4892 887
f 4986 4892 5095
f 888 5096 5098
f 5096 952 5097
f 5098 5097 1911
f 5096 5097 5098
f 1907 5099 4993
f 5099 888 5098
f 4993 5098 1911
f 5099 5098 4993
f 890 5100 5102
f 5100 920 5101
f 5102 5101 921
f 5100 5101 5102
f 889 5103 5105
f 5103 954 5104
f 5105 5104 920
f 5103 5104 5105
f 1906 5106 5107
f 5106 889 5105
f 5107 5105 920
f 5106 5105 5107
f 891 5108 5110
f 5108 921 5109
f 5110 5109 957
f 5108 5109 5110
f 921 5101 5112
f 5101 920 5111
f 5112 5111 955
f 5101 5111 5112
f 921 5108 5102
f 5108 891 4998
f 5102 4998 890
f 5108 4998 5102
f 892 5113 5115
f 5113 922 5114
f 5115 5114 923
f 5113 5114 5115
f 891 5110 5117
f 5110 957 5116
f 5117 5116 922
f 5110 5116 5117
f 922 5113 5117
f 5113 892 4999
f 5117 4999 891
f 5113 4999 5117
f 892 5115 5002
f 5115 923 5118
f 5002 5118 863
f 5115 5118 5002
f 923 5119 5118
f 5119 893 4798
f 5118 4798 863
f 5119 4798 5118
f 893 5005 5120
f 5005 924 4908
f 5120 4908 1913
f 5005 4908 5120
f 894 5121 5008
f 5121 925 5122
f 5008 5122 895
f 5121 5122 5008
f 925 5121 5123
f 5121 894 4909
f 5123 4909 924
f 5121 4909 5123
f 895 5124 5011
f 5124 926 5125
f 5011 5125 896
f 5124 5125 5011
f 895 5122 5124
f 5122 925 5126
f 5124 5126 926
f 5122 5126 5124
f 896 5127 5014
f 5127 927 5128
f 5014 5128 897
f 5127 5128 5014
f 927 5127 5129
f 5127 896 5125
f 5129 5125 926
f 5127 5125 5129
f 897 5130 5017
f 5130 928 5131
f 5017 5131 898
f 5130 5131 5017
f 897 5128 5130
f 5128 927 5132
f 5130 5132 928
f 5128 5132 5130
f 899 5133 5135
f 5133 928 5134
f 5135 5134 929
f 5133 5134 5135
f 928 5133 5131
f 5133 899 5020
f 5131 5020 898
f 5133 5020 5131
f 899 5136 5024
f 5136 930 5137
f 5024 5137 900
f 5136 5137 5024
f 899 5135 5136
f 5135 929 5138
f 5136 5138 930
f 5135 5138 5136
f 900 5137 5026
f 5137 930 5139
f 5026 5139 901
f 5137 5139 5026
f 901 5139 5141
f 5139 930 5140
f 5141 5140 931
f 5139 5140 5141
f 901 5141 5143
f 5141 931 5142
f 5143 5142 1621
f 5141 5142 5143
f 902 5144 5146
f 5144 932 5145
f 5146 5145 1896
f 5144 5145 5146
f 933 5147 5149
f 5147 1404 5148
f 5149 5148 934
f 5147 5148 5149
f 1872 5150 5047
f 5150 935 5151
f 5047 5151 905
f 5150 5151 5047
f 904 5152 5154
f 5152 934 5153
f 5154 5153 1872
f 5152 5153 5154
f 907 5155 5157
f 5155 937 5156
f 5157 5156 1476
f 5155 5156 5157
f 906 5158 5160
f 5158 936 5159
f 5160 5159 1472
f 5158 5159 5160
f 1476 5156 5162
f 5156 937 5161
f 5162 5161 938
f 5156 5161 5162
f 908 5163 5165
f 5163 1623 5164
f 5165 5164 1475
f 5163 5164 5165
f 1623 5166 5167
f 5166 1476 5162
f 5167 5162 938
f 5166 5162 5167
f 1475 5168 5170
f 5168 1793 5169
f 5170 5169 939
f 5168 5169 5170
f 910 5171 5067
f 5171 940 5172
f 5067 5172 911
f 5171 5172 5067
f 1471 5173 5174
f 5173 1475 5170
f 5174 5170 939
f 5173 5170 5174
f 940 5171 5175
f 5171 910 5064
f 5175 5064 1471
f 5171 5064 5175
f 911 5172 5177
f 5172 940 5176
f 5177 5176 941
f 5172 5176 5177
f 912 5178 5180
f 5178 941 5179
f 5180 5179 942
f 5178 5179 5180
f 911 5177 5071
f 5177 941 5178
f 5071 5178 912
f 5177 5178 5071
f 912 5180 5074
f 5180 942 5181
f 5074 5181 913
f 5180 5181 5074
f 913 5181 5183
f 5181 942 5182
f 5183 5182 943
f 5181 5182 5183
f 913 5183 5077
f 5183 943 5184
f 5077 5184 944
f 5183 5184 5077
f 914 5079 5186
f 5079 944 5185
f 5186 5185 945
f 5079 5185 5186
f 915 5187 5189
f 5187 945 5188
f 5189 5188 946
f 5187 5188 5189
f 914 5186 5080
f 5186 945 5187
f 5080 5187 915
f 5186 5187 5080
f 915 5189 5083
f 5189 946 5190
f 5083 5190 916
f 5189 5190 5083
f 916 5190 5192
f 5190 946 5191
f 5192 5191 947
f 5190 5191 5192
f 948 5193 5194
f 5193 916 5192
f 5194 5192 947
f 5193 5192 5194
f 916 5193 5087
f 5193 948 5195
f 5087 5195 917
f 5193 5195 5087
f 917 5196 5090
f 5196 949 5197
f 5090 5197 918
f 5196 5197 5090
f 949 5196 5198
f 5196 917 5195
f 5198 5195 948
f 5196 5195 5198
f 950 5088 5199
f 5088 918 5197
f 5199 5197 949
f 5088 5197 5199
f 919 5200 5092
f 5200 990 5201
f 5092 5201 951
f 5200 5201 5092
f 951 5202 5093
f 5202 952 5096
f 5093 5096 888
f 5202 5096 5093
f 953 5203 5205
f 5203 889 5204
f 5205 5204 952
f 5203 5204 5205
f 953 5206 5203
f 5206 954 5103
f 5203 5103 889
f 5206 5103 5203
f 955 5111 5207
f 5111 920 5104
f 5207 5104 954
f 5111 5104 5207
f 955 5208 5112
f 5208 956 5209
f 5112 5209 921
f 5208 5209 5112
f 957 5109 5210
f 5109 921 5209
f 5210 5209 956
f 5109 5209 5210
f 957 5211 5116
f 5211 958 5212
f 5116 5212 922
f 5211 5212 5116
f 959 5213 5214
f 5213 922 5212
f 5214 5212 958
f 5213 5212 5214
f 922 5213 5114
f 5213 959 5215
f 5114 5215 923
f 5213 5215 5114
f 960 5216 5217
f 5216 923 5215
f 5217 5215 959
f 5216 5215 5217
f 924 5004 5219
f 5004 960 5218
f 5219 5218 962
f 5004 5218 5219
f 923 5216 5119
f 5216 960 5003
f 5119 5003 893
f 5216 5003 5119
f 962 5218 5221
f 5218 960 5220
f 5221 5220 961
f 5218 5220 5221
f 925 5222 5224
f 5222 962 5223
f 5224 5223 963
f 5222 5223 5224
f 924 5219 5123
f 5219 962 5222
f 5123 5222 925
f 5219 5222 5123
f 926 5225 5227
f 5225 963 5226
f 5227 5226 964
f 5225 5226 5227
f 963 5225 5224
f 5225 926 5126
f 5224 5126 925
f 5225 5126 5224
f 927 5228 5230
f 5228 964 5229
f 5230 5229 965
f 5228 5229 5230
f 926 5227 5129
f 5227 964 5228
f 5129 5228 927
f 5227 5228 5129
f 928 5231 5233
f 5231 965 5232
f 5233 5232 966
f 5231 5232 5233
f 965 5231 5230
f 5231 928 5132
f 5230 5132 927
f 5231 5132 5230
f 929 5234 5236
f 5234 966 5235
f 5236 5235 967
f 5234 5235 5236
f 928 5233 5134
f 5233 966 5234
f 5134 5234 929
f 5233 5234 5134
f 929 5237 5138
f 5237 968 5238
f 5138 5238 930
f 5237 5238 5138
f 968 5237 5239
f 5237 929 5236
f 5239 5236 967
f 5237 5236 5239
f 931 5240 5242
f 5240 968 5241
f 5242 5241 969
f 5240 5241 5242
f 930 5238 5140
f 5238 968 5240
f 5140 5240 931
f 5238 5240 5140
f 1402 5243 5244
f 5243 1621 5142
f 5244 5142 931
f 5243 5142 5244
f 1625 5245 5247
f 5245 1402 5246
f 5247 5246 969
f 5245 5246 5247
f 970 5248 5250
f 5248 932 5249
f 5250 5249 1402
f 5248 5249 5250
f 971 5251 5252
f 5251 1896 5145
f 5252 5145 932
f 5251 5145 5252
f 934 5253 5255
f 5253 972 5254
f 5255 5254 1626
f 5253 5254 5255
f 933 5256 5147
f 5256 971 5257
f 5147 5257 1404
f 5256 5257 5147
f 1626 5258 5255
f 5258 1872 5153
f 5255 5153 934
f 5258 5153 5255
f 1626 5259 5261
f 5259 1853 5260
f 5261 5260 973
f 5259 5260 5261
f 1792 5262 5263
f 5262 1472 5159
f 5263 5159 936
f 5262 5159 5263
f 1792 5264 5266
f 5264 1478 5265
f 5266 5265 975
f 5264 5265 5266
f 938 5267 5167
f 5267 976 5268
f 5167 5268 1623
f 5267 5268 5167
f 975 5269 5266
f 5269 937 5270
f 5266 5270 1792
f 5269 5270 5266
f 1623 5268 5272
f 5268 976 5271
f 5272 5271 1793
f 5268 5271 5272
f 939 5273 5275
f 5273 978 5274
f 5275 5274 979
f 5273 5274 5275
f 1793 5271 5277
f 5271 976 5276
f 5277 5276 977
f 5271 5276 5277
f 939 5278 5174
f 5278 940 5175
f 5174 5175 1471
f 5278 5175 5174
f 941 5279 5281
f 5279 979 5280
f 5281 5280 980
f 5279 5280 5281
f 940 5282 5176
f 5282 979 5279
f 5176 5279 941
f 5282 5279 5176
f 942 5283 5285
f 5283 980 5284
f 5285 5284 981
f 5283 5284 5285
f 980 5283 5281
f 5283 942 5179
f 5281 5179 941
f 5283 5179 5281
f 943 5286 5288
f 5286 981 5287
f 5288 5287 982
f 5286 5287 5288
f 942 5285 5182
f 5285 981 5286
f 5182 5286 943
f 5285 5286 5182
f 944 5289 5291
f 5289 982 5290
f 5291 5290 983
f 5289 5290 5291
f 982 5289 5288
f 5289 944 5184
f 5288 5184 943
f 5289 5184 5288
f 945 5292 5294
f 5292 983 5293
f 5294 5293 984
f 5292 5293 5294
f 944 5291 5185
f 5291 983 5292
f 5185 5292 945
f 5291 5292 5185
f 946 5295 5297
f 5295 984 5296
f 5297 5296 985
f 5295 5296 5297
f 984 5295 5294
f 5295 946 5188
f 5294 5188 945
f 5295 5188 5294
f 947 5298 5300
f 5298 985 5299
f 5300 5299 986
f 5298 5299 5300
f 946 5297 5191
f 5297 985 5298
f 5191 5298 947
f 5297 5298 5191
f 947 5301 5194
f 5301 987 5302
f 5194 5302 948
f 5301 5302 5194
f 987 5301 5303
f 5301 947 5300
f 5303 5300 986
f 5301 5300 5303
f 948 5304 5198
f 5304 988 5305
f 5198 5305 949
f 5304 5305 5198
f 948 5302 5304
f 5302 987 5306
f 5304 5306 988
f 5302 5306 5304
f 949 5307 5199
f 5307 989 5308
f 5199 5308 950
f 5307 5308 5199
f 989 5307 5309
f 5307 949 5305
f 5309 5305 988
f 5307 5305 5309
f 950 5310 5094
f 5310 990 5200
f 5094 5200 919
f 5310 5200 5094
f 950 5308 5310
f 5308 989 5311
f 5310 5311 990
f 5308 5311 5310
f 991 5312 5313
f 5312 951 5201
f 5313 5201 990
f 5312 5201 5313
f 951 5314 5202
f 5314 992 5315
f 5202 5315 952
f 5314 5315 5202
f 951 5312 5314
f 5312 991 5316
f 5314 5316 992
f 5312 5316 5314
f 952 5317 5205
f 5317 993 5318
f 5205 5318 953
f 5317 5318 5205
f 993 5317 5319
f 5317 952 5315
f 5319 5315 992
f 5317 5315 5319
f 953 5320 5206
f 5320 994 5321
f 5206 5321 954
f 5320 5321 5206
f 953 5318 5320
f 5318 993 5322
f 5320 5322 994
f 5318 5322 5320
f 954 5323 5207
f 5323 995 5324
f 5207 5324 955
f 5323 5324 5207
f 995 5323 5325
f 5323 954 5321
f 5325 5321 994
f 5323 5321 5325
f 955 5326 5208
f 5326 996 5327
f 5208 5327 956
f 5326 5327 5208
f 955 5324 5326
f 5324 995 5328
f 5326 5328 996
f 5324 5328 5326
f 956 5329 5210
f 5329 997 5330
f 5210 5330 957
f 5329 5330 5210
f 997 5329 5331
f 5329 956 5327
f 5331 5327 996
f 5329 5327 5331
f 957 5332 5211
f 5332 998 5333
f 5211 5333 958
f 5332 5333 5211
f 957 5330 5332
f 5330 997 5334
f 5332 5334 998
f 5330 5334 5332
f 958 5335 5214
f 5335 999 5336
f 5214 5336 959
f 5335 5336 5214
f 999 5335 5337
f 5335 958 5333
f 5337 5333 998
f 5335 5333 5337
f 959 5338 5217
f 5338 961 5220
f 5217 5220 960
f 5338 5220 5217
f 959 5336 5338
f 5336 999 5339
f 5338 5339 961
f 5336 5339 5338
f 961 5340 5221
f 5340 1000 5341
f 5221 5341 962
f 5340 5341 5221
f 961 5342 5340
f 5342 1036 5343
f 5340 5343 1000
f 5342 5343 5340
f 962 5344 5223
f 5344 1001 5345
f 5223 5345 963
f 5344 5345 5223
f 1001 5344 5346
f 5344 962 5341
f 5346 5341 1000
f 5344 5341 5346
f 963 5347 5226
f 5347 1002 5348
f 5226 5348 964
f 5347 5348 5226
f 963 5345 5347
f 5345 1001 5349
f 5347 5349 1002
f 5345 5349 5347
f 964 5350 5229
f 5350 1003 5351
f 5229 5351 965
f 5350 5351 5229
f 1003 5350 5352
f 5350 964 5348
f 5352 5348 1002
f 5350 5348 5352
f 965 5353 5232
f 5353 1004 5354
f 5232 5354 966
f 5353 5354 5232
f 965 5351 5353
f 5351 1003 5355
f 5353 5355 1004
f 5351 5355 5353
f 967 5356 5358
f 5356 1004 5357
f 5358 5357 1005
f 5356 5357 5358
f 1004 5356 5354
f 5356 967 5235
f 5354 5235 966
f 5356 5235 5354
f 967 5359 5239
f 5359 1006 5360
f 5239 5360 968
f 5359 5360 5239
f 967 5358 5359
f 5358 1005 5361
f 5359 5361 1006
f 5358 5361 5359
f 968 5360 5241
f 5360 1006 5362
f 5241 5362 969
f 5360 5362 5241
f 969 5362 5364
f 5362 1006 5363
f 5364 5363 1007
f 5362 5363 5364
f 969 5364 5247
f 5364 1007 5365
f 5247 5365 1625
f 5364 5365 5247
f 1860 5366 5368
f 5366 971 5367
f 5368 5367 970
f 5366 5367 5368
f 1860 5369 5371
f 5369 1572 5370
f 5371 5370 1633
f 5369 5370 5371
f 1860 5372 5366
f 5372 1629 5373
f 5366 5373 971
f 5372 5373 5366
f 1629 5374 5373
f 5374 1404 5257
f 5373 5257 971
f 5374 5257 5373
f 1009 5375 5377
f 5375 1008 5376
f 5377 5376 1403
f 5375 5376 5377
f 1853 5378 5260
f 5378 1010 5379
f 5260 5379 973
f 5378 5379 5260
f 972 5380 5382
f 5380 1009 5381
f 5382 5381 1853
f 5380 5381 5382
f 975 5383 5385
f 5383 1012 5384
f 5385 5384 1480
f 5383 5384 5385
f 974 5386 5388
f 5386 1011 5387
f 5388 5387 1478
f 5386 5387 5388
f 1480 5384 5390
f 5384 1012 5389
f 5390 5389 1013
f 5384 5389 5390
f 977 5391 5393
f 5391 1014 5392
f 5393 5392 978
f 5391 5392 5393
f 1630 5394 5395
f 5394 1480 5390
f 5395 5390 1013
f 5394 5390 5395
f 978 5396 5393
f 5396 1793 5277
f 5393 5277 977
f 5396 5277 5393
f 1014 5397 5399
f 5397 1630 5398
f 5399 5398 1734
f 5397 5398 5399
f 979 5400 5280
f 5400 1015 5401
f 5280 5401 980
f 5400 5401 5280
f 1015 5400 5403
f 5400 979 5402
f 5403 5402 1477
f 5400 5402 5403
f 980 5401 5405
f 5401 1015 5404
f 5405 5404 1016
f 5401 5404 5405
f 981 5406 5408
f 5406 1016 5407
f 5408 5407 1017
f 5406 5407 5408
f 980 5405 5284
f 5405 1016 5406
f 5284 5406 981
f 5405 5406 5284
f 981 5408 5287
f 5408 1017 5409
f 5287 5409 982
f 5408 5409 5287
f 982 5409 5411
f 5409 1017 5410
f 5411 5410 1018
f 5409 5410 5411
f 983 5412 5414
f 5412 1018 5413
f 5414 5413 1019
f 5412 5413 5414
f 982 5411 5290
f 5411 1018 5412
f 5290 5412 983
f 5411 5412 5290
f 983 5414 5293
f 5414 1019 5415
f 5293 5415 984
f 5414 5415 5293
f 984 5415 5417
f 5415 1019 5416
f 5417 5416 1020
f 5415 5416 5417
f 985 5418 5420
f 5418 1020 5419
f 5420 5419 1021
f 5418 5419 5420
f 984 5417 5296
f 5417 1020 5418
f 5296 5418 985
f 5417 5418 5296
f 985 5420 5299
f 5420 1021 5421
f 5299 5421 986
f 5420 5421 5299
f 986 5421 5423
f 5421 1021 5422
f 5423 5422 1022
f 5421 5422 5423
f 1023 5424 5425
f 5424 986 5423
f 5425 5423 1022
f 5424 5423 5425
f 986 5424 5303
f 5424 1023 5426
f 5303 5426 987
f 5424 5426 5303
f 987 5427 5306
f 5427 1024 5428
f 5306 5428 988
f 5427 5428 5306
f 1024 5427 5429
f 5427 987 5426
f 5429 5426 1023
f 5427 5426 5429
f 1025 5430 5431
f 5430 988 5428
f 5431 5428 1024
f 5430 5428 5431
f 988 5430 5309
f 5430 1025 5432
f 5309 5432 989
f 5430 5432 5309
f 989 5433 5311
f 5433 1026 5434
f 5311 5434 990
f 5433 5434 5311
f 1026 5433 5435
f 5433 989 5432
f 5435 5432 1025
f 5433 5432 5435
f 1027 5436 5437
f 5436 990 5434
f 5437 5434 1026
f 5436 5434 5437
f 990 5436 5313
f 5436 1027 5438
f 5313 5438 991
f 5436 5438 5313
f 991 5439 5316
f 5439 1028 5440
f 5316 5440 992
f 5439 5440 5316
f 1028 5439 5441
f 5439 991 5438
f 5441 5438 1027
f 5439 5438 5441
f 1029 5442 5443
f 5442 992 5440
f 5443 5440 1028
f 5442 5440 5443
f 992 5442 5319
f 5442 1029 5444
f 5319 5444 993
f 5442 5444 5319
f 993 5445 5322
f 5445 1030 5446
f 5322 5446 994
f 5445 5446 5322
f 1030 5445 5447
f 5445 993 5444
f 5447 5444 1029
f 5445 5444 5447
f 1031 5448 5449
f 5448 994 5446
f 5449 5446 1030
f 5448 5446 5449
f 994 5448 5325
f 5448 1031 5450
f 5325 5450 995
f 5448 5450 5325
f 995 5451 5328
f 5451 1032 5452
f 5328 5452 996
f 5451 5452 5328
f 1032 5451 5453
f 5451 995 5450
f 5453 5450 1031
f 5451 5450 5453
f 1033 5454 5455
f 5454 996 5452
f 5455 5452 1032
f 5454 5452 5455
f 996 5454 5331
f 5454 1033 5456
f 5331 5456 997
f 5454 5456 5331
f 997 5457 5334
f 5457 1034 5458
f 5334 5458 998
f 5457 5458 5334
f 1034 5457 5459
f 5457 997 5456
f 5459 5456 1033
f 5457 5456 5459
f 1035 5460 5461
f 5460 998 5458
f 5461 5458 1034
f 5460 5458 5461
f 998 5460 5337
f 5460 1035 5462
f 5337 5462 999
f 5460 5462 5337
f 999 5463 5339
f 5463 1036 5342
f 5339 5342 961
f 5463 5342 5339
f 1036 5463 5464
f 5463 999 5462
f 5464 5462 1035
f 5463 5462 5464
f 1000 5465 5467
f 5465 1037 5466
f 5467 5466 1038
f 5465 5466 5467
f 1037 5465 5468
f 5465 1000 5343
f 5468 5343 1036
f 5465 5343 5468
f 1001 5469 5471
f 5469 1038 5470
f 5471 5470 1039
f 5469 5470 5471
f 1000 5467 5346
f 5467 1038 5469
f 5346 5469 1001
f 5467 5469 5346
f 1002 5472 5474
f 5472 1039 5473
f 5474 5473 1040
f 5472 5473 5474
f 1039 5472 5471
f 5472 1002 5349
f 5471 5349 1001
f 5472 5349 5471
f 1003 5475 5477
f 5475 1040 5476
f 5477 5476 1041
f 5475 5476 5477
f 1002 5474 5352
f 5474 1040 5475
f 5352 5475 1003
f 5474 5475 5352
f 1004 5478 5480
f 5478 1041 5479
f 5480 5479 1042
f 5478 5479 5480
f 1041 5478 5477
f 5478 1004 5355
f 5477 5355 1003
f 5478 5355 5477
f 1005 5481 5483
f 5481 1042 5482
f 5483 5482 1043
f 5481 5482 5483
f 1004 5480 5357
f 5480 1042 5481
f 5357 5481 1005
f 5480 5481 5357
f 1005 5484 5361
f 5484 1044 5485
f 5361 5485 1006
f 5484 5485 5361
f 1044 5484 5486
f 5484 1005 5483
f 5486 5483 1043
f 5484 5483 5486
f 1007 5487 5489
f 5487 1044 5488
f 5489 5488 1045
f 5487 5488 5489
f 1006 5485 5363
f 5485 1044 5487
f 5363 5487 1007
f 5485 5487 5363
f 1405 5490 5491
f 5490 1625 5365
f 5491 5365 1007
f 5490 5365 5491
f 1405 5492 5494
f 5492 1635 5493
f 5494 5493 1046
f 5492 5493 5494
f 1572 5495 5496
f 5495 1405 5494
f 5496 5494 1046
f 5495 5494 5496
f 1633 5497 5499
f 5497 1047 5498
f 5499 5498 1048
f 5497 5498 5499
f 1403 5500 5377
f 5500 1634 5501
f 5377 5501 1009
f 5500 5501 5377
f 1048 5502 5499
f 5502 1008 5503
f 5499 5503 1633
f 5502 5503 5499
f 1634 5504 5501
f 5504 1853 5381
f 5501 5381 1009
f 5504 5381 5501
f 1634 5505 5507
f 5505 1881 5506
f 5507 5506 1049
f 5505 5506 5507
f 1740 5508 5509
f 5508 1478 5387
f 5509 5387 1011
f 5508 5387 5509
f 1740 5510 5512
f 5510 1733 5511
f 5512 5511 1051
f 5510 5511 5512
f 1013 5513 5515
f 5513 1052 5514
f 5515 5514 1734
f 5513 5514 5515
f 1051 5516 5512
f 5516 1012 5517
f 5512 5517 1740
f 5516 5517 5512
f 1734 5398 5515
f 5398 1630 5395
f 5515 5395 1013
f 5398 5395 5515
f 1734 5514 5519
f 5514 1052 5518
f 5519 5518 1053
f 5514 5518 5519
f 1014 5520 5522
f 5520 1054 5521
f 5522 5521 1477
f 5520 5521 5522
f 1477 5521 5524
f 5521 1054 5523
f 5524 5523 1055
f 5521 5523 5524
f 1016 5525 5527
f 5525 1055 5526
f 5527 5526 1056
f 5525 5526 5527
f 1015 5528 5404
f 5528 1055 5525
f 5404 5525 1016
f 5528 5525 5404
f 1057 5529 5531
f 5529 1017 5530
f 5531 5530 1056
f 5529 5530 5531
f 1018 5532 5534
f 5532 1057 5533
f 5534 5533 1058
f 5532 5533 5534
f 1017 5529 5410
f 5529 1057 5532
f 5410 5532 1018
f 5529 5532 5410
f 1019 5535 5537
f 5535 1058 5536
f 5537 5536 1059
f 5535 5536 5537
f 1058 5535 5534
f 5535 1019 5413
f 5534 5413 1018
f 5535 5413 5534
f 1020 5538 5540
f 5538 1059 5539
f 5540 5539 1060
f 5538 5539 5540
f 1019 5537 5416
f 5537 1059 5538
f 5416 5538 1020
f 5537 5538 5416
f 1021 5541 5543
f 5541 1060 5542
f 5543 5542 1061
f 5541 5542 5543
f 1060 5541 5540
f 5541 1021 5419
f 5540 5419 1020
f 5541 5419 5540
f 1022 5544 5546
f 5544 1061 5545
f 5546 5545 1062
f 5544 5545 5546
f 1021 5543 5422
f 5543 1061 5544
f 5422 5544 1022
f 5543 5544 5422
f 1022 5547 5425
f 5547 1063 5548
f 5425 5548 1023
f 5547 5548 5425
f 1063 5547 5549
f 5547 1022 5546
f 5549 5546 1062
f 5547 5546 5549
f 1023 5550 5429
f 5550 1064 5551
f 5429 5551 1024
f 5550 5551 5429
f 1023 5548 5550
f 5548 1063 5552
f 5550 5552 1064
f 5548 5552 5550
f 1024 5553 5431
f 5553 1065 5554
f 5431 5554 1025
f 5553 5554 5431
f 1065 5553 5555
f 5553 1024 5551
f 5555 5551 1064
f 5553 5551 5555
f 1025 5556 5435
f 5556 1066 5557
f 5435 5557 1026
f 5556 5557 5435
f 1025 5554 5556
f 5554 1065 5558
f 5556 5558 1066
f 5554 5558 5556
f 1026 5559 5437
f 5559 1067 5560
f 5437 5560 1027
f 5559 5560 5437
f 1067 5559 5561
f 5559 1026 5557
f 5561 5557 1066
f 5559 5557 5561
f 1027 5562 5441
f 5562 1068 5563
f 5441 5563 1028
f 5562 5563 5441
f 1027 5560 5562
f 5560 1067 5564
f 5562 5564 1068
f 5560 5564 5562
f 1028 5565 5443
f 5565 1069 5566
f 5443 5566 1029
f 5565 5566 5443
f 1069 5565 5567
f 5565 1028 5563
f 5567 5563 1068
f 5565 5563 5567
f 1029 5568 5447
f 5568 1070 5569
f 5447 5569 1030
f 5568 5569 5447
f 1029 5566 5568
f 5566 1069 5570
f 5568 5570 1070
f 5566 5570 5568
f 1030 5571 5449
f 5571 1071 5572
f 5449 5572 1031
f 5571 5572 5449
f 1071 5571 5573
f 5571 1030 5569
f 5573 5569 1070
f 5571 5569 5573
f 1031 5574 5453
f 5574 1072 5575
f 5453 5575 1032
f 5574 5575 5453
f 1031 5572 5574
f 5572 1071 5576
f 5574 5576 1072
f 5572 5576 5574
f 1032 5577 5455
f 5577 1073 5578
f 5455 5578 1033
f 5577 5578 5455
f 1073 5577 5579
f 5577 1032 5575
f 5579 5575 1072
f 5577 5575 5579
f 1033 5580 5459
f 5580 1074 5581
f 5459 5581 1034
f 5580 5581 5459
f 1033 5578 5580
f 5578 1073 5582
f 5580 5582 1074
f 5578 5582 5580
f 1034 5583 5461
f 5583 1075 5584
f 5461 5584 1035
f 5583 5584 5461
f 1075 5583 5585
f 5583 1034 5581
f 5585 5581 1074
f 5583 5581 5585
f 1035 5586 5464
f 5586 1076 5587
f 5464 5587 1036
f 5586 5587 5464
f 1035 5584 5586
f 5584 1075 5588
f 5586 5588 1076
f 5584 5588 5586
f 1037 5589 5591
f 5589 1076 5590
f 5591 5590 1077
f 5589 5590 5591
f 1076 5589 5587
f 5589 1037 5468
f 5587 5468 1036
f 5589 5468 5587
f 1037 5592 5466
f 5592 1078 5593
f 5466 5593 1038
f 5592 5593 5466
f 1037 5591 5592
f 5591 1077 5594
f 5592 5594 1078
f 5591 5594 5592
f 1038 5595 5470
f 5595 1079 5596
f 5470 5596 1039
f 5595 5596 5470
f 1079 5595 5597
f 5595 1038 5593
f 5597 5593 1078
f 5595 5593 5597
f 1039 5598 5473
f 5598 1080 5599
f 5473 5599 1040
f 5598 5599 5473
f 1039 5596 5598
f 5596 1079 5600
f 5598 5600 1080
f 5596 5600 5598
f 1040 5601 5476
f 5601 1081 5602
f 5476 5602 1041
f 5601 5602 5476
f 1081 5601 5603
f 5601 1040 5599
f 5603 5599 1080
f 5601 5599 5603
f 1041 5604 5479
f 5604 1082 5605
f 5479 5605 1042
f 5604 5605 5479
f 1041 5602 5604
f 5602 1081 5606
f 5604 5606 1082
f 5602 5606 5604
f 1043 5607 5609
f 5607 1082 5608
f 5609 5608 1083
f 5607 5608 5609
f 1082 5607 5605
f 5607 1043 5482
f 5605 5482 1042
f 5607 5482 5605
f 1043 5610 5486
f 5610 1084 5611
f 5486 5611 1044
f 5610 5611 5486
f 1043 5609 5610
f 5609 1083 5612
f 5610 5612 1084
f 5609 5612 5610
f 1044 5611 5488
f 5611 1084 5613
f 5488 5613 1045
f 5611 5613 5488
f 1045 5613 5615
f 5613 1084 5614
f 5615 5614 1085
f 5613 5614 5615
f 1045 5615 5617
f 5615 1085 5616
f 5617 5616 1635
f 5615 5616 5617
f 1859 5618 5620
f 5618 1047 5619
f 5620 5619 1046
f 5618 5619 5620
f 1086 5621 5622
f 5621 1047 5618
f 5622 5618 1859
f 5621 5618 5622
f 1636 5623 5625
f 5623 1403 5624
f 5625 5624 1048
f 5623 5624 5625
f 1881 5626 5506
f 5626 1088 5627
f 5506 5627 1049
f 5626 5627 5506
f 1051 5628 5630
f 5628 1090 5629
f 5630 5629 1732
f 5628 5629 5630
f 1050 5631 5633
f 5631 1089 5632
f 5633 5632 1733
f 5631 5632 5633
f 1732 5629 5635
f 5629 1090 5634
f 5635 5634 1091
f 5629 5634 5635
f 1053 5636 5638
f 5636 1092 5637
f 5638 5637 1731
f 5636 5637 5638
f 1874 5639 5640
f 5639 1732 5635
f 5640 5635 1091
f 5639 5635 5640
f 1731 5641 5638
f 5641 1734 5519
f 5638 5519 1053
f 5641 5519 5638
f 1731 5637 5643
f 5637 1092 5642
f 5643 5642 1093
f 5637 5642 5643
f 1056 5644 5646
f 5644 1729 5645
f 5646 5645 1094
f 5644 5645 5646
f 1729 5647 5648
f 5647 1731 5643
f 5648 5643 1093
f 5647 5643 5648
f 1729 5644 5649
f 5644 1056 5526
f 5649 5526 1055
f 5644 5526 5649
f 1056 5646 5651
f 5646 1094 5650
f 5651 5650 1095
f 5646 5650 5651
f 1057 5652 5654
f 5652 1095 5653
f 5654 5653 1096
f 5652 5653 5654
f 1056 5651 5531
f 5651 1095 5652
f 5531 5652 1057
f 5651 5652 5531
f 1057 5654 5533
f 5654 1096 5655
f 5533 5655 1058
f 5654 5655 5533
f 1058 5655 5657
f 5655 1096 5656
f 5657 5656 1097
f 5655 5656 5657
f 1059 5658 5660
f 5658 1097 5659
f 5660 5659 1098
f 5658 5659 5660
f 1058 5657 5536
f 5657 1097 5658
f 5536 5658 1059
f 5657 5658 5536
f 1059 5660 5539
f 5660 1098 5661
f 5539 5661 1060
f 5660 5661 5539
f 1060 5661 5663
f 5661 1098 5662
f 5663 5662 1099
f 5661 5662 5663
f 1061 5664 5666
f 5664 1099 5665
f 5666 5665 1100
f 5664 5665 5666
f 1060 5663 5542
f 5663 1099 5664
f 5542 5664 1061
f 5663 5664 5542
f 1061 5666 5545
f 5666 1100 5667
f 5545 5667 1062
f 5666 5667 5545
f 1062 5667 5669
f 5667 1100 5668
f 5669 5668 1101
f 5667 5668 5669
f 1102 5670 5671
f 5670 1062 5669
f 5671 5669 1101
f 5670 5669 5671
f 1062 5670 5549
f 5670 1102 5672
f 5549 5672 1063
f 5670 5672 5549
f 1063 5673 5552
f 5673 1103 5674
f 5552 5674 1064
f 5673 5674 5552
f 1103 5673 5675
f 5673 1063 5672
f 5675 5672 1102
f 5673 5672 5675
f 1104 5676 5677
f 5676 1064 5674
f 5677 5674 1103
f 5676 5674 5677
f 1064 5676 5555
f 5676 1104 5678
f 5555 5678 1065
f 5676 5678 5555
f 1065 5679 5558
f 5679 1105 5680
f 5558 5680 1066
f 5679 5680 5558
f 1105 5679 5681
f 5679 1065 5678
f 5681 5678 1104
f 5679 5678 5681
f 1106 5682 5683
f 5682 1066 5680
f 5683 5680 1105
f 5682 5680 5683
f 1066 5682 5561
f 5682 1106 5684
f 5561 5684 1067
f 5682 5684 5561
f 1067 5685 5564
f 5685 1107 5686
f 5564 5686 1068
f 5685 5686 5564
f 1107 5685 5687
f 5685 1067 5684
f 5687 5684 1106
f 5685 5684 5687
f 1108 5688 5689
f 5688 1068 5686
f 5689 5686 1107
f 5688 5686 5689
f 1068 5688 5567
f 5688 1108 5690
f 5567 5690 1069
f 5688 5690 5567
f 1069 5691 5570
f 5691 1109 5692
f 5570 5692 1070
f 5691 5692 5570
f 1109 5691 5693
f 5691 1069 5690
f 5693 5690 1108
f 5691 5690 5693
f 1110 5694 5695
f 5694 1070 5692
f 5695 5692 1109
f 5694 5692 5695
f 1070 5694 5573
f 5694 1110 5696
f 5573 5696 1071
f 5694 5696 5573
f 1071 5697 5576
f 5697 1111 5698
f 5576 5698 1072
f 5697 5698 5576
f 1111 5697 5699
f 5697 1071 5696
f 5699 5696 1110
f 5697 5696 5699
f 1112 5700 5701
f 5700 1072 5698
f 5701 5698 1111
f 5700 5698 5701
f 1072 5700 5579
f 5700 1112 5702
f 5579 5702 1073
f 5700 5702 5579
f 1073 5703 5582
f 5703 1113 5704
f 5582 5704 1074
f 5703 5704 5582
f 1113 5703 5705
f 5703 1073 5702
f 5705 5702 1112
f 5703 5702 5705
f 1114 5706 5707
f 5706 1074 5704
f 5707 5704 1113
f 5706 5704 5707
f 1074 5706 5585
f 5706 1114 5708
f 5585 5708 1075
f 5706 5708 5585
f 1075 5709 5588
f 5709 1115 5710
f 5588 5710 1076
f 5709 5710 5588
f 1115 5709 5711
f 5709 1075 5708
f 5711 5708 1114
f 5709 5708 5711
f 1077 5712 5714
f 5712 1115 5713
f 5714 5713 1116
f 5712 5713 5714
f 1076 5710 5590
f 5710 1115 5712
f 5590 5712 1077
f 5710 5712 5590
f 1078 5715 5717
f 5715 1116 5716
f 5717 5716 1117
f 5715 5716 5717
f 1116 5715 5714
f 5715 1078 5594
f 5714 5594 1077
f 5715 5594 5714
f 1079 5718 5720
f 5718 1117 5719
f 5720 5719 1118
f 5718 5719 5720
f 1078 5717 5597
f 5717 1117 5718
f 5597 5718 1079
f 5717 5718 5597
f 1080 5721 5723
f 5721 1118 5722
f 5723 5722 1119
f 5721 5722 5723
f 1118 5721 5720
f 5721 1080 5600
f 5720 5600 1079
f 5721 5600 5720
f 1081 5724 5726
f 5724 1119 5725
f 5726 5725 1120
f 5724 5725 5726
f 1080 5723 5603
f 5723 1119 5724
f 5603 5724 1081
f 5723 5724 5603
f 1082 5727 5729
f 5727 1120 5728
f 5729 5728 1121
f 5727 5728 5729
f 1120 5727 5726
f 5727 1082 5606
f 5726 5606 1081
f 5727 5606 5726
f 1083 5730 5732
f 5730 1121 5731
f 5732 5731 1122
f 5730 5731 5732
f 1082 5729 5608
f 5729 1121 5730
f 5608 5730 1083
f 5729 5730 5608
f 1083 5733 5612
f 5733 1123 5734
f 5612 5734 1084
f 5733 5734 5612
f 1123 5733 5735
f 5733 1083 5732
f 5735 5732 1122
f 5733 5732 5735
f 1085 5736 5738
f 5736 1123 5737
f 5738 5737 1124
f 5736 5737 5738
f 1084 5734 5614
f 5734 1123 5736
f 5614 5736 1085
f 5734 5736 5614
f 1638 5739 5740
f 5739 1635 5616
f 5740 5616 1085
f 5739 5616 5740
f 1638 5741 5743
f 5741 1401 5742
f 5743 5742 1125
f 5741 5742 5743
f 1086 5744 5746
f 5744 1125 5745
f 5746 5745 1126
f 5744 5745 5746
f 1125 5747 5743
f 5747 1859 5748
f 5743 5748 1638
f 5747 5748 5743
f 1127 5749 5751
f 5749 1126 5750
f 5751 5750 1647
f 5749 5750 5751
f 1087 5752 5754
f 5752 1128 5753
f 5754 5753 1899
f 5752 5753 5754
f 1639 5755 5756
f 5755 1126 5749
f 5756 5749 1127
f 5755 5749 5756
f 1899 5757 5754
f 5757 1881 5758
f 5754 5758 1087
f 5757 5758 5754
f 1899 5759 5761
f 5759 1644 5760
f 5761 5760 1129
f 5759 5760 5761
f 1489 5762 5763
f 5762 1733 5632
f 5763 5632 1089
f 5762 5632 5763
f 1489 5764 5766
f 5764 1721 5765
f 5766 5765 1131
f 5764 5765 5766
f 1091 5767 5769
f 5767 1132 5768
f 5769 5768 1641
f 5767 5768 5769
f 1131 5770 5766
f 5770 1090 5771
f 5766 5771 1489
f 5770 5771 5766
f 1641 5772 5769
f 5772 1874 5640
f 5769 5640 1091
f 5772 5640 5769
f 1641 5768 5774
f 5768 1132 5773
f 5774 5773 1133
f 5768 5773 5774
f 1093 5775 5777
f 5775 1134 5776
f 5777 5776 1094
f 5775 5776 5777
f 1486 5778 5779
f 5778 1641 5774
f 5779 5774 1133
f 5778 5774 5779
f 1093 5777 5648
f 5777 1094 5645
f 5648 5645 1729
f 5777 5645 5648
f 1095 5780 5782
f 5780 1135 5781
f 5782 5781 1136
f 5780 5781 5782
f 1094 5783 5650
f 5783 1135 5780
f 5650 5780 1095
f 5783 5780 5650
f 1096 5784 5786
f 5784 1136 5785
f 5786 5785 1137
f 5784 5785 5786
f 1136 5784 5782
f 5784 1096 5653
f 5782 5653 1095
f 5784 5653 5782
f 1097 5787 5789
f 5787 1137 5788
f 5789 5788 1138
f 5787 5788 5789
f 1096 5786 5656
f 5786 1137 5787
f 5656 5787 1097
f 5786 5787 5656
f 1097 5790 5659
f 5790 1139 5791
f 5659 5791 1098
f 5790 5791 5659
f 1139 5790 5792
f 5790 1097 5789
f 5792 5789 1138
f 5790 5789 5792
f 1099 5793 5795
f 5793 1139 5794
f 5795 5794 1140
f 5793 5794 5795
f 1098 5791 5662
f 5791 1139 5793
f 5662 5793 1099
f 5791 5793 5662
f 1100 5796 5798
f 5796 1140 5797
f 5798 5797 1141
f 5796 5797 5798
f 1140 5796 5795
f 5796 1100 5665
f 5795 5665 1099
f 5796 5665 5795
f 1101 5799 5801
f 5799 1141 5800
f 5801 5800 1179
f 5799 5800 5801
f 1100 5798 5668
f 5798 1141 5799
f 5668 5799 1101
f 5798 5799 5668
f 1101 5802 5671
f 5802 1142 5803
f 5671 5803 1102
f 5802 5803 5671
f 1142 5802 5804
f 5802 1101 5801
f 5804 5801 1179
f 5802 5801 5804
f 1102 5803 5675
f 5803 1142 5805
f 5675 5805 1103
f 5803 5805 5675
f 1103 5806 5677
f 5806 1143 5807
f 5677 5807 1104
f 5806 5807 5677
f 1104 5808 5681
f 5808 1144 5809
f 5681 5809 1105
f 5808 5809 5681
f 1104 5807 5808
f 5807 1143 5810
f 5808 5810 1144
f 5807 5810 5808
f 1105 5811 5683
f 5811 1145 5812
f 5683 5812 1106
f 5811 5812 5683
f 1145 5811 5813
f 5811 1105 5809
f 5813 5809 1144
f 5811 5809 5813
f 1106 5814 5687
f 5814 1146 5815
f 5687 5815 1107
f 5814 5815 5687
f 1106 5812 5814
f 5812 1145 5816
f 5814 5816 1146
f 5812 5816 5814
f 1107 5817 5689
f 5817 1147 5818
f 5689 5818 1108
f 5817 5818 5689
f 1147 5817 5819
f 5817 1107 5815
f 5819 5815 1146
f 5817 5815 5819
f 1108 5820 5693
f 5820 1148 5821
f 5693 5821 1109
f 5820 5821 5693
f 1108 5818 5820
f 5818 1147 5822
f 5820 5822 1148
f 5818 5822 5820
f 1109 5823 5695
f 5823 1149 5824
f 5695 5824 1110
f 5823 5824 5695
f 1149 5823 5825
f 5823 1109 5821
f 5825 5821 1148
f 5823 5821 5825
f 1110 5826 5699
f 5826 1150 5827
f 5699 5827 1111
f 5826 5827 5699
f 1110 5824 5826
f 5824 1149 5828
f 5826 5828 1150
f 5824 5828 5826
f 1111 5829 5701
f 5829 1151 5830
f 5701 5830 1112
f 5829 5830 5701
f 1151 5829 5831
f 5829 1111 5827
f 5831 5827 1150
f 5829 5827 5831
f 1112 5832 5705
f 5832 1152 5833
f 5705 5833 1113
f 5832 5833 5705
f 1112 5830 5832
f 5830 1151 5834
f 5832 5834 1152
f 5830 5834 5832
f 1113 5835 5707
f 5835 1153 5836
f 5707 5836 1114
f 5835 5836 5707
f 1153 5835 5837
f 5835 1113 5833
f 5837 5833 1152
f 5835 5833 5837
f 1114 5838 5711
f 5838 1154 5839
f 5711 5839 1115
f 5838 5839 5711
f 1114 5836 5838
f 5836 1153 5840
f 5838 5840 1154
f 5836 5840 5838
f 1115 5841 5713
f 5841 1155 5842
f 5713 5842 1116
f 5841 5842 5713
f 1155 5841 5843
f 5841 1115 5839
f 5843 5839 1154
f 5841 5839 5843
f 1116 5844 5716
f 5844 1156 5845
f 5716 5845 1117
f 5844 5845 5716
f 1116 5842 5844
f 5842 1155 5846
f 5844 5846 1156
f 5842 5846 5844
f 1117 5847 5719
f 5847 1157 5848
f 5719 5848 1118
f 5847 5848 5719
f 1157 5847 5849
f 5847 1117 5845
f 5849 5845 1156
f 5847 5845 5849
f 1118 5850 5722
f 5850 1158 5851
f 5722 5851 1119
f 5850 5851 5722
f 1118 5848 5850
f 5848 1157 5852
f 5850 5852 1158
f 5848 5852 5850
f 1119 5853 5725
f 5853 1159 5854
f 5725 5854 1120
f 5853 5854 5725
f 1159 5853 5855
f 5853 1119 5851
f 5855 5851 1158
f 5853 5851 5855
f 1120 5856 5728
f 5856 1160 5857
f 5728 5857 1121
f 5856 5857 5728
f 1120 5854 5856
f 5854 1159 5858
f 5856 5858 1160
f 5854 5858 5856
f 1121 5859 5731
f 5859 1161 5860
f 5731 5860 1122
f 5859 5860 5731
f 1161 5859 5861
f 5859 1121 5857
f 5861 5857 1160
f 5859 5857 5861
f 1122 5862 5735
f 5862 1162 5863
f 5735 5863 1123
f 5862 5863 5735
f 1122 5860 5862
f 5860 1161 5864
f 5862 5864 1162
f 5860 5864 5862
f 1123 5863 5737
f 5863 1162 5865
f 5737 5865 1124
f 5863 5865 5737
f 1124 5865 5867
f 5865 1162 5866
f 5867 5866 1163
f 5865 5866 5867
f 1401 5868 5742
f 5868 1643 5869
f 5742 5869 1125
f 5868 5869 5742
f 1124 5867 5871
f 5867 1163 5870
f 5871 5870 1401
f 5867 5870 5871
f 1125 5744 5747
f 5744 1086 5622
f 5747 5622 1859
f 5744 5622 5747
f 1647 5872 5874
f 5872 1643 5873
f 5874 5873 1164
f 5872 5873 5874
f 1127 5875 5877
f 5875 1166 5876
f 5877 5876 1128
f 5875 5876 5877
f 1165 5878 5880
f 5878 1652 5879
f 5880 5879 1166
f 5878 5879 5880
f 1644 5881 5760
f 5881 1167 5882
f 5760 5882 1129
f 5881 5882 5760
f 1166 5875 5880
f 5875 1127 5883
f 5880 5883 1165
f 5875 5883 5880
f 1131 5884 5886
f 5884 1169 5885
f 5886 5885 1805
f 5884 5885 5886
f 1130 5887 5889
f 5887 1168 5888
f 5889 5888 1721
f 5887 5888 5889
f 1805 5885 5891
f 5885 1169 5890
f 5891 5890 1170
f 5885 5890 5891
f 1133 5892 5894
f 5892 1171 5893
f 5894 5893 1719
f 5892 5893 5894
f 1875 5895 5896
f 5895 1805 5891
f 5896 5891 1170
f 5895 5891 5896
f 1719 5897 5894
f 5897 1486 5779
f 5894 5779 1133
f 5897 5779 5894
f 1719 5893 5899
f 5893 1171 5898
f 5899 5898 1172
f 5893 5898 5899
f 1135 5900 5781
f 5900 1173 5901
f 5781 5901 1136
f 5900 5901 5781
f 1806 5902 5903
f 5902 1719 5899
f 5903 5899 1172
f 5902 5899 5903
f 1173 5900 5905
f 5900 1135 5904
f 5905 5904 1806
f 5900 5904 5905
f 1136 5901 5907
f 5901 1173 5906
f 5907 5906 1174
f 5901 5906 5907
f 1175 5908 5910
f 5908 1174 5909
f 5910 5909 1494
f 5908 5909 5910
f 1136 5907 5785
f 5907 1174 5911
f 5785 5911 1137
f 5907 5911 5785
f 1137 5912 5788
f 5912 1175 5913
f 5788 5913 1138
f 5912 5913 5788
f 1138 5913 5915
f 5913 1175 5914
f 5915 5914 1176
f 5913 5914 5915
f 1138 5916 5792
f 5916 1177 5917
f 5792 5917 1139
f 5916 5917 5792
f 1177 5918 5920
f 5918 1176 5919
f 5920 5919 1213
f 5918 5919 5920
f 1139 5917 5794
f 5917 1177 5921
f 5794 5921 1140
f 5917 5921 5794
f 1178 5922 5924
f 5922 1177 5923
f 5924 5923 1534
f 5922 5923 5924
f 1141 5925 5927
f 5925 1178 5926
f 5927 5926 1410
f 5925 5926 5927
f 1140 5928 5797
f 5928 1178 5925
f 5797 5925 1141
f 5928 5925 5797
f 1141 5927 5800
f 5927 1410 5929
f 5800 5929 1179
f 5927 5929 5800
f 1407 5930 5931
f 5930 1142 5804
f 5931 5804 1179
f 5930 5804 5931
f 1142 5932 5805
f 5932 1180 5933
f 5805 5933 1103
f 5932 5933 5805
f 1181 5934 5936
f 5934 1180 5935
f 5936 5935 1415
f 5934 5935 5936
f 1103 5933 5806
f 5933 1180 5937
f 5806 5937 1143
f 5933 5937 5806
f 1143 5938 5810
f 5938 1181 5939
f 5810 5939 1144
f 5938 5939 5810
f 1144 5939 5941
f 5939 1181 5940
f 5941 5940 1182
f 5939 5940 5941
f 1183 5942 5944
f 5942 1182 5943
f 5944 5943 1416
f 5942 5943 5944
f 1144 5941 5813
f 5941 1182 5945
f 5813 5945 1145
f 5941 5945 5813
f 1145 5946 5816
f 5946 1183 5947
f 5816 5947 1146
f 5946 5947 5816
f 1146 5947 5949
f 5947 1183 5948
f 5949 5948 1184
f 5947 5948 5949
f 1185 5950 5952
f 5950 1184 5951
f 5952 5951 1496
f 5950 5951 5952
f 1146 5949 5819
f 5949 1184 5953
f 5819 5953 1147
f 5949 5953 5819
f 1147 5954 5822
f 5954 1185 5955
f 5822 5955 1148
f 5954 5955 5822
f 1148 5955 5957
f 5955 1185 5956
f 5957 5956 1186
f 5955 5956 5957
f 1187 5958 5960
f 5958 1186 5959
f 5960 5959 1388
f 5958 5959 5960
f 1148 5957 5825
f 5957 1186 5961
f 5825 5961 1149
f 5957 5961 5825
f 1149 5962 5828
f 5962 1187 5963
f 5828 5963 1150
f 5962 5963 5828
f 1150 5963 5965
f 5963 1187 5964
f 5965 5964 1188
f 5963 5964 5965
f 1189 5966 5968
f 5966 1188 5967
f 5968 5967 1498
f 5966 5967 5968
f 1150 5965 5831
f 5965 1188 5969
f 5831 5969 1151
f 5965 5969 5831
f 1151 5970 5834
f 5970 1189 5971
f 5834 5971 1152
f 5970 5971 5834
f 1152 5971 5973
f 5971 1189 5972
f 5973 5972 1190
f 5971 5972 5973
f 1191 5974 5976
f 5974 1190 5975
f 5976 5975 1500
f 5974 5975 5976
f 1152 5973 5837
f 5973 1190 5977
f 5837 5977 1153
f 5973 5977 5837
f 1153 5978 5840
f 5978 1191 5979
f 5840 5979 1154
f 5978 5979 5840
f 1154 5979 5981
f 5979 1191 5980
f 5981 5980 1192
f 5979 5980 5981
f 1193 5982 5984
f 5982 1192 5983
f 5984 5983 1502
f 5982 5983 5984
f 1154 5981 5843
f 5981 1192 5985
f 5843 5985 1155
f 5981 5985 5843
f 1155 5986 5846
f 5986 1193 5987
f 5846 5987 1156
f 5986 5987 5846
f 1156 5987 5989
f 5987 1193 5988
f 5989 5988 1194
f 5987 5988 5989
f 1195 5990 5992
f 5990 1194 5991
f 5992 5991 1384
f 5990 5991 5992
f 1156 5989 5849
f 5989 1194 5993
f 5849 5993 1157
f 5989 5993 5849
f 1157 5994 5852
f 5994 1195 5995
f 5852 5995 1158
f 5994 5995 5852
f 1158 5995 5997
f 5995 1195 5996
f 5997 5996 1196
f 5995 5996 5997
f 1197 5998 6000
f 5998 1196 5999
f 6000 5999 1383
f 5998 5999 6000
f 1158 5997 5855
f 5997 1196 6001
f 5855 6001 1159
f 5997 6001 5855
f 1159 6002 5858
f 6002 1197 6003
f 5858 6003 1160
f 6002 6003 5858
f 1160 6003 6005
f 6003 1197 6004
f 6005 6004 1198
f 6003 6004 6005
f 1199 6006 6008
f 6006 1198 6007
f 6008 6007 1511
f 6006 6007 6008
f 1160 6005 5861
f 6005 1198 6009
f 5861 6009 1161
f 6005 6009 5861
f 1161 6010 5864
f 6010 1199 6011
f 5864 6011 1162
f 6010 6011 5864
f 1162 6011 6013
f 6011 1199 6012
f 6013 6012 1200
f 6011 6012 6013
f 1201 6014 6016
f 6014 1200 6015
f 6016 6015 1510
f 6014 6015 6016
f 1162 6013 5866
f 6013 1200 6017
f 5866 6017 1163
f 6013 6017 5866
f 1541 6018 6019
f 6018 1401 5870
f 6019 5870 1163
f 6018 5870 6019
f 1541 6020 6022
f 6020 1382 6021
f 6022 6021 1164
f 6020 6021 6022
f 1164 6023 6025
f 6023 1202 6024
f 6025 6024 1882
f 6023 6024 6025
f 1202 6023 6026
f 6023 1164 6021
f 6026 6021 1382
f 6023 6021 6026
f 1882 6027 6025
f 6027 1647 5874
f 6025 5874 1164
f 6027 5874 6025
f 1882 6028 6030
f 6028 1513 6029
f 6030 6029 1203
f 6028 6029 6030
f 1166 5879 6032
f 5879 1652 6031
f 6032 6031 1850
f 5879 6031 6032
f 1165 6033 5878
f 6033 1203 6034
f 5878 6034 1652
f 6033 6034 5878
f 1850 6035 6032
f 6035 1644 6036
f 6032 6036 1166
f 6035 6036 6032
f 1850 6037 6039
f 6037 1514 6038
f 6039 6038 1204
f 6037 6038 6039
f 1490 6040 6041
f 6040 1721 5888
f 6041 5888 1168
f 6040 5888 6041
f 1490 6042 6044
f 6042 1683 6043
f 6044 6043 1206
f 6042 6043 6044
f 1170 6045 6047
f 6045 1207 6046
f 6047 6046 1650
f 6045 6046 6047
f 1206 6048 6044
f 6048 1169 6049
f 6044 6049 1490
f 6048 6049 6044
f 1650 6050 6047
f 6050 1875 5896
f 6047 5896 1170
f 6050 5896 6047
f 1650 6046 6052
f 6046 1207 6051
f 6052 6051 1208
f 6046 6051 6052
f 1172 6053 6055
f 6053 1209 6054
f 6055 6054 1492
f 6053 6054 6055
f 1493 6056 6057
f 6056 1650 6052
f 6057 6052 1208
f 6056 6052 6057
f 1492 6058 6055
f 6058 1806 5903
f 6055 5903 1172
f 6058 5903 6055
f 1492 6054 6060
f 6054 1209 6059
f 6060 6059 1210
f 6054 6059 6060
f 1495 6061 6062
f 6061 1494 5909
f 6062 5909 1174
f 6061 5909 6062
f 1495 6063 6064
f 6063 1492 6060
f 6064 6060 1210
f 6063 6060 6064
f 1174 5908 5911
f 5908 1175 5912
f 5911 5912 1137
f 5908 5912 5911
f 1494 6065 6067
f 6065 1211 6066
f 6067 6066 1212
f 6065 6066 6067
f 1176 6068 5919
f 6068 1516 6069
f 5919 6069 1213
f 6068 6069 5919
f 1176 5918 5915
f 5918 1177 5916
f 5915 5916 1138
f 5918 5916 5915
f 1491 6070 6071
f 6070 1410 5926
f 6071 5926 1178
f 6070 5926 6071
f 1932 6072 6073
f 6072 1407 5931
f 6073 5931 1179
f 6072 5931 6073
f 1410 6070 6075
f 6070 1491 6074
f 6075 6074 1214
f 6070 6074 6075
f 1142 5930 5932
f 5930 1407 6076
f 5932 6076 1180
f 5930 6076 5932
f 1216 6077 6079
f 6077 1415 6078
f 6079 6078 1407
f 6077 6078 6079
f 1180 5934 5937
f 5934 1181 5938
f 5937 5938 1143
f 5934 5938 5937
f 1415 6077 6081
f 6077 1216 6080
f 6081 6080 1217
f 6077 6080 6081
f 1417 6082 6083
f 6082 1416 5943
f 6083 5943 1182
f 6082 5943 6083
f 1417 6084 6085
f 6084 1415 6081
f 6085 6081 1217
f 6084 6081 6085
f 1182 5942 5945
f 5942 1183 5946
f 5945 5946 1145
f 5942 5946 5945
f 1416 6086 6088
f 6086 1218 6087
f 6088 6087 1219
f 6086 6087 6088
f 1414 6089 6090
f 6089 1496 5951
f 6090 5951 1184
f 6089 5951 6090
f 1414 6091 6092
f 6091 1416 6088
f 6092 6088 1219
f 6091 6088 6092
f 1184 5950 5953
f 5950 1185 5954
f 5953 5954 1147
f 5950 5954 5953
f 1496 6093 6095
f 6093 1220 6094
f 6095 6094 1221
f 6093 6094 6095
f 1406 6096 6097
f 6096 1388 5959
f 6097 5959 1186
f 6096 5959 6097
f 1406 6098 6099
f 6098 1496 6095
f 6099 6095 1221
f 6098 6095 6099
f 1186 5958 5961
f 5958 1187 5962
f 5961 5962 1149
f 5958 5962 5961
f 1388 6100 6102
f 6100 1222 6101
f 6102 6101 1223
f 6100 6101 6102
f 1499 6103 6104
f 6103 1498 5967
f 6104 5967 1188
f 6103 5967 6104
f 1499 6105 6106
f 6105 1388 6102
f 6106 6102 1223
f 6105 6102 6106
f 1188 5966 5969
f 5966 1189 5970
f 5969 5970 1151
f 5966 5970 5969
f 1498 6107 6109
f 6107 1224 6108
f 6109 6108 1225
f 6107 6108 6109
f 1387 6110 6111
f 6110 1500 5975
f 6111 5975 1190
f 6110 5975 6111
f 1387 6112 6113
f 6112 1498 6109
f 6113 6109 1225
f 6112 6109 6113
f 1190 5974 5977
f 5974 1191 5978
f 5977 5978 1153
f 5974 5978 5977
f 1500 6114 6116
f 6114 1226 6115
f 6116 6115 1227
f 6114 6115 6116
f 1385 6117 6118
f 6117 1502 5983
f 6118 5983 1192
f 6117 5983 6118
f 1385 6119 6120
f 6119 1500 6116
f 6120 6116 1227
f 6119 6116 6120
f 1192 5982 5985
f 5982 1193 5986
f 5985 5986 1155
f 5982 5986 5985
f 1502 6121 6123
f 6121 1228 6122
f 6123 6122 1229
f 6121 6122 6123
f 1506 6124 6125
f 6124 1384 5991
f 6125 5991 1194
f 6124 5991 6125
f 1506 6126 6127
f 6126 1502 6123
f 6127 6123 1229
f 6126 6123 6127
f 1194 5990 5993
f 5990 1195 5994
f 5993 5994 1157
f 5990 5994 5993
f 1384 6128 6130
f 6128 1230 6129
f 6130 6129 1231
f 6128 6129 6130
f 1504 6131 6132
f 6131 1383 5999
f 6132 5999 1196
f 6131 5999 6132
f 1504 6133 6134
f 6133 1384 6130
f 6134 6130 1231
f 6133 6130 6134
f 1196 5998 6001
f 5998 1197 6002
f 6001 6002 1159
f 5998 6002 6001
f 1383 6135 6137
f 6135 1232 6136
f 6137 6136 1233
f 6135 6136 6137
f 1507 6138 6139
f 6138 1511 6007
f 6139 6007 1198
f 6138 6007 6139
f 1507 6140 6141
f 6140 1383 6137
f 6141 6137 1233
f 6140 6137 6141
f 1198 6006 6009
f 6006 1199 6010
f 6009 6010 1161
f 6006 6010 6009
f 1511 6142 6144
f 6142 1234 6143
f 6144 6143 1235
f 6142 6143 6144
f 1389 6145 6146
f 6145 1510 6015
f 6146 6015 1200
f 6145 6015 6146
f 1389 6147 6148
f 6147 1511 6144
f 6148 6144 1235
f 6147 6144 6148
f 1200 6014 6017
f 6014 1201 6149
f 6017 6149 1163
f 6014 6149 6017
f 1510 6150 6152
f 6150 1854 6151
f 6152 6151 1237
f 6150 6151 6152
f 1201 6153 6155
f 6153 1237 6154
f 6155 6154 1382
f 6153 6154 6155
f 1202 6156 6158
f 6156 1238 6157
f 6158 6157 1513
f 6156 6157 6158
f 1203 6159 6161
f 6159 1239 6160
f 6161 6160 1240
f 6159 6160 6161
f 1514 6162 6038
f 6162 1241 6163
f 6038 6163 1204
f 6162 6163 6038
f 1652 6164 6166
f 6164 1240 6165
f 6166 6165 1514
f 6164 6165 6166
f 1205 6167 6169
f 6167 1242 6168
f 6169 6168 1683
f 6167 6168 6169
f 1688 6170 6172
f 6170 1278 6171
f 6172 6171 1876
f 6170 6171 6172
f 1208 6173 6175
f 6173 1244 6174
f 6175 6174 1681
f 6173 6174 6175
f 1876 6171 6177
f 6171 1278 6176
f 6177 6176 1243
f 6171 6176 6177
f 1681 6178 6175
f 6178 1493 6057
f 6175 6057 1208
f 6178 6057 6175
f 1681 6174 6180
f 6174 1244 6179
f 6180 6179 1245
f 6174 6179 6180
f 1691 6181 6183
f 6181 1680 6182
f 6183 6182 1210
f 6181 6182 6183
f 1691 6184 6185
f 6184 1681 6180
f 6185 6180 1245
f 6184 6180 6185
f 1210 6186 6064
f 6186 1211 6187
f 6064 6187 1495
f 6186 6187 6064
f 1680 6188 6190
f 6188 1246 6189
f 6190 6189 1247
f 6188 6189 6190
f 1212 6191 6193
f 6191 1248 6192
f 6193 6192 1858
f 6191 6192 6193
f 1692 6194 6195
f 6194 1680 6190
f 6195 6190 1247
f 6194 6190 6195
f 1858 6192 6197
f 6192 1248 6196
f 6197 6196 1249
f 6192 6196 6197
f 1213 6198 6200
f 6198 1250 6199
f 6200 6199 1890
f 6198 6199 6200
f 1516 6201 6202
f 6201 1858 6197
f 6202 6197 1249
f 6201 6197 6202
f 1890 6203 6200
f 6203 1534 6204
f 6200 6204 1213
f 6203 6204 6200
f 1932 6205 6207
f 6205 1214 6206
f 6207 6206 1251
f 6205 6206 6207
f 1215 6208 6209
f 6208 1216 6079
f 6209 6079 1407
f 6208 6079 6209
f 1877 6210 6212
f 6210 1885 6211
f 6212 6211 1253
f 6210 6211 6212
f 1695 6213 6215
f 6213 1672 6214
f 6215 6214 1217
f 6213 6214 6215
f 1695 6216 6217
f 6216 1877 6212
f 6217 6212 1253
f 6216 6212 6217
f 1217 6218 6085
f 6218 1218 6219
f 6085 6219 1417
f 6218 6219 6085
f 1672 6220 6222
f 6220 1254 6221
f 6222 6221 1255
f 6220 6221 6222
f 1696 6223 6225
f 6223 1697 6224
f 6225 6224 1219
f 6223 6224 6225
f 1696 6226 6227
f 6226 1672 6222
f 6227 6222 1255
f 6226 6222 6227
f 1219 6228 6092
f 6228 1220 6229
f 6092 6229 1414
f 6228 6229 6092
f 1697 6230 6232
f 6230 1256 6231
f 6232 6231 1257
f 6230 6231 6232
f 1839 6233 6235
f 6233 1700 6234
f 6235 6234 1221
f 6233 6234 6235
f 1839 6236 6237
f 6236 1697 6232
f 6237 6232 1257
f 6236 6232 6237
f 1221 6238 6099
f 6238 1222 6239
f 6099 6239 1406
f 6238 6239 6099
f 1700 6240 6242
f 6240 1258 6241
f 6242 6241 1259
f 6240 6241 6242
f 1524 6243 6245
f 6243 1878 6244
f 6245 6244 1223
f 6243 6244 6245
f 1524 6246 6247
f 6246 1700 6242
f 6247 6242 1259
f 6246 6242 6247
f 1223 6248 6106
f 6248 1224 6249
f 6106 6249 1499
f 6248 6249 6106
f 1878 6250 6252
f 6250 1260 6251
f 6252 6251 1261
f 6250 6251 6252
f 1811 6253 6255
f 6253 1527 6254
f 6255 6254 1225
f 6253 6254 6255
f 1811 6256 6257
f 6256 1878 6252
f 6257 6252 1261
f 6256 6252 6257
f 1225 6258 6113
f 6258 1226 6259
f 6113 6259 1387
f 6258 6259 6113
f 1527 6260 6262
f 6260 1262 6261
f 6262 6261 1263
f 6260 6261 6262
f 1891 6263 6265
f 6263 1525 6264
f 6265 6264 1227
f 6263 6264 6265
f 1891 6266 6267
f 6266 1527 6262
f 6267 6262 1263
f 6266 6262 6267
f 1227 6268 6120
f 6268 1228 6269
f 6120 6269 1385
f 6268 6269 6120
f 1525 6270 6272
f 6270 1264 6271
f 6272 6271 1265
f 6270 6271 6272
f 1812 6273 6275
f 6273 1851 6274
f 6275 6274 1229
f 6273 6274 6275
f 1812 6276 6277
f 6276 1525 6272
f 6277 6272 1265
f 6276 6272 6277
f 1229 6278 6127
f 6278 1230 6279
f 6127 6279 1506
f 6278 6279 6127
f 1851 6280 6282
f 6280 1266 6281
f 6282 6281 1267
f 6280 6281 6282
f 1529 6283 6285
f 6283 1844 6284
f 6285 6284 1231
f 6283 6284 6285
f 1529 6286 6287
f 6286 1851 6282
f 6287 6282 1267
f 6286 6282 6287
f 1231 6288 6134
f 6288 1232 6289
f 6134 6289 1504
f 6288 6289 6134
f 1844 6290 6292
f 6290 1268 6291
f 6292 6291 1269
f 6290 6291 6292
f 1531 6293 6295
f 6293 1855 6294
f 6295 6294 1233
f 6293 6294 6295
f 1531 6296 6297
f 6296 1844 6292
f 6297 6292 1269
f 6296 6292 6297
f 1233 6298 6141
f 6298 1234 6299
f 6141 6299 1507
f 6298 6299 6141
f 1855 6300 6302
f 6300 1270 6301
f 6302 6301 1271
f 6300 6301 6302
f 1235 6303 6305
f 6303 1271 6304
f 6305 6304 1528
f 6303 6304 6305
f 1234 6306 6307
f 6306 1855 6302
f 6307 6302 1271
f 6306 6302 6307
f 1235 6308 6148
f 6308 1236 6309
f 6148 6309 1389
f 6308 6309 6148
f 1528 6310 6312
f 6310 1306 6311
f 6312 6311 1272
f 6310 6311 6312
f 1237 6313 6315
f 6313 1273 6314
f 6315 6314 1533
f 6313 6314 6315
f 1236 6316 6318
f 6316 1272 6317
f 6318 6317 1854
f 6316 6317 6318
f 1533 6319 6315
f 6319 1382 6154
f 6315 6154 1237
f 6319 6154 6315
f 1533 6320 6322
f 6320 1552 6321
f 6322 6321 1873
f 6320 6321 6322
f 1238 6323 6325
f 6323 1873 6324
f 6325 6324 1821
f 6323 6324 6325
f 1821 6326 6325
f 6326 1513 6157
f 6325 6157 1238
f 6326 6157 6325
f 1821 6327 6329
f 6327 1880 6328
f 6329 6328 1274
f 6327 6328 6329
f 1240 6330 6332
f 6330 1275 6331
f 6332 6331 1862
f 6330 6331 6332
f 1862 6333 6332
f 6333 1514 6165
f 6332 6165 1240
f 6333 6165 6332
f 1862 6334 6336
f 6334 1847 6335
f 6336 6335 1276
f 6334 6335 6336
f 1708 6337 6339
f 6337 1683 6338
f 6339 6338 1936
f 6337 6338 6339
f 1708 6340 6342
f 6340 1440 6341
f 6342 6341 1278
f 6340 6341 6342
f 1278 6170 6342
f 6170 1688 6343
f 6342 6343 1708
f 6170 6343 6342
f 1826 6344 6345
f 6344 1876 6177
f 6345 6177 1243
f 6344 6177 6345
f 1791 6346 6348
f 6346 1709 6347
f 6348 6347 1245
f 6346 6347 6348
f 1791 6349 6351
f 6349 1826 6350
f 6351 6350 1279
f 6349 6350 6351
f 1245 6352 6185
f 6352 1246 6353
f 6185 6353 1691
f 6352 6353 6185
f 1709 6354 6356
f 6354 1280 6355
f 6356 6355 1281
f 6354 6355 6356
f 1247 6357 6359
f 6357 1282 6358
f 6359 6358 1690
f 6357 6358 6359
f 1748 6360 6361
f 6360 1709 6356
f 6361 6356 1281
f 6360 6356 6361
f 1690 6362 6359
f 6362 1692 6195
f 6359 6195 1247
f 6362 6195 6359
f 1690 6358 6364
f 6358 1282 6363
f 6364 6363 1283
f 6358 6363 6364
f 1249 6365 6367
f 6365 1284 6366
f 6367 6366 1539
f 6365 6366 6367
f 1816 6368 6369
f 6368 1690 6364
f 6369 6364 1283
f 6368 6364 6369
f 1539 6370 6367
f 6370 1516 6202
f 6367 6202 1249
f 6370 6202 6367
f 1539 6371 6373
f 6371 1393 6372
f 6373 6372 1285
f 6371 6372 6373
f 1286 6374 6376
f 6374 1758 6375
f 6376 6375 1890
f 6374 6375 6376
f 1250 6377 6379
f 6377 1285 6378
f 6379 6378 1286
f 6377 6378 6379
f 1758 6374 6381
f 6374 1286 6380
f 6381 6380 1287
f 6374 6380 6381
f 1783 6382 6384
f 6382 1710 6383
f 6384 6383 1251
f 6382 6383 6384
f 1783 6385 6386
f 6385 1758 6381
f 6386 6381 1287
f 6385 6381 6386
f 1251 6387 6389
f 6387 1252 6388
f 6389 6388 1215
f 6387 6388 6389
f 1710 6390 6392
f 6390 1288 6391
f 6392 6391 1289
f 6390 6391 6392
f 1885 6393 6211
f 6393 1290 6394
f 6211 6394 1253
f 6393 6394 6211
f 1885 6395 6396
f 6395 1710 6392
f 6396 6392 1289
f 6395 6392 6396
f 1253 6397 6217
f 6397 1254 6398
f 6217 6398 1695
f 6397 6398 6217
f 1711 6399 6401
f 6399 1447 6400
f 6401 6400 1291
f 6399 6400 6401
f 1773 6402 6404
f 6402 1712 6403
f 6404 6403 1255
f 6402 6403 6404
f 1773 6405 6406
f 6405 1711 6401
f 6406 6401 1291
f 6405 6401 6406
f 1255 6407 6227
f 6407 1256 6408
f 6227 6408 1696
f 6407 6408 6227
f 1712 6409 6411
f 6409 1292 6410
f 6411 6410 1293
f 6409 6410 6411
f 1685 6412 6414
f 6412 1830 6413
f 6414 6413 1257
f 6412 6413 6414
f 1685 6415 6416
f 6415 1712 6411
f 6416 6411 1293
f 6415 6411 6416
f 1257 6417 6237
f 6417 1258 6418
f 6237 6418 1839
f 6417 6418 6237
f 1830 6419 6421
f 6419 1294 6420
f 6421 6420 1295
f 6419 6420 6421
f 1665 6422 6424
f 6422 1545 6423
f 6424 6423 1259
f 6422 6423 6424
f 1665 6425 6426
f 6425 1830 6421
f 6426 6421 1295
f 6425 6421 6426
f 1259 6427 6247
f 6427 1260 6428
f 6247 6428 1524
f 6427 6428 6247
f 1545 6429 6431
f 6429 1296 6430
f 6431 6430 1297
f 6429 6430 6431
f 1879 6432 6434
f 6432 1901 6433
f 6434 6433 1261
f 6432 6433 6434
f 1879 6435 6436
f 6435 1545 6431
f 6436 6431 1297
f 6435 6431 6436
f 1261 6437 6257
f 6437 1262 6438
f 6257 6438 1811
f 6437 6438 6257
f 1901 6439 6441
f 6439 1298 6440
f 6441 6440 1299
f 6439 6440 6441
f 1548 6442 6444
f 6442 1886 6443
f 6444 6443 1263
f 6442 6443 6444
f 1548 6445 6446
f 6445 1901 6441
f 6446 6441 1299
f 6445 6441 6446
f 1263 6447 6267
f 6447 1264 6448
f 6267 6448 1891
f 6447 6448 6267
f 1886 6449 6451
f 6449 1300 6450
f 6451 6450 1301
f 6449 6450 6451
f 1547 6452 6454
f 6452 1825 6453
f 6454 6453 1265
f 6452 6453 6454
f 1547 6455 6456
f 6455 1886 6451
f 6456 6451 1301
f 6455 6451 6456
f 1265 6457 6277
f 6457 1266 6458
f 6277 6458 1812
f 6457 6458 6277
f 1825 6459 6461
f 6459 1302 6460
f 6461 6460 1303
f 6459 6460 6461
f 1834 6462 6464
f 6462 1551 6463
f 6464 6463 1267
f 6462 6463 6464
f 1834 6465 6466
f 6465 1825 6461
f 6466 6461 1303
f 6465 6461 6466
f 1267 6467 6287
f 6467 1268 6468
f 6287 6468 1529
f 6467 6468 6287
f 1551 6469 6471
f 6469 1304 6470
f 6471 6470 1305
f 6469 6470 6471
f 1889 6472 6474
f 6472 1549 6473
f 6474 6473 1269
f 6472 6473 6474
f 1889 6475 6476
f 6475 1551 6471
f 6476 6471 1305
f 6475 6471 6476
f 1269 6477 6297
f 6477 1270 6478
f 6297 6478 1531
f 6477 6478 6297
f 1900 6479 6481
f 6479 1838 6480
f 6481 6480 1271
f 6479 6480 6481
f 1271 6303 6307
f 6303 1235 6143
f 6307 6143 1234
f 6303 6143 6307
f 1272 6482 6317
f 6482 1307 6483
f 6317 6483 1854
f 6482 6483 6317
f 1273 6484 6485
f 6484 1854 6483
f 6485 6483 1307
f 6484 6483 6485
f 1273 6485 6487
f 6485 1307 6486
f 6487 6486 1308
f 6485 6486 6487
f 1273 6487 6489
f 6487 1308 6488
f 6489 6488 1552
f 6487 6488 6489
f 1873 6490 6492
f 6490 1309 6491
f 6492 6491 1310
f 6490 6491 6492
f 1821 6493 6327
f 6493 1310 6494
f 6327 6494 1880
f 6493 6494 6327
f 1274 6495 6497
f 6495 1311 6496
f 6497 6496 1312
f 6495 6496 6497
f 1847 6498 6335
f 6498 1313 6499
f 6335 6499 1276
f 6498 6499 6335
f 1275 6500 6502
f 6500 1312 6501
f 6502 6501 1847
f 6500 6501 6502
f 1438 6503 6504
f 6503 1243 6176
f 6504 6176 1278
f 6503 6176 6504
f 1279 6505 6507
f 6505 1315 6506
f 6507 6506 1443
f 6505 6506 6507
f 1243 6503 6509
f 6503 1438 6508
f 6509 6508 1315
f 6503 6508 6509
f 1279 6510 6351
f 6510 1280 6511
f 6351 6511 1791
f 6510 6511 6351
f 1443 6512 6514
f 6512 1856 6513
f 6514 6513 1739
f 6512 6513 6514
f 1442 6515 6516
f 6515 1443 6514
f 6516 6514 1739
f 6515 6514 6516
f 1316 6517 6518
f 6517 1748 6361
f 6518 6361 1281
f 6517 6361 6518
f 1283 6519 6521
f 6519 1318 6520
f 6521 6520 1557
f 6519 6520 6521
f 1557 6522 6521
f 6522 1816 6369
f 6521 6369 1283
f 6522 6369 6521
f 1557 6523 6525
f 6523 1857 6524
f 6525 6524 1319
f 6523 6524 6525
f 1393 6526 6372
f 6526 1554 6527
f 6372 6527 1285
f 6526 6527 6372
f 1284 6528 6530
f 6528 1319 6529
f 6530 6529 1393
f 6528 6529 6530
f 1554 6531 6533
f 6531 1320 6532
f 6533 6532 1321
f 6531 6532 6533
f 1445 6534 6536
f 6534 1448 6535
f 6536 6535 1287
f 6534 6535 6536
f 1445 6537 6538
f 6537 1554 6533
f 6538 6533 1321
f 6537 6533 6538
f 1287 6539 6386
f 6539 1288 6540
f 6386 6540 1783
f 6539 6540 6386
f 1448 6541 6543
f 6541 1322 6542
f 6543 6542 1323
f 6541 6542 6543
f 1449 6544 6546
f 6544 1555 6545
f 6546 6545 1289
f 6544 6545 6546
f 1449 6547 6548
f 6547 1448 6543
f 6548 6543 1323
f 6547 6543 6548
f 1289 6549 6396
f 6549 1290 6393
f 6396 6393 1885
f 6549 6393 6396
f 1555 6550 6552
f 6550 1324 6551
f 6552 6551 1325
f 6550 6551 6552
f 1447 6553 6400
f 6553 1326 6554
f 6400 6554 1291
f 6553 6554 6400
f 1447 6555 6556
f 6555 1555 6552
f 6556 6552 1325
f 6555 6552 6556
f 1291 6557 6406
f 6557 1292 6558
f 6406 6558 1773
f 6557 6558 6406
f 1444 6559 6561
f 6559 1786 6560
f 6561 6560 1744
f 6559 6560 6561
f 1436 6562 6564
f 6562 1429 6563
f 6564 6563 1293
f 6562 6563 6564
f 1444 6565 6567
f 6565 1436 6566
f 6567 6566 1292
f 6565 6566 6567
f 1293 6568 6416
f 6568 1294 6569
f 6416 6569 1685
f 6568 6569 6416
f 1429 6570 6572
f 6570 1794 6571
f 6572 6571 1818
f 6570 6571 6572
f 1556 6573 6575
f 6573 1450 6574
f 6575 6574 1295
f 6573 6574 6575
f 1556 6576 6577
f 6576 1429 6572
f 6577 6572 1818
f 6576 6572 6577
f 1295 6578 6426
f 6578 1296 6579
f 6426 6579 1665
f 6578 6579 6426
f 1450 6580 6582
f 6580 1779 6581
f 6582 6581 1327
f 6580 6581 6582
f 1392 6583 6585
f 6583 1559 6584
f 6585 6584 1297
f 6583 6584 6585
f 1392 6586 6587
f 6586 1450 6582
f 6587 6582 1327
f 6586 6582 6587
f 1297 6588 6436
f 6588 1298 6589
f 6436 6589 1879
f 6588 6589 6436
f 1559 6590 6592
f 6590 1328 6591
f 6592 6591 1329
f 6590 6591 6592
f 1558 6593 6595
f 6593 1396 6594
f 6595 6594 1299
f 6593 6594 6595
f 1558 6596 6597
f 6596 1559 6592
f 6597 6592 1329
f 6596 6592 6597
f 1299 6598 6446
f 6598 1300 6599
f 6446 6599 1548
f 6598 6599 6446
f 1396 6600 6602
f 6600 1330 6601
f 6602 6601 1331
f 6600 6601 6602
f 1561 6603 6605
f 6603 1395 6604
f 6605 6604 1301
f 6603 6604 6605
f 1561 6606 6607
f 6606 1396 6602
f 6607 6602 1331
f 6606 6602 6607
f 1301 6608 6456
f 6608 1302 6609
f 6456 6609 1547
f 6608 6609 6456
f 1395 6610 6612
f 6610 1332 6611
f 6612 6611 1578
f 6610 6611 6612
f 1563 6613 6615
f 6613 1532 6614
f 6615 6614 1303
f 6613 6614 6615
f 1563 6616 6617
f 6616 1395 6612
f 6617 6612 1578
f 6616 6612 6617
f 1303 6618 6466
f 6618 1304 6619
f 6466 6619 1834
f 6618 6619 6466
f 1532 6620 6622
f 6620 1846 6621
f 6622 6621 1831
f 6620 6621 6622
f 1391 6623 6625
f 6623 1566 6624
f 6625 6624 1305
f 6623 6624 6625
f 1391 6626 6627
f 6626 1532 6622
f 6627 6622 1831
f 6626 6622 6627
f 1566 6628 6630
f 6628 1586 6629
f 6630 6629 1915
f 6628 6629 6630
f 1588 6631 6633
f 6631 1390 6632
f 6633 6632 1915
f 6631 6632 6633
f 1390 6634 6632
f 6634 1566 6630
f 6632 6630 1915
f 6634 6630 6632
f 1567 6635 6637
f 6635 1848 6636
f 6637 6636 1333
f 6635 6636 6637
f 1306 6638 6311
f 6638 1585 6639
f 6311 6639 1272
f 6638 6639 6311
f 1900 6640 6479
f 6640 1333 6641
f 6479 6641 1838
f 6640 6641 6479
f 1307 6642 6644
f 6642 1585 6643
f 6644 6643 1335
f 6642 6643 6644
f 1308 6645 6647
f 6645 1590 6646
f 6647 6646 1336
f 6645 6646 6647
f 1336 6648 6647
f 6648 1552 6488
f 6647 6488 1308
f 6648 6488 6647
f 1310 6649 6651
f 6649 1337 6650
f 6651 6650 1569
f 6649 6650 6651
f 1569 6652 6651
f 6652 1880 6494
f 6651 6494 1310
f 6652 6494 6651
f 1845 6653 6654
f 6653 1569 6650
f 6654 6650 1337
f 6653 6650 6654
f 1312 6655 6657
f 6655 1339 6656
f 6657 6656 1574
f 6655 6656 6657
f 1574 6658 6657
f 6658 1847 6501
f 6657 6501 1312
f 6658 6501 6657
f 1918 6659 6661
f 6659 1438 6660
f 6661 6660 1440
f 6659 6660 6661
f 1929 6662 6664
f 6662 1277 6663
f 6664 6663 1314
f 6662 6663 6664
f 1660 6665 6667
f 6665 1856 6666
f 6667 6666 1315
f 6665 6666 6667
f 1660 6668 6670
f 6668 1929 6669
f 6670 6669 1342
f 6668 6669 6670
f 1315 6505 6509
f 6505 1279 6671
f 6509 6671 1243
f 6505 6671 6509
f 1856 6672 6674
f 6672 1343 6673
f 6674 6673 1344
f 6672 6673 6674
f 1739 6513 6675
f 6513 1856 6674
f 6675 6674 1344
f 6513 6674 6675
f 1664 6676 6677
f 6676 1442 6516
f 6677 6516 1739
f 6676 6516 6677
f 1664 6678 6680
f 6678 1345 6679
f 6680 6679 1346
f 6678 6679 6680
f 1658 6681 6683
f 6681 1738 6682
f 6683 6682 1317
f 6681 6682 6683
f 1658 6684 6685
f 6684 1664 6680
f 6685 6680 1346
f 6684 6680 6685
f 1738 6686 6688
f 6686 1347 6687
f 6688 6687 1348
f 6686 6687 6688
f 1857 6689 6524
f 6689 1575 6690
f 6524 6690 1319
f 6689 6690 6524
f 1857 6691 6692
f 6691 1738 6688
f 6692 6688 1348
f 6691 6688 6692
f 1319 6693 6529
f 6693 1320 6694
f 6529 6694 1393
f 6693 6694 6529
f 1575 6695 6697
f 6695 1349 6696
f 6697 6696 1350
f 6695 6696 6697
f 1869 6698 6700
f 6698 1656 6699
f 6700 6699 1321
f 6698 6699 6700
f 1869 6701 6702
f 6701 1575 6697
f 6702 6697 1350
f 6701 6697 6702
f 1321 6703 6538
f 6703 1322 6704
f 6538 6704 1445
f 6703 6704 6538
f 1656 6705 6707
f 6705 1351 6706
f 6707 6706 1352
f 6705 6706 6707
f 1808 6708 6710
f 6708 1742 6709
f 6710 6709 1323
f 6708 6709 6710
f 1808 6711 6712
f 6711 1656 6707
f 6712 6707 1352
f 6711 6707 6712
f 1323 6713 6548
f 6713 1324 6714
f 6548 6714 1449
f 6713 6714 6548
f 1742 6715 6717
f 6715 1353 6716
f 6717 6716 1354
f 6715 6716 6717
f 1866 6718 6720
f 6718 1743 6719
f 6720 6719 1325
f 6718 6719 6720
f 1866 6721 6722
f 6721 1742 6717
f 6722 6717 1354
f 6721 6717 6722
f 1325 6723 6556
f 6723 1326 6553
f 6556 6553 1447
f 6723 6553 6556
f 1743 6724 6726
f 6724 1355 6725
f 6726 6725 1356
f 6724 6725 6726
f 1786 6727 6728
f 6727 1743 6726
f 6728 6726 1356
f 6727 6726 6728
f 1744 6729 6731
f 6729 1794 6730
f 6731 6730 1436
f 6729 6730 6731
f 1744 6732 6734
f 6732 1357 6733
f 6734 6733 1358
f 6732 6733 6734
f 1794 6729 6735
f 6729 1744 6734
f 6735 6734 1358
f 6729 6734 6735
f 1818 6736 6577
f 6736 1779 6737
f 6577 6737 1556
f 6736 6737 6577
f 1818 6738 6740
f 6738 1359 6739
f 6740 6739 1360
f 6738 6739 6740
f 1779 6741 6581
f 6741 1583 6742
f 6581 6742 1327
f 6741 6742 6581
f 1779 6736 6743
f 6736 1818 6740
f 6743 6740 1360
f 6736 6740 6743
f 1327 6744 6587
f 6744 1328 6745
f 6587 6745 1392
f 6744 6745 6587
f 1583 6746 6748
f 6746 1361 6747
f 6748 6747 1362
f 6746 6747 6748
f 1841 6749 6751
f 6749 1894 6750
f 6751 6750 1329
f 6749 6750 6751
f 1841 6752 6753
f 6752 1583 6748
f 6753 6748 1362
f 6752 6748 6753
f 1329 6754 6597
f 6754 1330 6755
f 6597 6755 1558
f 6754 6755 6597
f 1894 6756 6758
f 6756 1363 6757
f 6758 6757 1364
f 6756 6757 6758
f 1581 6759 6761
f 6759 1871 6760
f 6761 6760 1331
f 6759 6760 6761
f 1581 6762 6763
f 6762 1894 6758
f 6763 6758 1364
f 6762 6758 6763
f 1331 6764 6607
f 6764 1332 6765
f 6607 6765 1561
f 6764 6765 6607
f 1871 6766 6768
f 6766 1365 6767
f 6768 6767 1366
f 6766 6767 6768
f 1578 6769 6617
f 6769 1846 6770
f 6617 6770 1563
f 6769 6770 6617
f 1846 6769 6772
f 6769 1578 6771
f 6772 6771 1367
f 6769 6771 6772
f 1831 6773 6627
f 6773 1586 6774
f 6627 6774 1391
f 6773 6774 6627
f 1586 6773 6776
f 6773 1831 6775
f 6776 6775 1369
f 6773 6775 6776
f 1390 6631 6778
f 6631 1588 6777
f 6778 6777 1567
f 6631 6777 6778
f 1588 6779 6781
f 6779 1371 6780
f 6781 6780 1372
f 6779 6780 6781
f 1848 6782 6636
f 6782 1867 6783
f 6636 6783 1333
f 6782 6783 6636
f 1848 6784 6785
f 6784 1588 6781
f 6785 6781 1372
f 6784 6781 6785
f 1333 6786 6641
f 6786 1334 6787
f 6641 6787 1838
f 6786 6787 6641
f 1867 6782 6789
f 6782 1848 6788
f 6789 6788 1373
f 6782 6788 6789
f 1926 6790 6792
f 6790 1334 6791
f 6792 6791 1867
f 6790 6791 6792
f 1335 6793 6644
f 6793 1308 6486
f 6644 6486 1307
f 6793 6486 6644
f 1931 6794 6796
f 6794 1590 6795
f 6796 6795 1335
f 6794 6795 6796
f 1843 6797 6799
f 6797 1590 6798
f 6799 6798 1934
f 6797 6798 6799
f 1336 6800 6802
f 6800 1337 6801
f 6802 6801 1309
f 6800 6801 6802
f 1843 6803 6804
f 6803 1845 6654
f 6804 6654 1337
f 6803 6654 6804
f 1928 6805 6807
f 6805 1377 6806
f 6807 6806 1378
f 6805 6806 6807
f 1338 6808 6810
f 6808 1339 6809
f 6810 6809 1311
f 6808 6809 6810
f 1924 6811 6813
f 6811 1381 6812
f 6813 6812 1340
f 6811 6812 6813
f 1924 6814 6816
f 6814 1922 6815
f 6816 6815 1380
f 6814 6815 6816
f 1590 6645 6795
f 6645 1308 6793
f 6795 6793 1335
f 6645 6793 6795
f 1382 6020 6155
f 6020 1541 6817
f 6155 6817 1201
f 6020 6817 6155
f 1382 6319 6026
f 6319 1533 6818
f 6026 6818 1202
f 6319 6818 6026
f 1383 6131 6135
f 6131 1504 6289
f 6135 6289 1232
f 6131 6289 6135
f 1383 6140 6000
f 6140 1507 6819
f 6000 6819 1197
f 6140 6819 6000
f 1384 6124 6128
f 6124 1506 6279
f 6128 6279 1230
f 6124 6279 6128
f 1384 6133 5992
f 6133 1504 6820
f 5992 6820 1195
f 6133 6820 5992
f 1192 5980 6118
f 5980 1191 6821
f 6118 6821 1385
f 5980 6821 6118
f 1228 6268 6822
f 6268 1227 6264
f 6822 6264 1525
f 6268 6264 6822
f 1858 6823 6193
f 6823 1175 6824
f 6193 6824 1212
f 6823 6824 6193
f 1213 6204 5920
f 6204 1534 5923
f 5920 5923 1177
f 6204 5923 5920
f 695 4435 4437
f 4435 725 4439
f 4437 4439 1386
f 4435 4439 4437
f 1190 5972 6111
f 5972 1189 6825
f 6111 6825 1387
f 5972 6825 6111
f 1226 6258 6826
f 6258 1225 6254
f 6826 6254 1527
f 6258 6254 6826
f 1388 6096 6100
f 6096 1406 6239
f 6100 6239 1222
f 6096 6239 6100
f 1388 6105 5960
f 6105 1499 6827
f 5960 6827 1187
f 6105 6827 5960
f 1200 6012 6146
f 6012 1199 6828
f 6146 6828 1389
f 6012 6828 6146
f 1236 6308 6829
f 6308 1235 6305
f 6829 6305 1528
f 6308 6305 6829
f 1334 6830 6787
f 6830 1306 6831
f 6787 6831 1838
f 6830 6831 6787
f 1549 6472 6833
f 6472 1889 6832
f 6833 6832 1390
f 6472 6832 6833
f 1305 6470 6625
f 6470 1304 6834
f 6625 6834 1391
f 6470 6834 6625
f 1297 6430 6585
f 6430 1296 6835
f 6585 6835 1392
f 6430 6835 6585
f 1328 6744 6836
f 6744 1327 6742
f 6836 6742 1583
f 6744 6742 6836
f 1393 6371 6530
f 6371 1539 6366
f 6530 6366 1284
f 6371 6366 6530
f 1320 6693 6837
f 6693 1319 6690
f 6837 6690 1575
f 6693 6690 6837
f 321 3075 6839
f 3075 320 6838
f 6839 6838 1394
f 3075 6838 6839
f 1394 6840 6842
f 6840 1810 6841
f 6842 6841 359
f 6840 6841 6842
f 1239 6159 6843
f 6159 1203 6029
f 6843 6029 1513
f 6159 6029 6843
f 1240 6164 6161
f 6164 1652 6034
f 6161 6034 1203
f 6164 6034 6161
f 1395 6603 6610
f 6603 1561 6765
f 6610 6765 1332
f 6603 6765 6610
f 1395 6616 6845
f 6616 1563 6844
f 6845 6844 1302
f 6616 6844 6845
f 1396 6593 6600
f 6593 1558 6755
f 6600 6755 1330
f 6593 6755 6600
f 1396 6606 6847
f 6606 1561 6846
f 6847 6846 1300
f 6606 6846 6847
f 1165 5883 6848
f 5883 1127 5751
f 6848 5751 1647
f 5883 5751 6848
f 1128 5876 6849
f 5876 1166 6036
f 6849 6036 1644
f 5876 6036 6849
f 872 4940 6850
f 4940 841 4834
f 6850 4834 1614
f 4940 4834 6850
f 842 4946 6851
f 4946 873 5045
f 6851 5045 1613
f 4946 5045 6851
f 1397 4630 4725
f 4630 1602 6852
f 4725 6852 781
f 4630 6852 4725
f 1397 4823 6853
f 4823 1607 4829
f 6853 4829 1604
f 4823 4829 6853
f 1398 4547 6855
f 4547 1599 6854
f 6855 6854 728
f 4547 6854 6855
f 317 3188 6857
f 3188 356 6856
f 6857 6856 1399
f 3188 6856 6857
f 318 3195 3066
f 3195 357 3314
f 3066 3314 319
f 3195 3314 3066
f 1400 4825 4931
f 4825 1607 6858
f 4931 6858 838
f 4825 6858 4931
f 1616 5028 6859
f 5028 1400 4930
f 6859 4930 870
f 5028 4930 6859
f 1605 6860 6861
f 6860 1606 4733
f 6861 4733 784
f 6860 4733 6861
f 1401 5741 5871
f 5741 1638 6862
f 5871 6862 1124
f 5741 6862 5871
f 1401 6018 5868
f 6018 1541 6863
f 5868 6863 1643
f 6018 6863 5868
f 931 5242 5244
f 5242 969 5246
f 5244 5246 1402
f 5242 5246 5244
f 1008 5375 6865
f 5375 1009 6864
f 6865 6864 1629
f 5375 6864 6865
f 1403 6866 6867
f 6866 1087 5758
f 6867 5758 1881
f 6866 5758 6867
f 1404 5374 6869
f 5374 1629 6868
f 6869 6868 972
f 5374 6868 6869
f 1007 5489 5491
f 5489 1045 6870
f 5491 6870 1405
f 5489 6870 5491
f 1405 5495 5490
f 5495 1572 6871
f 5490 6871 1625
f 5495 6871 5490
f 1186 5956 6097
f 5956 1185 6872
f 6097 6872 1406
f 5956 6872 6097
f 1222 6238 6873
f 6238 1221 6234
f 6873 6234 1700
f 6238 6234 6873
f 1407 6072 6209
f 6072 1932 6874
f 6209 6874 1215
f 6072 6874 6209
f 1407 6078 6076
f 6078 1415 5935
f 6076 5935 1180
f 6078 5935 6076
f 64 2064 6875
f 2064 65 2071
f 6875 2071 1487
f 2064 2071 6875
f 1408 6876 2237
f 6876 1833 2386
f 2237 2386 103
f 6876 2386 2237
f 76 2127 6877
f 2127 77 2134
f 6877 2134 1423
f 2127 2134 6877
f 1409 6878 2287
f 6878 1884 2418
f 2287 2418 113
f 6878 2418 2287
f 1214 6205 6075
f 6205 1932 6879
f 6075 6879 1410
f 6205 6879 6075
f 460 3534 6881
f 3534 1689 6880
f 6881 6880 1682
f 3534 6880 6881
f 461 3544 3541
f 3544 425 6882
f 3541 6882 1411
f 3544 6882 3541
f 1412 2108 6883
f 2108 1667 2274
f 6883 2274 74
f 2108 2274 6883
f 1412 2122 2114
f 2122 1801 6884
f 2114 6884 35
f 2122 6884 2114
f 574 4033 4035
f 4033 605 6885
f 4035 6885 1413
f 4033 6885 4035
f 575 4039 3937
f 4039 606 4144
f 3937 4144 576
f 4039 4144 3937
f 1184 5948 6090
f 5948 1183 6886
f 6090 6886 1414
f 5948 6886 6090
f 1220 6228 6887
f 6228 1219 6224
f 6887 6224 1697
f 6228 6224 6887
f 1415 6084 5936
f 6084 1417 6888
f 5936 6888 1181
f 6084 6888 5936
f 1416 6082 6086
f 6082 1417 6219
f 6086 6219 1218
f 6082 6219 6086
f 1416 6091 5944
f 6091 1414 6886
f 5944 6886 1183
f 6091 6886 5944
f 1182 5940 6083
f 5940 1181 6888
f 6083 6888 1417
f 5940 6888 6083
f 1218 6218 6889
f 6218 1217 6214
f 6889 6214 1672
f 6218 6214 6889
f 1418 2508 2634
f 2508 1435 6890
f 2634 6890 154
f 2508 6890 2634
f 191 2788 2633
f 2788 192 2638
f 2633 2638 1418
f 2788 2638 2633
f 424 3425 3422
f 3425 394 3423
f 3422 3423 393
f 3425 3423 3422
f 1420 3640 6891
f 3640 1424 3646
f 6891 3646 459
f 3640 3646 6891
f 1421 3537 6892
f 3537 1411 6882
f 6892 6882 425
f 3537 6882 6892
f 74 2116 6883
f 2116 75 2123
f 6883 2123 1412
f 2116 2123 6883
f 1422 2407 2278
f 2407 1852 2285
f 2278 2285 111
f 2407 2285 2278
f 61 2220 2223
f 2220 99 6893
f 2223 6893 62
f 2220 6893 2223
f 1423 2119 6877
f 2119 1801 2283
f 6877 2283 76
f 2119 2283 6877
f 1423 2133 2125
f 2133 1781 6894
f 2125 6894 37
f 2133 6894 2125
f 458 3639 3641
f 3639 486 3643
f 3641 3643 1424
f 3639 3643 3641
f 459 3645 3532
f 3645 487 3745
f 3532 3745 1772
f 3645 3745 3532
f 71 2261 2264
f 2261 108 6895
f 2264 6895 72
f 2261 6895 2264
f 32 6896 2099
f 6896 31 6897
f 2099 6897 1425
f 6896 6897 2099
f 140 2636 2514
f 2636 156 6898
f 2514 6898 1426
f 2636 6898 2514
f 1611 2370 6900
f 2370 1526 6899
f 6900 6899 1427
f 2370 6899 6900
f 1571 2337 6902
f 2337 1662 6901
f 6902 6901 1428
f 2337 6901 6902
f 80 2303 2302
f 2303 115 2432
f 2302 2432 1714
f 2303 2432 2302
f 1429 6562 6570
f 6562 1436 6730
f 6570 6730 1794
f 6562 6730 6570
f 1429 6576 6904
f 6576 1556 6903
f 6904 6903 1294
f 6576 6903 6904
f 577 3943 3946
f 3943 546 6905
f 3946 6905 1430
f 3943 6905 3946
f 69 2393 2255
f 2393 106 6906
f 2255 6906 70
f 2393 6906 2255
f 1431 3836 3940
f 3836 1446 6907
f 3940 6907 543
f 3836 6907 3940
f 1431 4034 6908
f 4034 1413 4040
f 6908 4040 575
f 4034 4040 6908
f 10 6909 1983
f 6909 9 6910
f 1983 6910 1432
f 6909 6910 1983
f 135 2387 6911
f 2387 136 2391
f 6911 2391 1439
f 2387 2391 6911
f 1434 3539 3653
f 3539 1411 3538
f 3653 3538 460
f 3539 3538 3653
f 1434 3753 6913
f 3753 1537 6912
f 6913 6912 488
f 3753 6912 6913
f 138 2627 2507
f 2627 154 6890
f 2507 6890 1435
f 2627 6890 2507
f 139 2511 6914
f 2511 155 2637
f 6914 2637 140
f 2511 2637 6914
f 1293 6410 6564
f 6410 1292 6566
f 6564 6566 1436
f 6410 6566 6564
f 1316 6518 6916
f 6518 1281 6915
f 6916 6915 1442
f 6518 6915 6916
f 1316 6917 6919
f 6917 1317 6918
f 6919 6918 1282
f 6917 6918 6919
f 1438 6504 6660
f 6504 1278 6341
f 6660 6341 1440
f 6504 6341 6660
f 66 2075 6920
f 2075 67 2082
f 6920 2082 1488
f 2075 2082 6920
f 1440 6340 6921
f 6340 1708 6339
f 6921 6339 1936
f 6340 6339 6921
f 515 3754 6923
f 3754 516 6922
f 6923 6922 1537
f 3754 6922 6923
f 1441 3944 6924
f 3944 577 4053
f 6924 4053 1716
f 3944 4053 6924
f 1281 6355 6915
f 6355 1280 6925
f 6915 6925 1442
f 6355 6925 6915
f 1442 6676 6916
f 6676 1664 6926
f 6916 6926 1316
f 6676 6926 6916
f 1443 6506 6512
f 6506 1315 6666
f 6512 6666 1856
f 6506 6666 6512
f 1443 6515 6927
f 6515 1442 6925
f 6927 6925 1280
f 6515 6925 6927
f 1291 6554 6929
f 6554 1326 6928
f 6929 6928 1444
f 6554 6928 6929
f 1436 6565 6731
f 6565 1444 6561
f 6731 6561 1744
f 6565 6561 6731
f 1287 6380 6536
f 6380 1286 6930
f 6536 6930 1445
f 6380 6930 6536
f 1322 6703 6931
f 6703 1321 6699
f 6931 6699 1656
f 6703 6699 6931
f 514 3833 3835
f 3833 543 6907
f 3835 6907 1446
f 3833 6907 3835
f 1446 3839 3834
f 3839 1782 6932
f 3834 6932 1530
f 3839 6932 3834
f 1283 6363 6933
f 6363 1282 6918
f 6933 6918 1317
f 6363 6918 6933
f 1318 6934 6935
f 6934 1317 6682
f 6935 6682 1738
f 6934 6682 6935
f 1447 6399 6937
f 6399 1711 6936
f 6937 6936 1290
f 6399 6936 6937
f 1326 6723 6938
f 6723 1325 6719
f 6938 6719 1743
f 6723 6719 6938
f 1448 6534 6541
f 6534 1445 6704
f 6541 6704 1322
f 6534 6704 6541
f 1448 6547 6940
f 6547 1449 6939
f 6940 6939 1288
f 6547 6939 6940
f 1289 6391 6546
f 6391 1288 6939
f 6546 6939 1449
f 6391 6939 6546
f 1324 6713 6941
f 6713 1323 6709
f 6941 6709 1742
f 6713 6709 6941
f 1450 6573 6580
f 6573 1556 6737
f 6580 6737 1779
f 6573 6737 6580
f 1450 6586 6942
f 6586 1392 6835
f 6942 6835 1296
f 6586 6835 6942
f 665 4251 4248
f 4251 638 4249
f 4248 4249 637
f 4251 4249 4248
f 1451 4436 6943
f 4436 1386 4442
f 6943 4442 696
f 4436 4442 6943
f 189 2623 2620
f 2623 1433 2495
f 2620 2495 1768
f 2623 2495 2620
f 639 4152 6944
f 4152 608 4046
f 6944 4046 1657
f 4152 4046 6944
f 609 4158 6945
f 4158 640 4263
f 6945 4263 1666
f 4158 4263 6945
f 1452 4036 4141
f 4036 1413 6885
f 4141 6885 605
f 4036 6885 4141
f 608 4151 4051
f 4151 609 6946
f 4051 6946 1453
f 4151 6946 4051
f 757 4562 6947
f 4562 756 4651
f 6947 4651 787
f 4562 4651 6947
f 787 4739 6947
f 4739 1785 6948
f 6947 6948 757
f 4739 6948 6947
f 1837 4358 4463
f 4358 672 6949
f 4463 6949 1455
f 4358 6949 4463
f 1454 4366 6950
f 4366 1459 4369
f 6950 4369 673
f 4366 4369 6950
f 701 4350 6951
f 4350 670 4270
f 6951 4270 1456
f 4350 4270 6951
f 187 2615 2614
f 2615 1437 2488
f 2614 2488 1800
f 2615 2488 2614
f 1456 4269 4355
f 4269 1584 6952
f 4355 6952 669
f 4269 6952 4355
f 1456 4453 6951
f 4453 1762 4462
f 6951 4462 701
f 4453 4462 6951
f 697 6953 6954
f 6953 666 4257
f 6954 4257 1676
f 6953 4257 6954
f 698 4347 4344
f 4347 667 6955
f 4344 6955 697
f 4347 6955 4344
f 755 6956 4647
f 6956 786 6957
f 4647 6957 1457
f 6956 6957 4647
f 158 2660 2667
f 2660 157 2656
f 2667 2656 1474
f 2660 2656 2667
f 674 4284 4364
f 4284 673 4368
f 4364 4368 703
f 4284 4368 4364
f 1460 2481 6958
f 2481 1427 6899
f 6958 6899 1526
f 2481 6899 6958
f 183 2759 2606
f 2759 184 2607
f 2606 2607 1460
f 2759 2607 2606
f 146 2533 6959
f 2533 161 2680
f 6959 2680 1677
f 2533 2680 6959
f 1461 2456 6960
f 2456 1428 6901
f 6960 6901 1662
f 2456 6901 6960
f 171 2715 2570
f 2715 172 6961
f 2570 6961 1461
f 2715 6961 2570
f 790 4655 6962
f 4655 758 4569
f 6962 4569 1462
f 4655 4569 6962
f 1462 4660 6962
f 4660 789 4753
f 6962 4753 790
f 4660 4753 6962
f 1463 2646 2652
f 2646 1747 6963
f 2652 6963 196
f 2646 6963 2652
f 197 2657 2654
f 2657 1419 6964
f 2654 6964 1463
f 2657 6964 2654
f 49 2171 2174
f 2171 89 2182
f 2174 2182 50
f 2171 2182 2174
f 200 2814 2820
f 2814 240 6965
f 2820 6965 1464
f 2814 6965 2820
f 201 2826 6966
f 2826 241 2951
f 6966 2951 1754
f 2826 2951 6966
f 30 6967 2088
f 6967 29 6968
f 2088 6968 1465
f 6967 6968 2088
f 22 6969 2047
f 6969 21 6970
f 2047 6970 1466
f 6969 6970 2047
f 1468 4857 6972
f 4857 1777 6971
f 6972 6971 818
f 4857 6971 6972
f 849 4867 4863
f 4867 819 4757
f 4863 4757 1777
f 4867 4757 4863
f 1467 2515 2643
f 2515 1426 6898
f 2643 6898 156
f 2515 6898 2643
f 193 2795 6973
f 2795 194 2641
f 6973 2641 156
f 2795 2641 6973
f 818 4749 6972
f 4749 1609 4860
f 6972 4860 1468
f 4749 4860 6972
f 1468 4955 4858
f 4955 878 6974
f 4858 6974 848
f 4955 6974 4858
f 815 6975 4846
f 6975 844 6976
f 4846 6976 1469
f 6975 6976 4846
f 817 4743 6977
f 4743 816 4853
f 6977 4853 845
f 4743 4853 6977
f 845 4949 6979
f 4949 1753 6978
f 6979 6978 846
f 4949 6978 6979
f 1470 2810 2812
f 2810 1474 6980
f 2812 6980 198
f 2810 6980 2812
f 1482 2936 6981
f 2936 1470 2811
f 6981 2811 238
f 2936 2811 6981
f 1471 5063 6982
f 5063 1752 5061
f 6982 5061 909
f 5063 5061 6982
f 940 5278 5282
f 5278 939 5275
f 5282 5275 979
f 5278 5275 5282
f 1472 5051 5160
f 5051 1787 6983
f 5160 6983 906
f 5051 6983 5160
f 1472 5262 6984
f 5262 1792 5270
f 6984 5270 937
f 5262 5270 6984
f 1473 2818 2675
f 2818 1464 2827
f 2675 2827 201
f 2818 2827 2675
f 1474 2655 6980
f 2655 1759 6985
f 6980 6985 198
f 2655 6985 6980
f 158 2666 6987
f 2666 199 6986
f 6987 6986 159
f 2666 6986 6987
f 1475 5173 6988
f 5173 1471 6982
f 6988 6982 909
f 5173 6982 6988
f 937 5155 6984
f 5155 907 5052
f 6984 5052 1472
f 5155 5052 6984
f 1476 6989 6990
f 6989 908 5058
f 6990 5058 877
f 6989 5058 6990
f 979 5274 5402
f 5274 978 6991
f 5402 6991 1477
f 5274 6991 5402
f 1478 5264 5388
f 5264 1792 6992
f 5388 6992 974
f 5264 6992 5388
f 1478 5508 6993
f 5508 1740 5517
f 6993 5517 1012
f 5508 5517 6993
f 287 3102 3104
f 3102 327 6994
f 3104 6994 328
f 3102 6994 3104
f 326 3091 6996
f 3091 286 6995
f 6996 6995 1637
f 3091 6995 6996
f 1630 5397 6997
f 5397 1014 5391
f 6997 5391 977
f 5397 5391 6997
f 978 5392 6991
f 5392 1014 5522
f 6991 5522 1477
f 5392 5522 6991
f 1012 5383 6993
f 5383 975 5265
f 6993 5265 1478
f 5383 5265 6993
f 1480 5394 6999
f 5394 1630 6998
f 6999 6998 976
f 5394 6998 6999
f 324 3081 7000
f 3081 285 2959
f 7000 2959 1484
f 3081 2959 7000
f 1481 3094 7001
f 3094 1637 6995
f 7001 6995 286
f 3094 6995 7001
f 238 2935 6981
f 2935 278 7002
f 6981 7002 1482
f 2935 7002 6981
f 1727 2941 2816
f 2941 279 3064
f 2816 3064 239
f 2941 3064 2816
f 40 7003 2146
f 7003 39 7004
f 2146 7004 1935
f 7003 7004 2146
f 80 2295 2304
f 2295 79 2294
f 2304 2294 114
f 2295 2294 2304
f 1484 2958 3086
f 2958 1751 7005
f 3086 7005 284
f 2958 7005 3086
f 1484 3205 7000
f 3205 1802 3214
f 7000 3214 324
f 3205 3214 7000
f 1485 2821 2948
f 2821 1464 6965
f 2948 6965 240
f 2821 6965 2948
f 282 3073 7006
f 3073 281 3069
f 7006 3069 1627
f 3073 3069 7006
f 1093 5642 7008
f 5642 1092 7007
f 7008 7007 1486
f 5642 7007 7008
f 1486 5897 7010
f 5897 1719 7009
f 7010 7009 1134
f 5897 7009 7010
f 1487 2056 6875
f 2056 1769 2233
f 6875 2233 64
f 2056 2233 6875
f 1487 2070 2062
f 2070 1780 7011
f 2062 7011 25
f 2070 7011 2062
f 1091 5634 7012
f 5634 1090 5770
f 7012 5770 1131
f 5634 5770 7012
f 1131 5886 7014
f 5886 1805 7013
f 7014 7013 1132
f 5886 7013 7014
f 1488 2067 6920
f 2067 1780 2242
f 6920 2242 66
f 2067 2242 6920
f 1488 2081 2073
f 2081 1741 7015
f 2073 7015 27
f 2081 7015 2073
f 1089 7016 5763
f 7016 1130 7017
f 5763 7017 1489
f 7016 7017 5763
f 1134 5775 7010
f 5775 1093 7008
f 7010 7008 1486
f 5775 7008 7010
f 1168 7018 6041
f 7018 1205 7019
f 6041 7019 1490
f 7018 7019 6041
f 1534 7020 5924
f 7020 1491 6071
f 5924 6071 1178
f 7020 6071 5924
f 1209 6053 7022
f 6053 1172 7021
f 7022 7021 1493
f 6053 7021 7022
f 1492 6063 7024
f 6063 1495 7023
f 7024 7023 1173
f 6063 7023 7024
f 1172 5898 7021
f 5898 1171 7025
f 7021 7025 1493
f 5898 7025 7021
f 1493 6178 7022
f 6178 1681 7026
f 7022 7026 1209
f 6178 7026 7022
f 1170 5890 7027
f 5890 1169 6048
f 7027 6048 1206
f 5890 6048 7027
f 1206 7028 7030
f 7028 1688 7029
f 7030 7029 1207
f 7028 7029 7030
f 1494 6061 6065
f 6061 1495 6187
f 6065 6187 1211
f 6061 6187 6065
f 1494 6067 5910
f 6067 1212 6824
f 5910 6824 1175
f 6067 6824 5910
f 1174 5906 6062
f 5906 1173 7023
f 6062 7023 1495
f 5906 7023 6062
f 1211 6186 7031
f 6186 1210 6182
f 7031 6182 1680
f 6186 6182 7031
f 1216 6208 7033
f 6208 1215 7032
f 7033 7032 1877
f 6208 7032 7033
f 1496 6089 6093
f 6089 1414 6229
f 6093 6229 1220
f 6089 6229 6093
f 1496 6098 5952
f 6098 1406 6872
f 5952 6872 1185
f 6098 6872 5952
f 399 3334 7034
f 3334 398 3445
f 7034 3445 428
f 3334 3445 7034
f 428 3549 7036
f 3549 1693 7035
f 7036 7035 429
f 3549 7035 7036
f 125 2341 2462
f 2341 1698 7037
f 2462 7037 1497
f 2341 7037 2462
f 1498 6103 6107
f 6103 1499 6249
f 6107 6249 1224
f 6103 6249 6107
f 1498 6112 5968
f 6112 1387 6825
f 5968 6825 1189
f 6112 6825 5968
f 1188 5964 6104
f 5964 1187 6827
f 6104 6827 1499
f 5964 6827 6104
f 1224 6248 7038
f 6248 1223 6244
f 7038 6244 1878
f 6248 6244 7038
f 1500 6110 6114
f 6110 1387 6259
f 6114 6259 1226
f 6110 6259 6114
f 1500 6119 5976
f 6119 1385 6821
f 5976 6821 1191
f 6119 6821 5976
f 397 7039 3438
f 7039 427 7040
f 3438 7040 1501
f 7039 7040 3438
f 1502 6117 6121
f 6117 1385 6269
f 6121 6269 1228
f 6117 6269 6121
f 1502 6126 5984
f 6126 1506 7041
f 5984 7041 1193
f 6126 7041 5984
f 1560 4070 7043
f 4070 616 7042
f 7043 7042 583
f 4070 7042 7043
f 1509 3449 7045
f 3449 1649 7044
f 7045 7044 400
f 3449 7044 7045
f 432 3459 3455
f 3459 401 3348
f 3455 3348 1649
f 3459 3348 3455
f 94 7046 7047
f 7046 1503 2586
f 7047 2586 1517
f 7046 2586 7047
f 1196 5996 6132
f 5996 1195 6820
f 6132 6820 1504
f 5996 6820 6132
f 1232 6288 7048
f 6288 1231 6284
f 7048 6284 1844
f 6288 6284 7048
f 1194 5988 6125
f 5988 1193 7041
f 6125 7041 1506
f 5988 7041 6125
f 1230 6278 7049
f 6278 1229 6274
f 7049 6274 1851
f 6278 6274 7049
f 1198 6004 6139
f 6004 1197 6819
f 6139 6819 1507
f 6004 6819 6139
f 1234 6298 6306
f 6298 1233 6294
f 6306 6294 1855
f 6298 6294 6306
f 18 7050 2025
f 7050 17 7051
f 2025 7051 1508
f 7050 7051 2025
f 400 3340 7045
f 3340 1702 3452
f 7045 3452 1509
f 3340 3452 7045
f 1509 3555 3450
f 3555 1518 7052
f 3450 7052 431
f 3555 7052 3450
f 1510 6145 7053
f 6145 1389 6309
f 7053 6309 1236
f 6145 6309 7053
f 1237 6153 6152
f 6153 1201 6016
f 6152 6016 1510
f 6153 6016 6152
f 1511 6138 6142
f 6138 1507 6299
f 6142 6299 1234
f 6138 6299 6142
f 1511 6147 6008
f 6147 1389 6828
f 6008 6828 1199
f 6147 6828 6008
f 1238 6156 7054
f 6156 1202 6818
f 7054 6818 1533
f 6156 6818 7054
f 127 2346 7056
f 2346 1505 7055
f 7056 7055 1512
f 2346 7055 7056
f 1513 6028 6158
f 6028 1882 6024
f 6158 6024 1202
f 6028 6024 6158
f 1513 6326 6843
f 6326 1821 7057
f 6843 7057 1239
f 6326 7057 6843
f 1514 6037 6166
f 6037 1850 6031
f 6166 6031 1652
f 6037 6031 6166
f 1514 6333 6162
f 6333 1862 7058
f 6162 7058 1241
f 6333 7058 6162
f 1515 3439 3552
f 3439 1501 7040
f 3552 7040 427
f 3439 7040 3552
f 1515 3658 7059
f 3658 1723 3664
f 7059 3664 464
f 3658 3664 7059
f 1516 6068 6201
f 6068 1176 7060
f 6201 7060 1858
f 6068 7060 6201
f 1516 6370 7062
f 6370 1539 7061
f 7062 7061 1250
f 6370 7061 7062
f 94 7047 2354
f 7047 1517 2473
f 2354 2473 1775
f 7047 2473 2354
f 1518 3556 7064
f 3556 430 7063
f 7064 7063 1898
f 3556 7063 7064
f 1518 3559 7052
f 3559 1523 3563
f 7052 3563 431
f 3559 3563 7052
f 464 3547 7059
f 3547 428 3440
f 7059 3440 1515
f 3547 3440 7059
f 12 7065 7066
f 7065 11 1990
f 7066 1990 1603
f 7065 1990 7066
f 129 2360 7067
f 2360 130 2366
f 7067 2366 1789
f 2360 2366 7067
f 1522 1951 7068
f 1951 1774 2152
f 7068 2152 1601
f 1951 2152 7068
f 1522 1962 1957
f 1962 1542 7069
f 1957 7069 5
f 1962 7069 1957
f 432 3454 3557
f 3454 431 3562
f 3557 3562 466
f 3454 3562 3557
f 1334 6786 6791
f 6786 1333 6783
f 6791 6783 1867
f 6786 6783 6791
f 1223 6101 6245
f 6101 1222 7070
f 6245 7070 1524
f 6101 7070 6245
f 1260 6427 7071
f 6427 1259 6423
f 7071 6423 1545
f 6427 6423 7071
f 1525 6263 6270
f 6263 1891 6448
f 6270 6448 1264
f 6263 6448 6270
f 1525 6276 6822
f 6276 1812 7072
f 6822 7072 1228
f 6276 7072 6822
f 131 2368 7074
f 2368 1611 7073
f 7074 7073 1646
f 2368 7073 7074
f 1527 6253 6260
f 6253 1811 6438
f 6260 6438 1262
f 6253 6438 6260
f 1527 6266 6826
f 6266 1891 7075
f 6826 7075 1226
f 6266 7075 6826
f 1272 6316 6312
f 6316 1236 6829
f 6312 6829 1528
f 6316 6829 6312
f 1231 6129 6285
f 6129 1230 7076
f 6285 7076 1529
f 6129 7076 6285
f 1268 6467 7077
f 6467 1267 6463
f 7077 6463 1551
f 6467 6463 7077
f 1424 3642 3647
f 3642 1530 7078
f 3647 7078 487
f 3642 7078 3647
f 1530 6932 7079
f 6932 1782 3746
f 7079 3746 1836
f 6932 3746 7079
f 1233 6136 6295
f 6136 1232 7080
f 6295 7080 1531
f 6136 7080 6295
f 1270 6477 7081
f 6477 1269 6473
f 7081 6473 1549
f 6477 6473 7081
f 1532 6613 6620
f 6613 1563 6770
f 6620 6770 1846
f 6613 6770 6620
f 1532 6626 7082
f 6626 1391 6834
f 7082 6834 1304
f 6626 6834 7082
f 1239 7083 7085
f 7083 1274 7084
f 7085 7084 1275
f 7083 7084 7085
f 1273 6313 6484
f 6313 1237 6151
f 6484 6151 1854
f 6313 6151 6484
f 1873 6323 6322
f 6323 1238 7054
f 6322 7054 1533
f 6323 7054 6322
f 1177 5922 5921
f 5922 1178 5928
f 5921 5928 1140
f 5922 5928 5921
f 1534 6203 7020
f 6203 1890 7086
f 7020 7086 1491
f 6203 7086 7020
f 1925 1946 7088
f 1946 1598 7087
f 7088 7087 1938
f 1946 7087 7088
f 398 3328 7089
f 3328 362 3208
f 7089 3208 1655
f 3328 3208 7089
f 1535 3336 7091
f 3336 1809 7090
f 7091 7090 363
f 3336 7090 7091
f 1536 3660 3767
f 3660 1723 7092
f 3767 7092 490
f 3660 7092 3767
f 1536 3852 7093
f 3852 1546 3861
f 7093 3861 519
f 3852 3861 7093
f 1537 3749 6923
f 3749 1817 7094
f 6923 7094 515
f 3749 7094 6923
f 516 3759 6922
f 3759 488 6912
f 6922 6912 1537
f 3759 6912 6922
f 519 3762 7093
f 3762 491 3661
f 7093 3661 1536
f 3762 3661 7093
f 1284 6365 7096
f 6365 1249 7095
f 7096 7095 1816
f 6365 7095 7096
f 1285 6377 6373
f 6377 1250 7061
f 6373 7061 1539
f 6377 7061 6373
f 494 3673 3774
f 3673 493 3776
f 3774 3776 522
f 3673 3776 3774
f 1163 6149 6019
f 6149 1201 6817
f 6019 6817 1541
f 6149 6817 6019
f 6 7097 1961
f 7097 5 7069
f 1961 7069 1542
f 7097 7069 1961
f 521 3770 3863
f 3770 492 7098
f 3863 7098 1538
f 3770 7098 3863
f 1543 2012 7099
f 2012 1620 2199
f 7099 2199 56
f 2012 2199 7099
f 1543 2026 2018
f 2026 1508 7051
f 2018 7051 17
f 2026 7051 2018
f 1544 2023 7100
f 2023 1508 2208
f 7100 2208 58
f 2023 2208 7100
f 1544 2037 2029
f 2037 1717 7101
f 2029 7101 19
f 2037 7101 2029
f 1545 6422 6429
f 6422 1665 6579
f 6429 6579 1296
f 6422 6579 6429
f 1545 6435 7071
f 6435 1879 7102
f 7071 7102 1260
f 6435 7102 7071
f 518 7103 3853
f 7103 548 7104
f 3853 7104 1546
f 7103 7104 3853
f 1265 6271 6454
f 6271 1264 7105
f 6454 7105 1547
f 6271 7105 6454
f 1302 6608 6845
f 6608 1301 6604
f 6845 6604 1395
f 6608 6604 6845
f 520 3768 3857
f 3768 519 7106
f 3857 7106 550
f 3768 7106 3857
f 549 3953 7108
f 3953 1669 7107
f 7108 7107 550
f 3953 7107 7108
f 1263 6261 6444
f 6261 1262 7109
f 6444 7109 1548
f 6261 7109 6444
f 1300 6598 6847
f 6598 1299 6594
f 6847 6594 1396
f 6598 6594 6847
f 1549 7110 7081
f 7110 1900 7111
f 7081 7111 1270
f 7110 7111 7081
f 1540 3771 7113
f 3771 521 7112
f 7113 7112 1550
f 3771 7112 7113
f 1551 6462 6469
f 6462 1834 6619
f 6469 6619 1304
f 6462 6619 6469
f 1551 6475 7077
f 6475 1889 7114
f 7077 7114 1268
f 6475 7114 7077
f 1272 6639 6482
f 6639 1585 6642
f 6482 6642 1307
f 6639 6642 6482
f 552 3864 3966
f 3864 1540 7113
f 3966 7113 1550
f 3864 7113 3966
f 553 3869 3968
f 3869 522 3778
f 3968 3778 552
f 3869 3778 3968
f 1552 6320 6489
f 6320 1533 6314
f 6489 6314 1273
f 6320 6314 6489
f 1552 6648 7115
f 6648 1336 6802
f 7115 6802 1309
f 6648 6802 7115
f 1311 6495 7116
f 6495 1274 6328
f 7116 6328 1880
f 6495 6328 7116
f 1312 6500 6497
f 6500 1275 7084
f 6497 7084 1274
f 6500 7084 6497
f 1553 3854 3956
f 3854 1546 7104
f 3956 7104 548
f 3854 7104 3956
f 1553 4057 7117
f 4057 1568 4066
f 7117 4066 580
f 4057 4066 7117
f 1279 6350 6671
f 6350 1826 6345
f 6671 6345 1243
f 6350 6345 6671
f 1554 6526 6531
f 6526 1393 6694
f 6531 6694 1320
f 6526 6694 6531
f 1554 6537 7118
f 6537 1445 6930
f 7118 6930 1286
f 6537 6930 7118
f 1555 6544 6550
f 6544 1449 6714
f 6550 6714 1324
f 6544 6714 6550
f 1555 6555 7119
f 6555 1447 6937
f 7119 6937 1290
f 6555 6937 7119
f 1295 6420 6575
f 6420 1294 6903
f 6575 6903 1556
f 6420 6903 6575
f 1318 6519 6934
f 6519 1283 6933
f 6934 6933 1317
f 6519 6933 6934
f 1319 6528 6525
f 6528 1284 7120
f 6525 7120 1557
f 6528 7120 6525
f 584 4075 4079
f 4075 583 7042
f 4079 7042 616
f 4075 7042 4079
f 358 7121 7122
f 7121 1394 6838
f 7122 6838 320
f 7121 6838 7122
f 582 3959 7124
f 3959 551 7123
f 7124 7123 1669
f 3959 7123 7124
f 580 3951 7117
f 3951 549 3855
f 7117 3855 1553
f 3951 3855 7117
f 1299 6440 6595
f 6440 1298 7125
f 6595 7125 1558
f 6440 7125 6595
f 1330 6754 7126
f 6754 1329 6750
f 7126 6750 1894
f 6754 6750 7126
f 121 7127 2448
f 7127 151 2452
f 2448 2452 1654
f 7127 2452 2448
f 151 2552 2554
f 2552 167 7128
f 2554 7128 168
f 2552 7128 2554
f 1559 6583 6590
f 6583 1392 6745
f 6590 6745 1328
f 6583 6745 6590
f 1559 6596 7129
f 6596 1558 7125
f 7129 7125 1298
f 6596 7125 7129
f 583 3962 7043
f 3962 582 7130
f 7043 7130 1560
f 3962 7130 7043
f 1560 4074 4071
f 4074 614 4175
f 4071 4175 615
f 4074 4175 4071
f 1301 6450 6605
f 6450 1300 6846
f 6605 6846 1561
f 6450 6846 6605
f 1332 6764 7131
f 6764 1331 6760
f 7131 6760 1871
f 6764 6760 7131
f 43 2150 7133
f 2150 83 7132
f 7133 7132 1937
f 2150 7132 7133
f 1303 6460 6615
f 6460 1302 6844
f 6615 6844 1563
f 6460 6844 6615
f 1564 2557 2560
f 2557 1651 7134
f 2560 7134 152
f 2557 7134 2560
f 169 2708 2559
f 2708 170 7135
f 2559 7135 1564
f 2708 7135 2559
f 581 3957 7136
f 3957 580 4065
f 7136 4065 612
f 3957 4065 7136
f 612 4161 7136
f 4161 1705 7137
f 7136 7137 581
f 4161 7137 7136
f 1565 2582 2577
f 2582 1503 2472
f 2577 2472 1687
f 2582 2472 2577
f 177 2737 2584
f 2737 178 7138
f 2584 7138 1565
f 2737 7138 2584
f 1566 6623 6628
f 6623 1391 6774
f 6628 6774 1586
f 6623 6774 6628
f 1566 6634 7139
f 6634 1390 6832
f 7139 6832 1889
f 6634 6832 7139
f 1390 6778 6833
f 6778 1567 7140
f 6833 7140 1549
f 6778 7140 6833
f 1333 6640 6637
f 6640 1900 7141
f 6637 7141 1567
f 6640 7141 6637
f 579 7142 4058
f 7142 611 7143
f 4058 7143 1568
f 7142 7143 4058
f 1337 6649 6801
f 6649 1310 6491
f 6801 6491 1309
f 6649 6491 6801
f 1338 6810 7145
f 6810 1311 7144
f 7145 7144 1569
f 6810 7144 7145
f 1570 2543 2548
f 2543 1704 2696
f 2548 2696 166
f 2543 2696 2548
f 1570 2551 7146
f 2551 151 7127
f 7146 7127 121
f 2551 7127 7146
f 1571 6902 2178
f 6902 1428 2459
f 2178 2459 90
f 6902 2459 2178
f 1046 7147 5496
f 7147 1633 5370
f 5496 5370 1572
f 7147 5370 5496
f 14 7148 2003
f 7148 13 7149
f 2003 7149 1573
f 7148 7149 2003
f 1337 6800 6804
f 6800 1336 7150
f 6804 7150 1843
f 6800 7150 6804
f 1339 6655 6809
f 6655 1312 6496
f 6809 6496 1311
f 6655 6496 6809
f 1575 6689 6695
f 6689 1857 7151
f 6695 7151 1349
f 6689 7151 6695
f 1575 6701 6837
f 6701 1869 7152
f 6837 7152 1320
f 6701 7152 6837
f 1576 2535 2540
f 2535 1577 7153
f 2540 7153 164
f 2535 7153 2540
f 1576 2546 2440
f 2546 1704 7154
f 2440 7154 149
f 2546 7154 2440
f 1577 2536 2539
f 2536 1640 7155
f 2539 7155 148
f 2536 7155 2539
f 1577 2685 7153
f 2685 1610 2694
f 7153 2694 164
f 2685 2694 7153
f 1366 7156 6768
f 7156 1367 7157
f 6768 7157 1871
f 7156 7157 6768
f 1579 2467 7159
f 2467 1512 7158
f 7159 7158 1910
f 2467 7158 7159
f 175 2729 2579
f 2729 176 7160
f 2579 7160 1910
f 2729 7160 2579
f 8 7161 1972
f 7161 7 7162
f 1972 7162 1580
f 7161 7162 1972
f 169 2558 2704
f 2558 152 7163
f 2704 7163 168
f 2558 7163 2704
f 1331 6601 6761
f 6601 1330 7164
f 6761 7164 1581
f 6601 7164 6761
f 1364 7165 6763
f 7165 1365 7166
f 6763 7166 1581
f 7165 7166 6763
f 666 6953 7167
f 6953 697 6955
f 7167 6955 667
f 6953 6955 7167
f 1582 2034 7168
f 2034 1717 2215
f 7168 2215 60
f 2034 2215 7168
f 1582 2048 2040
f 2048 1466 6970
f 2040 6970 21
f 2048 6970 2040
f 1583 6741 6746
f 6741 1779 7169
f 6746 7169 1361
f 6741 7169 6746
f 1583 6752 6836
f 6752 1841 7170
f 6836 7170 1328
f 6752 7170 6836
f 642 7171 4268
f 7171 669 6952
f 4268 6952 1584
f 7171 6952 4268
f 1585 6638 7172
f 6638 1306 6830
f 7172 6830 1334
f 6638 6830 7172
f 1374 7173 7175
f 7173 1375 7174
f 7175 7174 1926
f 7173 7174 7175
f 1589 2578 2464
f 2578 1910 7176
f 2464 7176 1505
f 2578 7176 2464
f 645 4171 7177
f 4171 1735 4282
f 7177 4282 1587
f 4171 4282 7177
f 1587 4361 4280
f 4361 1454 6950
f 4280 6950 673
f 4361 6950 4280
f 1915 7178 7180
f 7178 1370 7179
f 7180 7179 1371
f 7178 7179 7180
f 644 4165 7181
f 4165 643 4275
f 7181 4275 670
f 4165 4275 7181
f 670 4352 7183
f 4352 1455 7182
f 7183 7182 671
f 4352 7182 7183
f 1927 7184 7186
f 7184 1922 7185
f 7186 7185 1338
f 7184 7185 7186
f 1339 7187 6656
f 7187 1912 7188
f 6656 7188 1574
f 7187 7188 6656
f 1589 2463 2572
f 2463 1497 7037
f 2572 7037 1698
f 2463 7037 2572
f 173 2722 2571
f 2722 174 2573
f 2571 2573 1589
f 2722 2573 2571
f 1590 6797 6646
f 6797 1843 7150
f 6646 7150 1336
f 6797 7150 6646
f 1587 4279 7177
f 4279 1798 7189
f 7177 7189 645
f 4279 7189 7177
f 674 4289 4285
f 4289 646 4179
f 4285 4179 1798
f 4289 4179 4285
f 1591 2580 2587
f 2580 1565 7138
f 2587 7138 178
f 2580 7138 2587
f 1591 2590 2585
f 2590 1597 7190
f 2585 7190 1517
f 2590 7190 2585
f 1592 2687 2833
f 2687 1610 7191
f 2833 7191 203
f 2687 7191 2833
f 1592 2956 7192
f 2956 1751 2964
f 7192 2964 244
f 2956 2964 7192
f 46 1967 7193
f 1967 47 1974
f 7193 1974 1619
f 1967 1974 7193
f 1593 2325 2161
f 2325 1674 7194
f 2161 7194 87
f 2325 7194 2161
f 672 4277 6949
f 4277 671 7182
f 6949 7182 1455
f 4277 7182 6949
f 1594 2594 2602
f 2594 1761 7195
f 2602 7195 182
f 2594 7195 2602
f 1594 2605 2600
f 2605 1460 6958
f 2600 6958 1526
f 2605 6958 2600
f 726 7196 4441
f 7196 1595 4445
f 4441 4445 696
f 7196 4445 4441
f 47 2162 2165
f 2162 87 7197
f 2165 7197 48
f 2162 7197 2165
f 1595 7196 4450
f 7196 726 4540
f 4450 4540 727
f 7196 4540 4450
f 1595 4449 7198
f 4449 1398 4342
f 7198 4342 697
f 4449 4342 7198
f 1386 4438 4443
f 4438 1596 7199
f 4443 7199 726
f 4438 7199 4443
f 1596 7200 7199
f 7200 1827 7201
f 7199 7201 726
f 7200 7201 7199
f 181 2597 2746
f 2597 1520 2593
f 2746 2593 180
f 2597 2593 2746
f 1597 2475 7190
f 2475 1521 2474
f 7190 2474 1517
f 2475 2474 7190
f 179 2744 2591
f 2744 180 2592
f 2591 2592 1597
f 2744 2592 2591
f 44 7202 1950
f 7202 43 7133
f 1950 7133 1937
f 7202 7133 1950
f 1598 1954 7204
f 1954 1774 7203
f 7204 7203 3
f 1954 7203 7204
f 728 4446 6855
f 4446 698 4343
f 6855 4343 1398
f 4446 4343 6855
f 1933 7205 7207
f 7205 1835 7206
f 7207 7206 729
f 7205 7206 7207
f 1599 4545 7209
f 4545 1863 7208
f 7209 7208 752
f 4545 7208 7209
f 753 4642 7210
f 4642 728 6854
f 7210 6854 1599
f 4642 6854 7210
f 45 2154 2156
f 2154 85 7211
f 2156 7211 46
f 2154 7211 2156
f 752 4548 7209
f 4548 753 7210
f 7209 7210 1599
f 4548 7210 7209
f 1601 2155 7068
f 2155 45 1963
f 7068 1963 1522
f 2155 1963 7068
f 1601 2314 2153
f 2314 1803 7212
f 2153 7212 85
f 2314 7212 2153
f 751 4627 4629
f 4627 781 6852
f 4629 6852 1602
f 4627 6852 4629
f 1602 4633 4628
f 4633 1827 7200
f 4628 7200 1596
f 4633 7200 4628
f 788 4654 7213
f 4654 757 6948
f 7213 6948 1785
f 4654 6948 7213
f 788 4658 4653
f 4658 1462 7214
f 4653 7214 1888
f 4658 7214 4653
f 1603 1989 1999
f 1989 1519 2185
f 1999 2185 52
f 1989 2185 1999
f 1939 2004 7215
f 2004 53 2193
f 7215 2193 1573
f 2004 2193 7215
f 1604 4728 6853
f 4728 782 4631
f 6853 4631 1397
f 4728 4631 6853
f 783 4729 7216
f 4729 813 4830
f 7216 4830 1605
f 4729 4830 7216
f 784 4636 6861
f 4636 783 7216
f 6861 7216 1605
f 4636 7216 6861
f 1920 4835 7218
f 4835 1608 7217
f 7218 7217 1868
f 4835 7217 7218
f 812 4822 4824
f 4822 838 6858
f 4824 6858 1607
f 4822 6858 4824
f 1604 4828 4730
f 4828 839 4934
f 4730 4934 813
f 4828 4934 4730
f 841 4939 4838
f 4939 842 7219
f 4838 7219 1608
f 4939 7219 4838
f 51 2180 2184
f 2180 91 7220
f 2184 7220 52
f 2180 7220 2184
f 846 4850 6979
f 4850 817 6977
f 6979 6977 845
f 4850 6977 6979
f 163 7221 2686
f 7221 203 7191
f 2686 7191 1610
f 7221 7191 2686
f 164 2693 7223
f 2693 204 7222
f 7223 7222 205
f 2693 7222 7223
f 99 2230 6893
f 2230 1713 2054
f 6893 2054 62
f 2230 2054 6893
f 1611 6900 2227
f 6900 1427 2484
f 2227 2484 100
f 6900 2484 2227
f 1612 5029 4936
f 5029 1616 5036
f 4936 5036 871
f 5029 5036 4936
f 1612 4935 7224
f 4935 1614 4833
f 7224 4833 840
f 4935 4833 7224
f 1613 4842 6851
f 4842 1868 7225
f 6851 7225 842
f 4842 7225 6851
f 1613 5044 4944
f 5044 1828 7226
f 4944 7226 874
f 5044 7226 4944
f 207 2697 7228
f 2697 167 7227
f 7228 7227 1615
f 2697 7227 7228
f 208 2703 2699
f 2703 168 7128
f 2699 7128 167
f 2703 7128 2699
f 165 2541 2692
f 2541 164 7223
f 2692 7223 205
f 2541 7223 2692
f 205 7222 7229
f 7222 204 2830
f 7229 2830 1622
f 7222 2830 7229
f 840 4832 7230
f 4832 841 4837
f 7230 4837 1902
f 4832 4837 7230
f 1614 5037 6850
f 5037 1829 7231
f 6850 7231 872
f 5037 7231 6850
f 167 2549 7227
f 2549 166 7232
f 7227 7232 1615
f 2549 7232 7227
f 1615 2838 7228
f 2838 246 2843
f 7228 2843 207
f 2838 2843 7228
f 870 5027 6859
f 5027 901 7233
f 6859 7233 1616
f 5027 7233 6859
f 248 2968 2973
f 2968 287 3103
f 2973 3103 288
f 2968 3103 2973
f 1603 1998 2006
f 1998 1617 2188
f 2006 2188 53
f 1998 2188 2006
f 1617 2342 7234
f 2342 126 2344
f 7234 2344 127
f 2342 2344 7234
f 108 2271 6895
f 2271 1795 2106
f 6895 2106 72
f 2271 2106 6895
f 1618 2513 2268
f 2513 1426 2518
f 2268 2518 141
f 2513 2518 2268
f 1619 1959 7193
f 1959 1542 2157
f 7193 2157 46
f 1959 2157 7193
f 1619 1973 1965
f 1973 1580 7162
f 1965 7162 7
f 1973 7162 1965
f 102 2375 2380
f 2375 133 2381
f 2380 2381 134
f 2375 2381 2380
f 134 2492 2379
f 2492 1833 6876
f 2379 6876 1408
f 2492 6876 2379
f 933 7235 7236
f 7235 903 5039
f 7236 5039 1896
f 7235 5039 7236
f 934 5152 5149
f 5152 904 7237
f 5149 7237 933
f 5152 7237 5149
f 246 2840 7239
f 2840 206 7238
f 7239 7238 1763
f 2840 7238 7239
f 16 7240 2014
f 7240 15 7241
f 2014 7241 1620
f 7240 7241 2014
f 55 2195 2198
f 2195 93 7242
f 2198 7242 56
f 2195 7242 2198
f 1621 5030 5143
f 5030 1616 7233
f 5143 7233 901
f 5030 7233 5143
f 1621 5243 7243
f 5243 1402 5249
f 7243 5249 932
f 5243 5249 7243
f 244 2828 7192
f 2828 204 2688
f 7192 2688 1592
f 2828 2688 7192
f 1622 7244 7229
f 7244 206 2690
f 7229 2690 205
f 7244 2690 7229
f 903 7235 7245
f 7235 933 7237
f 7245 7237 904
f 7235 7237 7245
f 908 6989 5163
f 6989 1476 5166
f 5163 5166 1623
f 6989 5166 5163
f 53 2187 2191
f 2187 92 2196
f 2191 2196 54
f 2187 2196 2191
f 970 5367 5248
f 5367 971 5252
f 5248 5252 932
f 5367 5252 5248
f 106 2257 6906
f 2257 107 2262
f 6906 2262 70
f 2257 2262 6906
f 1624 2505 2394
f 2505 1435 2512
f 2394 2512 139
f 2505 2512 2394
f 1402 5245 5250
f 5245 1625 7246
f 5250 7246 970
f 5245 7246 5250
f 1625 6871 7246
f 6871 1572 7247
f 7246 7247 970
f 6871 7247 7246
f 103 2385 2246
f 2385 135 6911
f 2246 6911 1439
f 2385 6911 2246
f 104 2390 2250
f 2390 136 2499
f 2250 2499 137
f 2390 2499 2250
f 972 5253 6869
f 5253 934 5148
f 6869 5148 1404
f 5253 5148 6869
f 973 7248 5261
f 7248 935 7249
f 5261 7249 1626
f 7248 7249 5261
f 1627 3068 3074
f 3068 1861 3197
f 3074 3197 320
f 3068 3197 3074
f 1627 3079 7006
f 3079 1892 7250
f 7006 7250 282
f 3079 7250 7006
f 58 2031 7100
f 2031 59 2038
f 7100 2038 1544
f 2031 2038 7100
f 1628 2358 2209
f 2358 1789 7251
f 2209 7251 97
f 2358 7251 2209
f 1629 5372 6865
f 5372 1860 7252
f 6865 7252 1008
f 5372 7252 6865
f 1009 5380 6864
f 5380 972 6868
f 6864 6868 1629
f 5380 6868 6864
f 977 5276 6997
f 5276 976 6998
f 6997 6998 1630
f 5276 6998 6997
f 1631 2938 3061
f 2938 1482 7002
f 3061 7002 278
f 2938 7002 3061
f 1399 3189 6857
f 3189 1631 3060
f 6857 3060 317
f 3189 3060 6857
f 56 2020 7099
f 2020 57 2027
f 7099 2027 1543
f 2020 2027 7099
f 1632 2353 2203
f 2353 1775 7253
f 2203 7253 95
f 2353 7253 2203
f 1633 7147 5497
f 7147 1046 5619
f 5497 5619 1047
f 7147 5619 5497
f 1008 5502 5376
f 5502 1048 5624
f 5376 5624 1403
f 5502 5624 5376
f 1634 5500 5505
f 5500 1403 6867
f 5505 6867 1881
f 5500 6867 5505
f 1049 7254 5507
f 7254 1010 7255
f 5507 7255 1634
f 7254 7255 5507
f 145 2524 2428
f 2524 160 2534
f 2428 2534 146
f 2524 2534 2428
f 1635 5492 5617
f 5492 1405 6870
f 5617 6870 1045
f 5492 6870 5617
f 1635 5739 7256
f 5739 1638 5748
f 7256 5748 1859
f 5739 5748 7256
f 143 2419 2415
f 2419 1884 6878
f 2415 6878 1409
f 2419 6878 2415
f 57 2204 2207
f 2204 95 7257
f 2207 7257 58
f 2204 7257 2207
f 1087 6866 7258
f 6866 1403 5623
f 7258 5623 1636
f 6866 5623 7258
f 1637 3215 6996
f 3215 1883 7259
f 6996 7259 326
f 3215 7259 6996
f 358 3312 7260
f 3312 357 3309
f 7260 3309 1893
f 3312 3309 7260
f 110 2406 2408
f 2406 142 2409
f 2408 2409 1852
f 2406 2409 2408
f 1085 5738 5740
f 5738 1124 6862
f 5740 6862 1638
f 5738 6862 5740
f 1639 7261 7262
f 7261 1087 7258
f 7262 7258 1636
f 7261 7258 7262
f 1127 5877 5756
f 5877 1128 7263
f 5756 7263 1639
f 5877 7263 5756
f 117 7264 2438
f 7264 148 7155
f 2438 7155 1640
f 7264 7155 2438
f 118 2442 7265
f 2442 149 2445
f 7265 2445 1648
f 2442 2445 7265
f 1132 5767 7014
f 5767 1091 7012
f 7014 7012 1131
f 5767 7012 7014
f 1641 5778 7266
f 5778 1486 7007
f 7266 7007 1092
f 5778 7007 7266
f 359 3198 6842
f 3198 321 6839
f 6842 6839 1394
f 3198 6839 6842
f 360 7267 3204
f 7267 322 7268
f 3204 7268 1642
f 7267 7268 3204
f 1643 6863 5873
f 6863 1541 6022
f 5873 6022 1164
f 6863 6022 5873
f 1643 5872 7269
f 5872 1647 5750
f 7269 5750 1126
f 5872 5750 7269
f 1644 5759 6849
f 5759 1899 5753
f 6849 5753 1128
f 5759 5753 6849
f 1644 6035 5881
f 6035 1850 7270
f 5881 7270 1167
f 6035 7270 5881
f 1645 3192 3311
f 3192 1399 6856
f 3311 6856 356
f 3192 6856 3311
f 60 2042 7168
f 2042 61 2049
f 7168 2049 1582
f 2042 2049 7168
f 1126 5755 5746
f 5755 1639 7271
f 5746 7271 1086
f 5755 7271 5746
f 1647 6027 6848
f 6027 1882 7272
f 6848 7272 1165
f 6027 7272 6848
f 1648 7273 7265
f 7273 119 2306
f 7265 2306 118
f 7273 2306 7265
f 366 3222 3341
f 3222 365 3346
f 3341 3346 401
f 3222 3346 3341
f 120 2317 7274
f 2317 121 2323
f 7274 2323 1803
f 2317 2323 7274
f 121 2319 7146
f 2319 150 2544
f 7146 2544 1570
f 2319 2544 7146
f 395 3325 3322
f 3325 359 6841
f 3322 6841 1810
f 3325 6841 3322
f 1207 6045 7030
f 6045 1170 7027
f 7030 7027 1206
f 6045 7027 7030
f 1650 6056 7275
f 6056 1493 7025
f 7275 7025 1171
f 6056 7025 7275
f 123 2450 2455
f 2450 152 7134
f 2455 7134 1651
f 2450 7134 2455
f 124 7276 2336
f 7276 1651 2562
f 2336 2562 1662
f 7276 2562 2336
f 1809 3338 7277
f 3338 400 3345
f 7277 3345 364
f 3338 3345 7277
f 365 3343 3347
f 3343 400 7044
f 3347 7044 1649
f 3343 7044 3347
f 122 2327 7278
f 2327 123 2333
f 7278 2333 1674
f 2327 2333 7278
f 1653 2553 2449
f 2553 168 7163
f 2449 7163 152
f 2553 7163 2449
f 1176 5914 7060
f 5914 1175 6823
f 7060 6823 1858
f 5914 6823 7060
f 1654 2451 7279
f 2451 1653 2328
f 7279 2328 122
f 2451 2328 7279
f 1655 3207 3333
f 3207 1802 7280
f 3333 7280 361
f 3207 7280 3333
f 1655 3437 7089
f 3437 1501 3446
f 7089 3446 398
f 3437 3446 7089
f 67 2244 2247
f 2244 104 7281
f 2247 7281 68
f 2244 7281 2247
f 1252 6387 7282
f 6387 1251 6383
f 7282 6383 1710
f 6387 6383 7282
f 1656 6698 6705
f 6698 1869 7283
f 6705 7283 1351
f 6698 7283 6705
f 1656 6711 6931
f 6711 1808 7284
f 6931 7284 1322
f 6711 7284 6931
f 607 4044 7285
f 4044 608 4050
f 7285 4050 1670
f 4044 4050 7285
f 639 7286 4153
f 7286 1864 4258
f 4153 4258 666
f 7286 4258 4153
f 1317 6917 6683
f 6917 1316 7287
f 6683 7287 1658
f 6917 7287 6683
f 1346 7288 6685
f 7288 1347 7289
f 6685 7289 1658
f 7288 7289 6685
f 1659 1970 7290
f 1970 1580 2166
f 7290 2166 48
f 1970 2166 7290
f 1659 1984 1976
f 1984 1432 6910
f 1976 6910 9
f 1984 6910 1976
f 1315 6508 6667
f 6508 1438 7291
f 6667 7291 1660
f 6508 7291 6667
f 1661 3315 3428
f 3315 1893 7292
f 3428 7292 394
f 3315 7292 3428
f 124 2335 7294
f 2335 1571 7293
f 7294 7293 1788
f 2335 7293 7294
f 1663 4059 4164
f 4059 1568 7143
f 4164 7143 611
f 4059 7143 4164
f 1663 4267 7295
f 4267 1584 4276
f 7295 4276 643
f 4267 4276 7295
f 1849 4169 7296
f 4169 645 4176
f 7296 4176 614
f 4169 4176 7296
f 615 4174 4178
f 4174 645 7189
f 4178 7189 1798
f 4174 7189 4178
f 1664 6677 6678
f 6677 1739 7297
f 6678 7297 1345
f 6677 7297 6678
f 1664 6684 6926
f 6684 1658 7287
f 6926 7287 1316
f 6684 7287 6926
f 1259 6241 6424
f 6241 1258 7298
f 6424 7298 1665
f 6241 7298 6424
f 1296 6578 6942
f 6578 1295 6574
f 6942 6574 1450
f 6578 6574 6942
f 1666 4054 6945
f 4054 1678 7299
f 6945 7299 609
f 4054 7299 6945
f 1666 4262 4156
f 4262 1820 7300
f 4156 7300 641
f 4262 7300 4156
f 34 7301 2110
f 7301 33 7302
f 2110 7302 1667
f 7301 7302 2110
f 425 3430 6892
f 3430 395 3321
f 6892 3321 1421
f 3430 3321 6892
f 426 7303 3436
f 7303 396 7304
f 3436 7304 1668
f 7303 7304 3436
f 551 3858 7123
f 3858 550 7107
f 7123 7107 1669
f 3858 7107 7123
f 1669 4067 7124
f 4067 1706 7305
f 7124 7305 582
f 4067 7305 7124
f 576 4143 4043
f 4143 607 7285
f 4043 7285 1670
f 4143 7285 4043
f 1670 4049 4041
f 4049 1453 3947
f 4041 3947 1430
f 4049 3947 4041
f 78 2138 7306
f 2138 79 2142
f 7306 2142 1726
f 2138 2142 7306
f 1671 2422 2293
f 2422 1895 2430
f 2293 2430 114
f 2422 2430 2293
f 1672 6213 6220
f 6213 1695 6398
f 6220 6398 1254
f 6213 6398 6220
f 1672 6226 6889
f 6226 1696 7307
f 6889 7307 1218
f 6226 7307 6889
f 130 7308 2480
f 7308 1761 2596
f 2480 2596 1673
f 7308 2596 2480
f 131 7309 2369
f 7309 1673 2601
f 2369 2601 1526
f 7309 2601 2369
f 86 2321 2326
f 2321 122 7278
f 2326 7278 1674
f 2321 7278 2326
f 1674 2332 7194
f 2332 1750 2168
f 7194 2168 87
f 2332 2168 7194
f 1675 2097 7310
f 2097 1425 2265
f 7310 2265 72
f 2097 2265 7310
f 1675 2111 2103
f 2111 1667 7302
f 2103 7302 33
f 2111 7302 2103
f 1676 4256 4341
f 4256 1864 7311
f 4341 7311 1819
f 4256 7311 4341
f 1676 4444 6954
f 4444 1595 7198
f 6954 7198 697
f 4444 7198 6954
f 119 7273 2311
f 7273 1648 7312
f 2311 7312 120
f 7273 7312 2311
f 120 7312 2318
f 7312 1648 2444
f 2318 2444 150
f 7312 2444 2318
f 1677 2434 6959
f 2434 1813 7313
f 6959 7313 146
f 2434 7313 6959
f 1677 2679 2531
f 2679 1784 7314
f 2531 7314 162
f 2679 7314 2531
f 1678 4047 7299
f 4047 1453 6946
f 7299 6946 609
f 4047 6946 7299
f 610 7315 4056
f 7315 578 7316
f 4056 7316 1678
f 7315 7316 4056
f 1491 7317 6074
f 7317 1758 7318
f 6074 7318 1214
f 7317 7318 6074
f 1758 7317 6375
f 7317 1491 7086
f 6375 7086 1890
f 7317 7086 6375
f 68 2252 7319
f 2252 69 2090
f 7319 2090 1736
f 2252 2090 7319
f 106 2392 7321
f 2392 105 7320
f 7321 7320 138
f 2392 7320 7321
f 141 2401 2272
f 2401 1840 7322
f 2272 7322 1795
f 2401 7322 2272
f 1680 6181 6188
f 6181 1691 6353
f 6188 6353 1246
f 6181 6353 6188
f 1680 6194 7031
f 6194 1692 7323
f 7031 7323 1211
f 6194 7323 7031
f 1244 6173 7325
f 6173 1208 7324
f 7325 7324 1876
f 6173 7324 7325
f 1681 6184 7026
f 6184 1691 7326
f 7026 7326 1209
f 6184 7326 7026
f 1682 6880 3530
f 6880 1689 3316
f 3530 3316 1661
f 6880 3316 3530
f 460 6881 3651
f 6881 1682 3533
f 3651 3533 1772
f 6881 3533 3651
f 1683 6042 6169
f 6042 1490 7019
f 6169 7019 1205
f 6042 7019 6169
f 1683 6337 7327
f 6337 1708 6343
f 7327 6343 1688
f 6337 6343 7327
f 1684 3844 3849
f 3844 1441 6924
f 3849 6924 1716
f 3844 6924 3849
f 547 7328 3851
f 7328 517 7329
f 3851 7329 1684
f 7328 7329 3851
f 118 2305 7330
f 2305 83 2148
f 7330 2148 1720
f 2305 2148 7330
f 1257 6231 6414
f 6231 1256 7331
f 6414 7331 1685
f 6231 7331 6414
f 1294 6568 6904
f 6568 1293 6563
f 6904 6563 1429
f 6568 6563 6904
f 154 2626 7332
f 2626 153 2622
f 7332 2622 1770
f 2626 2622 7332
f 1686 3434 3546
f 3434 1668 3431
f 3546 3431 425
f 3434 3431 3546
f 1686 3654 3542
f 3654 1701 7333
f 3542 7333 462
f 3654 7333 3542
f 128 2350 7335
f 2350 1771 7334
f 7335 7334 1823
f 2350 7334 7335
f 1688 7028 7327
f 7028 1206 6043
f 7327 6043 1683
f 7028 6043 7327
f 1688 6172 7029
f 6172 1876 7336
f 7029 7336 1207
f 6172 7336 7029
f 1282 6357 7338
f 6357 1247 7337
f 7338 7337 1748
f 6357 7337 7338
f 1690 6368 7340
f 6368 1816 7339
f 7340 7339 1248
f 6368 7339 7340
f 1210 6059 6183
f 6059 1209 7326
f 6183 7326 1691
f 6059 7326 6183
f 1246 6352 7341
f 6352 1245 6347
f 7341 6347 1709
f 6352 6347 7341
f 1212 6066 7342
f 6066 1211 7323
f 7342 7323 1692
f 6066 7323 7342
f 1692 6362 7343
f 6362 1690 7340
f 7343 7340 1248
f 6362 7340 7343
f 430 3447 7344
f 3447 429 7035
f 7344 7035 1693
f 3447 7035 7344
f 1693 3665 7344
f 3665 1898 7063
f 7344 7063 430
f 3665 7063 7344
f 494 3678 3674
f 3678 466 3564
f 3674 3564 1523
f 3678 3564 3674
f 100 2483 2231
f 2483 132 2377
f 2231 2377 1713
f 2483 2377 2231
f 459 3528 6891
f 3528 1661 3429
f 6891 3429 1420
f 3528 3429 6891
f 1217 6080 6215
f 6080 1216 7345
f 6215 7345 1695
f 6080 7345 6215
f 1254 6397 7347
f 6397 1253 7346
f 7347 7346 1711
f 6397 7346 7347
f 1219 6087 6225
f 6087 1218 7307
f 6225 7307 1696
f 6087 7307 6225
f 1256 6407 7348
f 6407 1255 6403
f 7348 6403 1712
f 6407 6403 7348
f 1697 6223 6230
f 6223 1696 6408
f 6230 6408 1256
f 6223 6408 6230
f 1697 6236 6887
f 6236 1839 7349
f 6887 7349 1220
f 6236 7349 6887
f 1699 4138 4145
f 4138 1452 4250
f 4145 4250 638
f 4138 4250 4145
f 1699 4148 7350
f 4148 1657 4045
f 7350 4045 607
f 4148 4045 7350
f 1700 6233 6240
f 6233 1839 6418
f 6240 6418 1258
f 6233 6418 6240
f 1700 6246 6873
f 6246 1524 7070
f 6873 7070 1222
f 6246 7070 6873
f 488 3648 6913
f 3648 461 3540
f 6913 3540 1434
f 3648 3540 6913
f 489 7351 3657
f 7351 462 7333
f 3657 7333 1701
f 7351 7333 3657
f 429 3442 7036
f 3442 399 7034
f 7036 7034 428
f 3442 7034 7036
f 1703 3773 3669
f 3773 1540 3865
f 3669 3865 493
f 3773 3865 3669
f 150 2446 2545
f 2446 149 7154
f 2545 7154 1704
f 2446 7154 2545
f 166 2695 7352
f 2695 165 2691
f 7352 2691 206
f 2695 2691 7352
f 643 4159 7295
f 4159 612 4060
f 7295 4060 1663
f 4159 4060 7295
f 1705 4167 7354
f 4167 1849 7353
f 7354 7353 613
f 4167 7353 7354
f 65 2238 2241
f 2238 103 2245
f 2241 2245 66
f 2238 2245 2241
f 613 4062 7354
f 4062 581 7137
f 7354 7137 1705
f 4062 7137 7354
f 1706 4073 7305
f 4073 1560 7130
f 7305 7130 582
f 4073 7130 7305
f 1852 2411 7356
f 2411 1419 7355
f 7356 7355 1707
f 2411 7355 7356
f 143 2522 2420
f 2522 157 2662
f 2420 2662 1458
f 2522 2662 2420
f 1451 6943 4255
f 6943 696 4339
f 4255 4339 1819
f 6943 4339 4255
f 1242 7357 6168
f 7357 1936 6338
f 6168 6338 1683
f 7357 6338 6168
f 1709 6346 6354
f 6346 1791 6511
f 6354 6511 1280
f 6346 6511 6354
f 1709 6360 7341
f 6360 1748 7358
f 7341 7358 1246
f 6360 7358 7341
f 73 2270 2273
f 2270 109 7359
f 2273 7359 74
f 2270 7359 2273
f 465 3553 7360
f 3553 464 3663
f 7360 3663 491
f 3553 3663 7360
f 491 3764 7360
f 3764 1538 7361
f 7360 7361 465
f 3764 7361 7360
f 84 2315 1949
f 2315 1601 2151
f 1949 2151 44
f 2315 2151 1949
f 1710 6382 6390
f 6382 1783 6540
f 6390 6540 1288
f 6382 6540 6390
f 1710 6395 7282
f 6395 1885 7362
f 7282 7362 1252
f 6395 7362 7282
f 1253 6394 7346
f 6394 1290 6936
f 7346 6936 1711
f 6394 6936 7346
f 1711 6405 7347
f 6405 1773 7363
f 7347 7363 1254
f 6405 7363 7347
f 1712 6402 6409
f 6402 1773 6558
f 6409 6558 1292
f 6402 6558 6409
f 1712 6415 7348
f 6415 1685 7331
f 7348 7331 1256
f 6415 7331 7348
f 62 2053 7364
f 2053 63 2060
f 7364 2060 1760
f 2053 2060 7364
f 1714 2431 7366
f 2431 1813 7365
f 7366 7365 116
f 2431 7365 7366
f 70 2094 7367
f 2094 71 2101
f 7367 2101 1722
f 2094 2101 7367
f 1715 2396 2260
f 2396 1815 7368
f 2260 7368 108
f 2396 7368 2260
f 1716 4052 3949
f 4052 1678 7316
f 3949 7316 578
f 4052 7316 3949
f 20 7369 2036
f 7369 19 7101
f 2036 7101 1717
f 7369 7101 2036
f 1718 1981 7370
f 1981 1432 2175
f 7370 2175 50
f 1981 2175 7370
f 1718 1992 1987
f 1992 1519 1991
f 1987 1991 11
f 1992 1991 1987
f 1171 5892 7372
f 5892 1133 7371
f 7372 7371 1875
f 5892 7371 7372
f 1719 5902 7009
f 5902 1806 7373
f 7009 7373 1134
f 5902 7373 7009
f 1724 3220 7375
f 3220 366 7374
f 7375 7374 327
f 3220 7374 7375
f 366 3226 7374
f 3226 328 6994
f 7374 6994 327
f 3226 6994 7374
f 1720 2147 2310
f 2147 1562 7376
f 2310 7376 82
f 2147 7376 2310
f 1720 2437 7330
f 2437 1640 2443
f 7330 2443 118
f 2437 2443 7330
f 1721 5764 5889
f 5764 1489 7017
f 5889 7017 1130
f 5764 7017 5889
f 1721 6040 7377
f 6040 1490 6049
f 7377 6049 1169
f 6040 6049 7377
f 1722 2086 7367
f 2086 1465 2256
f 7367 2256 70
f 2086 2256 7367
f 1722 2100 2092
f 2100 1425 6897
f 2092 6897 31
f 2100 6897 2092
f 463 7378 3659
f 7378 490 7092
f 3659 7092 1723
f 7378 7092 3659
f 327 3097 7375
f 3097 326 7379
f 7375 7379 1724
f 3097 7379 7375
f 1724 3219 3221
f 3219 364 3344
f 3221 3344 365
f 3219 3344 3221
f 1725 2425 7381
f 2425 1895 7380
f 7381 7380 144
f 2425 7380 7381
f 1725 2669 2523
f 2669 1757 2678
f 2523 2678 160
f 2669 2678 2523
f 325 3089 7382
f 3089 324 3213
f 7382 3213 362
f 3089 3213 7382
f 362 3330 7383
f 3330 1535 7091
f 7383 7091 363
f 3330 7091 7383
f 144 2525 7381
f 2525 159 2670
f 7381 2670 1725
f 2525 2670 7381
f 607 4142 7350
f 4142 606 4139
f 7350 4139 1699
f 4142 4139 7350
f 1726 2130 7306
f 2130 1781 2292
f 7306 2292 78
f 2130 2292 7306
f 1726 2141 2136
f 2141 1483 7384
f 2136 7384 39
f 2141 7384 2136
f 1727 2815 2665
f 2815 1767 7385
f 2665 7385 199
f 2815 7385 2665
f 1728 2555 2563
f 2555 1564 7135
f 2563 7135 170
f 2555 7135 2563
f 1728 2569 2561
f 2569 1461 6960
f 2561 6960 1662
f 2569 6960 2561
f 1055 5523 5649
f 5523 1054 7386
f 5649 7386 1729
f 5523 7386 5649
f 1094 5776 5783
f 5776 1134 7387
f 5783 7387 1135
f 5776 7387 5783
f 91 7388 7220
f 7388 1730 2189
f 7220 2189 52
f 7388 2189 7220
f 1730 2460 2343
f 2460 1497 2466
f 2343 2466 126
f 2460 2466 2343
f 172 2566 6961
f 2566 1698 2457
f 6961 2457 1461
f 2566 2457 6961
f 1092 5636 7390
f 5636 1053 7389
f 7390 7389 1874
f 5636 7389 7390
f 1731 5647 7391
f 5647 1729 7386
f 7391 7386 1054
f 5647 7386 7391
f 1090 5628 7392
f 5628 1051 5511
f 7392 5511 1733
f 5628 5511 7392
f 1732 5639 7394
f 5639 1874 7393
f 7394 7393 1052
f 5639 7393 7394
f 546 3842 6905
f 3842 545 7395
f 6905 7395 1430
f 3842 7395 6905
f 1733 5510 5633
f 5510 1740 7396
f 5633 7396 1050
f 5510 7396 5633
f 1733 5762 7392
f 5762 1489 5771
f 7392 5771 1090
f 5762 5771 7392
f 1734 5641 7397
f 5641 1731 7391
f 7397 7391 1054
f 5641 7391 7397
f 671 4272 7183
f 4272 644 7181
f 7183 7181 670
f 4272 7181 7183
f 1013 5389 7398
f 5389 1012 5516
f 7398 5516 1051
f 5389 5516 7398
f 1051 5630 7399
f 5630 1732 7394
f 7399 7394 1052
f 5630 7394 7399
f 1736 2078 7319
f 2078 1741 2248
f 7319 2248 68
f 2078 2248 7319
f 1736 2089 2084
f 2089 1465 6968
f 2084 6968 29
f 2089 6968 2084
f 1737 4567 7401
f 4567 732 7400
f 7401 7400 1888
f 4567 7400 7401
f 1738 6681 6686
f 6681 1658 7289
f 6686 7289 1347
f 6681 7289 6686
f 1738 6691 6935
f 6691 1857 7402
f 6935 7402 1318
f 6691 7402 6935
f 1344 7403 6675
f 7403 1345 7297
f 6675 7297 1739
f 7403 7297 6675
f 287 2967 3101
f 2967 247 7404
f 3101 7404 1479
f 2967 7404 3101
f 1011 7405 5509
f 7405 1050 7396
f 5509 7396 1740
f 7405 7396 5509
f 28 7406 2080
f 7406 27 7015
f 2080 7015 1741
f 7406 7015 2080
f 978 5273 5396
f 5273 939 5169
f 5396 5169 1793
f 5273 5169 5396
f 113 2423 7407
f 2423 1671 2139
f 7407 2139 78
f 2423 2139 7407
f 938 5161 7408
f 5161 937 5269
f 7408 5269 975
f 5161 5269 7408
f 975 5385 7408
f 5385 1480 7409
f 7408 7409 938
f 5385 7409 7408
f 1742 6708 6715
f 6708 1808 7410
f 6715 7410 1353
f 6708 7410 6715
f 1742 6721 6941
f 6721 1866 7411
f 6941 7411 1324
f 6721 7411 6941
f 1743 6718 6724
f 6718 1866 7412
f 6724 7412 1355
f 6718 7412 6724
f 1743 6727 6938
f 6727 1786 7413
f 6938 7413 1326
f 6727 7413 6938
f 1744 6560 6732
f 6560 1786 7414
f 6732 7414 1357
f 6560 7414 6732
f 85 2158 7211
f 2158 86 2163
f 7211 2163 46
f 2158 2163 7211
f 1745 2447 2320
f 2447 1654 7279
f 2320 7279 122
f 2447 7279 2320
f 1746 2001 7415
f 2001 1573 2192
f 7415 2192 54
f 2001 2192 7415
f 1746 2015 2007
f 2015 1620 7241
f 2007 7241 15
f 2015 7241 2007
f 1747 2648 7417
f 2648 1756 7416
f 7417 7416 1679
f 2648 7416 7417
f 195 2802 2650
f 2802 196 6963
f 2650 6963 1747
f 2802 6963 2650
f 1247 6189 7337
f 6189 1246 7358
f 7337 7358 1748
f 6189 7358 7337
f 1748 6517 7338
f 6517 1316 6919
f 7338 6919 1282
f 6517 6919 7338
f 241 2947 2952
f 2947 282 7418
f 2952 7418 1749
f 2947 7418 2952
f 283 7419 2955
f 7419 242 7420
f 2955 7420 1749
f 7419 7420 2955
f 245 3087 2961
f 3087 1481 7001
f 2961 7001 286
f 3087 7001 2961
f 87 2167 7197
f 2167 88 2172
f 7197 2172 48
f 2167 2172 7197
f 1750 2454 2330
f 2454 1651 7276
f 2330 7276 124
f 2454 7276 2330
f 240 2942 2943
f 2942 239 3063
f 2943 3063 280
f 2942 3063 2943
f 243 7421 2957
f 7421 284 7005
f 2957 7005 1751
f 7421 7005 2957
f 244 2963 2834
f 2963 285 3088
f 2834 3088 245
f 2963 3088 2834
f 177 2583 2731
f 2583 1579 7422
f 2731 7422 176
f 2583 7422 2731
f 849 4862 4957
f 4862 848 4959
f 4957 4959 879
f 4862 4959 4957
f 876 4947 7423
f 4947 845 4848
f 7423 4848 1776
f 4947 4848 7423
f 878 4956 7425
f 4956 847 7424
f 7425 7424 1865
f 4956 7424 7425
f 878 5062 6974
f 5062 1752 4960
f 6974 4960 848
f 5062 4960 6974
f 1754 2682 6966
f 2682 1784 7426
f 6966 7426 201
f 2682 7426 6966
f 1754 2950 2824
f 2950 1749 7420
f 2824 7420 242
f 2950 7420 2824
f 206 2839 7352
f 2839 1615 7232
f 7352 7232 166
f 2839 7232 7352
f 98 2364 2222
f 2364 131 7074
f 2222 7074 1646
f 2364 7074 2222
f 1646 7073 2219
f 7073 1611 2226
f 2219 2226 99
f 7073 2226 2219
f 136 2389 2500
f 2389 1433 7427
f 2500 7427 1755
f 2389 7427 2500
f 137 2504 7428
f 2504 153 2628
f 7428 2628 138
f 2504 2628 7428
f 1840 2403 7429
f 2403 1679 7416
f 7429 7416 1756
f 2403 7416 7429
f 142 2651 2410
f 2651 1463 6964
f 2410 6964 1419
f 2651 6964 2410
f 159 6986 2671
f 6986 199 7430
f 2671 7430 1757
f 6986 7430 2671
f 160 2677 2528
f 2677 200 2819
f 2528 2819 1473
f 2677 2819 2528
f 575 3936 6908
f 3936 544 3837
f 6908 3837 1431
f 3936 3837 6908
f 545 3941 7395
f 3941 576 4042
f 7395 4042 1430
f 3941 4042 7395
f 1832 4747 7431
f 4747 818 4754
f 7431 4754 789
f 4747 4754 7431
f 790 4752 4756
f 4752 818 6971
f 4756 6971 1777
f 4752 6971 4756
f 159 2527 6987
f 2527 1458 2661
f 6987 2661 158
f 2527 2661 6987
f 1758 6385 7318
f 6385 1783 7432
f 7318 7432 1214
f 6385 7432 7318
f 1759 2519 2659
f 2519 1707 7355
f 2659 7355 1419
f 2519 7355 2659
f 197 2807 2658
f 2807 198 6985
f 2658 6985 1759
f 2807 6985 2658
f 1760 2045 7364
f 2045 1466 2224
f 7364 2224 62
f 2045 2224 7364
f 1760 2059 2051
f 2059 1769 7433
f 2051 7433 23
f 2059 7433 2051
f 1761 7308 2599
f 7308 130 2362
f 2599 2362 1520
f 7308 2362 2599
f 181 2752 2598
f 2752 182 7195
f 2598 7195 1761
f 2752 7195 2598
f 550 7106 7108
f 7106 519 3860
f 7108 3860 549
f 7106 3860 7108
f 551 3961 7434
f 3961 1550 7112
f 7434 7112 521
f 3961 7112 7434
f 909 7435 7436
f 7435 1865 5059
f 7436 5059 908
f 7435 5059 7436
f 910 5069 5065
f 5069 879 4961
f 5065 4961 1752
f 5069 4961 5065
f 700 7437 4454
f 7437 730 7438
f 4454 7438 1762
f 7437 7438 4454
f 206 7244 7238
f 7244 1622 2836
f 7238 2836 1763
f 7244 2836 7238
f 1763 2965 7239
f 2965 1796 7439
f 7239 7439 246
f 2965 7439 7239
f 759 4661 4665
f 4661 758 4657
f 4665 4657 791
f 4661 4657 4665
f 756 4556 7440
f 4556 731 4456
f 7440 4456 1765
f 4556 4456 7440
f 1764 4564 7441
f 4564 1888 7400
f 7441 7400 732
f 4564 7400 7441
f 1765 4455 4561
f 4455 1762 7438
f 4561 7438 730
f 4455 7438 4561
f 1765 4646 7440
f 4646 1457 4652
f 7440 4652 756
f 4646 4652 7440
f 908 5165 7436
f 5165 1475 6988
f 7436 6988 909
f 5165 6988 7436
f 1766 4566 4464
f 4566 1737 4573
f 4464 4573 733
f 4566 4573 4464
f 734 4472 4468
f 4472 703 4370
f 4468 4370 1459
f 4472 4370 4468
f 1767 2672 7385
f 2672 1757 7430
f 7385 7430 199
f 2672 7430 7385
f 1768 2494 2617
f 2494 1797 7442
f 2617 7442 1437
f 2494 7442 2617
f 187 2774 2616
f 2774 188 2618
f 2616 2618 1768
f 2774 2618 2616
f 24 7443 2058
f 7443 23 7433
f 2058 7433 1769
f 7443 7433 2058
f 139 6914 7444
f 6914 140 2399
f 7444 2399 1815
f 6914 2399 7444
f 156 2635 6973
f 2635 155 7445
f 6973 7445 193
f 2635 7445 6973
f 1770 2621 2629
f 2621 1799 7446
f 2629 7446 190
f 2621 7446 2629
f 191 2632 2631
f 2632 154 7332
f 2631 7332 1770
f 2632 7332 2631
f 93 2205 7242
f 2205 1632 2021
f 7242 2021 56
f 2205 2021 7242
f 1771 2471 2202
f 2471 1503 7046
f 2202 7046 94
f 2471 7046 2202
f 50 2181 7370
f 2181 51 1993
f 7370 1993 1718
f 2181 1993 7370
f 91 2338 7447
f 2338 90 2458
f 7447 2458 125
f 2338 2458 7447
f 1255 6221 6404
f 6221 1254 7363
f 6404 7363 1773
f 6221 7363 6404
f 1292 6557 6567
f 6557 1291 6929
f 6567 6929 1444
f 6557 6929 6567
f 4 7448 1953
f 7448 3 7203
f 1953 7203 1774
f 7448 7203 1953
f 1467 2649 2516
f 2649 1747 7417
f 2516 7417 1679
f 2649 7417 2516
f 75 2279 2282
f 2279 111 7449
f 2282 7449 76
f 2279 7449 2282
f 1775 2355 7253
f 2355 96 2212
f 7253 2212 95
f 2355 2212 7253
f 1776 4847 4952
f 4847 1469 6976
f 4952 6976 844
f 4847 6976 4952
f 1776 5049 7423
f 5049 1787 5055
f 7423 5055 876
f 5049 5055 7423
f 791 4656 4750
f 4656 790 4755
f 4750 4755 819
f 4656 4755 4750
f 545 7450 3942
f 7450 1782 3840
f 3942 3840 544
f 7450 3840 3942
f 515 3846 3755
f 3846 546 3945
f 3755 3945 1441
f 3846 3945 3755
f 1360 7451 6743
f 7451 1361 7169
f 6743 7169 1779
f 7451 7169 6743
f 26 7452 2069
f 7452 25 7011
f 2069 7011 1780
f 7452 7011 2069
f 38 7453 2132
f 7453 37 6894
f 2132 6894 1781
f 7453 6894 2132
f 78 2291 7407
f 2291 77 2288
f 7407 2288 113
f 2291 2288 7407
f 1782 7450 3747
f 7450 545 3841
f 3747 3841 1778
f 7450 3841 3747
f 1251 6206 6384
f 6206 1214 7432
f 6384 7432 1783
f 6206 7432 6384
f 1288 6539 6940
f 6539 1287 6535
f 6940 6535 1448
f 6539 6535 6940
f 161 2676 2681
f 2676 201 7426
f 2681 7426 1784
f 2676 7426 2681
f 202 7454 2684
f 7454 162 7314
f 2684 7314 1784
f 7454 7314 2684
f 816 4737 7455
f 4737 787 4649
f 7455 4649 1790
f 4737 4649 7455
f 1785 4745 7213
f 4745 1832 7456
f 7213 7456 788
f 4745 7456 7213
f 1786 6559 7413
f 6559 1444 6928
f 7413 6928 1326
f 6559 6928 7413
f 1356 7457 6728
f 7457 1357 7414
f 6728 7414 1786
f 7457 7414 6728
f 875 7458 5050
f 7458 906 6983
f 5050 6983 1787
f 7458 6983 5050
f 877 4953 7459
f 4953 876 5054
f 7459 5054 907
f 4953 5054 7459
f 907 5157 7459
f 5157 1476 6990
f 7459 6990 877
f 5157 6990 7459
f 48 1978 7290
f 1978 49 1985
f 7290 1985 1659
f 1978 1985 7290
f 96 7460 2359
f 7460 129 7067
f 2359 7067 1789
f 7460 7067 2359
f 1789 2365 7251
f 2365 1897 2217
f 7251 2217 97
f 2365 2217 7251
f 1790 4648 4742
f 4648 1457 6957
f 4742 6957 786
f 4648 6957 4742
f 1790 4845 7455
f 4845 1469 4854
f 7455 4854 816
f 4845 4854 7455
f 1245 6179 6348
f 6179 1244 7461
f 6348 7461 1791
f 6179 7461 6348
f 1280 6510 6927
f 6510 1279 6507
f 6927 6507 1443
f 6510 6507 6927
f 492 3667 7098
f 3667 465 7361
f 7098 7361 1538
f 3667 7361 7098
f 521 3862 7434
f 3862 520 3859
f 7434 3859 551
f 3862 3859 7434
f 280 3062 7462
f 3062 279 3059
f 7462 3059 1842
f 3062 3059 7462
f 95 2211 7257
f 2211 1628 2032
f 7257 2032 58
f 2211 2032 7257
f 96 2357 7460
f 2357 1521 2478
f 7460 2478 129
f 2357 2478 7460
f 193 7445 2640
f 7445 155 2509
f 2640 2509 1418
f 7445 2509 2640
f 936 7463 5263
f 7463 974 6992
f 5263 6992 1792
f 7463 6992 5263
f 1793 5168 5272
f 5168 1475 5164
f 5272 5164 1623
f 5168 5164 5272
f 1358 7464 6735
f 7464 1359 7465
f 6735 7465 1794
f 7464 7465 6735
f 72 2105 7310
f 2105 73 2112
f 7310 2112 1675
f 2105 2112 7310
f 247 2844 7466
f 2844 246 7439
f 7466 7439 1796
f 2844 7439 7466
f 1796 3096 7466
f 3096 1479 7404
f 7466 7404 247
f 3096 7404 7466
f 134 2383 2493
f 2383 1437 7442
f 2493 7442 1797
f 2383 7442 2493
f 616 4072 4172
f 4072 615 4177
f 4172 4177 646
f 4072 4177 4172
f 127 2347 7234
f 2347 92 2186
f 7234 2186 1617
f 2347 2186 7234
f 128 2348 2470
f 2348 127 7056
f 2470 7056 1512
f 2348 7056 2470
f 1799 2501 2625
f 2501 1755 7427
f 2625 7427 1433
f 2501 7427 2625
f 189 2781 2624
f 2781 190 7446
f 2624 7446 1799
f 2781 7446 2624
f 185 2609 2761
f 2609 1694 2608
f 2761 2608 184
f 2609 2608 2761
f 1054 5520 7397
f 5520 1014 5399
f 7397 5399 1734
f 5520 5399 7397
f 1055 5528 5524
f 5528 1015 5403
f 5524 5403 1477
f 5528 5403 5524
f 702 4356 7467
f 4356 701 4461
f 7467 4461 731
f 4356 4461 7467
f 731 4558 7467
f 4558 1764 7468
f 7467 7468 702
f 4558 7468 7467
f 1800 2487 2611
f 2487 1804 7469
f 2611 7469 1694
f 2487 7469 2611
f 185 2767 2610
f 2767 186 2612
f 2610 2612 1800
f 2767 2612 2610
f 59 2210 2214
f 2210 97 7470
f 2214 7470 60
f 2210 7470 2214
f 36 7471 2121
f 7471 35 6884
f 2121 6884 1801
f 7471 6884 2121
f 323 7472 3206
f 7472 361 7280
f 3206 7280 1802
f 7472 7280 3206
f 84 2312 2316
f 2312 120 7274
f 2316 7274 1803
f 2312 7274 2316
f 1803 2322 7212
f 2322 1745 2159
f 7212 2159 85
f 2322 2159 7212
f 132 2373 2486
f 2373 1694 7469
f 2486 7469 1804
f 2373 7469 2486
f 1169 5884 7377
f 5884 1131 5765
f 7377 5765 1721
f 5884 5765 7377
f 1805 5895 7013
f 5895 1875 7473
f 7013 7473 1132
f 5895 7473 7013
f 1135 7387 5904
f 7387 1134 7373
f 5904 7373 1806
f 7387 7373 5904
f 1806 6058 5905
f 6058 1492 7024
f 5905 7024 1173
f 6058 7024 5905
f 54 2009 7415
f 2009 55 2016
f 7415 2016 1746
f 2009 2016 7415
f 1807 4264 4349
f 4264 1820 4260
f 4349 4260 667
f 4264 4260 4349
f 1807 4452 4345
f 4452 1933 7474
f 4345 7474 699
f 4452 7474 4345
f 1323 6542 6710
f 6542 1322 7284
f 6710 7284 1808
f 6542 7284 6710
f 1352 7475 6712
f 7475 1353 7410
f 6712 7410 1808
f 7475 7410 6712
f 63 2229 2232
f 2229 101 7476
f 2232 7476 64
f 2229 7476 2232
f 364 3216 7277
f 3216 363 7090
f 7277 7090 1809
f 3216 7090 7277
f 1394 7121 6840
f 7121 358 7477
f 6840 7477 1810
f 7121 7477 6840
f 1810 3319 3320
f 3319 1689 3536
f 3320 3536 1421
f 3319 3536 3320
f 88 2331 2173
f 2331 124 7294
f 2173 7294 1788
f 2331 7294 2173
f 1788 7293 2170
f 7293 1571 2177
f 2170 2177 89
f 7293 2177 2170
f 1225 6108 6255
f 6108 1224 7478
f 6255 7478 1811
f 6108 7478 6255
f 1262 6437 7479
f 6437 1261 6433
f 7479 6433 1901
f 6437 6433 7479
f 1229 6122 6275
f 6122 1228 7072
f 6275 7072 1812
f 6122 7072 6275
f 1266 6457 7480
f 6457 1265 6453
f 7480 6453 1825
f 6457 6453 7480
f 1863 4541 4542
f 4541 726 7201
f 4542 7201 1827
f 4541 7201 4542
f 1621 7243 5031
f 7243 932 5144
f 5031 5144 902
f 7243 5144 5031
f 115 2429 2433
f 2429 146 7313
f 2433 7313 1813
f 2429 7313 2433
f 147 7481 2436
f 7481 116 7365
f 2436 7365 1813
f 7481 7365 2436
f 1912 7187 7482
f 7187 1339 6808
f 7482 6808 1338
f 7187 6808 7482
f 125 2461 7447
f 2461 1730 7388
f 7447 7388 91
f 2461 7388 7447
f 1814 3202 3327
f 3202 1642 3199
f 3327 3199 359
f 3202 3199 3327
f 1814 3433 3323
f 3433 1668 7304
f 3323 7304 396
f 3433 7304 3323
f 1052 5513 7399
f 5513 1013 7398
f 7399 7398 1051
f 5513 7398 7399
f 1860 5368 5369
f 5368 970 7247
f 5369 7247 1572
f 5368 7247 5369
f 107 2395 2397
f 2395 139 7444
f 2397 7444 1815
f 2395 7444 2397
f 1815 2398 7368
f 2398 1618 2267
f 7368 2267 108
f 2398 2267 7368
f 1249 6196 7095
f 6196 1248 7339
f 7095 7339 1816
f 6196 7339 7095
f 1816 6522 7096
f 6522 1557 7120
f 7096 7120 1284
f 6522 7120 7096
f 1778 3847 3752
f 3847 515 7094
f 3752 7094 1817
f 3847 7094 3752
f 1818 6571 6738
f 6571 1794 7465
f 6738 7465 1359
f 6571 7465 6738
f 1864 4146 7311
f 4146 638 4253
f 7311 4253 1819
f 4146 4253 7311
f 667 4259 7167
f 4259 640 4154
f 7167 4154 666
f 4259 4154 7167
f 668 7483 4266
f 7483 641 7300
f 4266 7300 1820
f 7483 7300 4266
f 1274 7083 6329
f 7083 1239 7057
f 6329 7057 1821
f 7083 7057 6329
f 1822 3655 3761
f 3655 1701 3649
f 3761 3649 488
f 3655 3649 3761
f 1822 3848 3757
f 3848 1684 7329
f 3757 7329 517
f 3848 7329 3757
f 92 2349 2197
f 2349 128 7335
f 2197 7335 1823
f 2349 7335 2197
f 1823 7334 2194
f 7334 1771 2201
f 2194 2201 93
f 7334 2201 2194
f 101 2234 7476
f 2234 102 2239
f 7476 2239 64
f 2234 2239 7476
f 1824 2485 2374
f 2485 1804 2490
f 2374 2490 133
f 2485 2490 2374
f 1825 6452 6459
f 6452 1547 6609
f 6459 6609 1302
f 6452 6609 6459
f 1825 6465 7480
f 6465 1834 7484
f 7480 7484 1266
f 6465 7484 7480
f 1826 6349 7485
f 6349 1791 7461
f 7485 7461 1244
f 6349 7461 7485
f 1713 2376 2228
f 2376 1824 2235
f 2228 2235 101
f 2376 2235 2228
f 782 7486 4634
f 7486 1887 4543
f 4634 4543 1827
f 7486 4543 4634
f 904 5041 7245
f 5041 873 4942
f 7245 4942 903
f 5041 4942 7245
f 905 7487 5048
f 7487 874 7226
f 5048 7226 1828
f 7487 7226 5048
f 903 4941 5040
f 4941 872 7231
f 5040 7231 1829
f 4941 7231 5040
f 1830 6412 6419
f 6412 1685 6569
f 6419 6569 1294
f 6412 6569 6419
f 1830 6425 7488
f 6425 1665 7298
f 7488 7298 1258
f 6425 7298 7488
f 840 4932 7224
f 4932 839 4929
f 7224 4929 1612
f 4932 4929 7224
f 789 4659 7431
f 4659 788 7456
f 7431 7456 1832
f 4659 7456 7431
f 1833 2491 2384
f 2491 1797 2497
f 2384 2497 135
f 2491 2497 2384
f 1267 6281 6464
f 6281 1266 7484
f 6464 7484 1834
f 6281 7484 6464
f 1304 6618 7082
f 6618 1303 6614
f 7082 6614 1532
f 6618 6614 7082
f 1835 7205 4641
f 7205 1933 4447
f 4641 4447 728
f 7205 4447 4641
f 1923 7489 4553
f 7489 1930 7490
f 4553 7490 754
f 7489 7490 4553
f 1836 7491 7079
f 7491 487 7078
f 7079 7078 1530
f 7491 7078 7079
f 1836 3751 7491
f 3751 1817 3743
f 7491 3743 487
f 3751 3743 7491
f 732 4458 7441
f 4458 702 7468
f 7441 7468 1764
f 4458 7468 7441
f 1306 6310 6831
f 6310 1528 7492
f 6831 7492 1838
f 6310 7492 6831
f 1221 6094 6235
f 6094 1220 7349
f 6235 7349 1839
f 6094 7349 6235
f 1258 6417 7488
f 6417 1257 6413
f 7488 6413 1830
f 6417 6413 7488
f 109 2280 7359
f 2280 1422 2117
f 7359 2117 74
f 2280 2117 7359
f 1840 7429 2277
f 7429 1756 2404
f 2277 2404 110
f 7429 2404 2277
f 976 5267 6999
f 5267 938 7409
f 6999 7409 1480
f 5267 7409 6999
f 1329 6591 6751
f 6591 1328 7170
f 6751 7170 1841
f 6591 7170 6751
f 1362 7493 6753
f 7493 1363 7494
f 6753 7494 1841
f 7493 7494 6753
f 1842 3058 3065
f 3058 1631 3191
f 3065 3191 318
f 3058 3191 3065
f 1842 3071 7462
f 3071 1861 7495
f 7462 7495 280
f 3071 7495 7462
f 1934 7496 7498
f 7496 1376 7497
f 7498 7497 1377
f 7496 7497 7498
f 1845 6803 7500
f 6803 1843 7499
f 7500 7499 1928
f 6803 7499 7500
f 1844 6283 6290
f 6283 1529 6468
f 6290 6468 1268
f 6283 6468 6290
f 1844 6296 7048
f 6296 1531 7080
f 7048 7080 1232
f 6296 7080 7048
f 1569 6653 7145
f 6653 1845 7501
f 7145 7501 1338
f 6653 7501 7145
f 1370 7178 7502
f 7178 1915 6629
f 7502 6629 1586
f 7178 6629 7502
f 1368 7503 7504
f 7503 1369 6775
f 7504 6775 1831
f 7503 6775 7504
f 1847 6334 6502
f 6334 1862 6331
f 6502 6331 1275
f 6334 6331 6502
f 1847 6658 6498
f 6658 1574 7505
f 6498 7505 1313
f 6658 7505 6498
f 1848 6635 6784
f 6635 1567 6777
f 6784 6777 1588
f 6635 6777 6784
f 614 4068 7296
f 4068 613 7353
f 7296 7353 1849
f 4068 7353 7296
f 1204 7506 6039
f 7506 1167 7270
f 6039 7270 1850
f 7506 7270 6039
f 1851 6273 6280
f 6273 1812 6458
f 6280 6458 1266
f 6273 6458 6280
f 1851 6286 7049
f 6286 1529 7076
f 7049 7076 1230
f 6286 7076 7049
f 1126 5745 7269
f 5745 1125 5869
f 7269 5869 1643
f 5745 5869 7269
f 111 2284 7449
f 2284 112 2289
f 7449 2289 76
f 2284 2289 7449
f 1852 7356 2286
f 7356 1707 2412
f 2286 2412 112
f 7356 2412 2286
f 1853 5259 5382
f 5259 1626 5254
f 5382 5254 972
f 5259 5254 5382
f 1853 5504 5378
f 5504 1634 7255
f 5378 7255 1010
f 5504 7255 5378
f 847 4855 7507
f 4855 846 6978
f 7507 6978 1753
f 4855 6978 7507
f 1753 5056 7507
f 5056 1865 7424
f 7507 7424 847
f 5056 7424 7507
f 1854 6150 6318
f 6150 1510 7053
f 6318 7053 1236
f 6150 7053 6318
f 1855 6293 6300
f 6293 1531 6478
f 6300 6478 1270
f 6293 6478 6300
f 1856 6665 6672
f 6665 1660 7508
f 6672 7508 1343
f 6665 7508 6672
f 1857 6523 7402
f 6523 1557 6520
f 7402 6520 1318
f 6523 6520 7402
f 1348 7509 6692
f 7509 1349 7151
f 6692 7151 1857
f 7509 7151 6692
f 1248 6191 7343
f 6191 1212 7342
f 7343 7342 1692
f 6191 7342 7343
f 1859 5620 7256
f 5620 1046 5493
f 7256 5493 1635
f 5620 5493 7256
f 1047 5621 7511
f 5621 1086 7510
f 7511 7510 1636
f 5621 7510 7511
f 1633 5503 5371
f 5503 1008 7252
f 5371 7252 1860
f 5503 7252 5371
f 281 2944 3070
f 2944 280 7495
f 3070 7495 1861
f 2944 7495 3070
f 320 3196 7122
f 3196 319 3313
f 7122 3313 358
f 3196 3313 7122
f 1275 6330 7085
f 6330 1240 6160
f 7085 6160 1239
f 6330 6160 7085
f 1276 7512 6336
f 7512 1241 7058
f 6336 7058 1862
f 7512 7058 6336
f 1887 4640 4544
f 4640 752 7208
f 4544 7208 1863
f 4640 7208 4544
f 1795 7322 2269
f 7322 1840 2276
f 2269 2276 109
f 7322 2276 2269
f 1864 7286 4149
f 7286 639 6944
f 4149 6944 1657
f 7286 6944 4149
f 1865 7435 7425
f 7435 909 5060
f 7425 5060 878
f 7435 5060 7425
f 1325 6551 6720
f 6551 1324 7411
f 6720 7411 1866
f 6551 7411 6720
f 1354 7513 6722
f 7513 1355 7412
f 6722 7412 1866
f 7513 7412 6722
f 1334 6790 7172
f 6790 1926 7514
f 7172 7514 1585
f 6790 7514 7172
f 1868 7217 7225
f 7217 1608 7219
f 7225 7219 842
f 7217 7219 7225
f 843 7515 4844
f 7515 814 4644
f 4844 4644 1868
f 7515 4644 4844
f 1321 6532 6700
f 6532 1320 7152
f 6700 7152 1869
f 6532 7152 6700
f 1350 7516 6702
f 7516 1351 7283
f 6702 7283 1869
f 7516 7283 6702
f 1870 7517 7518
f 7517 1600 4731
f 7518 4731 1606
f 7517 4731 7518
f 1871 6759 6766
f 6759 1581 7166
f 6766 7166 1365
f 6759 7166 6766
f 1578 7519 6771
f 7519 1871 7157
f 6771 7157 1367
f 7519 7157 6771
f 1872 5046 5154
f 5046 1828 5042
f 5154 5042 904
f 5046 5042 5154
f 1872 5258 5150
f 5258 1626 7249
f 5150 7249 935
f 5258 7249 5150
f 104 2249 7281
f 2249 105 2253
f 7281 2253 68
f 2249 2253 7281
f 1309 6490 7115
f 6490 1873 6321
f 7115 6321 1552
f 6490 6321 7115
f 1310 6493 6492
f 6493 1821 6324
f 6492 6324 1873
f 6493 6324 6492
f 1053 5518 7389
f 5518 1052 7393
f 7389 7393 1874
f 5518 7393 7389
f 1874 5772 7390
f 5772 1641 7266
f 7390 7266 1092
f 5772 7266 7390
f 1133 5773 7371
f 5773 1132 7473
f 7371 7473 1875
f 5773 7473 7371
f 1875 6050 7372
f 6050 1650 7275
f 7372 7275 1171
f 6050 7275 7372
f 1208 6051 7324
f 6051 1207 7336
f 7324 7336 1876
f 6051 7336 7324
f 1876 6344 7325
f 6344 1826 7485
f 7325 7485 1244
f 6344 7485 7325
f 1877 7032 7520
f 7032 1215 6388
f 7520 6388 1252
f 7032 6388 7520
f 1877 6216 7033
f 6216 1695 7345
f 7033 7345 1216
f 6216 7345 7033
f 1878 6243 6250
f 6243 1524 6428
f 6250 6428 1260
f 6243 6428 6250
f 1878 6256 7038
f 6256 1811 7478
f 7038 7478 1224
f 6256 7478 7038
f 1261 6251 6434
f 6251 1260 7102
f 6434 7102 1879
f 6251 7102 6434
f 1298 6588 7129
f 6588 1297 6584
f 7129 6584 1559
f 6588 6584 7129
f 1880 6652 7116
f 6652 1569 7144
f 7116 7144 1311
f 6652 7144 7116
f 1881 7521 5626
f 7521 1129 7522
f 5626 7522 1088
f 7521 7522 5626
f 1203 6033 6030
f 6033 1165 7272
f 6030 7272 1882
f 6033 7272 6030
f 1937 7132 7523
f 7132 83 2307
f 7523 2307 119
f 7132 2307 7523
f 363 3210 7383
f 3210 325 7382
f 7383 7382 362
f 3210 7382 7383
f 1883 3218 7259
f 3218 1724 7379
f 7259 7379 326
f 3218 7379 7259
f 1884 2421 2416
f 2421 1458 2526
f 2416 2526 144
f 2421 2526 2416
f 1528 6304 7492
f 6304 1271 6480
f 7492 6480 1838
f 6304 6480 7492
f 1885 6210 7362
f 6210 1877 7520
f 7362 7520 1252
f 6210 7520 7362
f 1290 6549 7119
f 6549 1289 6545
f 7119 6545 1555
f 6549 6545 7119
f 1886 6442 6449
f 6442 1548 6599
f 6449 6599 1300
f 6442 6599 6449
f 1886 6455 7524
f 6455 1547 7105
f 7524 7105 1264
f 6455 7105 7524
f 1887 7486 4635
f 7486 782 4727
f 4635 4727 783
f 7486 4727 4635
f 752 4639 4549
f 4639 784 4732
f 4549 4732 1600
f 4639 4732 4549
f 1888 7214 7401
f 7214 1462 4568
f 7401 4568 1737
f 7214 4568 7401
f 1269 6291 6474
f 6291 1268 7114
f 6474 7114 1889
f 6291 7114 6474
f 1889 6476 7139
f 6476 1305 6624
f 7139 6624 1566
f 6476 6624 7139
f 1048 5498 5625
f 5498 1047 7511
f 5625 7511 1636
f 5498 7511 5625
f 1636 7510 7262
f 7510 1086 7271
f 7262 7271 1639
f 7510 7271 7262
f 1250 6198 7062
f 6198 1213 6069
f 7062 6069 1516
f 6198 6069 7062
f 1227 6115 6265
f 6115 1226 7075
f 6265 7075 1891
f 6115 7075 6265
f 1264 6447 7524
f 6447 1263 6443
f 7524 6443 1886
f 6447 6443 7524
f 1892 2953 7250
f 2953 1749 7418
f 7250 7418 282
f 2953 7418 7250
f 1892 3201 3077
f 3201 1642 7268
f 3077 7268 322
f 3201 7268 3077
f 1893 3308 7292
f 3308 1645 3424
f 7292 3424 394
f 3308 3424 7292
f 1893 3318 7260
f 3318 1810 7477
f 7260 7477 358
f 3318 7477 7260
f 1894 6749 6756
f 6749 1841 7494
f 6756 7494 1363
f 6749 7494 6756
f 1894 6762 7126
f 6762 1581 7164
f 7126 7164 1330
f 6762 7164 7126
f 113 2417 2424
f 2417 144 7380
f 2424 7380 1895
f 2417 7380 2424
f 1896 5038 5146
f 5038 1829 5034
f 5146 5034 902
f 5038 5034 5146
f 1896 5251 7236
f 5251 971 5256
f 7236 5256 933
f 5251 5256 7236
f 97 2216 7470
f 2216 98 2221
f 7470 2221 60
f 2216 2221 7470
f 1897 2479 2363
f 2479 1673 7309
f 2363 7309 131
f 2479 7309 2363
f 105 2251 7320
f 2251 137 7428
f 7320 7428 138
f 2251 7428 7320
f 138 2506 7321
f 2506 1624 2258
f 7321 2258 106
f 2506 2258 7321
f 1898 3671 7064
f 3671 1703 3560
f 7064 3560 1518
f 3671 3560 7064
f 1128 5752 7263
f 5752 1087 7261
f 7263 7261 1639
f 5752 7261 7263
f 1129 7521 5761
f 7521 1881 5757
f 5761 5757 1899
f 7521 5757 5761
f 1286 6376 6379
f 6376 1890 6199
f 6379 6199 1250
f 6376 6199 6379
f 1286 6378 7118
f 6378 1285 6527
f 7118 6527 1554
f 6378 6527 7118
f 1271 6301 6481
f 6301 1270 7111
f 6481 7111 1900
f 6301 7111 6481
f 1900 7110 7141
f 7110 1549 7140
f 7141 7140 1567
f 7110 7140 7141
f 1901 6432 6439
f 6432 1879 6589
f 6439 6589 1298
f 6432 6589 6439
f 1901 6445 7479
f 6445 1548 7109
f 7479 7109 1262
f 6445 7109 7479
f 813 4933 4831
f 4933 840 7230
f 4831 7230 1902
f 4933 7230 4831
f 655 4313 4213
f 4313 656 4106
f 4213 4106 1903
f 4313 4106 4213
f 1908 7525 7526
f 7525 626 4214
f 7526 4214 1903
f 7525 4214 7526
f 1904 4001 4208
f 4001 562 4000
f 4208 4000 625
f 4001 4000 4208
f 654 4210 4209
f 4210 626 4205
f 4209 4205 1904
f 4210 4205 4209
f 1905 4801 4611
f 4801 805 4700
f 4611 4700 773
f 4801 4700 4611
f 804 4905 4610
f 4905 863 4800
f 4610 4800 1905
f 4905 4800 4610
f 746 4697 4517
f 4697 773 4702
f 4517 4702 774
f 4697 4702 4517
f 1911 7527 7528
f 7527 889 5106
f 7528 5106 1906
f 7527 5106 7528
f 920 5100 5107
f 5100 890 4995
f 5107 4995 1906
f 5100 4995 5107
f 1907 4989 5099
f 4989 858 4988
f 5099 4988 888
f 4989 4988 5099
f 1903 4104 7526
f 4104 595 4005
f 7526 4005 1908
f 4104 4005 7526
f 594 4100 4101
f 4100 626 7525
f 4101 7525 1908
f 4100 7525 4101
f 832 4802 7530
f 4802 1905 7529
f 7530 7529 1913
f 4802 7529 7530
f 1921 7531 3700
f 7531 528 3886
f 3700 3886 529
f 7531 3886 3700
f 1512 7055 7158
f 7055 1505 7176
f 7158 7176 1910
f 7055 7176 7158
f 176 7422 7160
f 7422 1579 7159
f 7160 7159 1910
f 7422 7159 7160
f 1906 4994 7528
f 4994 859 4992
f 7528 4992 1911
f 4994 4992 7528
f 1911 5097 7527
f 5097 952 5204
f 7527 5204 889
f 5097 5204 7527
f 1016 5527 5407
f 5527 1056 5530
f 5407 5530 1017
f 5527 5530 5407
f 1483 2296 7532
f 2296 80 2301
f 7532 2301 1919
f 2296 2301 7532
f 1714 7366 7534
f 7366 116 7533
f 7534 7533 1935
f 7366 7533 7534
f 1660 7291 7535
f 7291 1438 6659
f 7535 6659 1918
f 7291 6659 7535
f 1922 7536 7185
f 7536 1912 7482
f 7185 7482 1338
f 7536 7482 7185
f 1936 7537 6921
f 7537 1918 6661
f 6921 6661 1440
f 7537 6661 6921
f 1574 7538 7539
f 7538 1924 6813
f 7539 6813 1340
f 7538 6813 7539
f 42 7540 1944
f 7540 82 7541
f 1944 7541 1938
f 7540 7541 1944
f 1922 7542 6815
f 7542 1379 7543
f 6815 7543 1380
f 7542 7543 6815
f 1905 4799 7529
f 4799 893 5120
f 7529 5120 1913
f 4799 5120 7529
f 1913 5006 7530
f 5006 864 4906
f 7530 4906 832
f 5006 4906 7530
f 1916 7544 7545
f 7544 567 3911
f 7545 3911 536
f 7544 3911 7545
f 1917 7546 7547
f 7546 451 3619
f 7547 3619 507
f 7546 3619 7547
f 1371 6779 7180
f 6779 1588 6633
f 7180 6633 1915
f 6779 6633 7180
f 536 3720 7545
f 3720 1914 3910
f 7545 3910 1916
f 3720 3910 7545
f 1916 3908 7544
f 3908 566 4014
f 7544 4014 567
f 3908 4014 7544
f 1917 3620 7546
f 3620 452 3507
f 7546 3507 451
f 3620 3507 7546
f 507 3812 7547
f 3812 1914 3615
f 7547 3615 1917
f 3812 3615 7547
f 304 3149 3151
f 3149 343 3272
f 3151 3272 344
f 3149 3272 3151
f 1936 7548 7549
f 7548 1277 6662
f 7549 6662 1929
f 7548 6662 7549
f 1341 7550 7551
f 7550 1342 6669
f 7551 6669 1929
f 7550 6669 7551
f 1935 7533 7553
f 7533 116 7552
f 7553 7552 81
f 7533 7552 7553
f 1606 4841 7518
f 4841 1930 7554
f 7518 7554 1870
f 4841 7554 7518
f 1868 4643 7218
f 4643 1930 4840
f 7218 4840 1920
f 4643 4840 7218
f 1909 3696 3698
f 3696 528 7531
f 3698 7531 1921
f 3696 7531 3698
f 1921 3699 3697
f 3699 501 3590
f 3697 3590 473
f 3699 3590 3697
f 1483 7555 7384
f 7555 1935 7004
f 7384 7004 39
f 7555 7004 7384
f 1714 7534 2300
f 7534 1935 7556
f 2300 7556 1919
f 7534 7556 2300
f 1930 7489 7554
f 7489 1923 7557
f 7554 7557 1870
f 7489 7557 7554
f 1372 7558 6785
f 7558 1373 6788
f 6785 6788 1848
f 7558 6788 6785
f 1369 7559 6776
f 7559 1370 7502
f 6776 7502 1586
f 7559 7502 6776
f 1927 7560 7562
f 7560 1378 7561
f 7562 7561 1379
f 7560 7561 7562
f 1922 6814 7536
f 6814 1924 7563
f 7536 7563 1912
f 6814 7563 7536
f 1835 4551 7206
f 4551 754 7564
f 7206 7564 729
f 4551 7564 7206
f 1923 4638 7557
f 4638 1600 7517
f 7557 7517 1870
f 4638 7517 7557
f 1924 7538 7563
f 7538 1574 7188
f 7563 7188 1912
f 7538 7188 7563
f 1380 7565 6816
f 7565 1381 6811
f 6816 6811 1924
f 7565 6811 6816
f 1938 7566 7568
f 7566 3 7567
f 7568 7567 2
f 7566 7567 7568
f 1867 7569 6792
f 7569 1374 7175
f 6792 7175 1926
f 7569 7175 6792
f 1926 7570 7514
f 7570 1335 6643
f 7514 6643 1585
f 7570 6643 7514
f 1931 7571 7572
f 7571 1926 7174
f 7572 7174 1375
f 7571 7174 7572
f 1379 7542 7562
f 7542 1922 7184
f 7562 7184 1927
f 7542 7184 7562
f 1927 7573 7560
f 7573 1928 6807
f 7560 6807 1378
f 7573 6807 7560
f 1562 7574 7376
f 7574 1938 7541
f 7376 7541 82
f 7574 7541 7376
f 1928 7575 6805
f 7575 1934 7498
f 6805 7498 1377
f 7575 7498 6805
f 1928 7573 7500
f 7573 1927 7576
f 7500 7576 1845
f 7573 7576 7500
f 1598 7204 7087
f 7204 3 7566
f 7087 7566 1938
f 7204 7566 7087
f 1340 7577 7539
f 7577 1313 7505
f 7539 7505 1574
f 7577 7505 7539
f 1927 7186 7576
f 7186 1338 7501
f 7576 7501 1845
f 7186 7501 7576
f 1373 7578 6789
f 7578 1374 7569
f 6789 7569 1867
f 7578 7569 6789
f 1831 6621 7504
f 6621 1846 7579
f 7504 7579 1368
f 6621 7579 7504
f 1314 7580 6664
f 7580 1341 7551
f 6664 7551 1929
f 7580 7551 6664
f 1929 6668 7581
f 6668 1660 7535
f 7581 7535 1918
f 6668 7535 7581
f 754 7490 7583
f 7490 1930 7582
f 7583 7582 785
f 7490 7582 7583
f 814 7584 4645
f 7584 785 7582
f 4645 7582 1930
f 7584 7582 4645
f 1920 4839 4736
f 4839 1606 6860
f 4736 6860 1605
f 4839 6860 4736
f 1335 7570 6796
f 7570 1926 7571
f 6796 7571 1931
f 7570 7571 6796
f 1931 7585 6794
f 7585 1934 6798
f 6794 6798 1590
f 7585 6798 6794
f 1179 5929 6073
f 5929 1410 6879
f 6073 6879 1932
f 5929 6879 6073
f 1251 6389 6207
f 6389 1215 6874
f 6207 6874 1932
f 6389 6874 6207
f 1931 7572 7587
f 7572 1375 7586
f 7587 7586 1376
f 7572 7586 7587
f 1367 7588 6772
f 7588 1368 7579
f 6772 7579 1846
f 7588 7579 6772
f 729 7589 7207
f 7589 699 7474
f 7207 7474 1933
f 7589 7474 7207
f 1934 7575 6799
f 7575 1928 7499
f 6799 7499 1843
f 7575 7499 6799
f 1934 7585 7496
f 7585 1931 7587
f 7496 7587 1376
f 7585 7587 7496
f 1342 7590 6670
f 7590 1343 7508
f 6670 7508 1660
f 7590 7508 6670
f 1935 7555 7556
f 7555 1483 7532
f 7556 7532 1919
f 7555 7532 7556
f 81 7591 7553
f 7591 41 2144
f 7553 2144 1935
f 7591 2144 7553
f 1936 7549 7537
f 7549 1929 7581
f 7537 7581 1918
f 7549 7581 7537
f 1936 7357 7548
f 7357 1242 7592
f 7548 7592 1277
f 7357 7592 7548
f 1332 7131 6611
f 7131 1871 7519
f 6611 7519 1578
f 7131 7519 6611
f 119 2313 7523
f 2313 84 1948
f 7523 1948 1937
f 2313 1948 7523
f 43 7202 1947
f 7202 44 1955
f 1947 1955 1598
f 7202 1955 1947
f 2 7593 7568
f 7593 1 1945
f 7568 1945 1938
f 7593 1945 7568
f 1938 7574 7088
f 7574 1562 1941
f 7088 1941 1925
f 7574 1941 7088
f 12 7066 1997
f 7066 1603 2005
f 1997 2005 1939
f 7066 2005 1997
f 1573 7149 7215
f 7149 13 1995
f 7215 1995 1939
f 7149 1995 7215
