v 3.109231000000e-01 0.000000000000e+00 2.726562020000e-01
v 3.500359060000e-01 0.000000000000e+00 3.184378150000e-01
v 3.309748170000e-01 0.000000000000e+00 3.297834400000e-01
v 3.101820950000e-01 0.000000000000e+00 3.265807630000e-01
v 3.505744930000e-01 0.000000000000e+00 2.934751510000e-01
v 3.709087370000e-01 0.000000000000e+00 3.285667900000e-01
v 3.718459610000e-01 0.000000000000e+00 2.784736160000e-01
v 3.921670910000e-01 0.000000000000e+00 3.121662140000e-01
v 3.509075640000e-01 0.000000000000e+00 2.683260440000e-01
v 3.291828630000e-01 0.000000000000e+00 2.834239010000e-01
v 3.291685580000e-01 0.000000000000e+00 3.086352350000e-01
v 3.035609720000e-01 0.000000000000e+00 2.991297250000e-01
v 3.295767310000e-01 0.000000000000e+00 2.578830720000e-01
v 3.922860620000e-01 0.000000000000e+00 2.881553170000e-01
v 3.714792730000e-01 0.000000000000e+00 3.032207490000e-01
v 3.333861830000e-01 0.000000000000e+00 3.924226760000e-01
v 3.515074250000e-01 0.000000000000e+00 3.737394810000e-01
v 3.925287720000e-01 0.000000000000e+00 3.365864750000e-01
v 3.032512660000e-01 0.000000000000e+00 3.678705690000e-01
v 3.716268540000e-01 0.000000000000e+00 3.545060160000e-01
v 3.945004940000e-01 0.000000000000e+00 3.864276410000e-01
v 3.547794820000e-01 0.000000000000e+00 3.980834480000e-01
v 3.970129490000e-01 0.000000000000e+00 4.136772160000e-01
v 3.736503120000e-01 0.000000000000e+00 3.801126480000e-01
v 3.276908400000e-01 0.000000000000e+00 3.696317670000e-01
v 3.751373290000e-01 0.000000000000e+00 4.052963260000e-01
v 3.933391570000e-01 0.000000000000e+00 3.613791470000e-01
v 3.188829420000e-01 0.000000000000e+00 3.481466770000e-01
v 3.109118940000e-01 0.000000000000e+00 3.884203430000e-01
v 3.462154870000e-01 0.000000000000e+00 3.463220600000e-01
v 4.120419030000e-01 0.000000000000e+00 2.971374990000e-01
v 4.122021200000e-01 0.000000000000e+00 2.740705010000e-01
v 4.497270580000e-01 0.000000000000e+00 3.377649780000e-01
v 4.477252960000e-01 0.000000000000e+00 2.914865020000e-01
v 4.490280150000e-01 0.000000000000e+00 3.144834040000e-01
v 4.771089550000e-01 0.000000000000e+00 3.143825530000e-01
v 4.648432730000e-01 0.000000000000e+00 3.005335330000e-01
v 4.129316810000e-01 0.000000000000e+00 3.436908720000e-01
v 4.136934280000e-01 0.000000000000e+00 3.674483300000e-01
v 4.656081200000e-01 0.000000000000e+00 3.252120020000e-01
v 4.309842590000e-01 0.000000000000e+00 3.055338860000e-01
v 4.322500230000e-01 0.000000000000e+00 3.513607980000e-01
v 4.316666130000e-01 0.000000000000e+00 3.283040520000e-01
v 4.124090670000e-01 0.000000000000e+00 3.202440740000e-01
v 4.302790160000e-01 0.000000000000e+00 2.836401460000e-01
v 4.330704210000e-01 0.000000000000e+00 3.742520810000e-01
v 5.000000000000e-01 0.000000000000e+00 3.750000000000e-01
v 4.181399350000e-01 0.000000000000e+00 4.092805390000e-01
v 4.149866100000e-01 0.000000000000e+00 3.913037780000e-01
v 4.811997410000e-01 0.000000000000e+00 3.856842520000e-01
v 5.000000000000e-01 0.000000000000e+00 4.000000360000e-01
v 4.804620740000e-01 0.000000000000e+00 3.372957710000e-01
v 4.661211970000e-01 0.000000000000e+00 3.490242960000e-01
v 4.346404080000e-01 0.000000000000e+00 3.965404030000e-01
v 5.000000000000e-01 0.000000000000e+00 3.249999880000e-01
v 4.668455120000e-01 0.000000000000e+00 3.726952080000e-01
v 4.502286910000e-01 0.000000000000e+00 3.608360290000e-01
v 4.512019160000e-01 0.000000000000e+00 3.837757110000e-01
v 4.806857110000e-01 0.000000000000e+00 3.615574840000e-01
v 5.000000000000e-01 0.000000000000e+00 3.500000240000e-01
v 4.518427850000e-01 0.000000000000e+00 4.699659350000e-01
v 4.250000120000e-01 0.000000000000e+00 5.000000000000e-01
v 5.000000000000e-01 0.000000000000e+00 4.499999880000e-01
v 4.639391900000e-01 0.000000000000e+00 4.580326080000e-01
v 4.789643290000e-01 0.000000000000e+00 4.600844380000e-01
v 4.292857650000e-01 0.000000000000e+00 4.732332230000e-01
v 4.750000240000e-01 0.000000000000e+00 5.000000000000e-01
v 4.499999880000e-01 0.000000000000e+00 5.000000000000e-01
v 5.000000000000e-01 0.000000000000e+00 4.750000240000e-01
v 5.000000000000e-01 0.000000000000e+00 5.000000000000e-01
v 4.797873500000e-01 0.000000000000e+00 4.814071660000e-01
v 4.613251690000e-01 0.000000000000e+00 4.836854930000e-01
v 4.681229590000e-01 0.000000000000e+00 4.717736240000e-01
v 4.412772660000e-01 0.000000000000e+00 4.853816030000e-01
v 4.523181920000e-01 0.000000000000e+00 4.062592980000e-01
v 4.235541820000e-01 0.000000000000e+00 4.418308730000e-01
v 4.157817360000e-01 0.000000000000e+00 4.602479930000e-01
v 4.674153330000e-01 0.000000000000e+00 3.959169390000e-01
v 5.000000000000e-01 0.000000000000e+00 4.250000120000e-01
v 4.678397180000e-01 0.000000000000e+00 4.192955490000e-01
v 4.527583120000e-01 0.000000000000e+00 4.278957840000e-01
v 4.399173260000e-01 0.000000000000e+00 4.381148820000e-01
v 4.118912220000e-01 0.000000000000e+00 4.289014340000e-01
v 4.815268520000e-01 0.000000000000e+00 4.098212720000e-01
v 4.668526650000e-01 0.000000000000e+00 4.420251850000e-01
v 4.510531430000e-01 0.000000000000e+00 4.479060170000e-01
v 4.066953660000e-01 0.000000000000e+00 4.479560850000e-01
v 4.812383650000e-01 0.000000000000e+00 4.341189860000e-01
v 4.325420860000e-01 0.000000000000e+00 4.214591980000e-01
v 4.354188440000e-01 0.000000000000e+00 4.550719260000e-01
v 3.212170600000e-01 0.000000000000e+00 4.650406840000e-01
v 2.872350220000e-01 0.000000000000e+00 4.790992740000e-01
v 3.217346670000e-01 0.000000000000e+00 4.306879040000e-01
v 3.249999880000e-01 0.000000000000e+00 5.000000000000e-01
v 3.000000120000e-01 0.000000000000e+00 5.000000000000e-01
v 2.750000360000e-01 0.000000000000e+00 5.000000000000e-01
v 3.374562260000e-01 0.000000000000e+00 4.147336480000e-01
v 3.115055560000e-01 0.000000000000e+00 4.798569680000e-01
v 3.406376840000e-01 0.000000000000e+00 4.378724100000e-01
v 3.265080450000e-01 0.000000000000e+00 4.493279460000e-01
v 3.408789630000e-01 0.000000000000e+00 4.583907130000e-01
v 3.378956320000e-01 0.000000000000e+00 4.779500960000e-01
v 3.086366650000e-01 0.000000000000e+00 4.473886490000e-01
v 2.981443410000e-01 0.000000000000e+00 4.641108510000e-01
v 3.162527080000e-01 0.000000000000e+00 4.095332620000e-01
v 3.569669720000e-01 0.000000000000e+00 4.211838250000e-01
v 3.578464980000e-01 0.000000000000e+00 4.444937710000e-01
v 3.585045340000e-01 0.000000000000e+00 4.656181340000e-01
v 3.949327470000e-01 0.000000000000e+00 4.606776240000e-01
v 4.000000360000e-01 0.000000000000e+00 5.000000000000e-01
v 3.750000000000e-01 0.000000000000e+00 5.000000000000e-01
v 3.500000240000e-01 0.000000000000e+00 5.000000000000e-01
v 3.887789250000e-01 0.000000000000e+00 4.869604110000e-01
v 3.651583190000e-01 0.000000000000e+00 4.837212560000e-01
v 4.156041150000e-01 0.000000000000e+00 4.875044820000e-01
v 3.762505050000e-01 0.000000000000e+00 4.526524540000e-01
v 3.755180840000e-01 0.000000000000e+00 4.293513300000e-01
v 3.926889900000e-01 0.000000000000e+00 4.393706320000e-01
v 3.792982100000e-01 0.000000000000e+00 4.730787280000e-01
v 4.052219390000e-01 0.000000000000e+00 4.757013320000e-01
v 7.387906310000e-02 0.000000000000e+00 3.661563400000e-01
v 6.660687920000e-02 0.000000000000e+00 3.261022570000e-01
v 7.300060990000e-02 0.000000000000e+00 3.032314780000e-01
v 9.879904990000e-02 0.000000000000e+00 3.014771940000e-01
v 1.255563500000e-01 0.000000000000e+00 2.976720330000e-01
v 1.383954290000e-01 0.000000000000e+00 3.831162450000e-01
v 4.772239920000e-02 0.000000000000e+00 3.038825990000e-01
v 1.190518140000e-01 0.000000000000e+00 3.234441280000e-01
v 9.223878380000e-02 0.000000000000e+00 3.252689840000e-01
v 8.385884760000e-02 0.000000000000e+00 3.468501570000e-01
v 1.097293500000e-01 0.000000000000e+00 3.461630340000e-01
v 1.366937160000e-01 0.000000000000e+00 3.452067380000e-01
v 1.510620120000e-01 0.000000000000e+00 3.654620650000e-01
v 1.249638800000e-01 0.000000000000e+00 3.655812740000e-01
v 9.922409060000e-02 0.000000000000e+00 3.659145830000e-01
v 1.496063470000e-01 0.000000000000e+00 3.198614120000e-01
v 1.923942570000e-01 0.000000000000e+00 3.046634200000e-01
v 1.771028040000e-01 0.000000000000e+00 3.657243250000e-01
v 2.182767390000e-01 0.000000000000e+00 3.036086560000e-01
v 2.027949090000e-01 0.000000000000e+00 3.660082820000e-01
v 2.047674660000e-01 0.000000000000e+00 2.808058260000e-01
v 1.700723170000e-01 0.000000000000e+00 3.052499290000e-01
v 2.166091200000e-01 0.000000000000e+00 3.469092850000e-01
v 1.787040230000e-01 0.000000000000e+00 3.253602980000e-01
v 2.046087980000e-01 0.000000000000e+00 3.261337280000e-01
v 1.520092490000e-01 0.000000000000e+00 2.906856540000e-01
v 1.641751530000e-01 0.000000000000e+00 3.455436230000e-01
v 1.779900790000e-01 0.000000000000e+00 2.840290070000e-01
v 1.907560830000e-01 0.000000000000e+00 3.466682430000e-01
v 2.877919670000e-01 0.000000000000e+00 2.747874260000e-01
v 2.282619480000e-01 0.000000000000e+00 3.660914900000e-01
v 2.451455590000e-01 0.000000000000e+00 3.023190500000e-01
v 2.572710510000e-01 0.000000000000e+00 3.250675200000e-01
v 2.307031150000e-01 0.000000000000e+00 3.257386680000e-01
v 2.843544480000e-01 0.000000000000e+00 3.247175220000e-01
v 2.424378400000e-01 0.000000000000e+00 3.467421530000e-01
v 2.598388200000e-01 0.000000000000e+00 2.769017220000e-01
v 2.321188450000e-01 0.000000000000e+00 2.788341050000e-01
v 2.940137390000e-01 0.000000000000e+00 3.471841810000e-01
v 2.729651930000e-01 0.000000000000e+00 3.008971210000e-01
v 2.536060810000e-01 0.000000000000e+00 3.662009240000e-01
v 2.786600590000e-01 0.000000000000e+00 3.667101860000e-01
v 2.683753970000e-01 0.000000000000e+00 3.466458320000e-01
v 2.947304250000e-01 0.000000000000e+00 4.045076370000e-01
v 2.973256110000e-01 0.000000000000e+00 4.266431330000e-01
v 2.606561180000e-01 0.000000000000e+00 4.152638910000e-01
v 2.504298690000e-01 0.000000000000e+00 3.998270030000e-01
v 2.721529010000e-01 0.000000000000e+00 4.303805830000e-01
v 2.373430730000e-01 0.000000000000e+00 4.143619540000e-01
v 2.733576300000e-01 0.000000000000e+00 4.010031220000e-01
v 2.618029120000e-01 0.000000000000e+00 4.468393330000e-01
v 2.878751750000e-01 0.000000000000e+00 3.856780530000e-01
v 2.395675180000e-01 0.000000000000e+00 3.836112020000e-01
v 2.260735030000e-01 0.000000000000e+00 3.992636200000e-01
v 2.852392200000e-01 0.000000000000e+00 4.468450550000e-01
v 2.801287170000e-01 0.000000000000e+00 4.155266280000e-01
v 2.483184340000e-01 0.000000000000e+00 4.298241140000e-01
v 2.641155720000e-01 0.000000000000e+00 3.841726780000e-01
v 1.760729550000e-01 0.000000000000e+00 3.988506790000e-01
v 1.502702240000e-01 0.000000000000e+00 4.264714720000e-01
v 1.508980990000e-01 0.000000000000e+00 3.988168240000e-01
v 2.145420310000e-01 0.000000000000e+00 3.833816050000e-01
v 1.880751850000e-01 0.000000000000e+00 4.132285120000e-01
v 1.870195870000e-01 0.000000000000e+00 4.397573470000e-01
v 1.999125480000e-01 0.000000000000e+00 4.269125460000e-01
v 2.110028270000e-01 0.000000000000e+00 4.406218530000e-01
v 1.624686720000e-01 0.000000000000e+00 4.393107890000e-01
v 1.630826000000e-01 0.000000000000e+00 4.131283760000e-01
v 2.129068370000e-01 0.000000000000e+00 4.135777950000e-01
v 2.242543700000e-01 0.000000000000e+00 4.279258250000e-01
v 1.751935480000e-01 0.000000000000e+00 4.265518190000e-01
v 2.011727090000e-01 0.000000000000e+00 3.989665510000e-01
v 1.892887350000e-01 0.000000000000e+00 3.832526210000e-01
v 1.638855930000e-01 0.000000000000e+00 3.831408020000e-01
v 1.129750010000e-01 0.000000000000e+00 4.131224160000e-01
v 1.380305290000e-01 0.000000000000e+00 4.131155010000e-01
v 7.503950600000e-02 0.000000000000e+00 4.513893130000e-01
v 1.005743740000e-01 0.000000000000e+00 3.988654610000e-01
v 7.525056600000e-02 0.000000000000e+00 4.264674190000e-01
v 1.002580520000e-01 0.000000000000e+00 4.264643190000e-01
v 1.257132290000e-01 0.000000000000e+00 3.988277910000e-01
v 1.252698900000e-01 0.000000000000e+00 4.264624120000e-01
v 1.375982760000e-01 0.000000000000e+00 4.391772750000e-01
v 8.771675830000e-02 0.000000000000e+00 3.833205700000e-01
v 8.761280780000e-02 0.000000000000e+00 4.391715530000e-01
v 1.129729750000e-01 0.000000000000e+00 3.832042220000e-01
v 1.126136780000e-01 0.000000000000e+00 4.391713140000e-01
v 1.000380520000e-01 0.000000000000e+00 4.513893130000e-01
v 8.793777230000e-02 0.000000000000e+00 4.131348130000e-01
v 1.176598070000e-01 0.000000000000e+00 4.870109560000e-01
v 1.419972180000e-01 0.000000000000e+00 4.811091420000e-01
v 1.738196610000e-01 0.000000000000e+00 4.528827670000e-01
v 1.496964690000e-01 0.000000000000e+00 4.519639020000e-01
v 1.250238420000e-01 0.000000000000e+00 4.513916970000e-01
v 1.591244940000e-01 0.000000000000e+00 4.673357010000e-01
v 1.125023370000e-01 0.000000000000e+00 4.631266590000e-01
v 8.750993010000e-02 0.000000000000e+00 4.631261830000e-01
v 1.360459330000e-01 0.000000000000e+00 4.658627510000e-01
v 1.250000000000e-01 0.000000000000e+00 5.000000000000e-01
v 1.500000360000e-01 0.000000000000e+00 5.000000000000e-01
v 1.210746770000e-01 0.000000000000e+00 4.747595790000e-01
v 9.999960660000e-02 0.000000000000e+00 4.743280410000e-01
v 1.750000120000e-01 0.000000000000e+00 5.000000000000e-01
v 1.680026050000e-01 0.000000000000e+00 4.819965360000e-01
v 2.166136500000e-01 0.000000000000e+00 4.810757640000e-01
v 2.638101580000e-01 0.000000000000e+00 4.798078540000e-01
v 2.355954650000e-01 0.000000000000e+00 4.479770660000e-01
v 2.250000240000e-01 0.000000000000e+00 5.000000000000e-01
v 2.401502130000e-01 0.000000000000e+00 4.804339410000e-01
v 1.976540090000e-01 0.000000000000e+00 4.534459110000e-01
v 2.745506760000e-01 0.000000000000e+00 4.641184810000e-01
v 2.290735240000e-01 0.000000000000e+00 4.654865260000e-01
v 1.922004220000e-01 0.000000000000e+00 4.808168410000e-01
v 2.500000000000e-01 0.000000000000e+00 5.000000000000e-01
v 2.165856360000e-01 0.000000000000e+00 4.542164800000e-01
v 1.999999880000e-01 0.000000000000e+00 5.000000000000e-01
v 2.071914670000e-01 0.000000000000e+00 4.676108360000e-01
v 1.835283040000e-01 0.000000000000e+00 4.670295720000e-01
v 2.509751320000e-01 0.000000000000e+00 4.640889170000e-01
v 2.202087640000e-01 0.000000000000e+00 1.995222570000e-01
v 1.873369220000e-01 0.000000000000e+00 2.575919630000e-01
v 2.174196240000e-01 0.000000000000e+00 2.540237900000e-01
v 2.465040680000e-01 0.000000000000e+00 2.524871830000e-01
v 2.748067380000e-01 0.000000000000e+00 2.502412800000e-01
v 3.048336510000e-01 0.000000000000e+00 2.475223540000e-01
v 2.321486470000e-01 0.000000000000e+00 2.268180850000e-01
v 2.888581750000e-01 0.000000000000e+00 2.232558730000e-01
v 3.116855620000e-01 0.000000000000e+00 2.210839990000e-01
v 1.983611580000e-01 0.000000000000e+00 2.249329090000e-01
v 2.611007690000e-01 0.000000000000e+00 2.255609040000e-01
v 2.757987980000e-01 0.000000000000e+00 1.987472770000e-01
v 3.053820130000e-01 0.000000000000e+00 1.959446670000e-01
v 2.481424810000e-01 0.000000000000e+00 2.005323170000e-01
v 2.672762870000e-01 0.000000000000e+00 1.234489680000e-01
v 1.969738010000e-01 0.000000000000e+00 1.569188830000e-01
v 1.935693030000e-01 0.000000000000e+00 1.898900270000e-01
v 2.364273070000e-01 0.000000000000e+00 1.755591630000e-01
v 2.511744500000e-01 0.000000000000e+00 1.494255070000e-01
v 2.777111530000e-01 0.000000000000e+00 1.485860350000e-01
v 3.036923410000e-01 0.000000000000e+00 1.481605770000e-01
v 2.628011700000e-01 0.000000000000e+00 1.742761140000e-01
v 2.892773150000e-01 0.000000000000e+00 1.725811960000e-01
v 2.244429590000e-01 0.000000000000e+00 1.512469050000e-01
v 2.402191160000e-01 0.000000000000e+00 1.235024930000e-01
v 2.111399170000e-01 0.000000000000e+00 1.244186160000e-01
v 2.139028310000e-01 0.000000000000e+00 1.753814220000e-01
v 2.936151030000e-01 0.000000000000e+00 1.236497160000e-01
v 3.117272850000e-01 0.000000000000e+00 1.694381240000e-01
v 3.222606180000e-01 0.000000000000e+00 2.425596120000e-02
v 2.959365840000e-01 0.000000000000e+00 3.245237470000e-02
v 3.354508880000e-01 0.000000000000e+00 9.974223380000e-02
v 3.051264290000e-01 0.000000000000e+00 -2.220506970000e-02
v 3.099060060000e-01 0.000000000000e+00 9.921658040000e-02
v 3.440234660000e-01 0.000000000000e+00 4.664987330000e-02
v 3.136191370000e-01 0.000000000000e+00 5.121093990000e-02
v 3.197824950000e-01 0.000000000000e+00 1.241241690000e-01
v 2.910921570000e-01 0.000000000000e+00 5.523625020000e-02
v 3.012926580000e-01 0.000000000000e+00 5.445826800000e-03
v 3.534018990000e-01 0.000000000000e+00 -1.385210450000e-02
v 3.489568230000e-01 0.000000000000e+00 1.430854200000e-02
v 3.260905740000e-01 0.000000000000e+00 7.459419970000e-02
v 3.002221580000e-01 0.000000000000e+00 7.520675660000e-02
v 3.272564410000e-01 0.000000000000e+00 -3.906726840000e-03
v 2.579543590000e-01 0.000000000000e+00 9.733128550000e-02
v 2.840943340000e-01 0.000000000000e+00 9.860754010000e-02
v 2.691857810000e-01 0.000000000000e+00 4.477718470000e-02
v 2.007787230000e-01 0.000000000000e+00 9.172868730000e-02
v 2.203526500000e-01 0.000000000000e+00 2.993863820000e-02
v 2.505195140000e-01 0.000000000000e+00 2.198089660000e-02
v 2.347626690000e-01 0.000000000000e+00 -2.187868580000e-03
v 2.587645050000e-01 0.000000000000e+00 -1.451687890000e-03
v 2.795503140000e-01 0.000000000000e+00 -1.232249290000e-02
v 2.305803300000e-01 0.000000000000e+00 9.532564880000e-02
v 2.760741710000e-01 0.000000000000e+00 1.497517530000e-02
v 2.755703930000e-01 0.000000000000e+00 7.343178990000e-02
v 2.500641350000e-01 0.000000000000e+00 7.024967670000e-02
v 2.428498270000e-01 0.000000000000e+00 4.633527990000e-02
v 2.233936790000e-01 0.000000000000e+00 6.496036050000e-02
v 1.903141740000e-01 0.000000000000e+00 2.508986000000e-02
v 2.040039300000e-01 0.000000000000e+00 -2.650478850000e-03
v 1.664024590000e-01 0.000000000000e+00 -1.077384690000e-03
v 9.646743540000e-02 0.000000000000e+00 1.252661650000e-02
v 1.950582270000e-01 0.000000000000e+00 5.619293450000e-02
v 1.403371100000e-01 0.000000000000e+00 1.086870430000e-01
v 1.652882100000e-01 0.000000000000e+00 4.285314680000e-02
v 1.368592980000e-01 0.000000000000e+00 6.795769930000e-02
v 7.589393850000e-02 0.000000000000e+00 8.030050990000e-02
v 1.035242680000e-01 0.000000000000e+00 5.346018080000e-02
v 1.085503100000e-01 0.000000000000e+00 9.346997740000e-02
v 8.220732210000e-02 0.000000000000e+00 1.181230550000e-01
v 6.867557760000e-02 0.000000000000e+00 4.047676920000e-02
v 1.690737010000e-01 0.000000000000e+00 8.248078820000e-02
v 1.327558760000e-01 0.000000000000e+00 2.645921710000e-02
v 4.166793820000e-02 0.000000000000e+00 6.786388160000e-02
v 2.011866870000e-02 0.000000000000e+00 -8.276075120000e-03
v -2.871996160000e-02 0.000000000000e+00 3.648921850000e-02
v 5.991637710000e-02 0.000000000000e+00 1.452980040000e-01
v 2.428938450000e-02 0.000000000000e+00 1.364884380000e-01
v 6.719857450000e-03 0.000000000000e+00 5.455759170000e-02
v 1.437392830000e-02 0.000000000000e+00 9.520673750000e-02
v 3.330928090000e-02 0.000000000000e+00 2.891048790000e-02
v 4.964551330000e-02 0.000000000000e+00 1.075378060000e-01
v -1.997971910000e-03 0.000000000000e+00 1.696596150000e-01
v -1.297746600000e-02 0.000000000000e+00 1.234856840000e-01
v 5.901497600000e-02 0.000000000000e+00 7.659145630000e-04
v 1.324091110000e-03 0.000000000000e+00 1.963403820000e-02
v -2.282033860000e-02 0.000000000000e+00 8.015942570000e-02
v -2.620136740000e-02 0.000000000000e+00 -1.144842060000e-02
v 3.896969560000e-02 0.000000000000e+00 1.750971080000e-01
v 5.445545910000e-02 0.000000000000e+00 2.092709540000e-01
v 5.298566820000e-02 0.000000000000e+00 2.802672390000e-01
v 7.817041870000e-02 0.000000000000e+00 2.790367600000e-01
v 1.037437920000e-01 0.000000000000e+00 2.759933470000e-01
v 2.226395910000e-02 0.000000000000e+00 2.048448320000e-01
v 1.306527850000e-01 0.000000000000e+00 2.707035540000e-01
v 8.681112530000e-02 0.000000000000e+00 2.234232430000e-01
v 6.393980980000e-02 0.000000000000e+00 2.352824210000e-01
v 3.324005010000e-02 0.000000000000e+00 2.565753460000e-01
v 4.036179180000e-02 0.000000000000e+00 2.325439450000e-01
v 1.403234900000e-02 0.000000000000e+00 2.324364190000e-01
v 5.818581580000e-02 0.000000000000e+00 2.564568520000e-01
v 8.278101680000e-02 0.000000000000e+00 2.538199420000e-01
v 1.085934640000e-01 0.000000000000e+00 2.496523860000e-01
v 1.662119630000e-01 0.000000000000e+00 2.045375110000e-01
v 1.102277040000e-01 0.000000000000e+00 2.010492090000e-01
v 8.816313740000e-02 0.000000000000e+00 1.491609810000e-01
v 1.399552820000e-01 0.000000000000e+00 1.487753390000e-01
v 1.647373440000e-01 0.000000000000e+00 2.356774810000e-01
v 1.115795370000e-01 0.000000000000e+00 1.312156920000e-01
v 1.384277340000e-01 0.000000000000e+00 1.855347160000e-01
v 7.800251250000e-02 0.000000000000e+00 1.822470430000e-01
v 1.103928690000e-01 0.000000000000e+00 1.669108870000e-01
v 1.679654120000e-01 0.000000000000e+00 1.696680780000e-01
v 1.583985090000e-01 0.000000000000e+00 2.637267110000e-01
v 1.749722960000e-01 0.000000000000e+00 1.266920570000e-01
v 1.354897020000e-01 0.000000000000e+00 2.442948820000e-01
v 1.153451200000e-01 0.000000000000e+00 2.272996900000e-01
v 1.379879710000e-01 0.000000000000e+00 2.169075010000e-01
v 4.368565080000e-01 0.000000000000e+00 2.129833700000e-01
v 4.820342060000e-01 0.000000000000e+00 2.128226760000e-01
v 5.000000000000e-01 0.000000000000e+00 1.750000120000e-01
v 4.511046410000e-01 0.000000000000e+00 1.725591420000e-01
v 4.527721410000e-01 0.000000000000e+00 1.949443820000e-01
v 4.674372670000e-01 0.000000000000e+00 1.805108790000e-01
v 5.000000000000e-01 0.000000000000e+00 1.999999880000e-01
v 4.686231610000e-01 0.000000000000e+00 2.023515700000e-01
v 4.663572310000e-01 0.000000000000e+00 1.580084560000e-01
v 4.502806660000e-01 0.000000000000e+00 1.507653000000e-01
v 4.809803960000e-01 0.000000000000e+00 1.663054230000e-01
v 4.341228010000e-01 0.000000000000e+00 1.646666530000e-01
v 4.816203120000e-01 0.000000000000e+00 1.897261140000e-01
v 4.565887450000e-01 0.000000000000e+00 2.129776480000e-01
v 4.345481400000e-01 0.000000000000e+00 1.869883540000e-01
v 4.815225600000e-01 0.000000000000e+00 2.362856860000e-01
v 4.333701130000e-01 0.000000000000e+00 2.391600610000e-01
v 4.820089340000e-01 0.000000000000e+00 2.913968560000e-01
v 5.000000000000e-01 0.000000000000e+00 3.000000120000e-01
v 4.627218250000e-01 0.000000000000e+00 2.731759550000e-01
v 5.000000000000e-01 0.000000000000e+00 2.500000000000e-01
v 4.525566100000e-01 0.000000000000e+00 2.315757270000e-01
v 4.665842060000e-01 0.000000000000e+00 2.463428970000e-01
v 4.308829310000e-01 0.000000000000e+00 2.622017860000e-01
v 4.490447040000e-01 0.000000000000e+00 2.539832590000e-01
v 4.801812170000e-01 0.000000000000e+00 2.610650060000e-01
v 5.000000000000e-01 0.000000000000e+00 2.750000360000e-01
v 4.448161130000e-01 0.000000000000e+00 2.726020810000e-01
v 5.000000000000e-01 0.000000000000e+00 2.250000240000e-01
v 4.684691430000e-01 0.000000000000e+00 2.236032490000e-01
v 3.302071090000e-01 0.000000000000e+00 2.063431740000e-01
v 3.745343690000e-01 0.000000000000e+00 1.502144340000e-01
v 3.549463750000e-01 0.000000000000e+00 1.425459380000e-01
v 3.453507420000e-01 0.000000000000e+00 1.234675650000e-01
v 3.522224430000e-01 0.000000000000e+00 1.913656000000e-01
v 3.311917780000e-01 0.000000000000e+00 1.504707340000e-01
v 3.745477200000e-01 0.000000000000e+00 1.763981580000e-01
v 4.151897430000e-01 0.000000000000e+00 1.394789220000e-01
v 4.334740640000e-01 0.000000000000e+00 1.442952160000e-01
v 3.986427780000e-01 0.000000000000e+00 1.601898670000e-01
v 4.195113180000e-01 0.000000000000e+00 1.569788460000e-01
v 3.529341220000e-01 0.000000000000e+00 1.652299170000e-01
v 3.716237550000e-01 0.000000000000e+00 1.230262520000e-01
v 3.945314880000e-01 0.000000000000e+00 1.334753040000e-01
v 3.305089470000e-01 0.000000000000e+00 1.798399690000e-01
v 3.726925850000e-01 0.000000000000e+00 2.283954620000e-01
v 4.159491060000e-01 0.000000000000e+00 1.763457060000e-01
v 4.143919940000e-01 0.000000000000e+00 2.261178490000e-01
v 3.722178940000e-01 0.000000000000e+00 2.536196710000e-01
v 3.512656690000e-01 0.000000000000e+00 2.429697510000e-01
v 3.951859470000e-01 0.000000000000e+00 1.883808370000e-01
v 4.128687380000e-01 0.000000000000e+00 2.506618500000e-01
v 3.299045560000e-01 0.000000000000e+00 2.321858410000e-01
v 3.516721730000e-01 0.000000000000e+00 2.173601390000e-01
v 3.926587100000e-01 0.000000000000e+00 2.639989850000e-01
v 3.937954900000e-01 0.000000000000e+00 2.141704560000e-01
v 3.931620120000e-01 0.000000000000e+00 2.393240930000e-01
v 4.151752000000e-01 0.000000000000e+00 2.008198500000e-01
v 3.734197620000e-01 0.000000000000e+00 2.027201650000e-01
v 3.937125210000e-01 0.000000000000e+00 1.631061730000e-02
v 4.131431580000e-01 0.000000000000e+00 5.133283140000e-02
v 4.089801310000e-01 0.000000000000e+00 -2.107183640000e-02
v 3.931767940000e-01 0.000000000000e+00 4.080611470000e-02
v 3.815066810000e-01 0.000000000000e+00 -2.484799920000e-02
v 4.170200820000e-01 0.000000000000e+00 2.583479880000e-02
v 4.344465730000e-01 0.000000000000e+00 4.124975200000e-02
v 4.377832410000e-01 0.000000000000e+00 2.399834990000e-02
v 4.314222340000e-01 0.000000000000e+00 -1.490405200000e-02
v 3.709025380000e-01 0.000000000000e+00 2.961069350000e-02
v 4.133613110000e-01 0.000000000000e+00 1.681283120000e-03
v 3.739526270000e-01 0.000000000000e+00 2.946786580000e-03
v 3.943555360000e-01 0.000000000000e+00 -4.724379630000e-03
v 4.341354370000e-01 0.000000000000e+00 7.174178960000e-03
v 4.692897800000e-01 0.000000000000e+00 1.893589270000e-03
v 4.507040980000e-01 0.000000000000e+00 5.159720780000e-02
v 4.682531360000e-01 0.000000000000e+00 4.198506470000e-02
v 4.668822290000e-01 0.000000000000e+00 6.181818250000e-02
v 4.701738360000e-01 0.000000000000e+00 2.233515680000e-02
v 5.000000000000e-01 0.000000000000e+00 0.000000000000e+00
v 4.524221420000e-01 0.000000000000e+00 1.332243530000e-02
v 4.508571620000e-01 0.000000000000e+00 -7.306240500000e-03
v 4.864053730000e-01 0.000000000000e+00 1.271968330000e-02
v 4.832973480000e-01 0.000000000000e+00 -1.051010190000e-02
v 4.836564060000e-01 0.000000000000e+00 3.420567510000e-02
v 4.520211220000e-01 0.000000000000e+00 3.219926360000e-02
v 4.806222920000e-01 0.000000000000e+00 5.672049520000e-02
v 5.000000000000e-01 0.000000000000e+00 2.500003580000e-02
v 5.000000000000e-01 0.000000000000e+00 5.000001190000e-02
v 4.131150250000e-01 0.000000000000e+00 1.177573200000e-01
v 4.308180810000e-01 0.000000000000e+00 1.037062410000e-01
v 3.519234660000e-01 0.000000000000e+00 7.655805350000e-02
v 3.939375880000e-01 0.000000000000e+00 1.097528930000e-01
v 4.124405380000e-01 0.000000000000e+00 9.582763910000e-02
v 3.929240700000e-01 0.000000000000e+00 6.509149070000e-02
v 3.711705210000e-01 0.000000000000e+00 5.668425560000e-02
v 4.317746160000e-01 0.000000000000e+00 6.176984310000e-02
v 3.938362600000e-01 0.000000000000e+00 8.770591020000e-02
v 4.500575070000e-01 0.000000000000e+00 7.185024020000e-02
v 3.785161970000e-01 0.000000000000e+00 1.005285980000e-01
v 4.308917520000e-01 0.000000000000e+00 8.296710250000e-02
v 4.126408100000e-01 0.000000000000e+00 7.396310570000e-02
v 3.745219710000e-01 0.000000000000e+00 8.124387260000e-02
v 3.595035080000e-01 0.000000000000e+00 1.007828120000e-01
v 5.000000000000e-01 0.000000000000e+00 1.000000240000e-01
v 5.000000000000e-01 0.000000000000e+00 1.500000360000e-01
v 4.802279470000e-01 0.000000000000e+00 1.146324870000e-01
v 4.806551930000e-01 0.000000000000e+00 1.417152880000e-01
v 4.642367360000e-01 0.000000000000e+00 1.172314880000e-01
v 4.657511710000e-01 0.000000000000e+00 1.346902850000e-01
v 5.000000000000e-01 0.000000000000e+00 1.250000000000e-01
v 5.000000000000e-01 0.000000000000e+00 7.499998810000e-02
v 4.491720200000e-01 0.000000000000e+00 1.298499110000e-01
v 4.850587840000e-01 0.000000000000e+00 8.273649220000e-02
v 4.683051110000e-01 0.000000000000e+00 7.984364030000e-02
v 4.684395790000e-01 0.000000000000e+00 9.919780490000e-02
v 4.502925870000e-01 0.000000000000e+00 1.100676060000e-01
v 4.508099560000e-01 0.000000000000e+00 9.120559690000e-02
v 4.317617420000e-01 0.000000000000e+00 1.242271660000e-01
v 4.774284360000e-01 0.000000000000e+00 7.076215740000e-02
v -2.004101280000e-01 0.000000000000e+00 4.726314540000e-01
v -2.012305260000e-01 0.000000000000e+00 4.463467600000e-01
v -2.240657810000e-01 0.000000000000e+00 4.723029140000e-01
v -2.350466250000e-01 0.000000000000e+00 4.591126440000e-01
v -1.765905620000e-01 0.000000000000e+00 4.723391530000e-01
v -2.122930290000e-01 0.000000000000e+00 4.599895480000e-01
v -1.890484090000e-01 0.000000000000e+00 4.600791930000e-01
v -1.880718470000e-01 0.000000000000e+00 4.840192790000e-01
v -2.123506070000e-01 0.000000000000e+00 4.840397830000e-01
v -1.999999880000e-01 0.000000000000e+00 5.000000000000e-01
v -2.238237860000e-01 0.000000000000e+00 4.458198550000e-01
v -1.781657930000e-01 0.000000000000e+00 4.463138580000e-01
v -1.550232170000e-01 0.000000000000e+00 4.456324580000e-01
v -1.656365390000e-01 0.000000000000e+00 4.595041280000e-01
v -1.287978890000e-01 0.000000000000e+00 4.705233570000e-01
v -1.149953600000e-01 0.000000000000e+00 4.823684690000e-01
v -1.185350420000e-01 0.000000000000e+00 4.570517540000e-01
v -1.250000000000e-01 0.000000000000e+00 5.000000000000e-01
v -1.047139170000e-01 0.000000000000e+00 4.693937300000e-01
v -9.999999400000e-02 0.000000000000e+00 5.000000000000e-01
v -1.637527940000e-01 0.000000000000e+00 4.836568830000e-01
v -1.421514750000e-01 0.000000000000e+00 4.584050180000e-01
v -9.039109950000e-02 0.000000000000e+00 4.816794400000e-01
v -1.527228360000e-01 0.000000000000e+00 4.715714450000e-01
v -1.749999820000e-01 0.000000000000e+00 5.000000000000e-01
v -1.500000060000e-01 0.000000000000e+00 5.000000000000e-01
v -9.470313790000e-02 0.000000000000e+00 4.556989670000e-01
v -1.394109730000e-01 0.000000000000e+00 4.830632210000e-01
v -1.907966140000e-01 0.000000000000e+00 4.318146710000e-01
v -1.988396640000e-01 0.000000000000e+00 4.156899450000e-01
v -1.805478330000e-01 0.000000000000e+00 4.190266130000e-01
v -2.134146690000e-01 0.000000000000e+00 4.308021070000e-01
v -1.507816310000e-01 0.000000000000e+00 4.001293180000e-01
v -1.775485280000e-01 0.000000000000e+00 4.043707850000e-01
v -2.333462240000e-01 0.000000000000e+00 4.262495040000e-01
v -2.201837300000e-01 0.000000000000e+00 4.116415980000e-01
v -1.967753170000e-01 0.000000000000e+00 3.743269440000e-01
v -1.702318190000e-01 0.000000000000e+00 3.830542560000e-01
v -1.987689730000e-01 0.000000000000e+00 3.964288230000e-01
v -2.373952870000e-01 0.000000000000e+00 4.045896530000e-01
v -2.204837800000e-01 0.000000000000e+00 3.886585240000e-01
v -1.684207920000e-01 0.000000000000e+00 4.319498540000e-01
v -1.600285770000e-01 0.000000000000e+00 4.167554380000e-01
v -1.451259850000e-01 0.000000000000e+00 4.309456350000e-01
v -1.212265490000e-01 0.000000000000e+00 4.299550060000e-01
v -9.747475390000e-02 0.000000000000e+00 4.287514690000e-01
v -1.082395910000e-01 0.000000000000e+00 4.430115220000e-01
v -8.442366120000e-02 0.000000000000e+00 4.417352680000e-01
v -7.415342330000e-02 0.000000000000e+00 3.994855880000e-01
v -1.241133210000e-01 0.000000000000e+00 4.005002980000e-01
v -6.158751250000e-02 0.000000000000e+00 4.137070180000e-01
v -7.339352370000e-02 0.000000000000e+00 4.277653690000e-01
v -1.103227140000e-01 0.000000000000e+00 4.151978490000e-01
v -1.317604780000e-01 0.000000000000e+00 4.444184300000e-01
v -1.353164910000e-01 0.000000000000e+00 4.158513550000e-01
v -8.604115250000e-02 0.000000000000e+00 4.143443110000e-01
v -9.890329840000e-02 0.000000000000e+00 4.000301360000e-01
v 1.255391540000e-02 0.000000000000e+00 3.834450240000e-01
v -4.902571440000e-02 0.000000000000e+00 4.271063800000e-01
v -3.740811350000e-02 0.000000000000e+00 3.835103510000e-01
v -1.185449210000e-02 0.000000000000e+00 4.394617080000e-01
v -2.449579540000e-02 0.000000000000e+00 3.989961150000e-01
v -1.243799180000e-02 0.000000000000e+00 3.834600450000e-01
v 3.439739810000e-04 0.000000000000e+00 4.265377520000e-01
v -4.939118030000e-02 0.000000000000e+00 3.991432190000e-01
v -6.233924630000e-02 0.000000000000e+00 3.836662770000e-01
v 4.665954040000e-04 0.000000000000e+00 3.989467620000e-01
v 1.292611660000e-02 0.000000000000e+00 4.131627080000e-01
v -3.688338400000e-02 0.000000000000e+00 4.133625030000e-01
v -2.443802360000e-02 0.000000000000e+00 4.267196660000e-01
v -3.620147710000e-02 0.000000000000e+00 4.399356840000e-01
v -1.202335210000e-02 0.000000000000e+00 4.132132530000e-01
v 5.046722290000e-02 0.000000000000e+00 3.989224430000e-01
v 2.526521680000e-02 0.000000000000e+00 4.264807700000e-01
v 7.549828290000e-02 0.000000000000e+00 3.989017010000e-01
v 5.024924870000e-02 0.000000000000e+00 4.264702800000e-01
v 3.791520000000e-02 0.000000000000e+00 4.131500720000e-01
v 5.005407330000e-02 0.000000000000e+00 4.513916970000e-01
v 2.521774170000e-02 0.000000000000e+00 4.514327050000e-01
v 1.017152330000e-03 0.000000000000e+00 4.519205090000e-01
v 6.261324880000e-02 0.000000000000e+00 4.391725060000e-01
v 6.291985510000e-02 0.000000000000e+00 4.131436350000e-01
v 1.276023690000e-02 0.000000000000e+00 4.392409320000e-01
v 3.763160110000e-02 0.000000000000e+00 4.391787050000e-01
v 3.756213190000e-02 0.000000000000e+00 3.834319110000e-01
v 6.260180470000e-02 0.000000000000e+00 3.833973410000e-01
v 2.545917030000e-02 0.000000000000e+00 3.989324570000e-01
v -8.093945680000e-03 0.000000000000e+00 4.647870060000e-01
v -6.038516760000e-02 0.000000000000e+00 4.406998160000e-01
v 0.000000000000e+00 0.000000000000e+00 5.000000000000e-01
v -3.144830470000e-02 0.000000000000e+00 4.665765760000e-01
v -8.033913370000e-02 0.000000000000e+00 4.683418270000e-01
v -2.500000600000e-02 0.000000000000e+00 5.000000000000e-01
v -4.999998210000e-02 0.000000000000e+00 5.000000000000e-01
v -5.586469170000e-02 0.000000000000e+00 4.676198960000e-01
v -7.062327860000e-02 0.000000000000e+00 4.544944760000e-01
v -7.499998810000e-02 0.000000000000e+00 5.000000000000e-01
v -4.640993480000e-02 0.000000000000e+00 4.536395070000e-01
v -2.256566290000e-02 0.000000000000e+00 4.528517720000e-01
v -6.567442420000e-02 0.000000000000e+00 4.811444280000e-01
v -1.237991450000e-02 0.000000000000e+00 4.801182750000e-01
v -4.034075140000e-02 0.000000000000e+00 4.805355070000e-01
v 1.414521040000e-02 0.000000000000e+00 4.634747510000e-01
v 5.785521120000e-03 0.000000000000e+00 4.735498430000e-01
v 2.609725300000e-02 0.000000000000e+00 4.742732050000e-01
v 5.000001190000e-02 0.000000000000e+00 5.000000000000e-01
v 3.764155510000e-02 0.000000000000e+00 4.631352420000e-01
v 7.500392200000e-02 0.000000000000e+00 4.743280410000e-01
v 2.500003580000e-02 0.000000000000e+00 5.000000000000e-01
v 1.350820060000e-02 0.000000000000e+00 4.839005470000e-01
v 3.762319680000e-02 0.000000000000e+00 4.849109650000e-01
v 6.250822540000e-02 0.000000000000e+00 4.849505420000e-01
v 8.750015500000e-02 0.000000000000e+00 4.849524500000e-01
v 5.005073550000e-02 0.000000000000e+00 4.743247030000e-01
v 7.499998810000e-02 0.000000000000e+00 5.000000000000e-01
v 6.251758340000e-02 0.000000000000e+00 4.631266590000e-01
v 1.000000240000e-01 0.000000000000e+00 5.000000000000e-01
v -1.371895070000e-01 0.000000000000e+00 3.497560020000e-01
v -8.727508780000e-02 0.000000000000e+00 3.840088840000e-01
v -1.160843370000e-01 0.000000000000e+00 3.483040330000e-01
v -1.386445760000e-01 0.000000000000e+00 3.833448890000e-01
v -1.759791370000e-01 0.000000000000e+00 3.581879140000e-01
v -1.826634410000e-01 0.000000000000e+00 3.383989330000e-01
v -1.257714030000e-01 0.000000000000e+00 3.666567800000e-01
v -1.586210730000e-01 0.000000000000e+00 3.380031590000e-01
v -1.504207850000e-01 0.000000000000e+00 3.635540010000e-01
v -1.788698430000e-01 0.000000000000e+00 3.180110450000e-01
v -1.335991620000e-01 0.000000000000e+00 3.302309510000e-01
v -1.014147400000e-01 0.000000000000e+00 3.669116500000e-01
v -1.541801690000e-01 0.000000000000e+00 3.114845750000e-01
v -1.124095920000e-01 0.000000000000e+00 3.843438630000e-01
v -5.842900280000e-02 0.000000000000e+00 3.264048100000e-01
v -9.742355350000e-02 0.000000000000e+00 2.779650690000e-01
v -7.625204320000e-02 0.000000000000e+00 3.665905000000e-01
v -1.247409580000e-01 0.000000000000e+00 2.805488110000e-01
v -1.029225590000e-01 0.000000000000e+00 3.040225510000e-01
v -6.654036050000e-02 0.000000000000e+00 3.474228380000e-01
v -4.150146250000e-02 0.000000000000e+00 3.473489280000e-01
v -1.212897300000e-01 0.000000000000e+00 2.513179780000e-01
v -7.703435420000e-02 0.000000000000e+00 3.034381870000e-01
v -8.366578820000e-02 0.000000000000e+00 3.265635970000e-01
v -5.125156040000e-02 0.000000000000e+00 3.663966660000e-01
v -1.510905030000e-01 0.000000000000e+00 2.853734490000e-01
v -2.626496550000e-02 0.000000000000e+00 3.663406370000e-01
v -1.090067630000e-01 0.000000000000e+00 3.273737430000e-01
v -1.287246940000e-01 0.000000000000e+00 3.061869140000e-01
v -9.166306260000e-02 0.000000000000e+00 3.477547170000e-01
v -2.274868490000e-01 0.000000000000e+00 2.664749620000e-01
v -2.513206010000e-01 0.000000000000e+00 2.850437160000e-01
v -2.013511660000e-01 0.000000000000e+00 2.778532510000e-01
v -2.405431270000e-01 0.000000000000e+00 3.810772900000e-01
v -2.244415280000e-01 0.000000000000e+00 3.170287610000e-01
v -2.016414400000e-01 0.000000000000e+00 3.274204730000e-01
v -2.204629180000e-01 0.000000000000e+00 3.664557930000e-01
v -2.481710910000e-01 0.000000000000e+00 3.090631960000e-01
v -2.449913020000e-01 0.000000000000e+00 3.576045040000e-01
v -1.765620710000e-01 0.000000000000e+00 2.927956580000e-01
v -2.464377880000e-01 0.000000000000e+00 3.326005940000e-01
v -2.010865210000e-01 0.000000000000e+00 3.033807280000e-01
v -2.256793980000e-01 0.000000000000e+00 2.923426630000e-01
v -1.999311450000e-01 0.000000000000e+00 3.508996960000e-01
v -2.232086660000e-01 0.000000000000e+00 3.416111470000e-01
v -2.300653460000e-01 0.000000000000e+00 2.386896610000e-01
v -2.024503950000e-01 0.000000000000e+00 2.503767010000e-01
v -1.762305500000e-01 0.000000000000e+00 2.369277480000e-01
v -1.781371830000e-01 0.000000000000e+00 1.655679940000e-01
v -2.109580040000e-01 0.000000000000e+00 1.831897500000e-01
v -2.397828100000e-01 0.000000000000e+00 1.850185390000e-01
v -1.484841110000e-01 0.000000000000e+00 2.261233330000e-01
v -2.049893140000e-01 0.000000000000e+00 2.198197840000e-01
v -2.338349820000e-01 0.000000000000e+00 2.094163890000e-01
v -2.353436950000e-01 0.000000000000e+00 1.280065770000e-01
v -1.776733400000e-01 0.000000000000e+00 2.033931020000e-01
v -2.352809910000e-01 0.000000000000e+00 1.593226190000e-01
v -1.493225100000e-01 0.000000000000e+00 2.576467990000e-01
v -2.080037590000e-01 0.000000000000e+00 1.431713100000e-01
v -1.758650540000e-01 0.000000000000e+00 2.663145070000e-01
v -7.952712480000e-03 0.000000000000e+00 2.089985610000e-01
v 3.143383190000e-03 0.000000000000e+00 2.804157730000e-01
v 2.797201280000e-02 0.000000000000e+00 2.805356980000e-01
v -6.373077630000e-02 0.000000000000e+00 2.323169710000e-01
v -3.408607840000e-02 0.000000000000e+00 2.249135970000e-01
v -7.850825790000e-03 0.000000000000e+00 2.355003360000e-01
v 8.586980400000e-03 0.000000000000e+00 2.567851540000e-01
v -1.594610510000e-02 0.000000000000e+00 2.556316850000e-01
v -4.103100300000e-02 0.000000000000e+00 2.556300160000e-01
v -6.240516900000e-02 0.000000000000e+00 2.590019700000e-01
v -8.937984700000e-02 0.000000000000e+00 2.468814850000e-01
v -7.053351400000e-02 0.000000000000e+00 2.790241240000e-01
v -4.576793310000e-02 0.000000000000e+00 2.805752750000e-01
v -2.156496050000e-02 0.000000000000e+00 2.802987100000e-01
v -1.281023030000e-03 0.000000000000e+00 3.663277630000e-01
v 5.853593350000e-02 0.000000000000e+00 3.471841810000e-01
v 3.343936800000e-02 0.000000000000e+00 3.473074440000e-01
v 8.434362710000e-03 0.000000000000e+00 3.473448750000e-01
v 2.268169820000e-02 0.000000000000e+00 3.040282730000e-01
v -2.693264190000e-02 0.000000000000e+00 3.040511610000e-01
v -1.652967930000e-02 0.000000000000e+00 3.473508360000e-01
v -2.206316220000e-03 0.000000000000e+00 3.040368560000e-01
v 4.140603540000e-02 0.000000000000e+00 3.264076710000e-01
v 1.638297740000e-02 0.000000000000e+00 3.264923100000e-01
v -8.538164200000e-03 0.000000000000e+00 3.265120980000e-01
v -3.342351320000e-02 0.000000000000e+00 3.264777660000e-01
v 4.875233770000e-02 0.000000000000e+00 3.662724490000e-01
v -5.170226100000e-02 0.000000000000e+00 3.037993910000e-01
v 2.371752260000e-02 0.000000000000e+00 3.663144110000e-01
v -1.191425320000e-01 0.000000000000e+00 2.171597480000e-01
v -1.479061840000e-01 0.000000000000e+00 1.902332310000e-01
v -9.001666310000e-02 0.000000000000e+00 2.077727320000e-01
v -3.932809830000e-02 0.000000000000e+00 1.492244010000e-01
v -1.464277510000e-01 0.000000000000e+00 1.503245830000e-01
v -6.206375360000e-02 0.000000000000e+00 1.985806230000e-01
v -5.050057170000e-02 0.000000000000e+00 1.089589600000e-01
v -1.452053790000e-01 0.000000000000e+00 1.089509130000e-01
v -7.288461920000e-02 0.000000000000e+00 1.385552880000e-01
v -5.968171360000e-02 0.000000000000e+00 1.685222390000e-01
v -8.598500490000e-02 0.000000000000e+00 1.711112260000e-01
v -1.109941600000e-01 0.000000000000e+00 1.346435550000e-01
v -1.170866490000e-01 0.000000000000e+00 1.786981820000e-01
v -3.494456410000e-02 0.000000000000e+00 1.866775750000e-01
v -1.183320280000e-01 0.000000000000e+00 9.515994790000e-02
v -8.768928050000e-02 0.000000000000e+00 1.005399230000e-01
v -2.113033530000e-01 0.000000000000e+00 1.015500430000e-01
v -1.047105790000e-01 0.000000000000e+00 2.352220940000e-03
v -6.608277560000e-02 0.000000000000e+00 1.520045100000e-02
v -6.533747910000e-02 0.000000000000e+00 6.277495620000e-02
v -1.775988340000e-01 0.000000000000e+00 1.248400210000e-01
v -1.804481740000e-01 0.000000000000e+00 -8.211404090000e-03
v -1.691228150000e-01 0.000000000000e+00 3.533908720000e-02
v -1.057834630000e-01 0.000000000000e+00 6.538861990000e-02
v -1.405417920000e-01 0.000000000000e+00 6.940519810000e-02
v -2.063872810000e-01 0.000000000000e+00 1.898586750000e-02
v -1.267625090000e-01 0.000000000000e+00 3.352218870000e-02
v -9.397012000000e-02 0.000000000000e+00 3.516805170000e-02
v -2.063257690000e-01 0.000000000000e+00 5.843096970000e-02
v -1.753916740000e-01 0.000000000000e+00 8.244532350000e-02
v -1.433333160000e-01 0.000000000000e+00 -2.173135060000e-03
v -2.591674330000e-01 0.000000000000e+00 1.464865210000e-01
v -3.303263190000e-01 0.000000000000e+00 1.756428480000e-01
v -3.074703220000e-01 0.000000000000e+00 1.833689210000e-01
v -2.846162320000e-01 0.000000000000e+00 1.928514240000e-01
v -3.064303400000e-01 0.000000000000e+00 1.305140260000e-01
v -2.828524110000e-01 0.000000000000e+00 1.376000640000e-01
v -2.832820420000e-01 0.000000000000e+00 1.646999120000e-01
v -3.066358570000e-01 0.000000000000e+00 1.566619870000e-01
v -3.545608520000e-01 0.000000000000e+00 2.199869160000e-01
v -3.536479470000e-01 0.000000000000e+00 1.939667460000e-01
v -3.312699790000e-01 0.000000000000e+00 2.017041440000e-01
v -3.094556330000e-01 0.000000000000e+00 2.101752760000e-01
v -2.605319020000e-01 0.000000000000e+00 2.023503780000e-01
v -2.601344590000e-01 0.000000000000e+00 1.744554040000e-01
v -2.780513760000e-01 0.000000000000e+00 2.809381480000e-01
v -2.544922830000e-01 0.000000000000e+00 2.588694100000e-01
v -2.821209430000e-01 0.000000000000e+00 2.541477680000e-01
v -3.088579180000e-01 0.000000000000e+00 2.525477410000e-01
v -3.538873200000e-01 0.000000000000e+00 2.444605830000e-01
v -3.324229720000e-01 0.000000000000e+00 2.501490120000e-01
v -3.291425700000e-01 0.000000000000e+00 3.012616630000e-01
v -3.324646950000e-01 0.000000000000e+00 2.267067430000e-01
v -3.139669900000e-01 0.000000000000e+00 2.328085900000e-01
v -2.881205080000e-01 0.000000000000e+00 2.248682980000e-01
v -2.580759530000e-01 0.000000000000e+00 2.308967110000e-01
v -3.590581420000e-01 0.000000000000e+00 2.962822910000e-01
v -3.542411330000e-01 0.000000000000e+00 2.680275440000e-01
v -3.316891190000e-01 0.000000000000e+00 2.748038770000e-01
v -3.052697180000e-01 0.000000000000e+00 2.781686780000e-01
v -3.750598430000e-01 0.000000000000e+00 1.601049900000e-01
v -3.529741760000e-01 0.000000000000e+00 1.682068110000e-01
v -3.964703080000e-01 0.000000000000e+00 1.513584850000e-01
v -3.299806120000e-01 0.000000000000e+00 1.241806750000e-01
v -3.534867760000e-01 0.000000000000e+00 1.174712180000e-01
v -3.757553100000e-01 0.000000000000e+00 1.350976230000e-01
v -3.961966040000e-01 0.000000000000e+00 1.755720380000e-01
v -3.529546260000e-01 0.000000000000e+00 1.427843570000e-01
v -3.984901910000e-01 0.000000000000e+00 1.270967720000e-01
v -3.773567680000e-01 0.000000000000e+00 1.096833350000e-01
v -3.299179080000e-01 0.000000000000e+00 1.497385500000e-01
v -3.539643290000e-01 0.000000000000e+00 9.210234880000e-02
v -3.776881690000e-01 0.000000000000e+00 8.374279740000e-02
v -4.031438830000e-01 0.000000000000e+00 1.004695300000e-01
v -3.754489420000e-01 0.000000000000e+00 1.852532630000e-01
v -2.608606820000e-01 0.000000000000e+00 6.600880620000e-02
v -2.382133010000e-01 0.000000000000e+00 4.055765270000e-02
v -2.650039200000e-01 0.000000000000e+00 4.421618580000e-02
v -2.839026450000e-01 0.000000000000e+00 3.637501600000e-02
v -2.829906940000e-01 0.000000000000e+00 1.112481360000e-01
v -2.597789760000e-01 0.000000000000e+00 1.190978290000e-01
v -3.302621840000e-01 0.000000000000e+00 9.887820480000e-02
v -3.065824510000e-01 0.000000000000e+00 1.048579220000e-01
v -2.601766590000e-01 0.000000000000e+00 9.277796750000e-02
v -2.359645370000e-01 0.000000000000e+00 7.619100810000e-02
v -2.833881380000e-01 0.000000000000e+00 8.544886110000e-02
v -3.068857190000e-01 0.000000000000e+00 7.964253430000e-02
v -3.304138180000e-01 0.000000000000e+00 7.372182610000e-02
v -2.842254640000e-01 0.000000000000e+00 6.065577270000e-02
v -3.069550990000e-01 0.000000000000e+00 5.472612380000e-02
v -2.401301860000e-01 0.000000000000e+00 1.027189490000e-01
v -4.800200460000e-01 0.000000000000e+00 1.620074510000e-01
v -4.812183380000e-01 0.000000000000e+00 2.118810420000e-01
v -4.807472230000e-01 0.000000000000e+00 1.871756320000e-01
v -4.814119340000e-01 0.000000000000e+00 2.364497180000e-01
v -5.000000000000e-01 0.000000000000e+00 1.999999880000e-01
v -5.000000000000e-01 0.000000000000e+00 2.500000000000e-01
v -4.671134950000e-01 0.000000000000e+00 1.995780470000e-01
v -5.000000000000e-01 0.000000000000e+00 1.750000120000e-01
v -4.659934040000e-01 0.000000000000e+00 1.751122470000e-01
v -4.512825010000e-01 0.000000000000e+00 1.882631780000e-01
v -5.000000000000e-01 0.000000000000e+00 2.250000240000e-01
v -5.000000000000e-01 0.000000000000e+00 1.500000360000e-01
v -4.677791600000e-01 0.000000000000e+00 2.237610820000e-01
v -4.524254800000e-01 0.000000000000e+00 2.118607760000e-01
v -4.157094960000e-01 0.000000000000e+00 1.655665640000e-01
v -4.339823720000e-01 0.000000000000e+00 1.774883270000e-01
v -3.972268100000e-01 0.000000000000e+00 2.001438140000e-01
v -4.635648730000e-01 0.000000000000e+00 1.483775380000e-01
v -4.347083570000e-01 0.000000000000e+00 1.356441970000e-01
v -4.469800000000e-01 0.000000000000e+00 1.471920010000e-01
v -4.496645930000e-01 0.000000000000e+00 1.654223200000e-01
v -4.246029850000e-01 0.000000000000e+00 1.034312250000e-01
v -4.333527090000e-01 0.000000000000e+00 1.558614970000e-01
v -4.178333280000e-01 0.000000000000e+00 2.125663760000e-01
v -4.377291200000e-01 0.000000000000e+00 1.157083510000e-01
v -4.510622020000e-01 0.000000000000e+00 1.297425030000e-01
v -4.197392460000e-01 0.000000000000e+00 1.210904120000e-01
v -4.163224700000e-01 0.000000000000e+00 1.888691190000e-01
v -4.351823330000e-01 0.000000000000e+00 2.005549670000e-01
v -4.167356490000e-01 0.000000000000e+00 1.430224180000e-01
v -4.529228210000e-01 0.000000000000e+00 2.351162430000e-01
v -4.519658090000e-01 0.000000000000e+00 2.577311990000e-01
v -4.802703860000e-01 0.000000000000e+00 3.114149570000e-01
v -4.364738460000e-01 0.000000000000e+00 2.236368660000e-01
v -4.676814080000e-01 0.000000000000e+00 2.477293010000e-01
v -4.804134370000e-01 0.000000000000e+00 2.860827450000e-01
v -4.368631840000e-01 0.000000000000e+00 2.453727720000e-01
v -4.337923530000e-01 0.000000000000e+00 2.652595040000e-01
v -5.000000000000e-01 0.000000000000e+00 3.000000120000e-01
v -4.638414380000e-01 0.000000000000e+00 2.981126310000e-01
v -4.486904140000e-01 0.000000000000e+00 2.800083160000e-01
v -4.664478300000e-01 0.000000000000e+00 2.718155380000e-01
v -5.000000000000e-01 0.000000000000e+00 2.750000360000e-01
v -4.443807600000e-01 0.000000000000e+00 3.001132010000e-01
v -4.811706540000e-01 0.000000000000e+00 2.610592840000e-01
v -4.267082210000e-01 0.000000000000e+00 2.866318230000e-01
v -4.120204450000e-01 0.000000000000e+00 3.031439780000e-01
v -3.789315220000e-01 0.000000000000e+00 2.394652370000e-01
v -3.767046930000e-01 0.000000000000e+00 2.111383680000e-01
v -4.294021130000e-01 0.000000000000e+00 3.054115770000e-01
v -3.776006700000e-01 0.000000000000e+00 2.794263360000e-01
v -3.709270950000e-01 0.000000000000e+00 2.596251960000e-01
v -4.015223980000e-01 0.000000000000e+00 2.840113640000e-01
v -4.135060310000e-01 0.000000000000e+00 2.672696110000e-01
v -3.994657990000e-01 0.000000000000e+00 2.249157430000e-01
v -4.219880100000e-01 0.000000000000e+00 2.527120110000e-01
v -3.910505770000e-01 0.000000000000e+00 2.636415960000e-01
v -4.199395180000e-01 0.000000000000e+00 2.350673680000e-01
v -4.042711260000e-01 0.000000000000e+00 2.479159830000e-01
v -3.886086940000e-01 0.000000000000e+00 3.013908860000e-01
v -4.091494080000e-01 0.000000000000e+00 4.804883000000e-01
v -4.438910480000e-01 0.000000000000e+00 4.450483320000e-01
v -4.052908420000e-01 0.000000000000e+00 4.532413480000e-01
v -3.878090380000e-01 0.000000000000e+00 4.546036720000e-01
v -4.421932700000e-01 0.000000000000e+00 4.232058530000e-01
v -4.405543800000e-01 0.000000000000e+00 4.632020000000e-01
v -4.293389320000e-01 0.000000000000e+00 4.355673790000e-01
v -4.118697640000e-01 0.000000000000e+00 4.378631110000e-01
v -4.198760990000e-01 0.000000000000e+00 4.224472050000e-01
v -3.995270730000e-01 0.000000000000e+00 4.252672200000e-01
v -4.250481130000e-01 0.000000000000e+00 4.500956540000e-01
v -4.182000160000e-01 0.000000000000e+00 4.659924510000e-01
v -4.071371560000e-01 0.000000000000e+00 4.080405240000e-01
v -3.962113860000e-01 0.000000000000e+00 4.669675830000e-01
v -3.927843570000e-01 0.000000000000e+00 4.413342480000e-01
v -4.742317200000e-01 0.000000000000e+00 4.533929820000e-01
v -4.747319220000e-01 0.000000000000e+00 4.695062640000e-01
v -5.000000000000e-01 0.000000000000e+00 4.750000240000e-01
v -4.332187180000e-01 0.000000000000e+00 4.793601040000e-01
v -4.617085460000e-01 0.000000000000e+00 4.388780590000e-01
v -4.754199980000e-01 0.000000000000e+00 4.356327060000e-01
v -5.000000000000e-01 0.000000000000e+00 4.499999880000e-01
v -4.865570070000e-01 0.000000000000e+00 4.557323460000e-01
v -4.597334860000e-01 0.000000000000e+00 4.788236620000e-01
v -4.824824330000e-01 0.000000000000e+00 4.816937450000e-01
v -5.000000000000e-01 0.000000000000e+00 5.000000000000e-01
v -4.749999940000e-01 0.000000000000e+00 5.000000000000e-01
v -4.499999880000e-01 0.000000000000e+00 5.000000000000e-01
v -4.250000120000e-01 0.000000000000e+00 5.000000000000e-01
v -4.604868890000e-01 0.000000000000e+00 4.583415990000e-01
v -4.284448620000e-01 0.000000000000e+00 3.532719610000e-01
v -4.801797870000e-01 0.000000000000e+00 3.614664080000e-01
v -4.462757110000e-01 0.000000000000e+00 3.500826360000e-01
v -4.346938130000e-01 0.000000000000e+00 3.350138660000e-01
v -4.539408680000e-01 0.000000000000e+00 3.139770030000e-01
v -5.000000000000e-01 0.000000000000e+00 3.500000240000e-01
v -4.644179340000e-01 0.000000000000e+00 3.486528400000e-01
v -5.000000000000e-01 0.000000000000e+00 3.249999880000e-01
v -4.664492610000e-01 0.000000000000e+00 3.233137130000e-01
v -4.226727490000e-01 0.000000000000e+00 3.200054170000e-01
v -4.516634940000e-01 0.000000000000e+00 3.313744070000e-01
v -4.400277140000e-01 0.000000000000e+00 3.175022600000e-01
v -5.000000000000e-01 0.000000000000e+00 3.750000000000e-01
v -4.156360630000e-01 0.000000000000e+00 3.378975390000e-01
v -4.803090100000e-01 0.000000000000e+00 3.366007800000e-01
v -4.399895670000e-01 0.000000000000e+00 3.678445820000e-01
v -4.543046950000e-01 0.000000000000e+00 3.642156120000e-01
v -4.807600980000e-01 0.000000000000e+00 4.176900390000e-01
v -4.629225730000e-01 0.000000000000e+00 4.172587390000e-01
v -4.341979030000e-01 0.000000000000e+00 3.861844540000e-01
v -5.000000000000e-01 0.000000000000e+00 4.000000360000e-01
v -4.649062160000e-01 0.000000000000e+00 3.949592110000e-01
v -5.000000000000e-01 0.000000000000e+00 4.250000120000e-01
v -4.280130860000e-01 0.000000000000e+00 4.053030010000e-01
v -4.477567670000e-01 0.000000000000e+00 4.016382690000e-01
v -4.664282800000e-01 0.000000000000e+00 3.729913230000e-01
v -4.516448970000e-01 0.000000000000e+00 3.814437390000e-01
v -4.217963220000e-01 0.000000000000e+00 3.716719150000e-01
v -4.799866680000e-01 0.000000000000e+00 3.857524390000e-01
v -4.147453310000e-01 0.000000000000e+00 3.900656700000e-01
v -2.733139990000e-01 0.000000000000e+00 3.061296940000e-01
v -3.516185280000e-01 0.000000000000e+00 3.235275750000e-01
v -3.239271640000e-01 0.000000000000e+00 3.279836180000e-01
v -2.930510040000e-01 0.000000000000e+00 3.334658150000e-01
v -3.325483800000e-01 0.000000000000e+00 4.052224160000e-01
v -3.459320070000e-01 0.000000000000e+00 3.480269910000e-01
v -3.201303480000e-01 0.000000000000e+00 3.553724290000e-01
v -2.939081190000e-01 0.000000000000e+00 3.655338290000e-01
v -2.691118720000e-01 0.000000000000e+00 3.484823700000e-01
v -3.420066830000e-01 0.000000000000e+00 3.712890150000e-01
v -3.191976550000e-01 0.000000000000e+00 3.844077590000e-01
v -2.664082050000e-01 0.000000000000e+00 3.254165650000e-01
v -3.008239270000e-01 0.000000000000e+00 3.047332760000e-01
v -3.413016800000e-01 0.000000000000e+00 3.896167280000e-01
v -3.866281510000e-01 0.000000000000e+00 4.118404390000e-01
v -3.661401270000e-01 0.000000000000e+00 4.160130020000e-01
v -3.530104160000e-01 0.000000000000e+00 4.023878570000e-01
v -3.781170850000e-01 0.000000000000e+00 3.214850430000e-01
v -3.733248710000e-01 0.000000000000e+00 3.982086180000e-01
v -4.021513460000e-01 0.000000000000e+00 3.210234640000e-01
v -3.871335980000e-01 0.000000000000e+00 3.604202270000e-01
v -4.015848640000e-01 0.000000000000e+00 3.755726810000e-01
v -4.086575510000e-01 0.000000000000e+00 3.567469120000e-01
v -3.942055700000e-01 0.000000000000e+00 3.939931390000e-01
v -3.645918370000e-01 0.000000000000e+00 3.648266790000e-01
v -3.803195950000e-01 0.000000000000e+00 3.797736170000e-01
v -3.707234860000e-01 0.000000000000e+00 3.435080050000e-01
v -3.942058090000e-01 0.000000000000e+00 3.405027390000e-01
v -3.592596050000e-01 0.000000000000e+00 3.844952580000e-01
v -3.375303750000e-01 0.000000000000e+00 4.804081920000e-01
v -3.595893380000e-01 0.000000000000e+00 4.335713390000e-01
v -3.795466420000e-01 0.000000000000e+00 4.291059970000e-01
v -4.000000060000e-01 0.000000000000e+00 5.000000000000e-01
v -3.340086940000e-01 0.000000000000e+00 4.549679760000e-01
v -3.543326850000e-01 0.000000000000e+00 4.509410860000e-01
v -3.291594980000e-01 0.000000000000e+00 4.684023860000e-01
v -3.479332920000e-01 0.000000000000e+00 4.668955800000e-01
v -3.722262380000e-01 0.000000000000e+00 4.640555380000e-01
v -3.853819370000e-01 0.000000000000e+00 4.801578520000e-01
v -3.499999940000e-01 0.000000000000e+00 5.000000000000e-01
v -3.750000000000e-01 0.000000000000e+00 5.000000000000e-01
v -3.395335670000e-01 0.000000000000e+00 4.381814000000e-01
v -3.611505030000e-01 0.000000000000e+00 4.801392560000e-01
v -3.458347320000e-01 0.000000000000e+00 4.201719760000e-01
v -3.740651610000e-01 0.000000000000e+00 4.458632470000e-01
v -2.474026680000e-01 0.000000000000e+00 4.711775780000e-01
v -3.145411010000e-01 0.000000000000e+00 4.601864810000e-01
v -2.850563530000e-01 0.000000000000e+00 4.808239940000e-01
v -2.570152280000e-01 0.000000000000e+00 4.570751190000e-01
v -3.120908740000e-01 0.000000000000e+00 4.777321820000e-01
v -2.365267280000e-01 0.000000000000e+00 4.836158750000e-01
v -2.704491620000e-01 0.000000000000e+00 4.690089230000e-01
v -3.249999880000e-01 0.000000000000e+00 5.000000000000e-01
v -3.000000120000e-01 0.000000000000e+00 5.000000000000e-01
v -2.934014800000e-01 0.000000000000e+00 4.655089380000e-01
v -2.606167790000e-01 0.000000000000e+00 4.826140400000e-01
v -2.783703800000e-01 0.000000000000e+00 4.534893040000e-01
v -2.749999760000e-01 0.000000000000e+00 5.000000000000e-01
v -2.500000000000e-01 0.000000000000e+00 5.000000000000e-01
v -2.249999940000e-01 0.000000000000e+00 5.000000000000e-01
v -2.704215050000e-01 0.000000000000e+00 4.033198360000e-01
v -2.673864360000e-01 0.000000000000e+00 4.263622760000e-01
v -3.105835910000e-01 0.000000000000e+00 4.091269970000e-01
v -2.843439580000e-01 0.000000000000e+00 4.360179900000e-01
v -2.669038770000e-01 0.000000000000e+00 3.776502610000e-01
v -2.535543440000e-01 0.000000000000e+00 3.948144910000e-01
v -2.887830730000e-01 0.000000000000e+00 4.161372180000e-01
v -3.194947240000e-01 0.000000000000e+00 4.431200030000e-01
v -2.478954790000e-01 0.000000000000e+00 4.394936560000e-01
v -2.992284300000e-01 0.000000000000e+00 4.485278130000e-01
v -2.668938640000e-01 0.000000000000e+00 4.435231690000e-01
v -2.920405860000e-01 0.000000000000e+00 3.928687570000e-01
v -3.047237400000e-01 0.000000000000e+00 4.299435620000e-01
v -3.253593440000e-01 0.000000000000e+00 4.245586400000e-01
v -2.520966530000e-01 0.000000000000e+00 4.165163040000e-01
v 5.997216700000e-02 0.000000000000e+00 -3.917489050000e-01
v 5.944997070000e-02 0.000000000000e+00 -3.695657250000e-01
v 3.299799560000e-02 0.000000000000e+00 -4.012377260000e-01
v -4.787236450000e-03 0.000000000000e+00 -3.536055090000e-01
v 4.047948870000e-03 0.000000000000e+00 -3.986408710000e-01
v -2.115827800000e-02 0.000000000000e+00 -3.979976180000e-01
v 4.415982960000e-02 0.000000000000e+00 -3.514897820000e-01
v -1.224487270000e-02 0.000000000000e+00 -3.762745860000e-01
v 2.023147050000e-02 0.000000000000e+00 -3.529710770000e-01
v 3.893819450000e-02 0.000000000000e+00 -3.741281030000e-01
v 6.853443380000e-02 0.000000000000e+00 -3.513126370000e-01
v 1.541893180000e-02 0.000000000000e+00 -4.202876090000e-01
v 8.349102740000e-02 0.000000000000e+00 -3.781280520000e-01
v 1.370743660000e-02 0.000000000000e+00 -3.763878350000e-01
v 9.342896940000e-02 0.000000000000e+00 -4.497456550000e-01
v 1.009534000000e-01 0.000000000000e+00 -4.659223560000e-01
v 1.063832640000e-01 0.000000000000e+00 -4.380464550000e-01
v 5.638879540000e-02 0.000000000000e+00 -4.369227890000e-01
v 8.369427920000e-02 0.000000000000e+00 -4.094355110000e-01
v 5.762344600000e-02 0.000000000000e+00 -4.162771700000e-01
v 1.084627510000e-01 0.000000000000e+00 -4.206814770000e-01
v 1.142716410000e-01 0.000000000000e+00 -4.514794350000e-01
v 1.247462030000e-01 0.000000000000e+00 -4.347181320000e-01
v 9.008687730000e-02 0.000000000000e+00 -4.321661000000e-01
v 7.274985310000e-02 0.000000000000e+00 -4.281213280000e-01
v 3.712165360000e-02 0.000000000000e+00 -4.274730680000e-01
v 7.433027030000e-02 0.000000000000e+00 -4.444437030000e-01
v 1.091517210000e-01 0.000000000000e+00 -3.959193230000e-01
v -3.791153430000e-02 0.000000000000e+00 -4.358546730000e-01
v -9.214922790000e-03 0.000000000000e+00 -4.508271220000e-01
v 2.607669680000e-03 0.000000000000e+00 -4.360735420000e-01
v -2.600087230000e-02 0.000000000000e+00 -4.640569690000e-01
v -3.821960090000e-02 0.000000000000e+00 -4.801354410000e-01
v -7.534034550000e-03 0.000000000000e+00 -4.179804330000e-01
v -3.022575380000e-02 0.000000000000e+00 -4.180607800000e-01
v -1.288072760000e-02 0.000000000000e+00 -4.803147320000e-01
v -2.500000600000e-02 0.000000000000e+00 -5.000000000000e-01
v 0.000000000000e+00 0.000000000000e+00 -5.000000000000e-01
v -1.804460590000e-02 0.000000000000e+00 -4.348611830000e-01
v 1.622601410000e-04 0.000000000000e+00 -4.665055270000e-01
v -5.242943760000e-02 0.000000000000e+00 -4.666547780000e-01
v -2.688489850000e-02 0.000000000000e+00 -4.479403500000e-01
v -4.427894950000e-02 0.000000000000e+00 -4.516859050000e-01
v 6.188040970000e-02 0.000000000000e+00 -4.802212720000e-01
v 7.475411890000e-02 0.000000000000e+00 -4.635801320000e-01
v 2.450692650000e-02 0.000000000000e+00 -4.667181970000e-01
v 8.730781080000e-02 0.000000000000e+00 -4.800610540000e-01
v 1.217332480000e-02 0.000000000000e+00 -4.808568950000e-01
v 1.000000240000e-01 0.000000000000e+00 -5.000000000000e-01
v 7.499998810000e-02 0.000000000000e+00 -5.000000000000e-01
v 3.684306140000e-02 0.000000000000e+00 -4.808540340000e-01
v 3.697216510000e-02 0.000000000000e+00 -4.493489270000e-01
v 4.873818160000e-02 0.000000000000e+00 -4.663171770000e-01
v 2.500003580000e-02 0.000000000000e+00 -5.000000000000e-01
v 5.000001190000e-02 0.000000000000e+00 -5.000000000000e-01
v 5.820441250000e-02 0.000000000000e+00 -4.526982310000e-01
v 2.122427520000e-02 0.000000000000e+00 -4.375288490000e-01
v 1.274175200000e-02 0.000000000000e+00 -4.518299100000e-01
v 1.365538840000e-01 0.000000000000e+00 -4.508185390000e-01
v 1.250000000000e-01 0.000000000000e+00 -5.000000000000e-01
v 1.500000360000e-01 0.000000000000e+00 -5.000000000000e-01
v 1.750000120000e-01 0.000000000000e+00 -5.000000000000e-01
v 2.051442860000e-01 0.000000000000e+00 -4.481186870000e-01
v 1.825889350000e-01 0.000000000000e+00 -4.489655490000e-01
v 1.593633890000e-01 0.000000000000e+00 -4.497828480000e-01
v 1.367458110000e-01 0.000000000000e+00 -4.805493350000e-01
v 1.859185700000e-01 0.000000000000e+00 -4.803667070000e-01
v 1.966018680000e-01 0.000000000000e+00 -4.650292400000e-01
v 1.723880770000e-01 0.000000000000e+00 -4.657716750000e-01
v 1.612339020000e-01 0.000000000000e+00 -4.804282190000e-01
v 1.246744390000e-01 0.000000000000e+00 -4.664015770000e-01
v 1.122710700000e-01 0.000000000000e+00 -4.805226330000e-01
v 1.484647990000e-01 0.000000000000e+00 -4.662775990000e-01
v 2.107254270000e-01 0.000000000000e+00 -3.921628000000e-01
v 1.923402550000e-01 0.000000000000e+00 -4.032416340000e-01
v 1.343911890000e-01 0.000000000000e+00 -4.120674130000e-01
v 1.692366600000e-01 0.000000000000e+00 -4.318864350000e-01
v 2.119488720000e-01 0.000000000000e+00 -4.332320690000e-01
v 1.877803800000e-01 0.000000000000e+00 -3.777272700000e-01
v 1.613776680000e-01 0.000000000000e+00 -3.766639230000e-01
v 1.333633660000e-01 0.000000000000e+00 -3.809735770000e-01
v 1.566337350000e-01 0.000000000000e+00 -3.987545970000e-01
v 1.742506030000e-01 0.000000000000e+00 -4.121565820000e-01
v 1.568343640000e-01 0.000000000000e+00 -4.174122810000e-01
v 1.924231050000e-01 0.000000000000e+00 -4.274375440000e-01
v 2.110793590000e-01 0.000000000000e+00 -4.152765270000e-01
v 1.751158240000e-01 0.000000000000e+00 -3.933231830000e-01
v 1.471294160000e-01 0.000000000000e+00 -4.331762790000e-01
v 2.904629710000e-01 0.000000000000e+00 -4.172999860000e-01
v 2.777330880000e-01 0.000000000000e+00 -4.354250430000e-01
v 2.471506600000e-01 0.000000000000e+00 -4.218764310000e-01
v 2.278418540000e-01 0.000000000000e+00 -4.272603990000e-01
v 2.424101830000e-01 0.000000000000e+00 -4.400258060000e-01
v 2.246873380000e-01 0.000000000000e+00 -4.449028970000e-01
v 2.682697770000e-01 0.000000000000e+00 -4.183938500000e-01
v 3.022108080000e-01 0.000000000000e+00 -3.974421020000e-01
v 2.587957380000e-01 0.000000000000e+00 -4.337720870000e-01
v 2.872750760000e-01 0.000000000000e+00 -3.746197220000e-01
v 2.602636810000e-01 0.000000000000e+00 -3.766407970000e-01
v 2.321097850000e-01 0.000000000000e+00 -3.795361520000e-01
v 2.528049950000e-01 0.000000000000e+00 -4.004435540000e-01
v 2.303867340000e-01 0.000000000000e+00 -4.063894750000e-01
v 2.771129610000e-01 0.000000000000e+00 -3.977699280000e-01
v 2.363400460000e-01 0.000000000000e+00 -4.800729750000e-01
v 2.615373130000e-01 0.000000000000e+00 -4.801659580000e-01
v 2.995557790000e-01 0.000000000000e+00 -4.664263730000e-01
v 2.619254590000e-01 0.000000000000e+00 -4.500041010000e-01
v 2.250000240000e-01 0.000000000000e+00 -5.000000000000e-01
v 1.999999880000e-01 0.000000000000e+00 -5.000000000000e-01
v 2.736268040000e-01 0.000000000000e+00 -4.666061400000e-01
v 2.481484410000e-01 0.000000000000e+00 -4.663324360000e-01
v 2.109811310000e-01 0.000000000000e+00 -4.800181390000e-01
v 2.870826720000e-01 0.000000000000e+00 -4.512829780000e-01
v 2.868192200000e-01 0.000000000000e+00 -4.802832600000e-01
v 2.750000360000e-01 0.000000000000e+00 -5.000000000000e-01
v 2.500000000000e-01 0.000000000000e+00 -5.000000000000e-01
v 2.386686800000e-01 0.000000000000e+00 -4.540886880000e-01
v 2.229158880000e-01 0.000000000000e+00 -4.635629650000e-01
v 1.832116840000e-01 0.000000000000e+00 -3.081943990000e-01
v 2.060378790000e-01 0.000000000000e+00 -3.126175400000e-01
v 2.257926460000e-01 0.000000000000e+00 -3.072903160000e-01
v 1.645988230000e-01 0.000000000000e+00 -2.824978830000e-01
v 2.418594360000e-01 0.000000000000e+00 -3.538506030000e-01
v 1.975795030000e-01 0.000000000000e+00 -2.864773270000e-01
v 2.681810860000e-01 0.000000000000e+00 -3.518056870000e-01
v 1.752718690000e-01 0.000000000000e+00 -3.305470940000e-01
v 1.688224080000e-01 0.000000000000e+00 -3.539948460000e-01
v 1.932975050000e-01 0.000000000000e+00 -3.531150820000e-01
v 2.169440980000e-01 0.000000000000e+00 -3.534581660000e-01
v 2.086821790000e-01 0.000000000000e+00 -3.712351320000e-01
v 1.999545100000e-01 0.000000000000e+00 -3.313901420000e-01
v 2.233898640000e-01 0.000000000000e+00 -3.312194350000e-01
v 2.477738860000e-01 0.000000000000e+00 -3.291311260000e-01
v 2.804620270000e-01 0.000000000000e+00 -2.740004060000e-01
v 2.954223160000e-01 0.000000000000e+00 -3.487117290000e-01
v 2.301886080000e-01 0.000000000000e+00 -2.528407570000e-01
v 2.579073910000e-01 0.000000000000e+00 -2.505662440000e-01
v 2.844114300000e-01 0.000000000000e+00 -2.484898570000e-01
v 2.513408660000e-01 0.000000000000e+00 -3.036503790000e-01
v 2.999243740000e-01 0.000000000000e+00 -3.216226100000e-01
v 3.029162880000e-01 0.000000000000e+00 -2.952899930000e-01
v 2.737507820000e-01 0.000000000000e+00 -3.261628150000e-01
v 2.437815670000e-01 0.000000000000e+00 -1.957648990000e-01
v 2.269644740000e-01 0.000000000000e+00 -2.807495590000e-01
v 2.541966440000e-01 0.000000000000e+00 -2.772977350000e-01
v 2.773633000000e-01 0.000000000000e+00 -3.000667100000e-01
v 2.640204430000e-01 0.000000000000e+00 -2.241756920000e-01
v 2.346489430000e-01 0.000000000000e+00 -2.240519520000e-01
v 1.435250040000e-01 0.000000000000e+00 -1.774952410000e-01
v 2.046471830000e-01 0.000000000000e+00 -2.266650200000e-01
v 1.590985060000e-01 0.000000000000e+00 -1.470040080000e-01
v 1.748626230000e-01 0.000000000000e+00 -2.350358960000e-01
v 1.261379720000e-01 0.000000000000e+00 -2.358973030000e-01
v 1.516107320000e-01 0.000000000000e+00 -2.506115440000e-01
v 1.758122440000e-01 0.000000000000e+00 -1.744904520000e-01
v 1.477427480000e-01 0.000000000000e+00 -2.156423330000e-01
v 1.024032830000e-01 0.000000000000e+00 -2.196873430000e-01
v 1.764055490000e-01 0.000000000000e+00 -2.022095920000e-01
v 2.077527050000e-01 0.000000000000e+00 -1.921839710000e-01
v 1.177951100000e-01 0.000000000000e+00 -1.993296150000e-01
v 1.930230860000e-01 0.000000000000e+00 -1.548047070000e-01
v 1.768237350000e-01 0.000000000000e+00 -2.623772620000e-01
v 2.016706470000e-01 0.000000000000e+00 -2.561089990000e-01
v 1.238607170000e-01 0.000000000000e+00 -3.321545120000e-01
v 1.028877500000e-01 0.000000000000e+00 -3.349215980000e-01
v 7.856303450000e-02 0.000000000000e+00 -3.266265390000e-01
v 1.427650450000e-01 0.000000000000e+00 -3.546381000000e-01
v 1.174980400000e-01 0.000000000000e+00 -3.545968530000e-01
v 9.332585330000e-02 0.000000000000e+00 -3.529291150000e-01
v 1.076796050000e-01 0.000000000000e+00 -3.724112510000e-01
v 1.031072740000e-01 0.000000000000e+00 -2.501709460000e-01
v 7.189816240000e-02 0.000000000000e+00 -2.611920830000e-01
v 1.281864640000e-01 0.000000000000e+00 -3.072705270000e-01
v 1.335632800000e-01 0.000000000000e+00 -2.737278940000e-01
v 1.037713890000e-01 0.000000000000e+00 -2.844722270000e-01
v 7.709556820000e-02 0.000000000000e+00 -2.951419350000e-01
v 1.559126380000e-01 0.000000000000e+00 -3.064274790000e-01
v 1.025271420000e-01 0.000000000000e+00 -3.127043250000e-01
v 1.493617300000e-01 0.000000000000e+00 -3.305494790000e-01
v 4.801556470000e-02 0.000000000000e+00 -2.823069100000e-01
v 1.687852670000e-03 0.000000000000e+00 -3.314938550000e-01
v 2.366775650000e-03 0.000000000000e+00 -2.431957720000e-01
v 5.071911220000e-02 0.000000000000e+00 -3.284473420000e-01
v -1.997675750000e-03 0.000000000000e+00 -2.910876270000e-01
v 5.718535180000e-02 0.000000000000e+00 -3.070819380000e-01
v 1.626761260000e-02 0.000000000000e+00 -2.729737760000e-01
v 3.576743600000e-02 0.000000000000e+00 -2.529900070000e-01
v -3.229457140000e-02 0.000000000000e+00 -2.846896650000e-01
v 2.917698030000e-02 0.000000000000e+00 -3.038141730000e-01
v 7.855087520000e-03 0.000000000000e+00 -3.129577640000e-01
v -1.539143920000e-02 0.000000000000e+00 -3.094143870000e-01
v -1.705379780000e-02 0.000000000000e+00 -2.636444570000e-01
v 2.581830320000e-02 0.000000000000e+00 -3.303213120000e-01
v 1.665674150000e-02 0.000000000000e+00 -1.920766830000e-01
v 5.977261070000e-02 0.000000000000e+00 -1.067155600000e-01
v 4.876387120000e-02 0.000000000000e+00 -2.079843280000e-01
v 8.494168520000e-02 0.000000000000e+00 -1.367486720000e-01
v 1.032037140000e-01 0.000000000000e+00 -1.679757830000e-01
v 1.396967470000e-02 0.000000000000e+00 -1.148909330000e-01
v 4.585775730000e-02 0.000000000000e+00 -1.757148500000e-01
v 8.052760360000e-02 0.000000000000e+00 -1.941177850000e-01
v 1.329476390000e-02 0.000000000000e+00 -1.566070320000e-01
v 7.178109880000e-02 0.000000000000e+00 -1.626344920000e-01
v 4.760190840000e-02 0.000000000000e+00 -1.419159170000e-01
v 1.230508090000e-01 0.000000000000e+00 -1.413089040000e-01
v 2.387727800000e-02 0.000000000000e+00 -2.239465710000e-01
v 5.136916040000e-02 0.000000000000e+00 -2.346105580000e-01
v 7.711237670000e-02 0.000000000000e+00 -2.278621200000e-01
v 2.215548750000e-01 0.000000000000e+00 -3.114208580000e-02
v 2.370684150000e-01 0.000000000000e+00 -1.146723030000e-01
v 2.130972150000e-01 0.000000000000e+00 -1.321996450000e-01
v 2.615289690000e-01 0.000000000000e+00 -1.341929440000e-01
v 2.584483620000e-01 0.000000000000e+00 -1.676660780000e-01
v 2.384467120000e-01 0.000000000000e+00 -1.430882220000e-01
v 2.093077900000e-01 0.000000000000e+00 -9.729063510000e-02
v 2.121135000000e-01 0.000000000000e+00 -6.256210800000e-02
v 2.601325510000e-01 0.000000000000e+00 -6.252098080000e-02
v 2.253842350000e-01 0.000000000000e+00 -1.646504400000e-01
v 2.823934560000e-01 0.000000000000e+00 -4.121440650000e-02
v 2.879812720000e-01 0.000000000000e+00 -7.116448880000e-02
v 2.666513920000e-01 0.000000000000e+00 -9.838485720000e-02
v 2.532858850000e-01 0.000000000000e+00 -2.923452850000e-02
v 2.364666460000e-01 0.000000000000e+00 -8.163046840000e-02
v 2.362151150000e-01 0.000000000000e+00 -5.346831680000e-02
v 1.424843070000e-01 0.000000000000e+00 -1.185722350000e-01
v 1.543928380000e-01 0.000000000000e+00 -4.564490910000e-02
v 8.660030360000e-02 0.000000000000e+00 -2.835404870000e-02
v 4.655906560000e-02 0.000000000000e+00 -3.824451570000e-02
v 7.470166680000e-02 0.000000000000e+00 -6.867325310000e-02
v 1.257324220000e-01 0.000000000000e+00 -1.606127620000e-02
v 1.777398590000e-01 0.000000000000e+00 -1.160302160000e-01
v 1.065961720000e-01 0.000000000000e+00 -1.023191210000e-01
v 1.463897230000e-01 0.000000000000e+00 -8.622443680000e-02
v 1.815201040000e-01 0.000000000000e+00 -7.437664270000e-02
v 1.899346110000e-01 0.000000000000e+00 -3.648829460000e-02
v 1.158837080000e-01 0.000000000000e+00 -5.818617340000e-02
v 3.265401720000e-02 0.000000000000e+00 -7.616084810000e-02
v 5.270060150000e-03 0.000000000000e+00 -4.653757810000e-02
v -3.018353130000e-03 0.000000000000e+00 -8.062499760000e-02
v 2.880871300000e-01 0.000000000000e+00 -1.254249810000e-01
v 3.064072130000e-01 0.000000000000e+00 -1.729662420000e-01
v 2.976610660000e-01 0.000000000000e+00 -9.846222400000e-02
v 3.191874030000e-01 0.000000000000e+00 -9.890156980000e-02
v 3.744657040000e-01 0.000000000000e+00 -1.442990300000e-01
v 3.299798970000e-01 0.000000000000e+00 -1.641105410000e-01
v 3.537800310000e-01 0.000000000000e+00 -1.292676930000e-01
v 3.129136560000e-01 0.000000000000e+00 -1.200706960000e-01
v 3.350369930000e-01 0.000000000000e+00 -1.129908560000e-01
v 2.841525080000e-01 0.000000000000e+00 -1.545157430000e-01
v 2.848277090000e-01 0.000000000000e+00 -1.794762610000e-01
v 3.085372450000e-01 0.000000000000e+00 -1.460680960000e-01
v 3.318922520000e-01 0.000000000000e+00 -1.380547290000e-01
v 3.527207370000e-01 0.000000000000e+00 -1.547303200000e-01
v 3.520386220000e-01 0.000000000000e+00 -1.807407140000e-01
v 3.558323380000e-01 0.000000000000e+00 -1.052378420000e-01
v 3.560614590000e-01 0.000000000000e+00 -4.112923150000e-02
v 3.572332860000e-01 0.000000000000e+00 -6.666022540000e-02
v 3.765203950000e-01 0.000000000000e+00 -7.640367750000e-02
v 3.603088860000e-01 0.000000000000e+00 -8.618390560000e-02
v 3.141281600000e-01 0.000000000000e+00 -7.707935570000e-02
v 3.390839100000e-01 0.000000000000e+00 -8.634662630000e-02
v 3.749005790000e-01 0.000000000000e+00 -9.734743830000e-02
v 3.308875560000e-01 0.000000000000e+00 -3.144496680000e-02
v 3.784801960000e-01 0.000000000000e+00 -5.326664450000e-02
v 3.342053890000e-01 0.000000000000e+00 -5.853420500000e-02
v 3.089528080000e-01 0.000000000000e+00 -5.010545250000e-02
v 3.917086120000e-01 0.000000000000e+00 -1.089278460000e-01
v 3.739166260000e-01 0.000000000000e+00 -1.194723840000e-01
v 3.937454220000e-01 0.000000000000e+00 -1.315436360000e-01
v 5.000000000000e-01 0.000000000000e+00 -7.499998810000e-02
v 4.488592150000e-01 0.000000000000e+00 -5.299273130000e-02
v 4.634590150000e-01 0.000000000000e+00 -6.792706250000e-02
v 4.806561470000e-01 0.000000000000e+00 -3.484666350000e-02
v 4.573698040000e-01 0.000000000000e+00 -8.926147220000e-02
v 4.471130370000e-01 0.000000000000e+00 -7.351142170000e-02
v 4.667558670000e-01 0.000000000000e+00 -2.102003990000e-02
v 4.494585990000e-01 0.000000000000e+00 -3.004023430000e-02
v 4.793915750000e-01 0.000000000000e+00 -5.956643820000e-02
v 5.000000000000e-01 0.000000000000e+00 -4.999998210000e-02
v 5.000000000000e-01 0.000000000000e+00 -2.500000600000e-02
v 4.762706760000e-01 0.000000000000e+00 -8.800154920000e-02
v 5.000000000000e-01 0.000000000000e+00 -9.999999400000e-02
v 4.655385020000e-01 0.000000000000e+00 -4.429590700000e-02
v 4.257290360000e-01 0.000000000000e+00 -9.981673960000e-02
v 4.304585460000e-01 0.000000000000e+00 -7.857835290000e-02
v 4.348268510000e-01 0.000000000000e+00 -6.170040370000e-02
v 4.460768700000e-01 0.000000000000e+00 -1.064596180000e-01
v 3.966073990000e-01 0.000000000000e+00 -6.782889370000e-02
v 3.927333350000e-01 0.000000000000e+00 -8.865016700000e-02
v 4.106221200000e-01 0.000000000000e+00 -1.171804670000e-01
v 4.305889610000e-01 0.000000000000e+00 -1.224905250000e-01
v 4.145452980000e-01 0.000000000000e+00 -1.388092040000e-01
v 4.063982960000e-01 0.000000000000e+00 -9.958273170000e-02
v 4.422259330000e-01 0.000000000000e+00 -8.997488020000e-02
v 4.117276670000e-01 0.000000000000e+00 -8.292716740000e-02
v 4.024167060000e-01 0.000000000000e+00 -4.478487370000e-02
v 4.176146980000e-01 0.000000000000e+00 -6.258893010000e-02
v 4.283585550000e-01 0.000000000000e+00 -4.088893530000e-02
v 4.677739140000e-01 0.000000000000e+00 -2.466249470000e-01
v 4.547433850000e-01 0.000000000000e+00 -2.294828890000e-01
v 4.363458160000e-01 0.000000000000e+00 -1.884999280000e-01
v 4.294555190000e-01 0.000000000000e+00 -2.101284270000e-01
v 4.599061010000e-01 0.000000000000e+00 -2.109296320000e-01
v 4.705924990000e-01 0.000000000000e+00 -2.013607030000e-01
v 4.457988740000e-01 0.000000000000e+00 -2.114973070000e-01
v 4.822754860000e-01 0.000000000000e+00 -2.364449500000e-01
v 5.000000000000e-01 0.000000000000e+00 -1.999999880000e-01
v 5.000000000000e-01 0.000000000000e+00 -2.249999940000e-01
v 4.702048300000e-01 0.000000000000e+00 -2.237715720000e-01
v 4.483122830000e-01 0.000000000000e+00 -2.556931970000e-01
v 4.563112260000e-01 0.000000000000e+00 -1.925160880000e-01
v 4.361796380000e-01 0.000000000000e+00 -2.303838730000e-01
v 4.829964640000e-01 0.000000000000e+00 -2.127428050000e-01
v 4.534993170000e-01 0.000000000000e+00 -1.710566280000e-01
v 4.636225700000e-01 0.000000000000e+00 -1.093444820000e-01
v 4.794049260000e-01 0.000000000000e+00 -1.158740520000e-01
v 4.678969380000e-01 0.000000000000e+00 -1.556031700000e-01
v 4.829449650000e-01 0.000000000000e+00 -1.889312270000e-01
v 4.517149930000e-01 0.000000000000e+00 -1.487383840000e-01
v 4.341013430000e-01 0.000000000000e+00 -1.432514190000e-01
v 5.000000000000e-01 0.000000000000e+00 -1.250000000000e-01
v 5.000000000000e-01 0.000000000000e+00 -1.500000060000e-01
v 5.000000000000e-01 0.000000000000e+00 -1.749999820000e-01
v 4.694561960000e-01 0.000000000000e+00 -1.787422900000e-01
v 4.492297170000e-01 0.000000000000e+00 -1.271957160000e-01
v 4.809508320000e-01 0.000000000000e+00 -1.404576300000e-01
v 4.661898610000e-01 0.000000000000e+00 -1.321648360000e-01
v 4.357848170000e-01 0.000000000000e+00 -1.642582420000e-01
v 4.820508960000e-01 0.000000000000e+00 -1.647815700000e-01
v 3.739821910000e-01 0.000000000000e+00 -2.471938130000e-01
v 3.985362050000e-01 0.000000000000e+00 -1.581927540000e-01
v 3.952686790000e-01 0.000000000000e+00 -1.858816150000e-01
v 4.198608400000e-01 0.000000000000e+00 -1.570118670000e-01
v 3.958849910000e-01 0.000000000000e+00 -2.371006010000e-01
v 3.954973220000e-01 0.000000000000e+00 -2.627742290000e-01
v 4.150512220000e-01 0.000000000000e+00 -1.998240950000e-01
v 3.737070560000e-01 0.000000000000e+00 -1.964789630000e-01
v 4.203934670000e-01 0.000000000000e+00 -2.528727050000e-01
v 4.165499210000e-01 0.000000000000e+00 -1.761165860000e-01
v 4.154744150000e-01 0.000000000000e+00 -2.245342730000e-01
v 3.734326360000e-01 0.000000000000e+00 -2.721948620000e-01
v 3.743722440000e-01 0.000000000000e+00 -1.705082650000e-01
v 3.739078040000e-01 0.000000000000e+00 -2.219605450000e-01
v 3.945343490000e-01 0.000000000000e+00 -2.113475800000e-01
v 3.519582750000e-01 0.000000000000e+00 -2.562417980000e-01
v 3.307642940000e-01 0.000000000000e+00 -2.401411530000e-01
v 3.087534900000e-01 0.000000000000e+00 -2.457249160000e-01
v 2.739124300000e-01 0.000000000000e+00 -1.992064710000e-01
v 3.037798400000e-01 0.000000000000e+00 -2.015153170000e-01
v 3.290166850000e-01 0.000000000000e+00 -1.905936000000e-01
v 3.519577980000e-01 0.000000000000e+00 -2.065105440000e-01
v 3.055763240000e-01 0.000000000000e+00 -2.697718140000e-01
v 3.522408010000e-01 0.000000000000e+00 -2.316045760000e-01
v 3.510482310000e-01 0.000000000000e+00 -2.811336520000e-01
v 3.293311600000e-01 0.000000000000e+00 -2.639255520000e-01
v 3.125321870000e-01 0.000000000000e+00 -2.258324620000e-01
v 2.908880710000e-01 0.000000000000e+00 -2.244534490000e-01
v 3.275249000000e-01 0.000000000000e+00 -2.889337540000e-01
v 3.300297260000e-01 0.000000000000e+00 -2.162708040000e-01
v 3.966190810000e-01 0.000000000000e+00 -3.138017650000e-01
v 4.277384280000e-01 0.000000000000e+00 -2.960979940000e-01
v 3.496861460000e-01 0.000000000000e+00 -3.067002300000e-01
v 3.223767280000e-01 0.000000000000e+00 -3.422901630000e-01
v 4.140386580000e-01 0.000000000000e+00 -2.789587970000e-01
v 3.181555270000e-01 0.000000000000e+00 -3.734164240000e-01
v 3.476207260000e-01 0.000000000000e+00 -3.329880240000e-01
v 4.201185700000e-01 0.000000000000e+00 -3.148193360000e-01
v 3.453025820000e-01 0.000000000000e+00 -3.600702290000e-01
v 3.716757300000e-01 0.000000000000e+00 -3.235542770000e-01
v 3.939452170000e-01 0.000000000000e+00 -2.873086930000e-01
v 3.730382920000e-01 0.000000000000e+00 -2.975678440000e-01
v 4.105167390000e-01 0.000000000000e+00 -2.981412410000e-01
v 3.253479000000e-01 0.000000000000e+00 -3.149454590000e-01
v 4.305946830000e-01 0.000000000000e+00 -3.919813630000e-01
v 3.917753700000e-01 0.000000000000e+00 -3.405282500000e-01
v 3.670911790000e-01 0.000000000000e+00 -3.747818470000e-01
v 4.251685140000e-01 0.000000000000e+00 -3.491606710000e-01
v 3.690831660000e-01 0.000000000000e+00 -3.495409490000e-01
v 4.094038010000e-01 0.000000000000e+00 -3.567011360000e-01
v 4.128477570000e-01 0.000000000000e+00 -3.345835210000e-01
v 3.889613150000e-01 0.000000000000e+00 -3.653805260000e-01
v 3.858647350000e-01 0.000000000000e+00 -3.885595800000e-01
v 4.082875250000e-01 0.000000000000e+00 -3.824949260000e-01
v 4.426448350000e-01 0.000000000000e+00 -3.535664080000e-01
v 4.512891770000e-01 0.000000000000e+00 -4.017255310000e-01
v 4.271528720000e-01 0.000000000000e+00 -3.685560230000e-01
v 4.454603200000e-01 0.000000000000e+00 -3.777742390000e-01
v 4.320244790000e-01 0.000000000000e+00 -3.329734800000e-01
v 4.463591580000e-01 0.000000000000e+00 -2.947459220000e-01
v 4.637427330000e-01 0.000000000000e+00 -2.920303340000e-01
v 4.796004300000e-01 0.000000000000e+00 -2.846515180000e-01
v 4.766635890000e-01 0.000000000000e+00 -3.125760560000e-01
v 4.812006950000e-01 0.000000000000e+00 -2.602827550000e-01
v 4.660096170000e-01 0.000000000000e+00 -3.333685400000e-01
v 4.350786210000e-01 0.000000000000e+00 -2.760810850000e-01
v 4.660568240000e-01 0.000000000000e+00 -2.696149350000e-01
v 5.000000000000e-01 0.000000000000e+00 -2.749999760000e-01
v 4.522175790000e-01 0.000000000000e+00 -2.777705190000e-01
v 5.000000000000e-01 0.000000000000e+00 -3.000000120000e-01
v 5.000000000000e-01 0.000000000000e+00 -2.500000000000e-01
v 4.392945770000e-01 0.000000000000e+00 -3.138971330000e-01
v 4.574937820000e-01 0.000000000000e+00 -3.130793570000e-01
v 4.497103690000e-01 0.000000000000e+00 -3.323342800000e-01
v 4.598135950000e-01 0.000000000000e+00 -3.841032980000e-01
v 5.000000000000e-01 0.000000000000e+00 -4.000000060000e-01
v 4.700727460000e-01 0.000000000000e+00 -3.966424470000e-01
v 5.000000000000e-01 0.000000000000e+00 -3.249999880000e-01
v 4.582090380000e-01 0.000000000000e+00 -3.657679560000e-01
v 4.830288890000e-01 0.000000000000e+00 -3.872563840000e-01
v 5.000000000000e-01 0.000000000000e+00 -4.250000120000e-01
v 5.000000000000e-01 0.000000000000e+00 -3.750000000000e-01
v 4.711065290000e-01 0.000000000000e+00 -3.756673340000e-01
v 4.828200340000e-01 0.000000000000e+00 -3.641595840000e-01
v 4.822258950000e-01 0.000000000000e+00 -4.101934430000e-01
v 4.809613230000e-01 0.000000000000e+00 -3.402423860000e-01
v 4.700427060000e-01 0.000000000000e+00 -3.547167780000e-01
v 5.000000000000e-01 0.000000000000e+00 -3.499999940000e-01
v 4.578042030000e-01 0.000000000000e+00 -3.479802610000e-01
v 4.352259640000e-01 0.000000000000e+00 -4.800462720000e-01
v 4.333167080000e-01 0.000000000000e+00 -4.150810240000e-01
v 4.148144720000e-01 0.000000000000e+00 -4.057378770000e-01
v 3.989462850000e-01 0.000000000000e+00 -4.008061890000e-01
v 4.115953450000e-01 0.000000000000e+00 -4.800357820000e-01
v 4.141230580000e-01 0.000000000000e+00 -4.473958020000e-01
v 4.004268650000e-01 0.000000000000e+00 -4.178290370000e-01
v 4.330539700000e-01 0.000000000000e+00 -4.363629820000e-01
v 4.164426330000e-01 0.000000000000e+00 -4.262549880000e-01
v 4.231729510000e-01 0.000000000000e+00 -4.657602310000e-01
v 4.440357690000e-01 0.000000000000e+00 -4.652752880000e-01
v 4.250000120000e-01 0.000000000000e+00 -5.000000000000e-01
v 4.330563550000e-01 0.000000000000e+00 -4.529447560000e-01
v 4.016017910000e-01 0.000000000000e+00 -4.340438840000e-01
v 4.862318040000e-01 0.000000000000e+00 -4.859070780000e-01
v 4.790234570000e-01 0.000000000000e+00 -4.596986770000e-01
v 4.679346080000e-01 0.000000000000e+00 -4.189615250000e-01
v 4.509086610000e-01 0.000000000000e+00 -4.269974230000e-01
v 4.813160900000e-01 0.000000000000e+00 -4.335265160000e-01
v 5.000000000000e-01 0.000000000000e+00 -4.499999880000e-01
v 4.660763740000e-01 0.000000000000e+00 -4.414403440000e-01
v 4.490003590000e-01 0.000000000000e+00 -4.480142590000e-01
v 4.499999880000e-01 0.000000000000e+00 -5.000000000000e-01
v 4.608044620000e-01 0.000000000000e+00 -4.781298640000e-01
v 5.000000000000e-01 0.000000000000e+00 -4.749999940000e-01
v 4.750000240000e-01 0.000000000000e+00 -5.000000000000e-01
v 5.000000000000e-01 0.000000000000e+00 -5.000000000000e-01
v 4.745554920000e-01 0.000000000000e+00 -4.737772940000e-01
v 4.631991390000e-01 0.000000000000e+00 -4.618277550000e-01
v 3.906049730000e-01 0.000000000000e+00 -4.472384450000e-01
v 3.000000120000e-01 0.000000000000e+00 -5.000000000000e-01
v 3.249999880000e-01 0.000000000000e+00 -5.000000000000e-01
v 3.500000240000e-01 0.000000000000e+00 -5.000000000000e-01
v 3.118002410000e-01 0.000000000000e+00 -4.808349610000e-01
v 3.750000000000e-01 0.000000000000e+00 -5.000000000000e-01
v 4.000000360000e-01 0.000000000000e+00 -5.000000000000e-01
v 3.611249920000e-01 0.000000000000e+00 -4.799294470000e-01
v 3.866474630000e-01 0.000000000000e+00 -4.795403480000e-01
v 3.362917900000e-01 0.000000000000e+00 -4.807982440000e-01
v 3.998682500000e-01 0.000000000000e+00 -4.645066260000e-01
v 3.470525740000e-01 0.000000000000e+00 -4.663629530000e-01
v 3.235285280000e-01 0.000000000000e+00 -4.670133590000e-01
v 3.727090360000e-01 0.000000000000e+00 -4.624772070000e-01
v 3.263683320000e-01 0.000000000000e+00 -4.013471600000e-01
v 3.662500380000e-01 0.000000000000e+00 -3.986046310000e-01
v 3.694760800000e-01 0.000000000000e+00 -4.415998460000e-01
v 3.472630980000e-01 0.000000000000e+00 -4.105572700000e-01
v 3.344426160000e-01 0.000000000000e+00 -4.518046380000e-01
v 3.541204930000e-01 0.000000000000e+00 -4.518990520000e-01
v 3.014569280000e-01 0.000000000000e+00 -4.352130890000e-01
v 3.231503960000e-01 0.000000000000e+00 -4.356851580000e-01
v 3.313419820000e-01 0.000000000000e+00 -4.202408790000e-01
v 3.453490730000e-01 0.000000000000e+00 -3.866291050000e-01
v 3.126156330000e-01 0.000000000000e+00 -4.182109830000e-01
v 3.841245170000e-01 0.000000000000e+00 -4.094405170000e-01
v 3.855659960000e-01 0.000000000000e+00 -4.289999010000e-01
v 3.467142580000e-01 0.000000000000e+00 -4.338405130000e-01
v 3.666543960000e-01 0.000000000000e+00 -4.209184650000e-01
v 3.120019440000e-01 0.000000000000e+00 -4.517683980000e-01
v -4.436016080000e-01 0.000000000000e+00 -4.650392530000e-01
v -4.342899320000e-01 0.000000000000e+00 -4.794583320000e-01
v -4.745221140000e-01 0.000000000000e+00 -4.753479960000e-01
v -5.000000000000e-01 0.000000000000e+00 -4.499999880000e-01
v -4.344551560000e-01 0.000000000000e+00 -4.484119420000e-01
v -5.000000000000e-01 0.000000000000e+00 -5.000000000000e-01
v -4.749999940000e-01 0.000000000000e+00 -5.000000000000e-01
v -4.499999880000e-01 0.000000000000e+00 -5.000000000000e-01
v -4.250000120000e-01 0.000000000000e+00 -5.000000000000e-01
v -4.601240160000e-01 0.000000000000e+00 -4.791703220000e-01
v -5.000000000000e-01 0.000000000000e+00 -4.749999940000e-01
v -4.783120160000e-01 0.000000000000e+00 -4.614996910000e-01
v -4.202399250000e-01 0.000000000000e+00 -4.632172580000e-01
v -4.620661740000e-01 0.000000000000e+00 -4.644432070000e-01
v -4.509263040000e-01 0.000000000000e+00 -4.522457120000e-01
v -4.867763520000e-01 0.000000000000e+00 -4.871068000000e-01
v -5.000000000000e-01 0.000000000000e+00 -4.250000120000e-01
v -4.649944310000e-01 0.000000000000e+00 -4.266040330000e-01
v -4.497990610000e-01 0.000000000000e+00 -4.371347430000e-01
v -4.753346440000e-01 0.000000000000e+00 -4.099593160000e-01
v -4.645237920000e-01 0.000000000000e+00 -4.469079970000e-01
v -4.324617390000e-01 0.000000000000e+00 -4.286191460000e-01
v -4.492030140000e-01 0.000000000000e+00 -4.217958450000e-01
v -4.797043800000e-01 0.000000000000e+00 -4.365208150000e-01
v -5.000000000000e-01 0.000000000000e+00 -4.000000060000e-01
v -4.411623480000e-01 0.000000000000e+00 -3.893127440000e-01
v -4.616804120000e-01 0.000000000000e+00 -3.890089990000e-01
v -4.564414020000e-01 0.000000000000e+00 -4.069366460000e-01
v -4.356811050000e-01 0.000000000000e+00 -4.088561530000e-01
v -4.180088040000e-01 0.000000000000e+00 -3.933603760000e-01
v -3.977615830000e-01 0.000000000000e+00 -4.524240490000e-01
v -3.619439600000e-01 0.000000000000e+00 -4.542813300000e-01
v -3.937504290000e-01 0.000000000000e+00 -4.340560440000e-01
v -4.109327790000e-01 0.000000000000e+00 -4.177846910000e-01
v -3.953313830000e-01 0.000000000000e+00 -4.000520710000e-01
v -3.745958810000e-01 0.000000000000e+00 -4.094748500000e-01
v -3.896443840000e-01 0.000000000000e+00 -4.180235860000e-01
v -3.747854230000e-01 0.000000000000e+00 -4.284577370000e-01
v -3.561429980000e-01 0.000000000000e+00 -4.215233330000e-01
v -3.192596440000e-01 0.000000000000e+00 -4.337143900000e-01
v -3.588473800000e-01 0.000000000000e+00 -4.399576190000e-01
v -3.278858660000e-01 0.000000000000e+00 -4.475069050000e-01
v -3.399267200000e-01 0.000000000000e+00 -4.351329800000e-01
v -3.443782330000e-01 0.000000000000e+00 -4.517569540000e-01
v -3.771789070000e-01 0.000000000000e+00 -4.460272790000e-01
v -4.151186940000e-01 0.000000000000e+00 -4.402215480000e-01
v -4.000000060000e-01 0.000000000000e+00 -5.000000000000e-01
v -4.126122000000e-01 0.000000000000e+00 -4.797935490000e-01
v -3.891029360000e-01 0.000000000000e+00 -4.808244710000e-01
v -3.520882130000e-01 0.000000000000e+00 -4.664678570000e-01
v -3.638644220000e-01 0.000000000000e+00 -4.804024700000e-01
v -3.006019590000e-01 0.000000000000e+00 -4.659104350000e-01
v -3.750000000000e-01 0.000000000000e+00 -5.000000000000e-01
v -3.499999940000e-01 0.000000000000e+00 -5.000000000000e-01
v -3.385012150000e-01 0.000000000000e+00 -4.802031520000e-01
v -3.249999880000e-01 0.000000000000e+00 -5.000000000000e-01
v -3.776910310000e-01 0.000000000000e+00 -4.646153450000e-01
v -3.996460440000e-01 0.000000000000e+00 -4.681510930000e-01
v -3.131358620000e-01 0.000000000000e+00 -4.802908900000e-01
v -3.265273570000e-01 0.000000000000e+00 -4.639983180000e-01
v -3.103411200000e-01 0.000000000000e+00 -4.506907460000e-01
v -3.531019690000e-01 0.000000000000e+00 -3.324534890000e-01
v -3.341505530000e-01 0.000000000000e+00 -4.138317110000e-01
v -3.405551910000e-01 0.000000000000e+00 -3.924934860000e-01
v -3.321995740000e-01 0.000000000000e+00 -3.527235980000e-01
v -4.023222920000e-01 0.000000000000e+00 -3.740594390000e-01
v -3.560519220000e-01 0.000000000000e+00 -3.556797500000e-01
v -3.788709640000e-01 0.000000000000e+00 -3.628661630000e-01
v -3.126966950000e-01 0.000000000000e+00 -3.743808270000e-01
v -4.009075160000e-01 0.000000000000e+00 -3.478088380000e-01
v -3.572704790000e-01 0.000000000000e+00 -3.787910940000e-01
v -3.563098910000e-01 0.000000000000e+00 -4.006512170000e-01
v -3.362131120000e-01 0.000000000000e+00 -3.746411800000e-01
v -3.208217620000e-01 0.000000000000e+00 -3.949463370000e-01
v -3.772683140000e-01 0.000000000000e+00 -3.875730040000e-01
v -3.794353010000e-01 0.000000000000e+00 -3.349092010000e-01
v -3.285746570000e-01 0.000000000000e+00 -3.054583070000e-01
v -3.287587170000e-01 0.000000000000e+00 -2.805926800000e-01
v -4.131519790000e-01 0.000000000000e+00 -3.037598130000e-01
v -4.226136210000e-01 0.000000000000e+00 -2.843713760000e-01
v -3.828566070000e-01 0.000000000000e+00 -2.675585750000e-01
v -3.750431540000e-01 0.000000000000e+00 -2.949271200000e-01
v -3.906967640000e-01 0.000000000000e+00 -3.093891140000e-01
v -3.516759870000e-01 0.000000000000e+00 -3.098134990000e-01
v -3.545410630000e-01 0.000000000000e+00 -2.597942350000e-01
v -3.537604810000e-01 0.000000000000e+00 -2.855212690000e-01
v -3.997638230000e-01 0.000000000000e+00 -2.869462970000e-01
v -3.700551990000e-01 0.000000000000e+00 -3.155190940000e-01
v -4.117138390000e-01 0.000000000000e+00 -2.658984660000e-01
v -3.294365410000e-01 0.000000000000e+00 -3.294842240000e-01
v -4.049272540000e-01 0.000000000000e+00 -3.245751860000e-01
v -5.000000000000e-01 0.000000000000e+00 -3.249999880000e-01
v -4.669675830000e-01 0.000000000000e+00 -2.778208260000e-01
v -4.352276330000e-01 0.000000000000e+00 -3.024978640000e-01
v -4.680171010000e-01 0.000000000000e+00 -3.012757300000e-01
v -5.000000000000e-01 0.000000000000e+00 -3.000000120000e-01
v -4.811239240000e-01 0.000000000000e+00 -3.362383840000e-01
v -5.000000000000e-01 0.000000000000e+00 -2.749999760000e-01
v -4.530301090000e-01 0.000000000000e+00 -2.912051680000e-01
v -4.509091380000e-01 0.000000000000e+00 -2.701349260000e-01
v -4.812798500000e-01 0.000000000000e+00 -2.885413170000e-01
v -4.815349580000e-01 0.000000000000e+00 -3.125791550000e-01
v -4.330947400000e-01 0.000000000000e+00 -2.667298320000e-01
v -4.533200260000e-01 0.000000000000e+00 -3.133554460000e-01
v -4.680914880000e-01 0.000000000000e+00 -3.242044450000e-01
v -4.395294190000e-01 0.000000000000e+00 -2.827601430000e-01
v -4.377107620000e-01 0.000000000000e+00 -3.258028030000e-01
v -4.467000960000e-01 0.000000000000e+00 -3.696241380000e-01
v -5.000000000000e-01 0.000000000000e+00 -3.499999940000e-01
v -4.227623940000e-01 0.000000000000e+00 -3.182761670000e-01
v -4.672813420000e-01 0.000000000000e+00 -3.462104800000e-01
v -4.535861020000e-01 0.000000000000e+00 -3.354537490000e-01
v -5.000000000000e-01 0.000000000000e+00 -3.750000000000e-01
v -4.779129030000e-01 0.000000000000e+00 -3.835523130000e-01
v -4.271070960000e-01 0.000000000000e+00 -3.717515470000e-01
v -4.638400080000e-01 0.000000000000e+00 -3.672752380000e-01
v -4.206414220000e-01 0.000000000000e+00 -3.366706370000e-01
v -4.542417530000e-01 0.000000000000e+00 -3.536763190000e-01
v -4.795494080000e-01 0.000000000000e+00 -3.600564000000e-01
v -4.373393060000e-01 0.000000000000e+00 -3.497371670000e-01
v -4.178957940000e-01 0.000000000000e+00 -3.557772640000e-01
v -1.979311700000e-01 0.000000000000e+00 -4.337623120000e-01
v -2.103818660000e-01 0.000000000000e+00 -4.516692160000e-01
v -3.079106810000e-01 0.000000000000e+00 -4.164488320000e-01
v -2.362740040000e-01 0.000000000000e+00 -4.196228980000e-01
v -2.116061450000e-01 0.000000000000e+00 -4.150767330000e-01
v -2.580840590000e-01 0.000000000000e+00 -4.303898810000e-01
v -2.762076850000e-01 0.000000000000e+00 -4.430503850000e-01
v -2.187643050000e-01 0.000000000000e+00 -4.330589770000e-01
v -2.828333380000e-01 0.000000000000e+00 -4.212234020000e-01
v -2.641227250000e-01 0.000000000000e+00 -4.017486570000e-01
v -2.954339980000e-01 0.000000000000e+00 -3.974187370000e-01
v -2.977523800000e-01 0.000000000000e+00 -4.366610050000e-01
v -2.356333730000e-01 0.000000000000e+00 -4.426929950000e-01
v -2.914638520000e-01 0.000000000000e+00 -4.524416920000e-01
v -2.330756190000e-01 0.000000000000e+00 -3.921506400000e-01
v -2.755811210000e-01 0.000000000000e+00 -4.641394620000e-01
v -2.537999150000e-01 0.000000000000e+00 -4.679107670000e-01
v -3.000000120000e-01 0.000000000000e+00 -5.000000000000e-01
v -2.354135510000e-01 0.000000000000e+00 -4.623627660000e-01
v -1.999999880000e-01 0.000000000000e+00 -5.000000000000e-01
v -2.879238130000e-01 0.000000000000e+00 -4.801306720000e-01
v -2.031775710000e-01 0.000000000000e+00 -4.821944240000e-01
v -2.249999940000e-01 0.000000000000e+00 -5.000000000000e-01
v -2.201459410000e-01 0.000000000000e+00 -4.760494230000e-01
v -2.427635190000e-01 0.000000000000e+00 -4.762535100000e-01
v -2.749999760000e-01 0.000000000000e+00 -5.000000000000e-01
v -2.500000000000e-01 0.000000000000e+00 -5.000000000000e-01
v -2.552871700000e-01 0.000000000000e+00 -4.519629480000e-01
v -2.637510300000e-01 0.000000000000e+00 -4.802126880000e-01
v -1.787765030000e-01 0.000000000000e+00 -3.282539840000e-01
v -2.298350330000e-01 0.000000000000e+00 -3.267700670000e-01
v -2.044227120000e-01 0.000000000000e+00 -3.275892730000e-01
v -2.343761920000e-01 0.000000000000e+00 -3.488631250000e-01
v -2.097454070000e-01 0.000000000000e+00 -3.502693180000e-01
v -2.014102940000e-01 0.000000000000e+00 -3.035597800000e-01
v -1.841520070000e-01 0.000000000000e+00 -3.513205050000e-01
v -2.029364110000e-01 0.000000000000e+00 -3.937683110000e-01
v -2.260115150000e-01 0.000000000000e+00 -2.779190540000e-01
v -2.518765930000e-01 0.000000000000e+00 -2.774317260000e-01
v -1.868164540000e-01 0.000000000000e+00 -4.146997930000e-01
v -2.271463870000e-01 0.000000000000e+00 -3.029217720000e-01
v -2.181597950000e-01 0.000000000000e+00 -3.713767530000e-01
v -1.764186620000e-01 0.000000000000e+00 -3.951132300000e-01
v -1.922433380000e-01 0.000000000000e+00 -3.730885980000e-01
v -3.048219680000e-01 0.000000000000e+00 -3.276326660000e-01
v -3.032333850000e-01 0.000000000000e+00 -2.781786920000e-01
v -2.865633960000e-01 0.000000000000e+00 -3.750340940000e-01
v -2.548556330000e-01 0.000000000000e+00 -3.262727260000e-01
v -2.797703740000e-01 0.000000000000e+00 -3.265960220000e-01
v -2.822468280000e-01 0.000000000000e+00 -3.506560330000e-01
v -2.601759430000e-01 0.000000000000e+00 -3.730394840000e-01
v -2.401485440000e-01 0.000000000000e+00 -3.672363760000e-01
v -2.579512600000e-01 0.000000000000e+00 -3.490774630000e-01
v -2.527525420000e-01 0.000000000000e+00 -3.023686410000e-01
v -2.782409190000e-01 0.000000000000e+00 -3.023064140000e-01
v -3.036344050000e-01 0.000000000000e+00 -3.031618600000e-01
v -2.776083950000e-01 0.000000000000e+00 -2.773439880000e-01
v -3.075435160000e-01 0.000000000000e+00 -3.515701290000e-01
v -1.616400480000e-01 0.000000000000e+00 -4.801774020000e-01
v -1.847691540000e-01 0.000000000000e+00 -4.809970860000e-01
v -1.132316590000e-01 0.000000000000e+00 -4.188213350000e-01
v -1.749999820000e-01 0.000000000000e+00 -5.000000000000e-01
v -1.378089190000e-01 0.000000000000e+00 -4.520606990000e-01
v -1.257895230000e-01 0.000000000000e+00 -4.360351560000e-01
v -1.729079480000e-01 0.000000000000e+00 -4.335594180000e-01
v -1.725485320000e-01 0.000000000000e+00 -4.651427270000e-01
v -1.494783160000e-01 0.000000000000e+00 -4.667048450000e-01
v -1.608115430000e-01 0.000000000000e+00 -4.507308010000e-01
v -1.959737540000e-01 0.000000000000e+00 -4.682993890000e-01
v -1.494590040000e-01 0.000000000000e+00 -4.349637030000e-01
v -1.850917340000e-01 0.000000000000e+00 -4.504895210000e-01
v -1.619845630000e-01 0.000000000000e+00 -4.156343940000e-01
v -1.373394730000e-01 0.000000000000e+00 -4.171566960000e-01
v -1.141527890000e-01 0.000000000000e+00 -4.529547690000e-01
v -1.500000060000e-01 0.000000000000e+00 -5.000000000000e-01
v -9.061479570000e-02 0.000000000000e+00 -4.533233640000e-01
v -7.701891660000e-02 0.000000000000e+00 -4.673089980000e-01
v -1.016848680000e-01 0.000000000000e+00 -4.674363140000e-01
v -1.261363030000e-01 0.000000000000e+00 -4.670381550000e-01
v -4.999998210000e-02 0.000000000000e+00 -5.000000000000e-01
v -7.499998810000e-02 0.000000000000e+00 -5.000000000000e-01
v -8.874350790000e-02 0.000000000000e+00 -4.807677270000e-01
v -9.999999400000e-02 0.000000000000e+00 -5.000000000000e-01
v -1.250000000000e-01 0.000000000000e+00 -5.000000000000e-01
v -1.020542380000e-01 0.000000000000e+00 -4.375102520000e-01
v -1.135127540000e-01 0.000000000000e+00 -4.808211330000e-01
v -6.350028510000e-02 0.000000000000e+00 -4.806237220000e-01
v -1.377011540000e-01 0.000000000000e+00 -4.807677270000e-01
v -1.152403350000e-01 0.000000000000e+00 -3.760702610000e-01
v -1.328446870000e-01 0.000000000000e+00 -3.526196480000e-01
v -1.255508660000e-01 0.000000000000e+00 -3.973004820000e-01
v -1.018437740000e-01 0.000000000000e+00 -3.295185570000e-01
v -1.662125590000e-01 0.000000000000e+00 -3.741610050000e-01
v -1.003665330000e-01 0.000000000000e+00 -3.994188310000e-01
v -7.595020530000e-02 0.000000000000e+00 -3.297383790000e-01
v -1.405181880000e-01 0.000000000000e+00 -3.750894070000e-01
v -1.506934170000e-01 0.000000000000e+00 -3.962578770000e-01
v -8.958894010000e-02 0.000000000000e+00 -3.774487970000e-01
v -1.584349870000e-01 0.000000000000e+00 -3.520278930000e-01
v -1.073309780000e-01 0.000000000000e+00 -3.532745840000e-01
v -1.275119780000e-01 0.000000000000e+00 -3.291747570000e-01
v -1.531238560000e-01 0.000000000000e+00 -3.287527560000e-01
v -8.174979690000e-02 0.000000000000e+00 -3.537187580000e-01
v -7.018220420000e-02 0.000000000000e+00 -4.252822400000e-01
v -6.347614530000e-02 0.000000000000e+00 -3.775725360000e-01
v -3.038492800000e-02 0.000000000000e+00 -3.535406590000e-01
v -4.264009000000e-02 0.000000000000e+00 -3.068056110000e-01
v -4.596459870000e-02 0.000000000000e+00 -3.992784020000e-01
v -5.208998920000e-02 0.000000000000e+00 -4.206929210000e-01
v -6.630027290000e-02 0.000000000000e+00 -4.534530640000e-01
v -4.974225160000e-02 0.000000000000e+00 -3.300399780000e-01
v -8.967643980000e-02 0.000000000000e+00 -4.211418630000e-01
v -5.608046050000e-02 0.000000000000e+00 -3.536689280000e-01
v -7.257187370000e-02 0.000000000000e+00 -4.035704140000e-01
v -7.906103130000e-02 0.000000000000e+00 -4.392662050000e-01
v -5.820155140000e-02 0.000000000000e+00 -4.382765290000e-01
v -3.770849110000e-02 0.000000000000e+00 -3.765232560000e-01
v -2.352383730000e-02 0.000000000000e+00 -3.307368760000e-01
v -3.046455380000e-01 0.000000000000e+00 -1.755375860000e-01
v -3.286595340000e-01 0.000000000000e+00 -2.044366600000e-01
v -2.523460390000e-01 0.000000000000e+00 -2.255771160000e-01
v -3.040761950000e-01 0.000000000000e+00 -2.014285330000e-01
v -3.286881450000e-01 0.000000000000e+00 -2.552587990000e-01
v -2.794280050000e-01 0.000000000000e+00 -1.733609440000e-01
v -2.781817910000e-01 0.000000000000e+00 -2.259685990000e-01
v -3.035368920000e-01 0.000000000000e+00 -2.271974090000e-01
v -3.284945490000e-01 0.000000000000e+00 -2.298681740000e-01
v -2.528738980000e-01 0.000000000000e+00 -1.987953190000e-01
v -3.032317160000e-01 0.000000000000e+00 -2.528026100000e-01
v -2.518963810000e-01 0.000000000000e+00 -2.517745490000e-01
v -2.788128850000e-01 0.000000000000e+00 -1.998196840000e-01
v -3.291535380000e-01 0.000000000000e+00 -1.788309810000e-01
v -2.776837350000e-01 0.000000000000e+00 -2.518346310000e-01
v -3.051395420000e-01 0.000000000000e+00 -1.496157650000e-01
v -3.064723010000e-01 0.000000000000e+00 -9.811127190000e-02
v -3.295466900000e-01 0.000000000000e+00 -1.532446150000e-01
v -2.812702660000e-01 0.000000000000e+00 -1.196262840000e-01
v -2.534050940000e-01 0.000000000000e+00 -1.711286310000e-01
v -2.572481630000e-01 0.000000000000e+00 -1.130033730000e-01
v -2.801434990000e-01 0.000000000000e+00 -1.465576890000e-01
v -2.545304300000e-01 0.000000000000e+00 -1.423318390000e-01
v -2.275316720000e-01 0.000000000000e+00 -1.345181470000e-01
v -3.305041790000e-01 0.000000000000e+00 -1.028333310000e-01
v -2.828438280000e-01 0.000000000000e+00 -9.362530710000e-02
v -3.297905920000e-01 0.000000000000e+00 -1.279697420000e-01
v -3.311822410000e-01 0.000000000000e+00 -7.759112120000e-02
v -3.067877290000e-01 0.000000000000e+00 -7.288491730000e-02
v -3.057384490000e-01 0.000000000000e+00 -1.237497330000e-01
v -3.063905240000e-01 0.000000000000e+00 -4.772573710000e-02
v -3.308985230000e-01 0.000000000000e+00 -5.235597490000e-02
v -3.059301380000e-01 0.000000000000e+00 -2.209618690000e-02
v -3.065309520000e-01 0.000000000000e+00 2.958470580000e-02
v -3.544421200000e-01 0.000000000000e+00 -3.287813070000e-02
v -3.533251290000e-01 0.000000000000e+00 4.166480900000e-02
v -3.302445410000e-01 0.000000000000e+00 4.860284920000e-02
v -3.533260820000e-01 0.000000000000e+00 -8.052363990000e-03
v -3.298051360000e-01 0.000000000000e+00 -1.920090990000e-03
v -3.538138870000e-01 0.000000000000e+00 6.678193810000e-02
v -3.060078620000e-01 0.000000000000e+00 3.869626670000e-03
v -3.301713470000e-01 0.000000000000e+00 -2.717833220000e-02
v -3.530433180000e-01 0.000000000000e+00 1.673983040000e-02
v -3.299162390000e-01 0.000000000000e+00 2.338992060000e-02
v -2.334139350000e-01 0.000000000000e+00 4.682302470000e-03
v -2.092816830000e-01 0.000000000000e+00 -1.219825450000e-02
v -2.290143970000e-01 0.000000000000e+00 -6.075549130000e-02
v -2.576534750000e-01 0.000000000000e+00 -6.650602820000e-02
v -2.829105850000e-01 0.000000000000e+00 -6.896078590000e-02
v -2.627201080000e-01 0.000000000000e+00 -8.827894930000e-02
v -1.988923550000e-01 0.000000000000e+00 -8.630478380000e-02
v -2.335305210000e-01 0.000000000000e+00 -9.670549630000e-02
v -2.814931870000e-01 0.000000000000e+00 -1.643423740000e-02
v -2.561583520000e-01 0.000000000000e+00 -3.765276070000e-02
v -2.823493480000e-01 0.000000000000e+00 1.064599310000e-02
v -2.597787380000e-01 0.000000000000e+00 2.071966230000e-02
v -2.571332450000e-01 0.000000000000e+00 -8.144706490000e-03
v -1.960326430000e-01 0.000000000000e+00 -4.508593680000e-02
v -2.302014830000e-01 0.000000000000e+00 -2.727207540000e-02
v -2.817063330000e-01 0.000000000000e+00 -4.346951840000e-02
v -5.142188070000e-02 0.000000000000e+00 -2.563216690000e-01
v -8.516192440000e-02 0.000000000000e+00 -2.529678340000e-01
v -1.160790920000e-01 0.000000000000e+00 -2.525792120000e-01
v -1.448693280000e-01 0.000000000000e+00 -2.524125580000e-01
v -1.474287510000e-01 0.000000000000e+00 -2.790255550000e-01
v -9.242141250000e-02 0.000000000000e+00 -2.795917990000e-01
v -6.286060810000e-02 0.000000000000e+00 -2.810468670000e-01
v -1.204459670000e-01 0.000000000000e+00 -2.792043690000e-01
v -1.098881960000e-01 0.000000000000e+00 -2.250359060000e-01
v -1.406261920000e-01 0.000000000000e+00 -2.248876090000e-01
v -1.333489420000e-01 0.000000000000e+00 -1.976151470000e-01
v -1.237896680000e-01 0.000000000000e+00 -3.047049050000e-01
v -9.741199020000e-02 0.000000000000e+00 -3.049445150000e-01
v -7.034498450000e-02 0.000000000000e+00 -3.054625990000e-01
v -1.987916230000e-01 0.000000000000e+00 -2.249045370000e-01
v -1.497738360000e-01 0.000000000000e+00 -3.044357300000e-01
v -1.738621000000e-01 0.000000000000e+00 -2.788040640000e-01
v -1.654225590000e-01 0.000000000000e+00 -1.954749820000e-01
v -1.969909670000e-01 0.000000000000e+00 -1.956136230000e-01
v -2.259612080000e-01 0.000000000000e+00 -1.974294190000e-01
v -2.000164990000e-01 0.000000000000e+00 -2.784342770000e-01
v -2.258276940000e-01 0.000000000000e+00 -2.520627980000e-01
v -1.725227830000e-01 0.000000000000e+00 -2.523696420000e-01
v -2.256908420000e-01 0.000000000000e+00 -1.674535270000e-01
v -1.923426390000e-01 0.000000000000e+00 -1.610602140000e-01
v -1.703403000000e-01 0.000000000000e+00 -2.245688440000e-01
v -2.259759900000e-01 0.000000000000e+00 -2.253711220000e-01
v -1.994247440000e-01 0.000000000000e+00 -2.523002620000e-01
v -1.756137610000e-01 0.000000000000e+00 -3.040678500000e-01
v -9.902858730000e-02 0.000000000000e+00 -1.489490270000e-01
v -5.800867080000e-02 0.000000000000e+00 -1.559332610000e-01
v -5.047824980000e-02 0.000000000000e+00 -1.229096650000e-01
v -9.828478100000e-03 0.000000000000e+00 -2.112660410000e-01
v -4.708328840000e-02 0.000000000000e+00 -1.972246170000e-01
v -7.446241380000e-02 0.000000000000e+00 -2.214419840000e-01
v -1.051411030000e-01 0.000000000000e+00 -1.999984980000e-01
v -2.182410660000e-02 0.000000000000e+00 -1.383243800000e-01
v -1.196458340000e-01 0.000000000000e+00 -1.725344660000e-01
v -3.340065480000e-02 0.000000000000e+00 -2.326536180000e-01
v -8.051890130000e-02 0.000000000000e+00 -1.224346160000e-01
v -2.741767470000e-02 0.000000000000e+00 -1.024518010000e-01
v -8.462387320000e-02 0.000000000000e+00 -1.830009220000e-01
v -1.843383910000e-02 0.000000000000e+00 -1.756837370000e-01
v -6.241351370000e-02 0.000000000000e+00 -9.484213590000e-02
v -7.574981450000e-02 0.000000000000e+00 -6.757444140000e-02
v -1.647137400000e-01 0.000000000000e+00 -7.571399210000e-02
v -1.297771930000e-01 0.000000000000e+00 -6.673741340000e-02
v -3.830760720000e-02 0.000000000000e+00 -6.237196920000e-02
v -1.541218760000e-01 0.000000000000e+00 -1.680065390000e-01
v -1.377607580000e-01 0.000000000000e+00 -1.379220490000e-01
v -1.004325750000e-01 0.000000000000e+00 -5.811667440000e-02
v -1.708787680000e-01 0.000000000000e+00 -1.406788830000e-01
v -1.561244730000e-01 0.000000000000e+00 -3.920671340000e-02
v -1.993581060000e-01 0.000000000000e+00 -1.226478820000e-01
v -1.684058900000e-01 0.000000000000e+00 -1.114249230000e-01
v -1.108307840000e-01 0.000000000000e+00 -1.203639510000e-01
v -1.355539560000e-01 0.000000000000e+00 -1.010018590000e-01
v -9.980756040000e-02 0.000000000000e+00 -9.044784310000e-02
v -7.624834780000e-02 0.000000000000e+00 -3.109392520000e-02
v -1.190027000000e-01 0.000000000000e+00 -3.300756220000e-02
v -3.791344170000e-01 0.000000000000e+00 -3.934362530000e-02
v -3.967647550000e-01 0.000000000000e+00 2.425642310000e-02
v -3.971142770000e-01 0.000000000000e+00 1.105387700000e-03
v -3.764579300000e-01 0.000000000000e+00 5.813795330000e-02
v -3.976304530000e-01 0.000000000000e+00 4.803511500000e-02
v -3.756108280000e-01 0.000000000000e+00 3.346097470000e-02
v -3.765280250000e-01 0.000000000000e+00 -1.488010590000e-02
v -4.348301890000e-01 0.000000000000e+00 2.643081550000e-02
v -4.340109830000e-01 0.000000000000e+00 5.527760830000e-03
v -3.991520400000e-01 0.000000000000e+00 -2.170941230000e-02
v -4.172937870000e-01 0.000000000000e+00 -6.836064160000e-03
v -4.171342850000e-01 0.000000000000e+00 3.730532530000e-02
v -4.164700510000e-01 0.000000000000e+00 1.478719710000e-02
v -3.755176070000e-01 0.000000000000e+00 9.209886190000e-03
v -4.203062060000e-01 0.000000000000e+00 -2.762605250000e-02
v -4.513611790000e-01 0.000000000000e+00 -1.882974800000e-02
v -4.352469440000e-01 0.000000000000e+00 -1.380305740000e-02
v -4.667778020000e-01 0.000000000000e+00 -5.167335270000e-02
v -4.408648010000e-01 0.000000000000e+00 -5.013409260000e-02
v -4.258751870000e-01 0.000000000000e+00 -4.749956730000e-02
v -4.389698510000e-01 0.000000000000e+00 -3.233981130000e-02
v -4.660439490000e-01 0.000000000000e+00 -2.661876380000e-02
v -4.509286880000e-01 0.000000000000e+00 -6.237262490000e-02
v -4.638271330000e-01 0.000000000000e+00 -1.434199510000e-03
v -4.036762710000e-01 0.000000000000e+00 -4.431954030000e-02
v -4.503440860000e-01 0.000000000000e+00 1.493281130000e-02
v -4.531688690000e-01 0.000000000000e+00 -4.144987460000e-02
v -4.474263190000e-01 0.000000000000e+00 -2.746041860000e-03
v -5.000000000000e-01 0.000000000000e+00 -2.500000600000e-02
v -5.000000000000e-01 0.000000000000e+00 5.000001190000e-02
v -4.812660220000e-01 0.000000000000e+00 6.154555080000e-02
v -4.809484480000e-01 0.000000000000e+00 3.689226510000e-02
v -4.800434110000e-01 0.000000000000e+00 -1.336714630000e-02
v -4.802627560000e-01 0.000000000000e+00 1.192148030000e-02
v -4.812188150000e-01 0.000000000000e+00 8.632093670000e-02
v -4.800171850000e-01 0.000000000000e+00 -3.841146830000e-02
v -4.675045010000e-01 0.000000000000e+00 4.898169640000e-02
v -5.000000000000e-01 0.000000000000e+00 7.499998810000e-02
v -4.678196910000e-01 0.000000000000e+00 7.312369350000e-02
v -4.520077710000e-01 0.000000000000e+00 3.737056260000e-02
v -4.664583210000e-01 0.000000000000e+00 2.468362450000e-02
v -5.000000000000e-01 0.000000000000e+00 2.500003580000e-02
v -5.000000000000e-01 0.000000000000e+00 0.000000000000e+00
v -4.374446870000e-01 0.000000000000e+00 7.219839100000e-02
v -4.801306720000e-01 0.000000000000e+00 1.364071370000e-01
v -4.185392860000e-01 0.000000000000e+00 6.052988770000e-02
v -4.529819490000e-01 0.000000000000e+00 6.061220170000e-02
v -5.000000000000e-01 0.000000000000e+00 1.000000240000e-01
v -4.209897520000e-01 0.000000000000e+00 8.412021400000e-02
v -4.360585210000e-01 0.000000000000e+00 4.903945330000e-02
v -4.677071570000e-01 0.000000000000e+00 9.754627940000e-02
v -4.536170960000e-01 0.000000000000e+00 8.447963000000e-02
v -4.808583260000e-01 0.000000000000e+00 1.111656430000e-01
v -4.385366440000e-01 0.000000000000e+00 9.461379050000e-02
v -3.994429110000e-01 0.000000000000e+00 7.275652890000e-02
v -5.000000000000e-01 0.000000000000e+00 1.250000000000e-01
v -4.666185380000e-01 0.000000000000e+00 1.221003530000e-01
v -4.531636240000e-01 0.000000000000e+00 1.075343490000e-01
v -5.000000000000e-01 0.000000000000e+00 -1.250000000000e-01
v -5.000000000000e-01 0.000000000000e+00 -1.749999820000e-01
v -4.626731870000e-01 0.000000000000e+00 -1.222897770000e-01
v -5.000000000000e-01 0.000000000000e+00 -4.999998210000e-02
v -4.799385070000e-01 0.000000000000e+00 -1.133887770000e-01
v -4.801301960000e-01 0.000000000000e+00 -8.839339020000e-02
v -4.798254970000e-01 0.000000000000e+00 -1.385242940000e-01
v -4.639468190000e-01 0.000000000000e+00 -7.618278260000e-02
v -5.000000000000e-01 0.000000000000e+00 -9.999999400000e-02
v -4.800724980000e-01 0.000000000000e+00 -6.344270710000e-02
v -4.641022680000e-01 0.000000000000e+00 -9.785628320000e-02
v -4.796090130000e-01 0.000000000000e+00 -1.635099650000e-01
v -4.655346870000e-01 0.000000000000e+00 -1.513731480000e-01
v -5.000000000000e-01 0.000000000000e+00 -1.500000060000e-01
v -5.000000000000e-01 0.000000000000e+00 -7.499998810000e-02
v -4.227592950000e-01 0.000000000000e+00 -8.603173490000e-02
v -4.317827220000e-01 0.000000000000e+00 -1.251132490000e-01
v -4.119346140000e-01 0.000000000000e+00 -6.513029340000e-02
v -3.560769560000e-01 0.000000000000e+00 -5.827075240000e-02
v -4.457607270000e-01 0.000000000000e+00 -1.179074050000e-01
v -4.015305040000e-01 0.000000000000e+00 -8.863389490000e-02
v -4.490141870000e-01 0.000000000000e+00 -1.385667320000e-01
v -4.347846510000e-01 0.000000000000e+00 -1.027563810000e-01
v -4.497218130000e-01 0.000000000000e+00 -1.027678250000e-01
v -3.772196770000e-01 0.000000000000e+00 -9.492474790000e-02
v -4.459524150000e-01 0.000000000000e+00 -8.515959980000e-02
v -3.556199070000e-01 0.000000000000e+00 -8.416587110000e-02
v -4.330344200000e-01 0.000000000000e+00 -6.618350740000e-02
v -4.157211780000e-01 0.000000000000e+00 -1.069442030000e-01
v -3.839557170000e-01 0.000000000000e+00 -6.680041550000e-02
v -3.752171990000e-01 0.000000000000e+00 -1.911931040000e-01
v -3.532083030000e-01 0.000000000000e+00 -1.332892180000e-01
v -3.743965630000e-01 0.000000000000e+00 -1.394922730000e-01
v -3.954648970000e-01 0.000000000000e+00 -1.757036450000e-01
v -3.525950910000e-01 0.000000000000e+00 -2.092330460000e-01
v -4.142634870000e-01 0.000000000000e+00 -1.349678040000e-01
v -3.536007400000e-01 0.000000000000e+00 -1.583873030000e-01
v -3.754999640000e-01 0.000000000000e+00 -1.666278840000e-01
v -3.953223230000e-01 0.000000000000e+00 -1.476259230000e-01
v -4.320454600000e-01 0.000000000000e+00 -1.491104360000e-01
v -3.532290460000e-01 0.000000000000e+00 -1.091784830000e-01
v -3.526849750000e-01 0.000000000000e+00 -1.841015820000e-01
v -4.137277600000e-01 0.000000000000e+00 -1.610978840000e-01
v -3.720016480000e-01 0.000000000000e+00 -1.167401080000e-01
v -3.932776450000e-01 0.000000000000e+00 -1.193865540000e-01
v -4.151971340000e-01 0.000000000000e+00 -1.841924190000e-01
v -4.484777450000e-01 0.000000000000e+00 -1.613708730000e-01
v -4.319009780000e-01 0.000000000000e+00 -1.724919080000e-01
v -4.483175280000e-01 0.000000000000e+00 -1.852252480000e-01
v -3.988714220000e-01 0.000000000000e+00 -2.222005130000e-01
v -4.341816900000e-01 0.000000000000e+00 -2.139008050000e-01
v -4.199626450000e-01 0.000000000000e+00 -2.280943390000e-01
v -3.784055710000e-01 0.000000000000e+00 -2.400903700000e-01
v -4.032669070000e-01 0.000000000000e+00 -2.448403840000e-01
v -4.164178370000e-01 0.000000000000e+00 -2.066689730000e-01
v -4.455361370000e-01 0.000000000000e+00 -2.024848460000e-01
v -4.321069720000e-01 0.000000000000e+00 -1.942259070000e-01
v -3.965344430000e-01 0.000000000000e+00 -1.991090770000e-01
v -3.761055470000e-01 0.000000000000e+00 -2.154861690000e-01
v -3.533253670000e-01 0.000000000000e+00 -2.342741490000e-01
v -5.000000000000e-01 0.000000000000e+00 -2.249999940000e-01
v -4.657621380000e-01 0.000000000000e+00 -2.267727850000e-01
v -4.644351010000e-01 0.000000000000e+00 -1.761363740000e-01
v -4.640016560000e-01 0.000000000000e+00 -2.520124910000e-01
v -4.504194260000e-01 0.000000000000e+00 -2.191648480000e-01
v -4.793605800000e-01 0.000000000000e+00 -1.883875130000e-01
v -4.801378250000e-01 0.000000000000e+00 -2.386298180000e-01
v -4.804601670000e-01 0.000000000000e+00 -2.638185020000e-01
v -4.386971000000e-01 0.000000000000e+00 -2.326343060000e-01
v -5.000000000000e-01 0.000000000000e+00 -2.500000000000e-01
v -4.534807210000e-01 0.000000000000e+00 -2.362122540000e-01
v -4.797415730000e-01 0.000000000000e+00 -2.135090830000e-01
v -5.000000000000e-01 0.000000000000e+00 -1.999999880000e-01
v -4.257283210000e-01 0.000000000000e+00 -2.479579450000e-01
v -4.449157710000e-01 0.000000000000e+00 -2.508685590000e-01
v -4.624276160000e-01 0.000000000000e+00 -2.018184660000e-01
f 1460 1449 1458
f 1452 1457 1462
f 1456 1449 1460
f 1461 1451 1447
f 1448 1494 1455
f 1448 1456 1447
f 1494 1493 1455
f 1495 1497 1499
f 1495 1494 1504
f 1497 1500 1499
f 1496 1503 1478
f 1501 1505 1502
f 1501 1497 1496
f 1505 1585 1502
f 1498 1506 1507
f 1588 1596 1593
f 1588 1505 1498
f 1596 1594 1593
f 1592 1591 1594
f 1592 1596 1584
f 1589 1587 1590
f 1569 1591 1586
f 1627 1626 1629
f 1636 1589 1591
f 1626 1642 1629
f 1634 1633 1635
f 1655 1653 1651
f 1655 1626 1634
f 1653 1650 1651
f 1645 1646 1641
f 1649 1654 1648
f 1649 1653 1645
f 1654 1647 1648
f 1010 1644 1677
f 1002 1005 1006
f 1002 1654 1010
f 1005 1007 1006
f 1009 1001 999
f 1017 1020 1023
f 1017 1005 1009
f 1020 1024 1023
f 1022 1015 1021
f 1013 1016 1019
f 1013 1020 1022
f 1016 1018 1019
f 985 1014 984
f 1041 1035 1029
f 1041 1016 985
f 1035 1030 1029
f 1042 1040 1028
f 1039 1036 1031
f 1039 1035 1042
f 1036 1078 1031
f 1081 1073 1077
f 1081 1036 1037
f 1073 1085 1077
f 1080 1087 1086
f 1074 1083 1084
f 1074 1073 1080
f 1083 1418 1084
f 1075 1079 1082
f 1421 1426 1419
f 1421 1083 1075
f 1426 1420 1419
f 1428 1429 1435
f 1424 1425 1422
f 1424 1426 1428
f 1425 1423 1422
f 1427 1430 1417
f 1392 1388 1399
f 1392 1425 1427
f 1388 1410 1399
f 1398 1397 1400
f 1411 1388 1398
f 1402 1414 1413
f 1458 1470 1467
f 1467 1460 1458
f 1447 1459 1448
f 1459 1477 1504
f 1504 1503 1495
f 1491 1477 1479
f 1478 1490 1496
f 1478 1503 1491
f 1496 1506 1501
f 1488 1490 1489
f 1507 1581 1498
f 1507 1506 1488
f 1498 1583 1588
f 1574 1581 1579
f 1583 1595 1584
f 1583 1581 1574
f 1584 1586 1592
f 1569 1638 1636
f 1569 1586 1580
f 1636 1633 1627
f 1635 1630 1634
f 1635 1633 1638
f 1634 1646 1655
f 1631 1630 1637
f 1641 1643 1645
f 1641 1630 1631
f 1645 1644 1649
f 1677 1012 1010
f 1677 1643 1682
f 1010 1001 1002
f 1011 1012 998
f 999 1027 1009
f 999 1001 1011
f 1009 1015 1017
f 1026 1027 1000
f 1021 1025 1022
f 1021 1027 1026
f 1022 1014 1013
f 996 1025 987
f 984 991 985
f 984 1014 996
f 985 1040 1041
f 1028 1034 1042
f 1028 1040 991
f 1042 1038 1039
f 1033 1034 1046
f 1037 1038 1033
f 1037 1087 1081
f 1063 1032 1047
f 1086 1076 1080
f 1086 1087 1063
f 1080 1079 1074
f 1059 1076 1066
f 1082 1446 1075
f 1082 1076 1059
f 1075 1429 1421
f 1438 1446 1437
f 1435 1436 1428
f 1435 1446 1438
f 1428 1430 1424
f 1433 1436 1444
f 1417 1393 1427
f 1417 1430 1433
f 1427 1397 1392
f 1400 1409 1398
f 1398 1416 1411
f 1409 1405 1408
f 1403 1415 1416
f 1408 1416 1409
f 1467 1464 1465
f 1450 1463 1470
f 1465 1468 1451
f 1492 1459 1451
f 1480 1468 1475
f 1479 1484 1491
f 1479 1492 1480
f 1487 1478 1491
f 1485 1484 1482
f 1489 1486 1488
f 1489 1487 1485
f 1579 1486 1570
f 1574 1595 1583
f 1573 1576 1577
f 1575 1569 1580
f 1568 1575 1572
f 1638 1568 1632
f 1637 1632 1639
f 1652 1641 1631
f 1682 1652 1679
f 1683 1677 1682
f 1676 1671 1681
f 998 1008 1011
f 998 1683 1676
f 1000 1008 1003
f 995 981 972
f 987 994 996
f 987 1021 995
f 993 984 996
f 993 994 988
f 986 992 991
f 1057 992 1045
f 1057 1034 1028
f 1033 1032 1037
f 1047 1061 1063
f 1062 1086 1063
f 1066 1062 1060
f 1437 1059 1058
f 1438 1441 1439
f 1444 1435 1438
f 1444 1439 1434
f 1433 1445 1443
f 1443 1417 1433
f 1401 1396 1393
f 1401 1443 1394
f 1395 1400 1393
f 1395 1389 1405
f 1405 1404 1408
f 1405 1409 1395
f 1406 1403 1408
f 1406 1383 1379
f 1466 1470 1463
f 1466 1473 1474
f 1474 1464 1466
f 1475 1469 1474
f 1483 1479 1480
f 1482 1518 1485
f 1482 1483 1481
f 1509 1489 1485
f 1576 1578 1577
f 1576 1573 1574
f 1571 1580 1573
f 1571 1582 1572
f 1572 1575 1571
f 1607 1610 1639
f 1639 1632 1607
f 1640 1637 1639
f 1679 1652 1628
f 1679 1661 1681
f 1681 1671 1679
f 1004 998 1676
f 981 974 972
f 981 995 1026
f 989 987 995
f 989 970 988
f 988 994 989
f 990 986 993
f 990 997 1045
f 1045 992 990
f 1053 1046 1057
f 1053 1051 1052
f 1052 1046 1053
f 1055 1047 1054
f 1055 1043 1071
f 1071 1061 1055
f 1064 1066 1060
f 1064 1072 1058
f 1058 1059 1064
f 1445 1432 1442
f 1442 1443 1445
f 1389 1354 1405
f 1390 1396 1394
f 1354 1373 1375
f 1383 1374 1379
f 1375 1404 1354
f 1560 1473 1466
f 1471 1559 1560
f 1473 1562 1554
f 1472 1476 1475
f 1472 1473 1554
f 1476 1561 1512
f 1481 1476 1512
f 1521 1482 1481
f 1510 1520 1509
f 1518 1517 1510
f 1520 1570 1509
f 1520 1519 1515
f 1577 1614 1618
f 1578 1520 1515
f 1577 1618 1582
f 1582 1619 1609
f 1610 1664 1639
f 1604 1582 1609
f 1664 1658 1640
f 1664 1610 1660
f 1658 1628 1640
f 1658 1663 1656
f 1661 1658 1656
f 1661 1665 1681
f 1675 975 1004
f 1681 1672 1675
f 975 1003 1004
f 975 1684 977
f 974 975 977
f 974 983 972
f 972 979 970
f 970 971 982
f 988 982 997
f 997 1139 1050
f 1051 1056 1052
f 1045 1050 1051
f 1052 1044 1054
f 1056 1049 1048
f 1044 1048 1043
f 1071 1070 1060
f 1043 1099 1069
f 1070 1068 1072
f 1072 1068 1067
f 1065 1431 1441
f 1065 1072 1067
f 1431 1439 1441
f 1431 1334 1440
f 1432 1351 1442
f 1434 1440 1432
f 1442 1391 1394
f 1352 1350 1348
f 1352 1391 1351
f 1343 1389 1390
f 1343 1355 1356
f 1373 1381 1375
f 1356 1354 1343
f 1378 1383 1375
f 1378 1382 1380
f 1565 1560 1559
f 1565 1543 1557
f 1564 1566 1554
f 1557 1562 1565
f 1554 1561 1472
f 1512 1516 1514
f 1517 1514 1513
f 1521 1514 1517
f 1519 1513 1511
f 1513 1519 1517
f 1511 1515 1519
f 1515 1511 1625
f 1614 1625 1617
f 1625 1614 1515
f 1617 1618 1614
f 1618 1617 1620
f 1619 1620 1600
f 1620 1619 1618
f 1600 1609 1619
f 1609 1600 1601
f 1611 1601 1603
f 1601 1611 1609
f 1603 1660 1611
f 1660 1603 1666
f 1663 1666 1657
f 1666 1663 1660
f 1657 1656 1663
f 1656 1657 1667
f 1665 1667 1670
f 1667 1665 1656
f 1670 1672 1665
f 1672 1670 1680
f 1684 1680 1673
f 1680 1684 1672
f 1673 977 1684
f 977 1673 973
f 983 973 978
f 973 983 977
f 978 979 983
f 979 978 976
f 971 976 980
f 976 971 979
f 980 982 971
f 982 980 1138
f 1139 1138 1137
f 1138 1139 982
f 1137 1050 1139
f 1050 1137 1136
f 1049 1136 1096
f 1136 1049 1050
f 1096 1048 1049
f 1048 1096 1097
f 1099 1097 1098
f 1097 1099 1048
f 1098 1069 1099
f 1069 1098 1092
f 1068 1092 1094
f 1092 1068 1069
f 1094 1067 1068
f 1067 1094 1104
f 1334 1104 1332
f 1104 1334 1067
f 1337 1334 1332
f 1334 1337 1440
f 1440 1337 1345
f 1345 1337 1347
f 1350 1352 1351
f 1345 1347 1350
f 1355 1353 1356
f 1355 1348 1346
f 1377 1373 1356
f 1377 1387 1385
f 1382 1386 1380
f 1385 1381 1377
f 1557 1551 1558
f 1555 1538 1543
f 1558 1551 1550
f 1553 1558 1550
f 1563 1567 1566
f 1514 1522 1513
f 1516 1563 1537
f 1522 1514 1516
f 1513 1522 1508
f 1511 1508 1536
f 1513 1508 1511
f 1511 1536 1625
f 1625 1536 1612
f 1617 1612 1616
f 1625 1612 1617
f 1617 1616 1620
f 1620 1616 1615
f 1600 1615 1598
f 1620 1615 1600
f 1600 1598 1601
f 1601 1598 1599
f 1603 1599 1597
f 1601 1599 1603
f 1603 1597 1666
f 1666 1597 1669
f 1657 1669 1668
f 1666 1669 1657
f 1657 1668 1667
f 1667 1668 1659
f 1670 1659 1662
f 1667 1659 1670
f 1670 1662 1680
f 1680 1662 1678
f 1673 1678 1685
f 1680 1678 1673
f 1673 1685 973
f 973 1685 1150
f 978 1150 1162
f 973 1150 978
f 978 1162 976
f 976 1162 1152
f 980 1152 1135
f 976 1152 980
f 980 1135 1138
f 1138 1135 1134
f 1137 1134 1133
f 1138 1134 1137
f 1137 1133 1136
f 1136 1133 1148
f 1096 1148 1095
f 1136 1148 1096
f 1096 1095 1097
f 1097 1095 1100
f 1098 1100 1101
f 1097 1100 1098
f 1098 1101 1092
f 1092 1101 1102
f 1094 1102 1111
f 1092 1102 1094
f 1094 1111 1104
f 1104 1111 1109
f 1332 1109 1342
f 1104 1109 1332
f 1332 1335 1337
f 1335 1332 1342
f 1347 1335 1338
f 1337 1335 1347
f 1350 1344 1348
f 1344 1329 1349
f 1349 1348 1344
f 1346 1353 1355
f 1353 1357 1372
f 1387 1363 1385
f 1387 1353 1372
f 1384 1382 1385
f 1384 1361 1376
f 1548 1543 1538
f 1548 1547 1541
f 1550 1540 1553
f 1541 1551 1548
f 1556 1553 1540
f 1537 1529 1522
f 1537 1522 1516
f 1508 1534 1530
f 1522 1534 1508
f 1536 1530 1523
f 1530 1536 1508
f 1612 1523 1623
f 1536 1523 1612
f 1616 1623 1622
f 1623 1616 1612
f 1615 1622 1621
f 1616 1622 1615
f 1598 1621 1608
f 1621 1598 1615
f 1599 1608 1602
f 1598 1608 1599
f 1597 1602 1774
f 1602 1597 1599
f 1669 1774 1761
f 1597 1774 1669
f 1668 1761 1757
f 1761 1668 1669
f 1659 1757 1758
f 1668 1757 1659
f 1662 1758 1759
f 1758 1662 1659
f 1678 1759 1674
f 1662 1759 1678
f 1685 1674 1160
f 1674 1685 1678
f 1150 1160 1159
f 1685 1160 1150
f 1162 1159 1158
f 1159 1162 1150
f 1152 1158 1154
f 1162 1158 1152
f 1154 1135 1152
f 1134 1135 1147
f 1133 1147 1142
f 1147 1133 1134
f 1148 1142 1146
f 1133 1142 1148
f 1095 1146 1088
f 1146 1095 1148
f 1100 1088 1089
f 1095 1088 1100
f 1101 1089 1090
f 1089 1101 1100
f 1102 1090 1108
f 1101 1090 1102
f 1111 1108 1115
f 1108 1111 1102
f 1109 1115 1110
f 1111 1115 1109
f 1342 1110 1327
f 1110 1342 1109
f 1342 1331 1335
f 1342 1327 1331
f 1335 1331 1338
f 1338 1331 1340
f 1329 1336 1349
f 1338 1340 1329
f 1349 1357 1346
f 1336 1341 1330
f 1370 1371 1372
f 1370 1336 1330
f 1372 1363 1387
f 1371 1358 1359
f 1361 1368 1376
f 1361 1371 1359
f 1541 1539 1545
f 1542 1544 1547
f 1545 1550 1541
f 1545 1539 1546
f 1540 1526 1525
f 1552 1545 1546
f 1525 1556 1540
f 1525 1526 1533
f 1534 1528 1530
f 1529 1525 1533
f 1528 1534 1529
f 1530 1528 1532
f 1523 1532 1524
f 1530 1532 1523
f 1523 1524 1623
f 1623 1524 1613
f 1622 1613 1624
f 1623 1613 1622
f 1622 1624 1621
f 1621 1624 1606
f 1608 1606 1605
f 1621 1606 1608
f 1608 1605 1602
f 1602 1605 1766
f 1774 1766 1762
f 1602 1766 1774
f 1774 1762 1761
f 1761 1762 1750
f 1757 1750 1753
f 1761 1750 1757
f 1757 1753 1758
f 1758 1753 1751
f 1759 1751 1752
f 1758 1751 1759
f 1759 1752 1674
f 1674 1752 1157
f 1160 1157 1153
f 1674 1157 1160
f 1160 1153 1159
f 1158 1153 1155
f 1159 1153 1158
f 1149 1154 1158
f 1145 1154 1149
f 1154 1145 1135
f 1135 1145 1147
f 1147 1145 1144
f 1142 1144 1143
f 1147 1144 1142
f 1142 1143 1146
f 1146 1143 1091
f 1088 1091 1093
f 1146 1091 1088
f 1088 1093 1089
f 1090 1093 1113
f 1089 1093 1090
f 1090 1113 1108
f 1108 1113 1114
f 1115 1114 1103
f 1108 1114 1115
f 1115 1103 1110
f 1110 1103 1321
f 1327 1321 1324
f 1110 1321 1327
f 1327 1323 1331
f 1323 1327 1324
f 1340 1323 1310
f 1331 1323 1340
f 1329 1339 1341
f 1339 1304 1333
f 1333 1341 1339
f 1330 1358 1370
f 1359 1365 1360
f 1360 1361 1359
f 1360 1362 1366
f 1931 1547 1544
f 1931 1930 1927
f 1546 1938 1549
f 1927 1539 1931
f 1549 1552 1546
f 1549 1938 1937
f 1535 1549 1937
f 1527 1535 1917
f 1532 1527 1531
f 1528 1527 1532
f 1524 1531 1690
f 1531 1524 1532
f 1613 1690 1696
f 1524 1690 1613
f 1624 1696 1700
f 1696 1624 1613
f 1606 1700 1697
f 1624 1700 1606
f 1605 1697 1767
f 1697 1605 1606
f 1766 1767 1773
f 1605 1767 1766
f 1762 1773 1768
f 1773 1762 1766
f 1750 1768 1749
f 1762 1768 1750
f 1753 1749 1748
f 1749 1753 1750
f 1751 1748 1747
f 1753 1748 1751
f 1752 1747 1746
f 1747 1752 1751
f 1157 1746 1161
f 1752 1746 1157
f 1161 1153 1157
f 1153 1161 1155
f 1155 1151 1156
f 1151 1155 1161
f 1149 1156 1141
f 1155 1156 1149
f 1141 1145 1149
f 1144 1141 1140
f 1145 1141 1144
f 1143 1122 1123
f 1140 1143 1144
f 1091 1123 1131
f 1143 1123 1091
f 1131 1093 1091
f 1093 1131 1132
f 1113 1132 1105
f 1132 1113 1093
f 1114 1105 1106
f 1113 1105 1114
f 1103 1106 1107
f 1106 1103 1114
f 1321 1107 1316
f 1103 1107 1321
f 1324 1316 1315
f 1316 1324 1321
f 1324 1314 1323
f 1324 1315 1314
f 1323 1314 1310
f 1310 1314 1299
f 1304 1307 1333
f 1310 1299 1304
f 1333 1364 1330
f 1307 1309 1281
f 1279 1307 1281
f 1279 1269 1268
f 1362 1369 1366
f 1365 1268 1362
f 1927 1925 1934
f 1933 1924 1930
f 1934 1925 1928
f 1932 1934 1928
f 1915 1932 1914
f 1527 1916 1531
f 1915 1917 1937
f 1916 1917 1913
f 1531 1916 1923
f 1690 1923 1694
f 1531 1923 1690
f 1690 1694 1696
f 1696 1694 1693
f 1700 1693 1692
f 1696 1693 1700
f 1700 1692 1697
f 1697 1692 1688
f 1767 1688 1772
f 1697 1688 1767
f 1767 1772 1773
f 1773 1772 1760
f 1768 1760 1771
f 1773 1760 1768
f 1768 1771 1749
f 1749 1771 1755
f 1748 1755 1754
f 1749 1755 1748
f 1748 1754 1747
f 1747 1754 1780
f 1747 1780 1746
f 1161 1746 1784
f 1151 1778 1175
f 1156 1175 1176
f 1151 1175 1156
f 1156 1176 1141
f 1141 1176 1177
f 1141 1177 1140
f 1140 1126 1122
f 1140 1122 1143
f 1131 1123 1121
f 1131 1121 1132
f 1132 1121 1119
f 1105 1119 1117
f 1132 1119 1105
f 1105 1117 1106
f 1106 1117 1116
f 1107 1116 1326
f 1106 1116 1107
f 1107 1326 1316
f 1316 1326 1325
f 1315 1325 1328
f 1316 1325 1315
f 1315 1322 1314
f 1322 1315 1328
f 1299 1322 1312
f 1314 1322 1299
f 1304 1299 1303
f 1303 1312 1313
f 1309 1303 1313
f 1268 1278 1275
f 1275 1362 1268
f 1275 1282 1277
f 1935 1930 1924
f 1935 1929 1939
f 1928 1919 1914
f 1939 1925 1935
f 1914 1932 1928
f 1914 1919 1920
f 1913 1918 1921
f 1918 1914 1920
f 1913 1921 1922
f 1923 1922 1898
f 1916 1922 1923
f 1694 1898 1687
f 1898 1694 1923
f 1693 1687 1689
f 1694 1687 1693
f 1692 1689 1698
f 1689 1692 1693
f 1688 1698 1695
f 1692 1698 1688
f 1772 1695 1765
f 1695 1772 1688
f 1760 1765 1764
f 1772 1765 1760
f 1771 1764 1763
f 1764 1771 1760
f 1755 1763 1756
f 1771 1763 1755
f 1754 1756 1781
f 1756 1754 1755
f 1754 1781 1780
f 1784 1780 1779
f 1746 1780 1784
f 1784 1151 1161
f 1778 1784 1779
f 1175 1778 1163
f 1151 1784 1778
f 1175 1165 1176
f 1165 1175 1163
f 1176 1165 1177
f 1177 1126 1140
f 1123 1122 1125
f 1121 1125 1127
f 1125 1121 1123
f 1119 1127 1128
f 1121 1127 1119
f 1117 1128 1112
f 1128 1117 1119
f 1116 1112 1317
f 1117 1112 1116
f 1326 1317 1318
f 1317 1326 1116
f 1318 1325 1326
f 1328 1318 1319
f 1318 1328 1325
f 1328 1320 1322
f 1328 1319 1320
f 1322 1320 1312
f 1312 1320 1306
f 1309 1305 1271
f 1312 1306 1313
f 1271 1305 1270
f 1281 1274 1269
f 1272 1269 1274
f 1272 1280 1273
f 1282 1276 1277
f 1278 1273 1282
f 1939 1926 1912
f 1936 1865 1929
f 1912 1926 1910
f 1909 1918 1920
f 1922 1894 1898
f 1897 1909 1906
f 1894 1921 1897
f 1898 1894 1905
f 1687 1905 1699
f 1898 1905 1687
f 1687 1699 1689
f 1689 1699 1686
f 1698 1686 1691
f 1689 1686 1698
f 1698 1691 1695
f 1695 1691 1705
f 1765 1705 1769
f 1695 1705 1765
f 1765 1769 1764
f 1764 1769 1770
f 1763 1770 1794
f 1764 1770 1763
f 1763 1794 1756
f 1783 1794 1795
f 1756 1783 1781
f 1781 1783 1787
f 1781 1787 1780
f 1780 1787 1779
f 1779 1788 1778
f 1779 1776 1788
f 1778 1788 1163
f 1163 1169 1165
f 1163 1171 1169
f 1165 1169 1170
f 1165 1170 1177
f 1177 1170 1126
f 1126 1170 1129
f 1126 1129 1122
f 1122 1129 1125
f 1124 1120 1130
f 1125 1118 1127
f 1128 1124 1130
f 1112 1187 1182
f 1112 1182 1317
f 1317 1219 1318
f 1317 1182 1219
f 1318 1219 1210
f 1319 1210 1214
f 1318 1210 1319
f 1319 1223 1320
f 1223 1319 1214
f 1306 1223 1311
f 1320 1223 1306
f 1301 1313 1306
f 1300 1301 1311
f 1308 1305 1301
f 1273 1293 1287
f 1274 1270 1280
f 1287 1282 1273
f 1287 1298 1292
f 1875 1929 1865
f 1875 1870 1876
f 1876 1926 1875
f 1911 1912 1910
f 1911 1910 1903
f 1906 1902 1897
f 1906 1911 1903
f 1897 1902 1901
f 1905 1901 1900
f 1894 1901 1905
f 1699 1900 1703
f 1900 1699 1905
f 1686 1703 1701
f 1699 1703 1686
f 1691 1701 1707
f 1701 1691 1686
f 1705 1707 1708
f 1691 1707 1705
f 1769 1708 1709
f 1708 1769 1705
f 1770 1709 1799
f 1769 1709 1770
f 1797 1794 1770
f 1794 1783 1756
f 1795 1797 1800
f 1783 1795 1775
f 1783 1775 1787
f 1787 1775 1776
f 1787 1776 1779
f 1788 1776 1782
f 1788 1782 1171
f 1788 1171 1163
f 1169 1173 1172
f 1169 1172 1170
f 1170 1167 1129
f 1170 1172 1167
f 1129 1167 1118
f 1129 1118 1125
f 1120 1200 1130
f 1130 1187 1128
f 1130 1180 1187
f 1182 1187 1183
f 1187 1112 1128
f 1219 1182 1218
f 1210 1218 1220
f 1219 1218 1210
f 1210 1220 1214
f 1214 1220 1221
f 1222 1214 1221
f 1214 1222 1223
f 1223 1222 1311
f 1311 1222 1213
f 1311 1213 1300
f 1308 1297 1270
f 1302 1261 1289
f 1297 1283 1270
f 1297 1302 1289
f 1283 1280 1270
f 1286 1288 1296
f 1298 1291 1292
f 1293 1286 1298
f 1876 1866 1885
f 1877 1864 1870
f 1885 1866 1883
f 1903 1880 1899
f 1899 1906 1903
f 1901 1896 1900
f 1896 1902 1908
f 1900 1896 1895
f 1703 1895 1712
f 1900 1895 1703
f 1703 1712 1701
f 1701 1712 1715
f 1707 1715 1704
f 1701 1715 1707
f 1707 1704 1708
f 1708 1704 1706
f 1709 1706 1737
f 1708 1706 1709
f 1709 1737 1799
f 1795 1801 1775
f 1775 1801 1785
f 1775 1785 1776
f 1171 1782 1168
f 1171 1173 1169
f 1171 1168 1173
f 1172 1173 1166
f 1172 1166 1167
f 1167 1174 1118
f 1118 1174 1120
f 1180 1130 1200
f 1187 1180 1183
f 1183 1181 1182
f 1181 1183 1179
f 1218 1181 1209
f 1182 1181 1218
f 1220 1209 1216
f 1209 1220 1218
f 1221 1216 1217
f 1220 1216 1221
f 1221 1215 1222
f 1215 1221 1217
f 1213 1215 1237
f 1222 1215 1213
f 1238 1300 1213
f 1238 1236 1259
f 1261 1238 1259
f 1289 1260 1294
f 1296 1295 1286
f 1294 1288 1289
f 1295 1298 1286
f 1295 1285 1290
f 1868 1870 1864
f 1868 1869 1874
f 1883 1887 1886
f 1874 1866 1868
f 1883 1880 1885
f 1899 1908 1902
f 1895 1907 1904
f 1896 1907 1895
f 1712 1904 1710
f 1904 1712 1895
f 1715 1710 1702
f 1712 1710 1715
f 1704 1702 1711
f 1702 1704 1715
f 1706 1711 1735
f 1704 1711 1706
f 1735 1737 1706
f 1799 1737 1736
f 1799 1736 1800
f 1800 1802 1795
f 1795 1802 1801
f 1801 1802 1803
f 1801 1803 1785
f 1785 1803 1789
f 1785 1777 1776
f 1785 1789 1777
f 1776 1777 1782
f 1782 1777 1786
f 1782 1786 1168
f 1173 1164 1166
f 1166 1164 1201
f 1166 1174 1167
f 1174 1166 1201
f 1174 1201 1194
f 1194 1120 1174
f 1200 1202 1203
f 1200 1184 1180
f 1200 1203 1184
f 1180 1184 1179
f 1181 1179 1190
f 1180 1179 1183
f 1209 1190 1211
f 1190 1209 1181
f 1216 1211 1212
f 1209 1211 1216
f 1216 1212 1217
f 1217 1212 1230
f 1224 1217 1230
f 1217 1224 1215
f 1215 1224 1237
f 1237 1224 1231
f 1259 1262 1253
f 1237 1231 1236
f 1253 1260 1259
f 1294 1284 1296
f 1284 1256 1243
f 1285 1251 1290
f 1874 1871 1889
f 1872 1878 1869
f 1889 1871 1828
f 1886 1879 1892
f 1892 1879 1884
f 1907 1888 1904
f 1908 1892 1884
f 1888 1907 1908
f 1904 1888 1890
f 1710 1890 1713
f 1904 1890 1710
f 1710 1713 1702
f 1702 1713 1714
f 1711 1714 1734
f 1702 1714 1711
f 1711 1734 1735
f 1735 1734 1733
f 1737 1733 1732
f 1735 1733 1737
f 1737 1732 1736
f 1736 1732 1743
f 1791 1736 1743
f 1736 1791 1800
f 1800 1791 1802
f 1802 1792 1803
f 1792 1791 1798
f 1803 1792 1796
f 1803 1790 1789
f 1777 1789 1786
f 1168 1208 1206
f 1168 1164 1173
f 1164 1168 1206
f 1164 1198 1201
f 1201 1198 1205
f 1201 1205 1202
f 1184 1185 1192
f 1184 1192 1179
f 1179 1192 1190
f 1190 1192 1186
f 1189 1190 1186
f 1190 1189 1211
f 1211 1229 1212
f 1229 1211 1189
f 1230 1212 1229
f 1230 1228 1224
f 1231 1228 1227
f 1224 1228 1231
f 1258 1236 1231
f 1258 1257 1264
f 1264 1262 1258
f 1263 1256 1253
f 1244 1254 1255
f 1243 1250 1284
f 1243 1263 1244
f 1250 1285 1284
f 1250 1247 1239
f 1873 1869 1878
f 1873 1841 1823
f 1828 1824 1891
f 1823 1871 1873
f 1891 1889 1828
f 1891 1824 1825
f 1893 1881 1830
f 1881 1891 1825
f 1884 1888 1908
f 1890 1893 1882
f 1888 1893 1890
f 1713 1882 1717
f 1882 1713 1890
f 1714 1717 1716
f 1713 1717 1714
f 1734 1716 1745
f 1716 1734 1714
f 1733 1745 1739
f 1734 1745 1733
f 1732 1739 1744
f 1739 1732 1733
f 1732 1744 1743
f 1791 1743 1798
f 1798 1743 705
f 1791 1792 1802
f 1789 1793 1786
f 1208 1168 1786
f 1207 1197 1206
f 1206 1198 1164
f 1197 1207 315
f 1198 1206 1197
f 1198 1196 1205
f 1205 1199 1195
f 1205 1195 1202
f 1199 1205 1196
f 1202 1195 1203
f 1203 1185 1184
f 1192 1185 1193
f 1186 1193 1191
f 1192 1193 1186
f 1186 1188 1189
f 1188 1186 1191
f 1189 1235 1229
f 1189 1188 1235
f 1229 1234 1230
f 1234 1229 1235
f 1230 1226 1228
f 1230 1234 1226
f 1228 1226 1227
f 1227 1226 1233
f 1257 1266 1264
f 1227 1233 1257
f 1264 1254 1253
f 1266 1265 1267
f 1255 1266 1267
f 1240 1241 1244
f 1240 1246 1252
f 1247 1248 1239
f 1252 1241 1240
f 1823 1827 1832
f 1867 1834 1841
f 1832 1827 1821
f 1826 1832 1821
f 1820 1826 1822
f 1893 1806 1882
f 1820 1830 1825
f 1806 1830 1815
f 1882 1806 1720
f 1717 1720 1727
f 1882 1720 1717
f 1717 1727 1716
f 1716 1727 1718
f 1745 1718 1738
f 1716 1718 1745
f 1745 1738 1739
f 1739 1738 1742
f 1739 1742 1744
f 1744 1731 1743
f 1731 1744 1730
f 1743 1731 705
f 1798 1805 1792
f 1798 714 1805
f 1792 1805 1796
f 1790 1793 1789
f 1796 1805 1804
f 1790 1796 1804
f 1793 1804 328
f 1793 328 1207
f 325 315 321
f 1197 1196 1198
f 1196 1197 325
f 1196 302 1199
f 1195 1199 301
f 1195 1204 1203
f 1195 301 1204
f 1203 1204 1185
f 1185 1204 1178
f 1193 1178 1191
f 1185 1178 1193
f 292 1191 291
f 1191 292 1188
f 1188 272 1235
f 272 1188 292
f 1232 1235 272
f 1235 1232 1234
f 1234 1225 1226
f 1225 1234 1232
f 1233 1225 422
f 1226 1225 1233
f 1257 1233 1265
f 1265 422 420
f 420 422 430
f 1267 426 1246
f 1252 1245 1242
f 1242 1247 1252
f 1242 441 1249
f 1838 1841 1834
f 1838 1839 1829
f 1821 1833 1822
f 1829 1827 1838
f 1822 1826 1821
f 1822 1833 1814
f 1815 1816 1808
f 1816 1822 1814
f 1815 1808 1812
f 1720 1812 1723
f 1806 1812 1720
f 1727 1723 1724
f 1723 1727 1720
f 1718 1724 1726
f 1727 1724 1718
f 1738 1726 1740
f 1726 1738 1718
f 1742 1740 1741
f 1738 1740 1742
f 1730 1742 1741
f 1742 1730 1744
f 705 714 1798
f 1805 714 701
f 1805 701 1804
f 1804 701 702
f 1804 702 328
f 328 326 315
f 315 325 1197
f 325 302 1196
f 1204 300 1178
f 300 1204 301
f 300 301 299
f 1178 290 1191
f 290 1178 300
f 291 1191 290
f 291 294 292
f 292 278 272
f 292 294 278
f 272 283 1232
f 283 272 278
f 1232 279 1225
f 1232 283 279
f 1225 279 422
f 422 279 429
f 422 429 430
f 420 428 426
f 439 438 432
f 441 437 1249
f 1245 432 441
f 1829 1846 1831
f 1848 1847 1839
f 1831 1846 1845
f 1814 1813 1818
f 1818 1816 1814
f 1818 1813 1817
f 1812 1819 1723
f 1807 1818 1817
f 1819 1808 1807
f 1723 1819 1728
f 1724 1728 1729
f 1723 1728 1724
f 1724 1729 1726
f 1726 1729 1719
f 1740 1719 762
f 1726 1719 1740
f 1740 762 1741
f 1741 762 761
f 760 1741 761
f 1741 760 1730
f 1730 709 1731
f 709 1730 760
f 705 709 706
f 1731 709 705
f 705 706 714
f 714 706 710
f 714 710 701
f 701 711 702
f 701 710 711
f 702 316 328
f 328 316 326
f 326 321 315
f 325 321 311
f 325 311 302
f 302 308 313
f 302 313 1199
f 1199 313 301
f 301 305 299
f 300 299 288
f 300 288 290
f 290 289 291
f 289 290 288
f 289 294 291
f 294 289 286
f 294 270 278
f 270 294 286
f 269 278 270
f 278 269 283
f 283 280 279
f 280 283 269
f 429 280 427
f 279 280 429
f 418 430 429
f 421 418 427
f 423 428 418
f 431 426 428
f 432 436 440
f 438 431 425
f 440 441 432
f 1837 1839 1847
f 1837 1836 1842
f 1845 1855 1813
f 1842 1846 1837
f 1813 1831 1845
f 1817 1810 1807
f 1817 1813 1855
f 1807 1810 1811
f 1728 1811 1721
f 1819 1811 1728
f 1729 1721 1722
f 1721 1729 1728
f 1719 1722 773
f 1729 1722 1719
f 762 773 772
f 773 762 1719
f 761 772 759
f 762 772 761
f 760 761 759
f 760 712 709
f 709 712 706
f 706 712 713
f 706 713 708
f 706 708 710
f 710 708 707
f 710 707 711
f 711 707 703
f 711 703 702
f 702 703 316
f 316 703 327
f 316 319 326
f 316 327 319
f 326 319 321
f 321 314 311
f 311 314 307
f 311 308 302
f 311 307 308
f 313 308 306
f 313 305 301
f 313 306 305
f 299 305 303
f 299 303 288
f 288 297 289
f 286 296 295
f 297 286 289
f 286 277 270
f 286 295 277
f 270 275 269
f 275 270 277
f 269 274 280
f 269 275 274
f 280 274 427
f 427 274 453
f 427 453 421
f 424 425 423
f 424 419 454
f 424 443 425
f 443 438 425
f 434 433 435
f 446 442 444
f 442 434 444
f 1842 1844 1852
f 1835 1843 1836
f 1852 1844 1857
f 1849 1852 1857
f 1851 1817 1855
f 1851 1854 1860
f 1811 1809 1721
f 1810 1851 1860
f 1809 1811 1810
f 1721 1809 1725
f 1722 1725 771
f 1721 1725 1722
f 1722 771 773
f 773 771 770
f 772 770 769
f 773 770 772
f 772 769 759
f 759 769 767
f 768 759 767
f 759 768 760
f 760 768 712
f 712 700 713
f 708 698 707
f 707 698 699
f 707 699 703
f 703 699 690
f 703 690 327
f 319 320 314
f 319 314 321
f 307 314 322
f 312 304 355
f 288 298 297
f 288 303 298
f 297 298 296
f 297 296 286
f 277 295 282
f 275 282 281
f 277 282 275
f 274 281 449
f 281 274 275
f 453 449 460
f 274 449 453
f 452 421 453
f 452 455 459
f 419 452 459
f 454 458 456
f 435 444 434
f 456 433 454
f 434 442 436
f 471 464 462
f 1840 1836 1843
f 1840 1858 1856
f 1856 1844 1840
f 1859 1849 1857
f 1860 757 756
f 1854 1859 796
f 1860 1809 1810
f 1725 756 755
f 1809 756 1725
f 771 755 765
f 755 771 1725
f 770 765 766
f 771 765 770
f 769 766 763
f 766 769 770
f 767 763 764
f 769 763 767
f 767 774 768
f 774 767 764
f 768 774 700
f 768 700 712
f 713 691 708
f 708 691 698
f 698 691 695
f 698 695 699
f 327 324 320
f 327 320 319
f 314 320 322
f 307 309 308
f 308 309 306
f 306 312 305
f 306 309 304
f 312 287 303
f 298 287 293
f 287 298 303
f 296 293 284
f 298 293 296
f 296 284 295
f 295 284 285
f 282 285 273
f 295 285 282
f 282 273 281
f 281 273 271
f 449 271 461
f 281 271 449
f 449 461 460
f 460 461 457
f 460 457 455
f 451 458 459
f 448 458 451
f 472 435 456
f 475 474 473
f 1856 1862 1863
f 1853 1861 1858
f 1863 1862 800
f 799 1863 800
f 801 799 793
f 756 753 755
f 801 757 796
f 753 757 752
f 755 753 748
f 765 748 747
f 755 748 765
f 765 747 766
f 766 747 719
f 763 719 720
f 766 719 763
f 763 720 764
f 764 720 715
f 649 764 715
f 764 649 774
f 774 649 700
f 700 704 713
f 700 653 704
f 713 704 691
f 699 695 692
f 699 692 690
f 690 692 687
f 690 324 327
f 690 687 324
f 320 318 322
f 322 310 307
f 307 310 309
f 349 310 346
f 309 349 304
f 347 353 355
f 287 355 265
f 287 265 293
f 293 265 264
f 284 264 254
f 264 284 293
f 285 254 267
f 284 254 285
f 273 267 276
f 267 273 285
f 271 276 392
f 273 276 271
f 461 392 401
f 392 461 271
f 461 401 457
f 450 455 457
f 450 402 447
f 447 451 450
f 474 475 448
f 470 476 397
f 466 473 474
f 466 474 470
f 472 473 471
f 464 465 468
f 1850 1858 1861
f 1850 775 792
f 800 794 793
f 792 1862 1850
f 793 799 800
f 793 794 797
f 752 804 746
f 804 793 797
f 752 746 749
f 748 749 751
f 753 749 748
f 747 751 754
f 751 747 748
f 719 754 722
f 747 754 719
f 720 722 721
f 722 720 719
f 715 721 728
f 720 721 715
f 715 651 649
f 651 715 728
f 649 651 653
f 649 653 700
f 704 653 643
f 704 688 691
f 704 643 688
f 691 688 695
f 695 696 694
f 695 694 692
f 692 693 687
f 324 318 320
f 318 317 322
f 322 317 310
f 310 317 346
f 346 317 351
f 310 349 309
f 349 347 304
f 304 312 306
f 265 263 264
f 255 256 266
f 264 258 254
f 264 263 258
f 254 259 267
f 259 254 258
f 267 260 276
f 267 259 260
f 276 394 392
f 394 276 260
f 392 391 401
f 392 394 391
f 401 391 390
f 402 396 447
f 401 390 402
f 447 476 448
f 397 396 399
f 368 467 470
f 368 362 367
f 465 463 468
f 367 467 368
f 792 783 795
f 786 782 775
f 795 783 784
f 789 804 797
f 749 744 751
f 744 746 750
f 751 744 745
f 754 745 716
f 751 745 754
f 754 716 722
f 722 716 717
f 721 717 718
f 722 717 721
f 721 718 728
f 728 718 727
f 645 728 727
f 728 645 651
f 651 644 653
f 644 651 645
f 653 644 643
f 688 685 696
f 688 696 695
f 694 686 689
f 694 693 692
f 324 323 318
f 697 687 693
f 323 324 687
f 323 329 318
f 318 329 317
f 317 329 351
f 346 351 352
f 346 352 349
f 349 352 347
f 353 344 256
f 263 255 266
f 263 266 257
f 258 257 261
f 257 258 263
f 259 261 262
f 258 261 259
f 260 262 268
f 262 260 259
f 394 268 403
f 260 268 394
f 394 400 391
f 400 394 403
f 390 400 395
f 391 400 390
f 402 398 396
f 398 409 405
f 399 405 370
f 405 399 398
f 370 397 399
f 370 373 362
f 367 364 369
f 369 465 367
f 369 371 361
f 777 775 782
f 777 776 781
f 781 783 777
f 790 795 784
f 790 784 803
f 789 802 750
f 750 791 758
f 745 758 724
f 744 758 745
f 716 724 725
f 724 716 745
f 717 725 726
f 716 725 717
f 718 726 738
f 726 718 717
f 718 738 727
f 645 727 648
f 644 648 647
f 645 648 644
f 644 650 643
f 650 644 647
f 696 685 684
f 643 650 685
f 685 688 643
f 689 686 658
f 696 684 686
f 686 694 696
f 689 659 697
f 693 689 697
f 329 334 330
f 655 340 334
f 323 655 334
f 351 330 336
f 330 334 339
f 330 351 329
f 352 345 350
f 351 336 345
f 345 352 351
f 352 350 347
f 350 353 347
f 353 256 255
f 266 240 257
f 240 266 256
f 257 253 261
f 257 240 253
f 261 251 262
f 251 261 253
f 262 252 268
f 262 251 252
f 403 252 389
f 252 403 268
f 403 393 400
f 403 389 393
f 400 393 395
f 395 393 417
f 395 417 409
f 405 416 373
f 363 372 366
f 371 365 361
f 364 366 371
f 781 787 788
f 779 785 776
f 788 787 805
f 803 808 798
f 808 788 805
f 798 832 829
f 758 823 724
f 791 798 829
f 823 758 791
f 724 823 723
f 725 723 736
f 724 723 725
f 725 736 726
f 726 736 737
f 726 737 738
f 727 738 739
f 648 739 640
f 727 739 648
f 648 640 647
f 647 640 641
f 642 647 641
f 647 642 650
f 650 646 685
f 646 650 642
f 684 685 646
f 686 665 658
f 658 659 689
f 660 655 659
f 660 340 655
f 339 334 340
f 339 337 330
f 336 330 337
f 336 357 345
f 358 345 357
f 345 358 350
f 344 350 358
f 256 344 249
f 350 344 353
f 249 344 348
f 240 249 246
f 256 249 240
f 253 246 250
f 246 253 240
f 251 250 247
f 253 250 251
f 252 247 248
f 247 252 251
f 389 248 411
f 252 248 389
f 389 412 393
f 412 389 411
f 417 412 404
f 393 412 417
f 414 409 417
f 415 414 404
f 406 416 414
f 359 373 416
f 366 388 360
f 363 359 372
f 360 371 366
f 360 374 387
f 778 776 785
f 778 819 809
f 805 811 808
f 809 787 778
f 808 811 832
f 829 833 822
f 832 811 830
f 829 823 791
f 723 822 733
f 823 822 723
f 736 733 734
f 733 736 723
f 737 734 732
f 736 734 737
f 738 732 731
f 732 738 737
f 739 731 730
f 738 731 739
f 640 730 625
f 730 640 739
f 641 625 627
f 640 625 641
f 641 654 642
f 654 641 627
f 642 652 646
f 642 654 652
f 646 616 684
f 616 646 652
f 684 665 686
f 684 616 665
f 664 658 665
f 658 663 659
f 658 664 663
f 659 662 660
f 662 659 663
f 660 661 340
f 660 662 661
f 340 338 339
f 338 340 661
f 339 341 337
f 339 338 341
f 337 342 336
f 342 337 341
f 336 343 357
f 336 342 343
f 357 356 358
f 356 357 343
f 358 348 344
f 358 356 348
f 348 241 249
f 348 354 241
f 249 242 246
f 242 249 241
f 246 243 250
f 246 242 243
f 250 244 247
f 244 250 243
f 247 245 248
f 247 244 245
f 411 245 13
f 245 411 248
f 411 408 412
f 411 13 408
f 412 408 404
f 404 408 407
f 404 407 415
f 375 359 406
f 375 410 382
f 375 380 359
f 380 372 359
f 381 383 378
f 374 379 387
f 388 381 374
f 809 816 806
f 780 817 819
f 806 816 815
f 830 828 833
f 812 806 815
f 833 832 830
f 828 812 820
f 822 826 733
f 826 822 831
f 733 826 741
f 734 741 742
f 733 741 734
f 734 742 732
f 732 742 743
f 731 743 729
f 732 743 731
f 731 729 730
f 730 729 626
f 625 626 637
f 730 626 625
f 625 637 627
f 627 637 636
f 634 627 636
f 627 634 654
f 654 620 652
f 620 654 634
f 612 652 620
f 652 612 616
f 616 610 665
f 610 616 612
f 666 665 610
f 665 666 664
f 664 667 663
f 667 664 666
f 668 663 667
f 663 668 662
f 662 656 661
f 656 662 668
f 657 661 656
f 661 657 338
f 338 331 341
f 331 338 657
f 332 341 331
f 341 332 342
f 342 333 343
f 333 342 332
f 335 343 333
f 343 335 356
f 356 354 348
f 354 356 335
f 241 148 141
f 148 241 354
f 242 141 158
f 241 141 242
f 243 158 157
f 158 243 242
f 244 157 150
f 243 157 244
f 245 150 1
f 150 245 244
f 13 1 10
f 245 1 13
f 13 9 408
f 9 13 10
f 407 9 7
f 408 9 407
f 413 415 407
f 413 14 32
f 410 413 32
f 382 45 386
f 378 384 381
f 386 383 382
f 384 374 381
f 384 376 385
f 810 819 817
f 810 807 814
f 815 818 820
f 814 816 810
f 820 812 815
f 820 818 824
f 828 827 831
f 831 827 825
f 741 825 740
f 826 825 741
f 735 742 740
f 743 735 907
f 742 735 743
f 729 907 895
f 907 729 743
f 626 895 632
f 729 895 626
f 637 632 629
f 632 637 626
f 636 629 630
f 637 629 636
f 636 604 634
f 604 636 630
f 634 607 620
f 634 604 607
f 620 623 612
f 623 620 607
f 612 613 610
f 612 623 613
f 610 617 666
f 617 610 613
f 666 682 667
f 666 617 682
f 667 674 668
f 674 667 682
f 668 676 656
f 668 674 676
f 656 673 657
f 673 656 676
f 657 127 331
f 657 673 127
f 331 123 332
f 123 331 127
f 332 124 333
f 332 123 124
f 333 125 335
f 125 333 124
f 335 146 354
f 335 125 146
f 148 146 142
f 146 148 354
f 148 137 141
f 148 142 137
f 141 139 158
f 139 141 137
f 158 152 157
f 158 139 152
f 157 160 150
f 160 157 152
f 150 12 1
f 150 160 12
f 10 12 11
f 12 10 1
f 10 5 9
f 10 11 5
f 9 5 7
f 7 5 15
f 7 15 14
f 31 45 32
f 41 45 31
f 34 378 386
f 376 377 385
f 814 873 869
f 813 872 807
f 869 873 875
f 824 874 821
f 876 869 875
f 821 820 824
f 821 874 914
f 740 834 912
f 834 821 914
f 834 740 825
f 740 912 896
f 735 896 897
f 740 896 735
f 735 897 907
f 907 897 898
f 895 898 906
f 907 898 895
f 895 906 632
f 632 906 635
f 629 635 639
f 632 635 629
f 629 639 630
f 630 639 638
f 600 630 638
f 630 600 604
f 604 602 607
f 602 604 600
f 605 607 602
f 607 605 623
f 623 622 613
f 622 623 605
f 618 613 622
f 613 618 617
f 617 609 682
f 609 617 618
f 680 682 609
f 682 680 674
f 674 679 676
f 679 674 680
f 678 676 679
f 676 678 673
f 673 677 127
f 677 673 678
f 122 127 677
f 127 122 123
f 123 129 124
f 129 123 122
f 128 124 129
f 124 128 125
f 125 136 146
f 136 125 128
f 142 136 144
f 146 136 142
f 137 144 145
f 144 137 142
f 139 145 154
f 137 145 139
f 152 154 153
f 154 152 139
f 160 153 155
f 152 153 160
f 12 155 4
f 155 12 160
f 11 4 3
f 12 4 11
f 11 2 5
f 2 11 3
f 15 2 6
f 5 2 15
f 8 14 15
f 8 18 44
f 41 44 43
f 44 31 8
f 33 43 42
f 37 40 36
f 35 43 33
f 36 376 37
f 36 52 55
f 879 807 872
f 879 866 871
f 875 867 868
f 871 873 879
f 868 876 875
f 868 867 865
f 914 922 912
f 878 868 865
f 914 912 834
f 896 921 900
f 912 921 896
f 897 900 901
f 900 897 896
f 898 901 902
f 897 901 898
f 898 903 906
f 903 898 902
f 635 903 633
f 906 903 635
f 639 633 631
f 633 639 635
f 638 631 514
f 639 631 638
f 638 599 600
f 599 638 514
f 600 599 602
f 602 595 605
f 605 597 622
f 605 595 597
f 622 624 618
f 624 622 597
f 618 614 609
f 618 624 614
f 609 615 680
f 615 609 614
f 680 675 679
f 680 615 675
f 679 672 678
f 672 679 675
f 678 671 677
f 678 672 671
f 677 670 122
f 670 677 671
f 122 130 129
f 122 670 130
f 129 131 128
f 131 129 130
f 128 132 136
f 128 131 132
f 136 147 144
f 147 136 132
f 144 149 145
f 144 147 149
f 145 143 154
f 143 145 149
f 154 156 153
f 154 143 156
f 153 163 155
f 163 153 156
f 155 159 4
f 155 163 159
f 4 28 3
f 28 4 159
f 3 30 2
f 3 28 30
f 2 30 6
f 6 30 20
f 18 38 44
f 6 20 18
f 44 41 31
f 42 38 39
f 33 53 40
f 57 56 53
f 52 60 55
f 53 33 57
f 871 890 881
f 870 877 866
f 881 890 891
f 865 892 917
f 880 881 891
f 917 878 865
f 917 892 916
f 921 919 900
f 915 917 916
f 919 921 915
f 900 919 904
f 905 904 908
f 900 904 901
f 901 905 902
f 902 905 966
f 902 959 903
f 959 966 955
f 903 959 633
f 628 959 960
f 631 628 518
f 633 628 631
f 631 518 514
f 515 599 514
f 599 603 602
f 601 603 598
f 602 603 595
f 595 601 597
f 597 601 606
f 611 606 596
f 597 606 624
f 624 611 614
f 614 611 619
f 621 619 537
f 614 619 615
f 615 621 675
f 675 621 669
f 683 669 535
f 675 669 672
f 672 683 671
f 671 683 681
f 121 681 563
f 671 681 670
f 670 121 130
f 130 121 135
f 134 135 206
f 130 135 131
f 131 134 132
f 132 134 133
f 138 133 194
f 132 133 147
f 147 138 149
f 149 138 140
f 151 140 182
f 149 140 143
f 143 151 156
f 156 151 161
f 162 161 178
f 156 161 163
f 163 162 159
f 159 162 19
f 25 19 29
f 159 19 28
f 28 25 30
f 30 25 17
f 24 17 22
f 30 17 20
f 27 18 20
f 27 21 39
f 39 49 46
f 49 39 21
f 46 42 39
f 46 54 58
f 53 56 59
f 57 58 56
f 59 52 53
f 59 50 47
f 893 866 877
f 893 882 886
f 891 889 884
f 886 890 893
f 884 880 891
f 884 889 888
f 916 918 920
f 894 884 888
f 920 915 916
f 920 918 913
f 923 908 904
f 923 920 913
f 904 905 901
f 908 911 899
f 966 961 955
f 966 959 902
f 517 518 628
f 516 515 514
f 518 517 513
f 599 515 603
f 510 598 515
f 603 601 595
f 598 510 527
f 608 596 606
f 608 598 527
f 606 611 624
f 596 534 526
f 543 537 619
f 543 596 526
f 619 621 615
f 537 542 539
f 540 535 669
f 540 537 539
f 669 683 672
f 535 544 564
f 562 563 681
f 562 535 564
f 681 121 670
f 563 550 552
f 204 206 135
f 204 563 552
f 135 134 131
f 206 198 201
f 126 194 133
f 126 206 201
f 133 138 147
f 194 181 179
f 193 182 140
f 193 194 179
f 140 151 143
f 182 192 174
f 173 178 161
f 173 182 174
f 161 162 163
f 178 167 170
f 172 29 19
f 172 178 170
f 19 25 28
f 29 164 105
f 16 22 17
f 16 29 105
f 17 24 20
f 22 106 26
f 24 26 21
f 49 48 54
f 58 75 78
f 50 51 47
f 56 78 50
f 885 887 882
f 883 854 839
f 888 843 847
f 839 854 836
f 847 894 888
f 847 843 844
f 909 910 913
f 909 847 844
f 913 911 923
f 910 926 925
f 899 968 957
f 938 910 925
f 957 968 967
f 955 956 969
f 961 957 967
f 969 960 955
f 516 513 507
f 511 510 515
f 520 519 521
f 532 530 527
f 532 520 521
f 527 534 608
f 530 522 523
f 533 528 526
f 533 530 523
f 526 542 543
f 528 529 536
f 546 549 539
f 546 528 536
f 539 544 540
f 549 547 541
f 545 554 564
f 545 549 541
f 564 550 562
f 554 551 553
f 559 209 552
f 559 554 553
f 552 198 204
f 209 199 200
f 195 196 201
f 195 209 200
f 201 181 126
f 196 202 180
f 188 183 179
f 188 196 180
f 179 192 193
f 183 191 185
f 189 169 174
f 189 183 185
f 174 167 173
f 169 190 177
f 166 176 170
f 166 169 177
f 170 164 172
f 176 168 165
f 105 165 93
f 164 176 165
f 105 97 16
f 93 100 99
f 26 117 23
f 97 99 106
f 23 21 26
f 23 118 83
f 48 83 89
f 89 54 48
f 89 82 81
f 78 80 84
f 84 50 78
f 84 88 79
f 855 882 857
f 855 850 854
f 854 883 855
f 841 839 836
f 842 849 844
f 842 841 845
f 844 926 909
f 849 837 838
f 925 929 936
f 939 849 838
f 936 938 925
f 936 929 928
f 967 964 958
f 962 936 928
f 958 961 967
f 958 951 965
f 963 512 969
f 956 965 963
f 512 963 488
f 509 506 507
f 509 512 488
f 507 508 511
f 506 479 489
f 519 490 521
f 519 506 489
f 521 522 532
f 531 499 494
f 524 525 523
f 524 531 494
f 523 529 533
f 525 504 573
f 566 548 536
f 566 525 573
f 536 547 546
f 548 575 576
f 538 560 541
f 538 548 576
f 541 551 545
f 560 557 556
f 561 558 553
f 561 560 556
f 553 199 559
f 558 555 197
f 205 207 200
f 205 558 197
f 200 202 195
f 207 208 214
f 203 187 180
f 203 207 214
f 180 191 188
f 187 213 212
f 184 186 185
f 184 187 212
f 185 190 189
f 186 230 235
f 227 171 177
f 227 186 235
f 177 168 166
f 175 103 165
f 165 105 164
f 99 107 106
f 117 106 107
f 117 107 116
f 117 116 118
f 83 87 76
f 89 76 82
f 81 86 85
f 88 63 79
f 80 85 88
f 864 836 854
f 845 840 846
f 836 864 840
f 845 837 842
f 846 853 835
f 848 846 835
f 932 939 838
f 928 930 941
f 941 962 928
f 941 944 949
f 951 943 965
f 964 949 951
f 943 946 940
f 481 483 488
f 481 943 940
f 488 479 509
f 483 480 478
f 484 491 489
f 484 483 478
f 489 490 519
f 491 482 501
f 499 492 494
f 499 491 501
f 494 504 524
f 496 493 500
f 569 572 573
f 496 569 504
f 573 575 566
f 572 577 579
f 568 565 576
f 568 572 579
f 576 557 538
f 565 578 581
f 580 584 556
f 580 565 581
f 556 555 561
f 584 582 591
f 593 217 197
f 593 584 591
f 197 208 205
f 217 585 222
f 216 218 214
f 216 217 222
f 214 213 203
f 218 221 211
f 215 238 212
f 215 218 211
f 212 230 184
f 238 224 233
f 237 232 235
f 237 238 233
f 232 225 229
f 226 239 229
f 239 232 229
f 231 92 104
f 100 101 99
f 175 104 103
f 107 101 108
f 116 119 109
f 109 118 116
f 76 77 90
f 90 82 76
f 66 90 77
f 85 64 65
f 65 88 85
f 851 864 850
f 859 856 852
f 858 853 840
f 858 859 861
f 840 845 836
f 853 862 863
f 835 853 863
f 933 848 835
f 933 927 935
f 937 924 931
f 937 933 935
f 924 934 947
f 944 942 949
f 944 924 947
f 949 946 951
f 942 948 952
f 950 945 940
f 950 942 952
f 940 480 481
f 945 953 954
f 486 485 478
f 486 945 954
f 478 482 484
f 485 487 502
f 498 505 501
f 498 485 502
f 501 492 499
f 505 503 495
f 493 505 495
f 500 577 569
f 500 497 574
f 577 500 574
f 579 578 568
f 579 571 570
f 578 587 581
f 578 579 570
f 581 582 580
f 587 567 586
f 588 589 591
f 588 587 586
f 591 585 593
f 589 583 592
f 590 210 222
f 590 589 592
f 222 221 216
f 210 594 219
f 211 224 215
f 224 211 220
f 233 225 237
f 225 233 236
f 239 226 231
f 226 234 96
f 92 98 104
f 92 226 96
f 104 91 103
f 98 92 95
f 102 91 98
f 108 116 107
f 114 119 108
f 120 119 113
f 109 77 87
f 120 66 77
f 115 110 62
f 61 64 86
f 71 70 69
f 71 72 67
f 119 116 108
f 21 27 24
f 21 23 49
f 178 173 167
f 178 172 162
f 182 193 192
f 182 173 151
f 133 134 126
f 181 201 196
f 957 905 899
f 955 960 959
f 429 427 418
f 135 121 204
f 198 552 209
f 535 540 544
f 535 562 683
f 17 25 16
f 97 105 93
f 91 100 103
f 171 227 239
f 235 230 237
f 556 557 580
f 582 581 587
f 951 958 964
f 946 949 942
f 1359 1358 1367
f 1367 1279 1365
f 75 58 54
f 78 56 58
f 218 216 221
f 218 215 213
f 217 593 585
f 217 216 208
f 57 33 42
f 40 53 52
f 368 470 397
f 467 367 465
f 455 452 460
f 455 450 451
f 438 443 436
f 1340 1310 1339
f 1341 1333 1330
f 402 450 401
f 398 402 390
f 475 472 456
f 18 8 6
f 18 27 38
f 417 404 414
f 383 381 380
f 378 37 376
f 372 380 388
f 407 7 413
f 413 410 415
f 669 621 540
f 544 539 549
f 515 516 511
f 515 598 603
f 1014 985 1016
f 984 986 991
f 1430 1427 1425
f 1417 1401 1393
f 513 516 518
f 1274 1281 1271
f 1273 1278 1272
f 1426 1421 1429
f 1426 1424 1420
f 1231 1227 1258
f 1262 1264 1253
f 619 611 543
f 542 526 528
f 598 608 601
f 596 608 534
f 596 543 611
f 606 601 608
f 534 527 530
f 1043 1055 1044
f 1048 1099 1043
f 1312 1303 1299
f 1313 1301 1305
f 1269 1272 1278
f 1429 1428 1426
f 1435 1444 1436
f 1009 1027 1015
f 1425 1424 1430
f 1425 1392 1423
f 1306 1311 1301
f 1305 1308 1270
f 1080 1076 1079
f 1084 1085 1074
f 1060 1070 1064
f 1000 1003 981
f 1579 1570 1576
f 1416 1408 1403
f 572 569 577
f 572 568 575
f 1284 1294 1256
f 1037 1032 1087
f 1236 1238 1237
f 1236 1258 1262
f 1593 1585 1588
f 992 1057 1028
f 1280 1272 1274
f 1280 1283 1293
f 1054 1044 1055
f 1061 1071 1060
f 573 504 569
f 932 838 848
f 932 931 929
f 864 854 850
f 1040 1042 1035
f 850 855 857
f 1288 1286 1283
f 1296 1284 1285
f 838 837 848
f 848 933 932
f 846 840 853
f 846 848 837
f 494 492 496
f 569 496 500
f 488 963 481
f 480 940 945
f 1213 1237 1238
f 1238 1261 1300
f 928 929 931
f 930 931 924
f 499 531 490
f 492 501 505
f 483 481 480
f 483 484 479
f 489 479 484
f 482 478 485
f 565 568 578
f 565 580 557
f 422 1265 1233
f 430 418 428
f 1050 1045 997
f 1240 1244 1255
f 1241 1252 1247
f 1257 1258 1227
f 1244 1241 1243
f 1857 1844 1856
f 1856 1863 1857
f 1813 1814 1831
f 1818 1807 1808
f 1846 1829 1839
f 982 988 970
f 1839 1838 1848
f 1839 1837 1846
f 439 1246 426
f 432 1245 439
f 1843 1853 1840
f 1391 1442 1351
f 1812 1808 1819
f 974 981 1003
f 977 983 974
f 1404 1375 1383
f 1578 1576 1570
f 1515 1614 1578
f 757 1860 1854
f 1854 796 757
f 1431 1065 1334
f 1440 1434 1431
f 1498 1581 1583
f 1356 1353 1377
f 1381 1385 1382
f 1077 1078 1081
f 1023 1007 1017
f 804 752 801
f 749 753 752
f 1072 1064 1070
f 1069 1068 1070
f 801 793 804
f 804 789 746
f 1861 786 1850
f 800 1862 792
f 792 795 794
f 1350 1351 1345
f 1344 1350 1347
f 791 750 802
f 823 829 822
f 776 777 779
f 776 778 787
f 1373 1377 1381
f 1351 1432 1345
f 1391 1352 1390
f 798 791 802
f 787 781 776
f 788 803 784
f 822 833 831
f 819 778 780
f 819 810 816
f 1529 1533 1528
f 1526 1540 1552
f 812 828 830
f 833 828 831
f 816 809 819
f 806 812 811
f 1539 1541 1547
f 1545 1552 1540
f 1347 1338 1344
f 1348 1349 1346
f 1413 1410 1402
f 1416 1398 1409
f 1547 1548 1542
f 1547 1931 1539
f 1387 1377 1353
f 1363 1372 1371
f 914 874 878
f 878 917 922
f 1016 1013 1014
f 1016 1041 1018
f 875 873 871
f 871 881 867
f 1035 1041 1040
f 1035 1039 1030
f 872 870 879
f 922 914 878
f 877 885 893
f 960 517 628
f 918 916 894
f 920 923 919
f 916 892 894
f 894 847 918
f 891 890 886
f 886 883 889
f 908 923 911
f 908 899 905
f 904 919 923
f 911 913 910
f 510 511 520
f 537 543 542
f 537 540 621
f 1928 1925 1939
f 1939 1912 1919
f 1573 1577 1571
f 563 562 550
f 563 204 121
f 681 683 562
f 550 564 554
f 206 204 198
f 206 126 134
f 1924 1936 1935
f 194 126 181
f 194 193 138
f 1881 1893 1884
f 1918 1913 1915
f 1922 1916 1913
f 1631 1640 1628
f 161 151 173
f 167 174 169
f 140 138 193
f 192 179 183
f 19 162 172
f 164 170 176
f 1648 1650 1649
f 1915 1914 1918
f 1918 1909 1921
f 22 16 97
f 26 24 22
f 29 172 164
f 29 16 25
f 48 49 23
f 1568 1572 1607
f 54 46 49
f 54 89 75
f 50 59 56
f 50 84 51
f 1929 1935 1936
f 1929 1875 1926
f 961 966 957
f 961 958 956
f 1631 1628 1652
f 1909 1920 1911
f 1909 1897 1921
f 1926 1939 1929
f 1590 1594 1591
f 1671 1676 1683
f 1494 1448 1459
f 1494 1495 1493
f 1922 1921 1894
f 91 104 98
f 564 544 545
f 551 541 560
f 196 195 202
f 196 188 181
f 1008 1000 999
f 209 559 199
f 209 195 198
f 99 97 93
f 174 192 189
f 190 185 186
f 1301 1300 1308
f 1300 1261 1302
f 170 167 166
f 168 177 171
f 238 215 224
f 238 237 230
f 75 81 80
f 117 26 106
f 83 48 23
f 959 628 633
f 960 969 517
f 1449 1456 1462
f 1925 1927 1930
f 1934 1932 1938
f 1870 1875 1877
f 1870 1868 1866
f 1283 1297 1288
f 1286 1293 1283
f 1866 1876 1870
f 964 967 962
f 965 956 958
f 1901 1902 1896
f 20 24 27
f 1499 1493 1495
f 1880 1903 1885
f 1653 1655 1646
f 1653 1649 1650
f 1654 1649 1644
f 1654 1002 1647
f 560 538 557
f 560 561 551
f 1864 1872 1868
f 180 202 203
f 213 214 218
f 1883 1866 1887
f 1874 1889 1887
f 200 199 205
f 208 197 217
f 171 175 168
f 1899 1880 1892
f 186 184 230
f 186 227 190
f 99 101 107
f 1908 1899 1892
f 1907 1896 1908
f 118 23 117
f 118 109 87
f 86 81 82
f 85 80 81
f 1869 1868 1872
f 1869 1873 1871
f 845 841 836
f 943 951 946
f 943 481 963
f 491 484 482
f 491 499 490
f 576 575 568
f 930 928 931
f 949 964 941
f 1888 1884 1893
f 1364 1367 1358
f 1879 1886 1889
f 1871 1874 1869
f 197 555 593
f 585 591 589
f 1480 1481 1483
f 1481 1512 1521
f 584 580 582
f 584 593 555
f 1884 1879 1881
f 1881 1825 1830
f 214 208 216
f 221 222 210
f 1460 1467 1461
f 212 213 215
f 1510 1509 1518
f 1517 1519 1510
f 1828 1871 1823
f 1823 1832 1828
f 1664 1640 1639
f 1660 1663 1664
f 232 237 225
f 232 239 227
f 239 231 171
f 104 175 231
f 1878 1867 1873
f 77 76 87
f 61 86 90
f 1476 1472 1561
f 1476 1481 1480
f 1579 1576 1574
f 32 382 410
f 1629 1587 1627
f 77 109 120
f 64 85 86
f 942 944 948
f 942 950 946
f 1473 1560 1562
f 1473 1472 1474
f 1560 1466 1471
f 1560 1565 1562
f 219 220 210
f 1610 1607 1604
f 1609 1611 1604
f 1502 1500 1501
f 1517 1518 1521
f 222 585 590
f 592 594 590
f 1246 439 1245
f 1005 1002 1001
f 1005 1017 1007
f 587 578 567
f 587 588 582
f 1834 1848 1838
f 101 100 91
f 94 112 102
f 1582 1604 1572
f 1820 1822 1816
f 1816 1818 1808
f 229 228 234
f 1821 1827 1829
f 1829 1831 1833
f 74 72 61
f 64 73 65
f 1582 1571 1577
f 1618 1619 1582
f 119 120 109
f 1816 1815 1820
f 1812 1806 1815
f 1658 1664 1663
f 1658 1661 1628
f 1543 1565 1555
f 1543 1548 1551
f 1503 1496 1497
f 1478 1487 1490
f 1814 1833 1831
f 975 1675 1684
f 975 974 1003
f 423 431 428
f 1496 1490 1506
f 431 423 425
f 431 438 439
f 418 421 423
f 421 419 423
f 1672 1681 1665
f 1661 1679 1628
f 1656 1665 1661
f 1447 1460 1461
f 1456 1448 1454
f 436 432 438
f 440 442 445
f 443 424 433
f 434 436 443
f 1504 1477 1503
f 433 434 443
f 1459 1504 1494
f 1459 1492 1477
f 453 460 452
f 452 419 421
f 1859 1857 1863
f 1859 1854 1849
f 1591 1592 1586
f 1589 1636 1627
f 451 459 455
f 458 448 475
f 456 458 475
f 473 466 464
f 457 401 450
f 451 447 448
f 470 467 466
f 1584 1595 1586
f 794 800 792
f 1559 1555 1565
f 1562 1557 1564
f 1027 1021 1015
f 1000 981 1026
f 396 398 399
f 396 397 476
f 465 464 467
f 465 369 463
f 1516 1512 1567
f 1514 1521 1512
f 1554 1562 1564
f 1564 1557 1558
f 476 470 474
f 397 370 368
f 1512 1561 1567
f 1567 1563 1516
f 390 395 398
f 1522 1529 1534
f 1591 1569 1636
f 1569 1575 1568
f 1076 1082 1079
f 1066 1064 1059
f 1497 1495 1503
f 1497 1501 1500
f 996 994 993
f 993 986 984
f 363 362 373
f 366 364 363
f 1563 1566 1553
f 1651 1642 1655
f 1634 1630 1646
f 409 398 395
f 409 414 416
f 1551 1557 1543
f 1558 1566 1564
f 362 363 364
f 803 788 808
f 1636 1638 1633
f 406 359 416
f 1032 1063 1087
f 1047 1055 1061
f 414 415 406
f 415 410 406
f 991 992 1028
f 1034 1057 1046
f 388 366 372
f 387 365 360
f 1371 1370 1358
f 1371 1361 1363
f 1644 1010 1654
f 1677 1683 1012
f 380 375 383
f 381 388 380
f 830 811 812
f 1329 1344 1338
f 1339 1329 1340
f 1646 1645 1653
f 1641 1652 1643
f 382 32 45
f 383 386 378
f 384 378 376
f 385 379 384
f 1405 1354 1404
f 14 413 7
f 14 8 31
f 1443 1401 1417
f 1645 1643 1644
f 37 378 34
f 1552 1549 1526
f 1364 1333 1307
f 1438 1439 1444
f 15 6 8
f 35 37 34
f 33 40 35
f 1463 1471 1466
f 1464 1474 1469
f 867 875 871
f 868 878 874
f 1365 1359 1367
f 1366 1368 1360
f 38 27 39
f 38 42 43
f 52 36 40
f 52 59 60
f 1304 1339 1310
f 1001 1009 1005
f 43 35 41
f 42 46 57
f 1469 1465 1464
f 1527 1917 1916
f 1468 1480 1492
f 1480 1475 1476
f 1268 1365 1279
f 889 891 886
f 884 894 892
f 1485 1518 1509
f 1486 1509 1570
f 1932 1915 1937
f 1917 1915 1913
f 1484 1485 1487
f 1482 1521 1518
f 966 905 957
f 1483 1482 1484
f 1930 1931 1933
f 1930 1935 1925
f 1042 1034 1038
f 508 507 506
f 945 950 953
f 945 486 480
f 1254 1244 1263
f 1240 1267 1246
f 931 932 937
f 935 934 937
f 1505 1501 1506
f 1505 1588 1585
f 840 864 858
f 1309 1307 1303
f 1486 1579 1507
f 1841 1873 1867
f 1841 1838 1827
f 1826 1820 1825
f 1830 1820 1815
f 933 835 927
f 933 937 932
f 541 547 538
f 557 576 565
f 1247 1250 1241
f 1247 1242 1248
f 1419 1418 1421
f 1278 1268 1269
f 1277 1369 1275
f 1886 1887 1889
f 1889 1891 1879
f 1253 1254 1263
f 1263 1243 1256
f 1397 1398 1388
f 1400 1395 1409
f 530 532 522
f 530 533 534
f 1676 1675 1004
f 1008 1004 1003
f 1491 1484 1487
f 1487 1489 1490
f 1083 1074 1079
f 1083 1421 1418
f 426 1267 420
f 426 431 439
f 1465 1469 1468
f 1468 1469 1475
f 1383 1406 1404
f 1383 1378 1374
f 1250 1243 1241
f 1239 1251 1250
f 517 512 513
f 512 517 969
f 1038 1037 1036
f 1032 1033 1054
f 1059 1437 1082
f 910 909 926
f 910 938 911
f 843 888 839
f 847 909 918
f 1271 1281 1309
f 1274 1271 1270
f 882 893 885
f 882 855 883
f 1295 1296 1285
f 1290 1291 1295
f 1464 1467 1470
f 536 529 566
f 575 573 572
f 1044 1052 1056
f 1282 1275 1278
f 1282 1287 1276
f 1632 1637 1635
f 883 886 882
f 883 839 889
f 929 925 939
f 936 962 968
f 913 918 909
f 926 844 849
f 899 911 938
f 938 936 968
f 1920 1919 1912
f 1912 1911 1920
f 1901 1894 1897
f 1026 995 1021
f 1305 1309 1313
f 527 510 532
f 522 521 531
f 526 534 533
f 529 523 525
f 528 533 529
f 528 546 542
f 1266 1257 1265
f 1266 1255 1254
f 549 546 547
f 549 545 544
f 1293 1273 1280
f 1292 1276 1287
f 1919 1928 1939
f 1906 1899 1902
f 1475 1474 1472
f 1561 1554 1566
f 1827 1823 1841
f 1832 1826 1824
f 985 991 1040
f 1824 1828 1832
f 1891 1881 1879
f 1444 1434 1445
f 1443 1442 1394
f 430 428 420
f 887 857 882
f 849 842 837
f 849 939 926
f 1075 1446 1429
f 1910 1926 1876
f 1876 1885 1910
f 1451 1459 1447
f 506 509 479
f 506 519 508
f 521 490 531
f 531 524 522
f 525 524 504
f 525 566 529
f 1015 1022 1020
f 1403 1406 1407
f 1087 1080 1073
f 1086 1062 1076
f 1285 1250 1251
f 1006 1647 1002
f 1596 1588 1583
f 1596 1592 1594
f 892 865 880
f 917 915 922
f 1535 1527 1533
f 1527 1528 1533
f 1470 1458 1450
f 1470 1466 1464
f 866 879 870
f 866 893 890
f 1073 1081 1087
f 1073 1074 1085
f 1865 1877 1875
f 1533 1526 1535
f 1535 1937 1917
f 1389 1395 1396
f 1389 1343 1354
f 1546 1539 1927
f 1927 1934 1938
f 1396 1390 1389
f 1254 1264 1266
f 1388 1392 1397
f 1388 1411 1410
f 1348 1355 1352
f 1520 1510 1519
f 1520 1578 1570
f 825 827 834
f 912 922 921
f 1595 1580 1586
f 1580 1571 1575
f 1614 1577 1578
f 874 824 876
f 821 834 827
f 873 814 807
f 869 876 818
f 1294 1260 1256
f 807 810 813
f 807 879 873
f 820 821 827
f 1833 1821 1829
f 815 816 814
f 814 869 818
f 1036 1039 1038
f 1036 1081 1078
f 1851 1855 1849
f 924 937 934
f 924 944 930
f 863 927 835
f 1529 1537 1525
f 817 813 810
f 1031 1030 1039
f 833 829 832
f 1393 1400 1397
f 805 787 809
f 809 806 805
f 485 486 487
f 485 498 482
f 505 498 503
f 505 493 492
f 500 493 497
f 1477 1491 1503
f 1479 1483 1484
f 1626 1627 1633
f 1626 1655 1642
f 1065 1441 1058
f 1067 1334 1065
f 925 926 939
f 939 932 929
f 1385 1363 1384
f 1376 1386 1384
f 1550 1545 1540
f 1490 1488 1506
f 1489 1509 1486
f 1353 1346 1357
f 1538 1542 1548
f 1551 1541 1550
f 1660 1610 1611
f 749 746 744
f 783 792 775
f 789 797 790
f 789 750 746
f 1382 1378 1381
f 1382 1384 1386
f 1566 1567 1561
f 1011 1008 999
f 999 1000 1027
f 1057 1045 1053
f 1046 1052 1054
f 1437 1058 1441
f 1439 1431 1434
f 1390 1352 1343
f 1354 1356 1373
f 1262 1259 1236
f 1260 1253 1256
f 799 801 796
f 757 801 752
f 1390 1394 1391
f 512 509 513
f 1432 1445 1434
f 1440 1345 1432
f 1020 1017 1015
f 1020 1013 1024
f 1675 1676 1681
f 1672 1684 1675
f 1887 1866 1874
f 1886 1892 1880
f 802 790 803
f 758 744 750
f 1847 1835 1837
f 1566 1558 1553
f 1553 1556 1563
f 1809 1860 756
f 1844 1842 1836
f 1852 1849 1855
f 1836 1837 1835
f 1836 1840 1844
f 803 798 802
f 1817 1851 1810
f 1811 1819 1807
f 1355 1343 1352
f 997 990 988
f 982 1139 997
f 1019 1024 1013
f 1061 1060 1062
f 1070 1071 1069
f 1056 1051 1049
f 1048 1044 1056
f 1630 1641 1646
f 1637 1640 1631
f 1583 1584 1596
f 1595 1574 1573
f 523 522 524
f 504 494 496
f 1455 1454 1448
f 1072 1065 1058
f 1428 1436 1430
f 1652 1682 1643
f 775 1850 786
f 775 777 783
f 756 757 753
f 1260 1261 1259
f 1288 1294 1296
f 570 567 578
f 1029 1018 1041
f 1399 1423 1392
f 1397 1427 1393
f 1261 1260 1289
f 507 513 509
f 479 488 483
f 1375 1381 1378
f 1380 1374 1378
f 1862 1856 1858
f 1863 799 1859
f 493 496 492
f 495 497 493
f 782 779 777
f 784 783 781
f 781 788 784
f 1506 1498 1505
f 1682 1671 1683
f 1683 998 1012
f 1858 1840 1853
f 1858 1850 1862
f 844 843 842
f 837 845 846
f 1903 1910 1885
f 1880 1883 1886
f 1357 1349 1336
f 1643 1677 1644
f 1682 1679 1671
f 1069 1071 1043
f 785 780 778
f 832 798 808
f 574 571 577
f 1079 1075 1083
f 1537 1563 1556
f 1556 1525 1537
f 993 988 990
f 1893 1830 1806
f 1568 1638 1569
f 1632 1568 1607
f 1051 1053 1045
f 1050 1049 1051
f 979 972 983
f 827 828 820
f 825 826 831
f 1845 1846 1842
f 1842 1852 1845
f 970 989 972
f 979 971 970
f 1010 1012 1001
f 1422 1420 1424
f 1544 1933 1931
f 1451 1468 1492
f 1492 1479 1477
f 995 972 989
f 890 871 866
f 881 880 867
f 921 922 915
f 915 920 919
f 1633 1634 1626
f 441 1242 1245
f 441 440 437
f 478 480 486
f 954 487 486
f 1022 1025 1014
f 1937 1938 1932
f 1367 1364 1279
f 1279 1281 1269
f 1488 1486 1507
f 1507 1579 1581
f 552 550 559
f 199 553 558
f 179 181 188
f 191 180 187
f 424 423 419
f 409 416 405
f 1408 1404 1406
f 1379 1407 1406
f 73 64 61
f 1573 1580 1595
f 1362 1360 1365
f 1362 1275 1369
f 818 815 814
f 375 406 410
f 1063 1061 1062
f 1062 1066 1076
f 967 968 962
f 962 941 964
f 1289 1288 1297
f 579 577 571
f 1267 1265 420
f 1245 1252 1246
f 1249 1248 1242
f 81 75 89
f 1298 1287 1293
f 1298 1295 1291
f 1638 1632 1635
f 1635 1637 1630
f 1025 996 1014
f 987 989 994
f 187 203 213
f 187 184 191
f 841 842 843
f 1021 987 1025
f 459 454 419
f 364 367 362
f 361 463 369
f 362 368 370
f 548 566 575
f 548 538 547
f 476 447 396
f 796 1859 799
f 986 990 992
f 185 191 184
f 230 212 238
f 442 440 436
f 444 471 446
f 1302 1308 1300
f 1302 1297 1308
f 1855 1845 1852
f 100 93 103
f 539 542 546
f 547 536 548
f 1446 1435 1429
f 1437 1441 1438
f 811 805 806
f 591 582 588
f 586 583 588
f 1336 1329 1341
f 1336 1370 1357
f 113 111 110
f 66 120 115
f 169 189 190
f 169 166 167
f 90 66 61
f 228 229 225
f 223 236 233
f 88 84 80
f 88 65 63
f 92 231 226
f 1825 1824 1826
f 47 60 59
f 183 188 191
f 183 189 192
f 43 44 38
f 1436 1433 1430
f 1444 1445 1433
f 374 360 388
f 374 384 379
f 797 794 795
f 795 790 797
f 106 22 97
f 176 166 168
f 853 858 862
f 944 941 930
f 947 948 944
f 968 899 938
f 31 32 14
f 45 41 34
f 382 383 375
f 1372 1357 1370
f 1358 1330 1364
f 80 78 75
f 79 51 84
f 454 433 424
f 1082 1437 1446
f 1267 1240 1255
f 790 802 789
f 501 482 498
f 502 503 498
f 91 102 101
f 464 466 467
f 468 462 464
f 940 946 950
f 952 953 950
f 477 435 472
f 210 590 594
f 211 210 220
f 371 369 364
f 371 360 365
f 1034 1033 1038
f 87 83 118
f 76 89 83
f 824 818 876
f 876 868 874
f 865 867 880
f 880 884 892
f 888 889 839
f 839 841 843
f 520 511 508
f 520 532 510
f 554 545 551
f 554 559 550
f 553 551 561
f 555 556 584
f 82 90 86
f 376 55 377
f 58 57 46
f 1461 1467 1465
f 1938 1546 1927
f 1549 1535 1526
f 1401 1394 1396
f 93 165 103
f 519 520 508
f 490 489 491
f 207 205 208
f 207 203 202
f 454 459 458
f 433 456 435
f 1849 1854 1851
f 177 190 227
f 227 235 232
f 386 45 34
f 34 41 35
f 956 955 961
f 201 198 195
f 202 200 207
f 1361 1384 1363
f 1361 1360 1368
f 1307 1304 1303
f 1307 1279 1364
f 589 588 583
f 589 590 585
f 1393 1396 1395
f 373 370 405
f 373 359 363
f 1012 1011 1001
f 998 1004 1008
f 1033 1046 1054
f 1054 1047 1032
f 1911 1906 1909
f 40 37 35
f 55 376 36
f 963 969 956
f 963 965 943
f 165 168 175
f 175 171 231
f 558 561 555
f 558 205 199
f 448 476 474
f 328 315 1207
f 1208 1793 1207
f 1790 1803 1796
f 1804 1793 1790
f 355 287 312
f 304 347 355
f 305 312 303
f 697 655 323
f 334 329 323
f 693 694 689
f 1207 1206 1208
f 1786 1793 1208
f 265 355 255
f 1797 1799 1800
f 1607 1572 1604
f 1611 1610 1604
f 323 687 697
f 697 659 655
f 741 740 742
f 1411 1416 1415
f 1403 1407 1402
f 858 864 851
f 72 73 61
f 857 851 850
f 65 71 69
f 1457 1450 1462
f 72 68 67
f 355 353 255
f 255 263 265
f 1194 1202 1200
f 1124 1127 1118
f 234 226 229
f 1200 1120 1194
f 1194 1201 1202
f 1124 1128 1127
f 1118 1120 1124
f 1158 1155 1149
f 857 856 859
f 860 861 859
f 1402 1407 1412
f 472 471 477
f 464 471 473
f 1770 1799 1797
f 1797 1795 1794
f 1411 1402 1410
f 1403 1402 1415
f 471 444 477
f 96 95 92
f 236 228 225
f 74 62 68
f 72 71 73
f 442 446 445
f 444 435 477
f 71 65 73
f 67 70 71
f 1462 1454 1453
f 98 94 102
f 102 108 101
f 114 102 112
f 68 72 74
f 74 115 62
f 1458 1462 1450
f 115 113 110
f 115 74 66
f 1456 1454 1462
f 69 63 65
f 74 61 66
f 95 94 98
f 233 224 223
f 852 860 859
f 859 858 851
f 446 471 469
f 462 469 471
f 473 472 475
f 108 102 114
f 114 113 119
f 514 518 516
f 507 511 516
f 114 112 111
f 220 223 224
f 445 437 440
f 113 115 120
f 113 114 111
f 861 862 858
f 1402 1411 1415
f 1412 1414 1402
f 857 859 851
f 857 887 856
f 221 210 211
f 1465 1451 1461
f 1460 1447 1456
f 1453 1452 1462
f 1462 1458 1449
f 1590 1591 1589
f 1627 1587 1589
