v 7.573333333333e-01 0.000000000000e+00 -4.160000000000e-01
v 7.146666666667e-01 0.000000000000e+00 -4.160000000000e-01
v 7.360000000000e-01 0.000000000000e+00 -4.160000000000e-01
v 7.146666666667e-01 0.000000000000e+00 -3.733333333333e-01
v 7.786666666667e-01 0.000000000000e+00 -4.160000000000e-01
v 8.000000000000e-01 0.000000000000e+00 -4.373333333333e-01
v 7.786666666667e-01 0.000000000000e+00 -4.373333333333e-01
v 6.933333333333e-01 0.000000000000e+00 -3.733333333333e-01
v 7.360000000000e-01 0.000000000000e+00 -3.946666666667e-01
v 7.573333333333e-01 0.000000000000e+00 -4.373333333333e-01
v 7.360000000000e-01 0.000000000000e+00 -4.373333333333e-01
v 7.146666666667e-01 0.000000000000e+00 -4.373333333333e-01
v 7.146666666667e-01 0.000000000000e+00 -3.946666666667e-01
v 6.933333333333e-01 0.000000000000e+00 -4.160000000000e-01
v 6.933333333333e-01 0.000000000000e+00 -3.946666666667e-01
v 7.146666666667e-01 0.000000000000e+00 -5.013333333333e-01
v 7.360000000000e-01 0.000000000000e+00 -5.013333333333e-01
v 6.933333333333e-01 0.000000000000e+00 -5.013333333333e-01
v 6.933333333333e-01 0.000000000000e+00 -5.226666666667e-01
v 7.360000000000e-01 0.000000000000e+00 -4.800000000000e-01
v 6.933333333333e-01 0.000000000000e+00 -4.800000000000e-01
v 7.146666666667e-01 0.000000000000e+00 -4.586666666667e-01
v 7.573333333333e-01 0.000000000000e+00 -5.440000000000e-01
v 7.360000000000e-01 0.000000000000e+00 -5.440000000000e-01
v 6.933333333333e-01 0.000000000000e+00 -4.586666666667e-01
v 7.146666666667e-01 0.000000000000e+00 -4.800000000000e-01
v 7.146666666667e-01 0.000000000000e+00 -5.226666666667e-01
v 7.146666666667e-01 0.000000000000e+00 -5.440000000000e-01
v 7.573333333333e-01 0.000000000000e+00 -5.226666666667e-01
v 7.360000000000e-01 0.000000000000e+00 -5.226666666667e-01
v 8.000000000000e-01 0.000000000000e+00 -5.653333333333e-01
v 7.786666666667e-01 0.000000000000e+00 -4.800000000000e-01
v 7.573333333333e-01 0.000000000000e+00 -4.800000000000e-01
v 8.000000000000e-01 0.000000000000e+00 -4.586666666667e-01
v 7.360000000000e-01 0.000000000000e+00 -4.586666666667e-01
v 8.000000000000e-01 0.000000000000e+00 -5.440000000000e-01
v 7.786666666667e-01 0.000000000000e+00 -5.440000000000e-01
v 7.786666666667e-01 0.000000000000e+00 -4.586666666667e-01
v 7.573333333333e-01 0.000000000000e+00 -4.586666666667e-01
v 8.000000000000e-01 0.000000000000e+00 -5.013333333333e-01
v 7.786666666667e-01 0.000000000000e+00 -5.013333333333e-01
v 7.573333333333e-01 0.000000000000e+00 -5.013333333333e-01
v 8.000000000000e-01 0.000000000000e+00 -4.800000000000e-01
v 7.786666666667e-01 0.000000000000e+00 -5.226666666667e-01
v 8.000000000000e-01 0.000000000000e+00 -5.226666666667e-01
v 5.866666666667e-01 0.000000000000e+00 -4.586666666667e-01
v 6.293333333333e-01 0.000000000000e+00 -4.586666666667e-01
v 6.506666666667e-01 0.000000000000e+00 -4.800000000000e-01
v 6.720000000000e-01 0.000000000000e+00 -4.800000000000e-01
v 5.866666666667e-01 0.000000000000e+00 -4.160000000000e-01
v 6.080000000000e-01 0.000000000000e+00 -4.373333333333e-01
v 5.866666666667e-01 0.000000000000e+00 -4.373333333333e-01
v 6.080000000000e-01 0.000000000000e+00 -4.586666666667e-01
v 6.080000000000e-01 0.000000000000e+00 -5.013333333333e-01
v 6.293333333333e-01 0.000000000000e+00 -5.013333333333e-01
v 6.506666666667e-01 0.000000000000e+00 -5.013333333333e-01
v 6.720000000000e-01 0.000000000000e+00 -5.013333333333e-01
v 5.866666666667e-01 0.000000000000e+00 -4.800000000000e-01
v 6.080000000000e-01 0.000000000000e+00 -4.800000000000e-01
v 6.293333333333e-01 0.000000000000e+00 -4.800000000000e-01
v 6.293333333333e-01 0.000000000000e+00 -3.520000000000e-01
v 6.080000000000e-01 0.000000000000e+00 -3.520000000000e-01
v 5.866666666667e-01 0.000000000000e+00 -3.520000000000e-01
v 5.866666666667e-01 0.000000000000e+00 -2.880000000000e-01
v 6.293333333333e-01 0.000000000000e+00 -3.306666666667e-01
v 6.506666666667e-01 0.000000000000e+00 -3.520000000000e-01
v 6.506666666667e-01 0.000000000000e+00 -3.733333333333e-01
v 6.720000000000e-01 0.000000000000e+00 -3.733333333333e-01
v 5.866666666667e-01 0.000000000000e+00 -3.733333333333e-01
v 6.080000000000e-01 0.000000000000e+00 -3.733333333333e-01
v 5.866666666667e-01 0.000000000000e+00 -3.093333333333e-01
v 6.080000000000e-01 0.000000000000e+00 -3.093333333333e-01
v 6.293333333333e-01 0.000000000000e+00 -3.733333333333e-01
v 5.866666666667e-01 0.000000000000e+00 -3.306666666667e-01
v 6.080000000000e-01 0.000000000000e+00 -3.306666666667e-01
v 6.933333333333e-01 0.000000000000e+00 -4.373333333333e-01
v 6.720000000000e-01 0.000000000000e+00 -4.160000000000e-01
v 6.080000000000e-01 0.000000000000e+00 -4.160000000000e-01
v 6.080000000000e-01 0.000000000000e+00 -3.946666666667e-01
v 6.506666666667e-01 0.000000000000e+00 -3.946666666667e-01
v 6.506666666667e-01 0.000000000000e+00 -4.586666666667e-01
v 6.720000000000e-01 0.000000000000e+00 -4.586666666667e-01
v 6.506666666667e-01 0.000000000000e+00 -4.373333333333e-01
v 6.720000000000e-01 0.000000000000e+00 -3.946666666667e-01
v 6.506666666667e-01 0.000000000000e+00 -4.160000000000e-01
v 6.720000000000e-01 0.000000000000e+00 -4.373333333333e-01
v 6.293333333333e-01 0.000000000000e+00 -4.160000000000e-01
v 6.293333333333e-01 0.000000000000e+00 -4.373333333333e-01
v 6.293333333333e-01 0.000000000000e+00 -3.946666666667e-01
v 5.866666666667e-01 0.000000000000e+00 -3.946666666667e-01
v 5.226666666667e-01 0.000000000000e+00 -5.013333333333e-01
v 5.226666666667e-01 0.000000000000e+00 -4.800000000000e-01
v 5.440000000000e-01 0.000000000000e+00 -4.800000000000e-01
v 5.440000000000e-01 0.000000000000e+00 -5.013333333333e-01
v 5.653333333333e-01 0.000000000000e+00 -4.586666666667e-01
v 5.866666666667e-01 0.000000000000e+00 -5.013333333333e-01
v 5.226666666667e-01 0.000000000000e+00 -4.586666666667e-01
v 5.653333333333e-01 0.000000000000e+00 -5.013333333333e-01
v 5.013333333333e-01 0.000000000000e+00 -4.800000000000e-01
v 5.440000000000e-01 0.000000000000e+00 -4.586666666667e-01
v 5.013333333333e-01 0.000000000000e+00 -4.586666666667e-01
v 5.653333333333e-01 0.000000000000e+00 -4.800000000000e-01
v 4.800000000000e-01 0.000000000000e+00 -4.373333333333e-01
v 5.013333333333e-01 0.000000000000e+00 -4.373333333333e-01
v 5.226666666667e-01 0.000000000000e+00 -4.373333333333e-01
v 4.586666666667e-01 0.000000000000e+00 -4.160000000000e-01
v 4.800000000000e-01 0.000000000000e+00 -4.160000000000e-01
v 5.013333333333e-01 0.000000000000e+00 -4.160000000000e-01
v 4.800000000000e-01 0.000000000000e+00 -3.733333333333e-01
v 4.586666666667e-01 0.000000000000e+00 -3.733333333333e-01
v 4.800000000000e-01 0.000000000000e+00 -3.520000000000e-01
v 4.373333333333e-01 0.000000000000e+00 -3.520000000000e-01
v 4.586666666667e-01 0.000000000000e+00 -3.520000000000e-01
v 4.373333333333e-01 0.000000000000e+00 -3.946666666667e-01
v 4.586666666667e-01 0.000000000000e+00 -3.946666666667e-01
v 4.800000000000e-01 0.000000000000e+00 -3.946666666667e-01
v 5.013333333333e-01 0.000000000000e+00 -3.946666666667e-01
v 4.373333333333e-01 0.000000000000e+00 -4.160000000000e-01
v 4.373333333333e-01 0.000000000000e+00 -3.733333333333e-01
v 5.013333333333e-01 0.000000000000e+00 -3.733333333333e-01
v 5.226666666667e-01 0.000000000000e+00 -4.160000000000e-01
v 5.440000000000e-01 0.000000000000e+00 -4.160000000000e-01
v 5.653333333333e-01 0.000000000000e+00 -4.160000000000e-01
v 5.653333333333e-01 0.000000000000e+00 -3.946666666667e-01
v 5.226666666667e-01 0.000000000000e+00 -3.733333333333e-01
v 5.440000000000e-01 0.000000000000e+00 -3.946666666667e-01
v 5.653333333333e-01 0.000000000000e+00 -3.520000000000e-01
v 5.226666666667e-01 0.000000000000e+00 -3.946666666667e-01
v 5.440000000000e-01 0.000000000000e+00 -4.373333333333e-01
v 5.440000000000e-01 0.000000000000e+00 -3.520000000000e-01
v 5.226666666667e-01 0.000000000000e+00 -3.520000000000e-01
v 5.653333333333e-01 0.000000000000e+00 -4.373333333333e-01
v 5.653333333333e-01 0.000000000000e+00 -3.733333333333e-01
v 5.013333333333e-01 0.000000000000e+00 -3.520000000000e-01
v 5.440000000000e-01 0.000000000000e+00 -3.733333333333e-01
v 5.440000000000e-01 0.000000000000e+00 -2.453333333333e-01
v 5.226666666667e-01 0.000000000000e+00 -2.453333333333e-01
v 5.013333333333e-01 0.000000000000e+00 -2.453333333333e-01
v 5.653333333333e-01 0.000000000000e+00 -2.880000000000e-01
v 5.653333333333e-01 0.000000000000e+00 -3.306666666667e-01
v 5.226666666667e-01 0.000000000000e+00 -3.306666666667e-01
v 5.226666666667e-01 0.000000000000e+00 -2.880000000000e-01
v 5.653333333333e-01 0.000000000000e+00 -3.093333333333e-01
v 5.440000000000e-01 0.000000000000e+00 -3.093333333333e-01
v 5.653333333333e-01 0.000000000000e+00 -2.666666666667e-01
v 5.226666666667e-01 0.000000000000e+00 -2.666666666667e-01
v 5.226666666667e-01 0.000000000000e+00 -3.093333333333e-01
v 5.440000000000e-01 0.000000000000e+00 -2.880000000000e-01
v 5.440000000000e-01 0.000000000000e+00 -2.666666666667e-01
v 5.440000000000e-01 0.000000000000e+00 -3.306666666667e-01
v 4.800000000000e-01 0.000000000000e+00 -2.453333333333e-01
v 4.586666666667e-01 0.000000000000e+00 -2.453333333333e-01
v 4.373333333333e-01 0.000000000000e+00 -2.453333333333e-01
v 4.800000000000e-01 0.000000000000e+00 -3.306666666667e-01
v 4.586666666667e-01 0.000000000000e+00 -3.093333333333e-01
v 5.013333333333e-01 0.000000000000e+00 -3.093333333333e-01
v 4.800000000000e-01 0.000000000000e+00 -3.093333333333e-01
v 4.800000000000e-01 0.000000000000e+00 -2.666666666667e-01
v 4.586666666667e-01 0.000000000000e+00 -2.880000000000e-01
v 5.013333333333e-01 0.000000000000e+00 -2.880000000000e-01
v 4.800000000000e-01 0.000000000000e+00 -2.880000000000e-01
v 4.586666666667e-01 0.000000000000e+00 -2.666666666667e-01
v 5.013333333333e-01 0.000000000000e+00 -2.666666666667e-01
v 4.586666666667e-01 0.000000000000e+00 -3.306666666667e-01
v 5.013333333333e-01 0.000000000000e+00 -3.306666666667e-01
v 4.160000000000e-01 0.000000000000e+00 -2.453333333333e-01
v 3.946666666667e-01 0.000000000000e+00 -2.453333333333e-01
v 4.373333333333e-01 0.000000000000e+00 -2.880000000000e-01
v 4.160000000000e-01 0.000000000000e+00 -3.306666666667e-01
v 4.373333333333e-01 0.000000000000e+00 -3.306666666667e-01
v 3.733333333333e-01 0.000000000000e+00 -2.453333333333e-01
v 4.160000000000e-01 0.000000000000e+00 -2.880000000000e-01
v 3.946666666667e-01 0.000000000000e+00 -2.240000000000e-01
v 4.373333333333e-01 0.000000000000e+00 -3.093333333333e-01
v 4.160000000000e-01 0.000000000000e+00 -3.093333333333e-01
v 3.946666666667e-01 0.000000000000e+00 -3.093333333333e-01
v 4.373333333333e-01 0.000000000000e+00 -2.666666666667e-01
v 3.946666666667e-01 0.000000000000e+00 -2.666666666667e-01
v 3.946666666667e-01 0.000000000000e+00 -2.880000000000e-01
v 4.160000000000e-01 0.000000000000e+00 -2.666666666667e-01
v 6.506666666667e-01 0.000000000000e+00 -7.360000000000e-01
v 6.506666666667e-01 0.000000000000e+00 -7.786666666667e-01
v 6.720000000000e-01 0.000000000000e+00 -7.786666666667e-01
v 6.933333333333e-01 0.000000000000e+00 -7.786666666667e-01
v 6.506666666667e-01 0.000000000000e+00 -7.573333333333e-01
v 6.720000000000e-01 0.000000000000e+00 -7.573333333333e-01
v 6.933333333333e-01 0.000000000000e+00 -7.573333333333e-01
v 7.146666666667e-01 0.000000000000e+00 -8.000000000000e-01
v 6.933333333333e-01 0.000000000000e+00 -8.000000000000e-01
v 6.720000000000e-01 0.000000000000e+00 -8.000000000000e-01
v 6.720000000000e-01 0.000000000000e+00 -7.146666666667e-01
v 6.506666666667e-01 0.000000000000e+00 -7.146666666667e-01
v 6.293333333333e-01 0.000000000000e+00 -7.146666666667e-01
v 6.933333333333e-01 0.000000000000e+00 -7.360000000000e-01
v 6.720000000000e-01 0.000000000000e+00 -7.360000000000e-01
v 5.440000000000e-01 0.000000000000e+00 -7.573333333333e-01
v 5.226666666667e-01 0.000000000000e+00 -7.360000000000e-01
v 5.440000000000e-01 0.000000000000e+00 -7.360000000000e-01
v 5.653333333333e-01 0.000000000000e+00 -7.786666666667e-01
v 5.653333333333e-01 0.000000000000e+00 -7.573333333333e-01
v 5.653333333333e-01 0.000000000000e+00 -7.146666666667e-01
v 5.653333333333e-01 0.000000000000e+00 -7.360000000000e-01
v 5.440000000000e-01 0.000000000000e+00 -7.146666666667e-01
v 5.653333333333e-01 0.000000000000e+00 -8.000000000000e-01
v 5.440000000000e-01 0.000000000000e+00 -6.933333333333e-01
v 5.653333333333e-01 0.000000000000e+00 -6.933333333333e-01
v 5.226666666667e-01 0.000000000000e+00 -7.146666666667e-01
v 5.440000000000e-01 0.000000000000e+00 -7.786666666667e-01
v 5.226666666667e-01 0.000000000000e+00 -6.933333333333e-01
v 6.293333333333e-01 0.000000000000e+00 -8.000000000000e-01
v 6.080000000000e-01 0.000000000000e+00 -8.000000000000e-01
v 5.866666666667e-01 0.000000000000e+00 -8.000000000000e-01
v 6.293333333333e-01 0.000000000000e+00 -7.573333333333e-01
v 6.293333333333e-01 0.000000000000e+00 -7.360000000000e-01
v 6.080000000000e-01 0.000000000000e+00 -7.786666666667e-01
v 6.293333333333e-01 0.000000000000e+00 -7.786666666667e-01
v 5.866666666667e-01 0.000000000000e+00 -7.146666666667e-01
v 5.866666666667e-01 0.000000000000e+00 -7.786666666667e-01
v 6.080000000000e-01 0.000000000000e+00 -7.146666666667e-01
v 5.866666666667e-01 0.000000000000e+00 -7.360000000000e-01
v 6.080000000000e-01 0.000000000000e+00 -7.360000000000e-01
v 5.866666666667e-01 0.000000000000e+00 -7.573333333333e-01
v 6.080000000000e-01 0.000000000000e+00 -7.573333333333e-01
v 6.506666666667e-01 0.000000000000e+00 -8.000000000000e-01
v 6.080000000000e-01 0.000000000000e+00 -5.866666666667e-01
v 5.866666666667e-01 0.000000000000e+00 -5.653333333333e-01
v 5.226666666667e-01 0.000000000000e+00 -5.226666666667e-01
v 5.440000000000e-01 0.000000000000e+00 -5.226666666667e-01
v 6.080000000000e-01 0.000000000000e+00 -5.653333333333e-01
v 5.653333333333e-01 0.000000000000e+00 -5.226666666667e-01
v 5.226666666667e-01 0.000000000000e+00 -5.440000000000e-01
v 5.653333333333e-01 0.000000000000e+00 -5.440000000000e-01
v 5.866666666667e-01 0.000000000000e+00 -5.440000000000e-01
v 5.440000000000e-01 0.000000000000e+00 -5.440000000000e-01
v 5.866666666667e-01 0.000000000000e+00 -5.226666666667e-01
v 5.866666666667e-01 0.000000000000e+00 -5.866666666667e-01
v 5.653333333333e-01 0.000000000000e+00 -5.866666666667e-01
v 5.440000000000e-01 0.000000000000e+00 -5.653333333333e-01
v 5.653333333333e-01 0.000000000000e+00 -5.653333333333e-01
v 6.080000000000e-01 0.000000000000e+00 -6.293333333333e-01
v 5.866666666667e-01 0.000000000000e+00 -6.293333333333e-01
v 5.866666666667e-01 0.000000000000e+00 -6.933333333333e-01
v 6.080000000000e-01 0.000000000000e+00 -6.933333333333e-01
v 6.293333333333e-01 0.000000000000e+00 -6.933333333333e-01
v 6.506666666667e-01 0.000000000000e+00 -6.933333333333e-01
v 5.866666666667e-01 0.000000000000e+00 -6.720000000000e-01
v 5.866666666667e-01 0.000000000000e+00 -6.506666666667e-01
v 6.506666666667e-01 0.000000000000e+00 -6.720000000000e-01
v 6.293333333333e-01 0.000000000000e+00 -6.720000000000e-01
v 6.080000000000e-01 0.000000000000e+00 -6.720000000000e-01
v 5.866666666667e-01 0.000000000000e+00 -6.080000000000e-01
v 6.080000000000e-01 0.000000000000e+00 -6.080000000000e-01
v 6.080000000000e-01 0.000000000000e+00 -6.506666666667e-01
v 6.293333333333e-01 0.000000000000e+00 -6.506666666667e-01
v 5.440000000000e-01 0.000000000000e+00 -6.080000000000e-01
v 5.226666666667e-01 0.000000000000e+00 -6.080000000000e-01
v 5.440000000000e-01 0.000000000000e+00 -6.293333333333e-01
v 5.226666666667e-01 0.000000000000e+00 -6.293333333333e-01
v 5.226666666667e-01 0.000000000000e+00 -5.866666666667e-01
v 5.653333333333e-01 0.000000000000e+00 -6.720000000000e-01
v 5.226666666667e-01 0.000000000000e+00 -6.720000000000e-01
v 5.440000000000e-01 0.000000000000e+00 -6.720000000000e-01
v 5.440000000000e-01 0.000000000000e+00 -6.506666666667e-01
v 5.653333333333e-01 0.000000000000e+00 -6.506666666667e-01
v 5.226666666667e-01 0.000000000000e+00 -5.653333333333e-01
v 5.653333333333e-01 0.000000000000e+00 -6.293333333333e-01
v 5.440000000000e-01 0.000000000000e+00 -5.866666666667e-01
v 5.653333333333e-01 0.000000000000e+00 -6.080000000000e-01
v 5.226666666667e-01 0.000000000000e+00 -6.506666666667e-01
v 7.786666666667e-01 0.000000000000e+00 -6.933333333333e-01
v 7.360000000000e-01 0.000000000000e+00 -6.506666666667e-01
v 7.573333333333e-01 0.000000000000e+00 -6.506666666667e-01
v 7.786666666667e-01 0.000000000000e+00 -6.506666666667e-01
v 8.000000000000e-01 0.000000000000e+00 -6.933333333333e-01
v 7.360000000000e-01 0.000000000000e+00 -6.720000000000e-01
v 7.573333333333e-01 0.000000000000e+00 -6.720000000000e-01
v 7.786666666667e-01 0.000000000000e+00 -6.720000000000e-01
v 8.000000000000e-01 0.000000000000e+00 -6.720000000000e-01
v 7.786666666667e-01 0.000000000000e+00 -7.146666666667e-01
v 8.000000000000e-01 0.000000000000e+00 -7.146666666667e-01
v 7.146666666667e-01 0.000000000000e+00 -6.506666666667e-01
v 8.000000000000e-01 0.000000000000e+00 -7.360000000000e-01
v 7.573333333333e-01 0.000000000000e+00 -6.933333333333e-01
v 7.360000000000e-01 0.000000000000e+00 -8.000000000000e-01
v 8.000000000000e-01 0.000000000000e+00 -7.786666666667e-01
v 8.000000000000e-01 0.000000000000e+00 -8.000000000000e-01
v 7.786666666667e-01 0.000000000000e+00 -7.360000000000e-01
v 7.786666666667e-01 0.000000000000e+00 -7.786666666667e-01
v 7.786666666667e-01 0.000000000000e+00 -7.573333333333e-01
v 7.146666666667e-01 0.000000000000e+00 -7.786666666667e-01
v 7.573333333333e-01 0.000000000000e+00 -8.000000000000e-01
v 7.786666666667e-01 0.000000000000e+00 -8.000000000000e-01
v 8.000000000000e-01 0.000000000000e+00 -7.573333333333e-01
v 7.360000000000e-01 0.000000000000e+00 -7.786666666667e-01
v 7.573333333333e-01 0.000000000000e+00 -7.573333333333e-01
v 7.360000000000e-01 0.000000000000e+00 -7.573333333333e-01
v 7.146666666667e-01 0.000000000000e+00 -7.573333333333e-01
v 7.573333333333e-01 0.000000000000e+00 -7.786666666667e-01
v 7.573333333333e-01 0.000000000000e+00 -7.146666666667e-01
v 7.146666666667e-01 0.000000000000e+00 -6.720000000000e-01
v 6.933333333333e-01 0.000000000000e+00 -6.720000000000e-01
v 6.720000000000e-01 0.000000000000e+00 -6.506666666667e-01
v 6.933333333333e-01 0.000000000000e+00 -6.506666666667e-01
v 6.933333333333e-01 0.000000000000e+00 -6.933333333333e-01
v 7.360000000000e-01 0.000000000000e+00 -6.933333333333e-01
v 7.146666666667e-01 0.000000000000e+00 -6.933333333333e-01
v 6.720000000000e-01 0.000000000000e+00 -6.933333333333e-01
v 7.360000000000e-01 0.000000000000e+00 -7.146666666667e-01
v 7.146666666667e-01 0.000000000000e+00 -7.146666666667e-01
v 6.933333333333e-01 0.000000000000e+00 -7.146666666667e-01
v 7.146666666667e-01 0.000000000000e+00 -7.360000000000e-01
v 6.720000000000e-01 0.000000000000e+00 -6.720000000000e-01
v 7.360000000000e-01 0.000000000000e+00 -7.360000000000e-01
v 7.573333333333e-01 0.000000000000e+00 -7.360000000000e-01
v 7.360000000000e-01 0.000000000000e+00 -5.866666666667e-01
v 7.573333333333e-01 0.000000000000e+00 -5.866666666667e-01
v 7.786666666667e-01 0.000000000000e+00 -6.080000000000e-01
v 7.786666666667e-01 0.000000000000e+00 -5.866666666667e-01
v 7.573333333333e-01 0.000000000000e+00 -6.080000000000e-01
v 7.786666666667e-01 0.000000000000e+00 -5.653333333333e-01
v 8.000000000000e-01 0.000000000000e+00 -6.080000000000e-01
v 7.573333333333e-01 0.000000000000e+00 -5.653333333333e-01
v 7.360000000000e-01 0.000000000000e+00 -5.653333333333e-01
v 7.360000000000e-01 0.000000000000e+00 -6.080000000000e-01
v 8.000000000000e-01 0.000000000000e+00 -6.293333333333e-01
v 8.000000000000e-01 0.000000000000e+00 -6.506666666667e-01
v 7.573333333333e-01 0.000000000000e+00 -6.293333333333e-01
v 7.786666666667e-01 0.000000000000e+00 -6.293333333333e-01
v 8.000000000000e-01 0.000000000000e+00 -5.866666666667e-01
v 6.293333333333e-01 0.000000000000e+00 -6.293333333333e-01
v 7.146666666667e-01 0.000000000000e+00 -6.293333333333e-01
v 6.506666666667e-01 0.000000000000e+00 -6.080000000000e-01
v 6.720000000000e-01 0.000000000000e+00 -6.080000000000e-01
v 6.933333333333e-01 0.000000000000e+00 -6.080000000000e-01
v 7.146666666667e-01 0.000000000000e+00 -6.080000000000e-01
v 7.360000000000e-01 0.000000000000e+00 -6.293333333333e-01
v 6.506666666667e-01 0.000000000000e+00 -6.293333333333e-01
v 6.720000000000e-01 0.000000000000e+00 -5.866666666667e-01
v 6.506666666667e-01 0.000000000000e+00 -5.866666666667e-01
v 6.720000000000e-01 0.000000000000e+00 -6.293333333333e-01
v 6.933333333333e-01 0.000000000000e+00 -6.293333333333e-01
v 6.506666666667e-01 0.000000000000e+00 -6.506666666667e-01
v 6.293333333333e-01 0.000000000000e+00 -5.866666666667e-01
v 6.293333333333e-01 0.000000000000e+00 -6.080000000000e-01
v 6.933333333333e-01 0.000000000000e+00 -5.653333333333e-01
v 6.933333333333e-01 0.000000000000e+00 -5.440000000000e-01
v 6.720000000000e-01 0.000000000000e+00 -5.226666666667e-01
v 6.506666666667e-01 0.000000000000e+00 -5.226666666667e-01
v 7.146666666667e-01 0.000000000000e+00 -5.866666666667e-01
v 6.720000000000e-01 0.000000000000e+00 -5.653333333333e-01
v 6.933333333333e-01 0.000000000000e+00 -5.866666666667e-01
v 6.293333333333e-01 0.000000000000e+00 -5.440000000000e-01
v 7.146666666667e-01 0.000000000000e+00 -5.653333333333e-01
v 6.080000000000e-01 0.000000000000e+00 -5.440000000000e-01
v 6.293333333333e-01 0.000000000000e+00 -5.653333333333e-01
v 6.506666666667e-01 0.000000000000e+00 -5.653333333333e-01
v 6.506666666667e-01 0.000000000000e+00 -5.440000000000e-01
v 6.720000000000e-01 0.000000000000e+00 -5.440000000000e-01
v 6.080000000000e-01 0.000000000000e+00 -5.226666666667e-01
v 6.293333333333e-01 0.000000000000e+00 -5.226666666667e-01
v 1.386666666667e-01 0.000000000000e+00 -1.813333333333e-01
v 1.173333333333e-01 0.000000000000e+00 -2.026666666667e-01
v 1.386666666667e-01 0.000000000000e+00 -2.026666666667e-01
v 1.600000000000e-01 0.000000000000e+00 -2.453333333333e-01
v 9.600000000000e-02 0.000000000000e+00 -2.453333333333e-01
v 1.386666666667e-01 0.000000000000e+00 -2.666666666667e-01
v 1.173333333333e-01 0.000000000000e+00 -2.666666666667e-01
v 1.386666666667e-01 0.000000000000e+00 -2.453333333333e-01
v 1.173333333333e-01 0.000000000000e+00 -2.453333333333e-01
v 9.600000000000e-02 0.000000000000e+00 -2.026666666667e-01
v 1.173333333333e-01 0.000000000000e+00 -1.813333333333e-01
v 9.600000000000e-02 0.000000000000e+00 -1.813333333333e-01
v 9.600000000000e-02 0.000000000000e+00 -2.240000000000e-01
v 1.173333333333e-01 0.000000000000e+00 -2.240000000000e-01
v 1.386666666667e-01 0.000000000000e+00 -2.240000000000e-01
v 2.240000000000e-01 0.000000000000e+00 -3.306666666667e-01
v 2.026666666667e-01 0.000000000000e+00 -3.306666666667e-01
v 1.600000000000e-01 0.000000000000e+00 -3.093333333333e-01
v 1.813333333333e-01 0.000000000000e+00 -3.306666666667e-01
v 1.813333333333e-01 0.000000000000e+00 -2.666666666667e-01
v 1.600000000000e-01 0.000000000000e+00 -2.666666666667e-01
v 2.026666666667e-01 0.000000000000e+00 -3.093333333333e-01
v 2.240000000000e-01 0.000000000000e+00 -3.093333333333e-01
v 2.026666666667e-01 0.000000000000e+00 -2.880000000000e-01
v 1.813333333333e-01 0.000000000000e+00 -2.880000000000e-01
v 1.600000000000e-01 0.000000000000e+00 -2.880000000000e-01
v 2.240000000000e-01 0.000000000000e+00 -3.520000000000e-01
v 2.026666666667e-01 0.000000000000e+00 -3.520000000000e-01
v 1.813333333333e-01 0.000000000000e+00 -3.093333333333e-01
v 2.240000000000e-01 0.000000000000e+00 -3.733333333333e-01
v 1.600000000000e-01 0.000000000000e+00 -3.520000000000e-01
v 1.600000000000e-01 0.000000000000e+00 -3.306666666667e-01
v 1.173333333333e-01 0.000000000000e+00 -3.093333333333e-01
v 1.386666666667e-01 0.000000000000e+00 -3.306666666667e-01
v 1.813333333333e-01 0.000000000000e+00 -3.520000000000e-01
v 1.386666666667e-01 0.000000000000e+00 -3.093333333333e-01
v 1.173333333333e-01 0.000000000000e+00 -3.520000000000e-01
v 1.173333333333e-01 0.000000000000e+00 -3.306666666667e-01
v 1.386666666667e-01 0.000000000000e+00 -3.733333333333e-01
v 1.386666666667e-01 0.000000000000e+00 -2.880000000000e-01
v 1.173333333333e-01 0.000000000000e+00 -2.880000000000e-01
v 1.600000000000e-01 0.000000000000e+00 -3.733333333333e-01
v 1.813333333333e-01 0.000000000000e+00 -3.733333333333e-01
v 2.026666666667e-01 0.000000000000e+00 -3.733333333333e-01
v 1.386666666667e-01 0.000000000000e+00 -3.520000000000e-01
v 2.453333333333e-01 0.000000000000e+00 -5.013333333333e-01
v 2.453333333333e-01 0.000000000000e+00 -5.440000000000e-01
v 2.666666666667e-01 0.000000000000e+00 -5.440000000000e-01
v 2.240000000000e-01 0.000000000000e+00 -5.226666666667e-01
v 2.453333333333e-01 0.000000000000e+00 -5.226666666667e-01
v 2.666666666667e-01 0.000000000000e+00 -5.226666666667e-01
v 2.026666666667e-01 0.000000000000e+00 -5.013333333333e-01
v 2.240000000000e-01 0.000000000000e+00 -5.013333333333e-01
v 2.666666666667e-01 0.000000000000e+00 -5.013333333333e-01
v 2.026666666667e-01 0.000000000000e+00 -4.800000000000e-01
v 2.240000000000e-01 0.000000000000e+00 -4.800000000000e-01
v 2.453333333333e-01 0.000000000000e+00 -4.800000000000e-01
v 2.026666666667e-01 0.000000000000e+00 -4.586666666667e-01
v 2.240000000000e-01 0.000000000000e+00 -4.586666666667e-01
v 2.453333333333e-01 0.000000000000e+00 -4.586666666667e-01
v 2.666666666667e-01 0.000000000000e+00 -4.800000000000e-01
v 3.093333333333e-01 0.000000000000e+00 -4.586666666667e-01
v 2.453333333333e-01 0.000000000000e+00 -3.946666666667e-01
v 3.306666666667e-01 0.000000000000e+00 -4.800000000000e-01
v 3.093333333333e-01 0.000000000000e+00 -4.800000000000e-01
v 2.880000000000e-01 0.000000000000e+00 -4.800000000000e-01
v 3.306666666667e-01 0.000000000000e+00 -4.586666666667e-01
v 2.666666666667e-01 0.000000000000e+00 -4.160000000000e-01
v 2.880000000000e-01 0.000000000000e+00 -4.160000000000e-01
v 2.666666666667e-01 0.000000000000e+00 -3.946666666667e-01
v 2.880000000000e-01 0.000000000000e+00 -4.373333333333e-01
v 3.093333333333e-01 0.000000000000e+00 -4.373333333333e-01
v 2.666666666667e-01 0.000000000000e+00 -4.373333333333e-01
v 2.666666666667e-01 0.000000000000e+00 -4.586666666667e-01
v 2.880000000000e-01 0.000000000000e+00 -4.586666666667e-01
v 2.453333333333e-01 0.000000000000e+00 -3.733333333333e-01
v 2.240000000000e-01 0.000000000000e+00 -4.160000000000e-01
v 1.600000000000e-01 0.000000000000e+00 -3.946666666667e-01
v 1.600000000000e-01 0.000000000000e+00 -4.160000000000e-01
v 1.813333333333e-01 0.000000000000e+00 -4.160000000000e-01
v 2.026666666667e-01 0.000000000000e+00 -4.160000000000e-01
v 2.453333333333e-01 0.000000000000e+00 -4.160000000000e-01
v 1.813333333333e-01 0.000000000000e+00 -3.946666666667e-01
v 2.240000000000e-01 0.000000000000e+00 -3.946666666667e-01
v 1.813333333333e-01 0.000000000000e+00 -4.373333333333e-01
v 2.026666666667e-01 0.000000000000e+00 -4.373333333333e-01
v 2.240000000000e-01 0.000000000000e+00 -4.373333333333e-01
v 2.453333333333e-01 0.000000000000e+00 -4.373333333333e-01
v 1.386666666667e-01 0.000000000000e+00 -3.946666666667e-01
v 2.026666666667e-01 0.000000000000e+00 -3.946666666667e-01
v 3.733333333333e-01 0.000000000000e+00 -3.733333333333e-01
v 3.520000000000e-01 0.000000000000e+00 -3.733333333333e-01
v 3.946666666667e-01 0.000000000000e+00 -3.520000000000e-01
v 4.160000000000e-01 0.000000000000e+00 -3.733333333333e-01
v 3.946666666667e-01 0.000000000000e+00 -3.946666666667e-01
v 4.160000000000e-01 0.000000000000e+00 -3.520000000000e-01
v 4.160000000000e-01 0.000000000000e+00 -3.946666666667e-01
v 3.520000000000e-01 0.000000000000e+00 -3.306666666667e-01
v 3.946666666667e-01 0.000000000000e+00 -4.160000000000e-01
v 4.160000000000e-01 0.000000000000e+00 -4.160000000000e-01
v 3.946666666667e-01 0.000000000000e+00 -3.306666666667e-01
v 3.520000000000e-01 0.000000000000e+00 -3.520000000000e-01
v 3.733333333333e-01 0.000000000000e+00 -3.306666666667e-01
v 3.733333333333e-01 0.000000000000e+00 -3.946666666667e-01
v 3.946666666667e-01 0.000000000000e+00 -3.733333333333e-01
v 3.733333333333e-01 0.000000000000e+00 -3.520000000000e-01
v 3.093333333333e-01 0.000000000000e+00 -3.306666666667e-01
v 3.306666666667e-01 0.000000000000e+00 -3.306666666667e-01
v 3.093333333333e-01 0.000000000000e+00 -3.520000000000e-01
v 3.306666666667e-01 0.000000000000e+00 -3.520000000000e-01
v 2.453333333333e-01 0.000000000000e+00 -3.093333333333e-01
v 2.453333333333e-01 0.000000000000e+00 -2.880000000000e-01
v 2.880000000000e-01 0.000000000000e+00 -3.093333333333e-01
v 2.666666666667e-01 0.000000000000e+00 -3.093333333333e-01
v 3.093333333333e-01 0.000000000000e+00 -3.093333333333e-01
v 2.453333333333e-01 0.000000000000e+00 -3.520000000000e-01
v 2.666666666667e-01 0.000000000000e+00 -3.520000000000e-01
v 2.880000000000e-01 0.000000000000e+00 -3.520000000000e-01
v 2.453333333333e-01 0.000000000000e+00 -3.306666666667e-01
v 2.666666666667e-01 0.000000000000e+00 -3.306666666667e-01
v 2.880000000000e-01 0.000000000000e+00 -3.306666666667e-01
v 3.733333333333e-01 0.000000000000e+00 -4.160000000000e-01
v 3.306666666667e-01 0.000000000000e+00 -3.733333333333e-01
v 3.520000000000e-01 0.000000000000e+00 -3.946666666667e-01
v 2.880000000000e-01 0.000000000000e+00 -3.733333333333e-01
v 3.733333333333e-01 0.000000000000e+00 -4.373333333333e-01
v 3.520000000000e-01 0.000000000000e+00 -4.373333333333e-01
v 3.093333333333e-01 0.000000000000e+00 -4.160000000000e-01
v 3.306666666667e-01 0.000000000000e+00 -3.946666666667e-01
v 2.880000000000e-01 0.000000000000e+00 -3.946666666667e-01
v 3.093333333333e-01 0.000000000000e+00 -3.946666666667e-01
v 2.666666666667e-01 0.000000000000e+00 -3.733333333333e-01
v 3.306666666667e-01 0.000000000000e+00 -4.160000000000e-01
v 3.520000000000e-01 0.000000000000e+00 -4.160000000000e-01
v 3.093333333333e-01 0.000000000000e+00 -3.733333333333e-01
v 3.306666666667e-01 0.000000000000e+00 -4.373333333333e-01
v 3.520000000000e-01 0.000000000000e+00 -2.453333333333e-01
v 3.306666666667e-01 0.000000000000e+00 -2.453333333333e-01
v 3.093333333333e-01 0.000000000000e+00 -2.453333333333e-01
v 3.520000000000e-01 0.000000000000e+00 -3.093333333333e-01
v 3.733333333333e-01 0.000000000000e+00 -2.880000000000e-01
v 3.520000000000e-01 0.000000000000e+00 -2.880000000000e-01
v 3.306666666667e-01 0.000000000000e+00 -2.880000000000e-01
v 3.733333333333e-01 0.000000000000e+00 -3.093333333333e-01
v 3.520000000000e-01 0.000000000000e+00 -2.666666666667e-01
v 3.306666666667e-01 0.000000000000e+00 -2.666666666667e-01
v 3.093333333333e-01 0.000000000000e+00 -2.666666666667e-01
v 3.093333333333e-01 0.000000000000e+00 -2.880000000000e-01
v 3.306666666667e-01 0.000000000000e+00 -3.093333333333e-01
v 3.733333333333e-01 0.000000000000e+00 -2.666666666667e-01
v 2.666666666667e-01 0.000000000000e+00 -2.026666666667e-01
v 2.666666666667e-01 0.000000000000e+00 -2.453333333333e-01
v 2.453333333333e-01 0.000000000000e+00 -2.453333333333e-01
v 2.240000000000e-01 0.000000000000e+00 -2.026666666667e-01
v 2.880000000000e-01 0.000000000000e+00 -2.453333333333e-01
v 2.453333333333e-01 0.000000000000e+00 -2.026666666667e-01
v 2.880000000000e-01 0.000000000000e+00 -2.666666666667e-01
v 2.880000000000e-01 0.000000000000e+00 -2.880000000000e-01
v 2.453333333333e-01 0.000000000000e+00 -2.666666666667e-01
v 2.453333333333e-01 0.000000000000e+00 -2.240000000000e-01
v 2.666666666667e-01 0.000000000000e+00 -2.240000000000e-01
v 2.880000000000e-01 0.000000000000e+00 -2.240000000000e-01
v 2.666666666667e-01 0.000000000000e+00 -2.880000000000e-01
v 2.240000000000e-01 0.000000000000e+00 -2.240000000000e-01
v 2.666666666667e-01 0.000000000000e+00 -2.666666666667e-01
v 2.240000000000e-01 0.000000000000e+00 -2.453333333333e-01
v 2.026666666667e-01 0.000000000000e+00 -2.453333333333e-01
v 1.813333333333e-01 0.000000000000e+00 -2.453333333333e-01
v 1.813333333333e-01 0.000000000000e+00 -2.240000000000e-01
v 1.600000000000e-01 0.000000000000e+00 -2.240000000000e-01
v 2.026666666667e-01 0.000000000000e+00 -2.666666666667e-01
v 2.240000000000e-01 0.000000000000e+00 -2.666666666667e-01
v 2.026666666667e-01 0.000000000000e+00 -2.026666666667e-01
v 2.240000000000e-01 0.000000000000e+00 -2.880000000000e-01
v 1.813333333333e-01 0.000000000000e+00 -2.026666666667e-01
v 1.600000000000e-01 0.000000000000e+00 -2.026666666667e-01
v 2.026666666667e-01 0.000000000000e+00 -1.813333333333e-01
v 1.813333333333e-01 0.000000000000e+00 -1.813333333333e-01
v 1.600000000000e-01 0.000000000000e+00 -1.813333333333e-01
v 2.026666666667e-01 0.000000000000e+00 -2.240000000000e-01
v 3.306666666667e-01 0.000000000000e+00 -7.360000000000e-01
v 3.520000000000e-01 0.000000000000e+00 -7.360000000000e-01
v 3.306666666667e-01 0.000000000000e+00 -8.000000000000e-01
v 3.520000000000e-01 0.000000000000e+00 -8.000000000000e-01
v 3.733333333333e-01 0.000000000000e+00 -8.000000000000e-01
v 3.520000000000e-01 0.000000000000e+00 -7.573333333333e-01
v 3.306666666667e-01 0.000000000000e+00 -7.786666666667e-01
v 3.946666666667e-01 0.000000000000e+00 -8.000000000000e-01
v 3.733333333333e-01 0.000000000000e+00 -7.360000000000e-01
v 3.733333333333e-01 0.000000000000e+00 -7.573333333333e-01
v 3.733333333333e-01 0.000000000000e+00 -7.786666666667e-01
v 3.306666666667e-01 0.000000000000e+00 -7.573333333333e-01
v 3.520000000000e-01 0.000000000000e+00 -7.786666666667e-01
v 3.946666666667e-01 0.000000000000e+00 -7.786666666667e-01
v 2.880000000000e-01 0.000000000000e+00 -6.933333333333e-01
v 3.520000000000e-01 0.000000000000e+00 -7.146666666667e-01
v 3.733333333333e-01 0.000000000000e+00 -7.146666666667e-01
v 3.093333333333e-01 0.000000000000e+00 -7.146666666667e-01
v 3.093333333333e-01 0.000000000000e+00 -6.933333333333e-01
v 3.520000000000e-01 0.000000000000e+00 -6.720000000000e-01
v 3.306666666667e-01 0.000000000000e+00 -6.933333333333e-01
v 3.093333333333e-01 0.000000000000e+00 -6.720000000000e-01
v 3.306666666667e-01 0.000000000000e+00 -6.506666666667e-01
v 2.880000000000e-01 0.000000000000e+00 -6.720000000000e-01
v 3.306666666667e-01 0.000000000000e+00 -7.146666666667e-01
v 3.520000000000e-01 0.000000000000e+00 -6.933333333333e-01
v 3.306666666667e-01 0.000000000000e+00 -6.720000000000e-01
v 2.880000000000e-01 0.000000000000e+00 -6.506666666667e-01
v 3.093333333333e-01 0.000000000000e+00 -6.506666666667e-01
v 3.733333333333e-01 0.000000000000e+00 -6.293333333333e-01
v 3.306666666667e-01 0.000000000000e+00 -6.080000000000e-01
v 3.093333333333e-01 0.000000000000e+00 -6.293333333333e-01
v 2.666666666667e-01 0.000000000000e+00 -5.866666666667e-01
v 3.306666666667e-01 0.000000000000e+00 -6.293333333333e-01
v 3.093333333333e-01 0.000000000000e+00 -6.080000000000e-01
v 3.093333333333e-01 0.000000000000e+00 -5.866666666667e-01
v 2.880000000000e-01 0.000000000000e+00 -5.866666666667e-01
v 2.666666666667e-01 0.000000000000e+00 -5.653333333333e-01
v 2.880000000000e-01 0.000000000000e+00 -5.653333333333e-01
v 3.520000000000e-01 0.000000000000e+00 -6.080000000000e-01
v 3.520000000000e-01 0.000000000000e+00 -6.506666666667e-01
v 2.880000000000e-01 0.000000000000e+00 -6.080000000000e-01
v 3.520000000000e-01 0.000000000000e+00 -6.293333333333e-01
v 2.666666666667e-01 0.000000000000e+00 -6.080000000000e-01
v 2.880000000000e-01 0.000000000000e+00 -6.293333333333e-01
v 5.226666666667e-01 0.000000000000e+00 -7.573333333333e-01
v 5.013333333333e-01 0.000000000000e+00 -7.360000000000e-01
v 4.800000000000e-01 0.000000000000e+00 -7.360000000000e-01
v 5.013333333333e-01 0.000000000000e+00 -7.573333333333e-01
v 4.800000000000e-01 0.000000000000e+00 -7.573333333333e-01
v 5.440000000000e-01 0.000000000000e+00 -8.000000000000e-01
v 5.013333333333e-01 0.000000000000e+00 -8.000000000000e-01
v 5.226666666667e-01 0.000000000000e+00 -8.000000000000e-01
v 4.800000000000e-01 0.000000000000e+00 -7.786666666667e-01
v 5.013333333333e-01 0.000000000000e+00 -7.786666666667e-01
v 5.226666666667e-01 0.000000000000e+00 -7.786666666667e-01
v 4.800000000000e-01 0.000000000000e+00 -7.146666666667e-01
v 5.013333333333e-01 0.000000000000e+00 -7.146666666667e-01
v 5.013333333333e-01 0.000000000000e+00 -6.933333333333e-01
v 4.800000000000e-01 0.000000000000e+00 -6.933333333333e-01
v 4.160000000000e-01 0.000000000000e+00 -7.146666666667e-01
v 4.586666666667e-01 0.000000000000e+00 -6.933333333333e-01
v 4.373333333333e-01 0.000000000000e+00 -6.933333333333e-01
v 4.160000000000e-01 0.000000000000e+00 -6.933333333333e-01
v 3.946666666667e-01 0.000000000000e+00 -6.720000000000e-01
v 4.373333333333e-01 0.000000000000e+00 -6.720000000000e-01
v 4.160000000000e-01 0.000000000000e+00 -6.720000000000e-01
v 3.946666666667e-01 0.000000000000e+00 -6.506666666667e-01
v 3.733333333333e-01 0.000000000000e+00 -6.506666666667e-01
v 3.946666666667e-01 0.000000000000e+00 -7.146666666667e-01
v 4.586666666667e-01 0.000000000000e+00 -7.146666666667e-01
v 4.373333333333e-01 0.000000000000e+00 -7.146666666667e-01
v 3.733333333333e-01 0.000000000000e+00 -6.720000000000e-01
v 3.946666666667e-01 0.000000000000e+00 -6.933333333333e-01
v 3.733333333333e-01 0.000000000000e+00 -6.933333333333e-01
v 4.586666666667e-01 0.000000000000e+00 -8.000000000000e-01
v 4.160000000000e-01 0.000000000000e+00 -7.360000000000e-01
v 3.946666666667e-01 0.000000000000e+00 -7.360000000000e-01
v 4.160000000000e-01 0.000000000000e+00 -8.000000000000e-01
v 4.586666666667e-01 0.000000000000e+00 -7.573333333333e-01
v 4.373333333333e-01 0.000000000000e+00 -7.573333333333e-01
v 4.160000000000e-01 0.000000000000e+00 -7.573333333333e-01
v 4.160000000000e-01 0.000000000000e+00 -7.786666666667e-01
v 4.800000000000e-01 0.000000000000e+00 -8.000000000000e-01
v 4.373333333333e-01 0.000000000000e+00 -8.000000000000e-01
v 3.946666666667e-01 0.000000000000e+00 -7.573333333333e-01
v 4.586666666667e-01 0.000000000000e+00 -7.360000000000e-01
v 4.373333333333e-01 0.000000000000e+00 -7.360000000000e-01
v 4.586666666667e-01 0.000000000000e+00 -7.786666666667e-01
v 4.373333333333e-01 0.000000000000e+00 -7.786666666667e-01
v 4.586666666667e-01 0.000000000000e+00 -6.720000000000e-01
v 4.586666666667e-01 0.000000000000e+00 -5.866666666667e-01
v 5.013333333333e-01 0.000000000000e+00 -5.866666666667e-01
v 4.800000000000e-01 0.000000000000e+00 -5.866666666667e-01
v 4.800000000000e-01 0.000000000000e+00 -6.720000000000e-01
v 4.586666666667e-01 0.000000000000e+00 -6.080000000000e-01
v 5.013333333333e-01 0.000000000000e+00 -6.720000000000e-01
v 4.800000000000e-01 0.000000000000e+00 -6.080000000000e-01
v 5.013333333333e-01 0.000000000000e+00 -6.080000000000e-01
v 5.013333333333e-01 0.000000000000e+00 -6.506666666667e-01
v 4.800000000000e-01 0.000000000000e+00 -6.293333333333e-01
v 4.586666666667e-01 0.000000000000e+00 -6.293333333333e-01
v 4.586666666667e-01 0.000000000000e+00 -6.506666666667e-01
v 4.800000000000e-01 0.000000000000e+00 -6.506666666667e-01
v 5.013333333333e-01 0.000000000000e+00 -6.293333333333e-01
v 4.586666666667e-01 0.000000000000e+00 -4.586666666667e-01
v 3.946666666667e-01 0.000000000000e+00 -4.800000000000e-01
v 4.160000000000e-01 0.000000000000e+00 -4.800000000000e-01
v 4.373333333333e-01 0.000000000000e+00 -4.800000000000e-01
v 4.586666666667e-01 0.000000000000e+00 -4.800000000000e-01
v 4.800000000000e-01 0.000000000000e+00 -4.800000000000e-01
v 4.800000000000e-01 0.000000000000e+00 -4.586666666667e-01
v 4.373333333333e-01 0.000000000000e+00 -4.586666666667e-01
v 4.160000000000e-01 0.000000000000e+00 -4.586666666667e-01
v 3.946666666667e-01 0.000000000000e+00 -4.586666666667e-01
v 4.160000000000e-01 0.000000000000e+00 -5.013333333333e-01
v 4.586666666667e-01 0.000000000000e+00 -4.373333333333e-01
v 4.373333333333e-01 0.000000000000e+00 -4.373333333333e-01
v 4.160000000000e-01 0.000000000000e+00 -4.373333333333e-01
v 3.946666666667e-01 0.000000000000e+00 -4.373333333333e-01
v 4.800000000000e-01 0.000000000000e+00 -5.440000000000e-01
v 5.013333333333e-01 0.000000000000e+00 -5.440000000000e-01
v 5.013333333333e-01 0.000000000000e+00 -5.226666666667e-01
v 4.800000000000e-01 0.000000000000e+00 -5.226666666667e-01
v 4.373333333333e-01 0.000000000000e+00 -5.226666666667e-01
v 4.800000000000e-01 0.000000000000e+00 -5.653333333333e-01
v 5.013333333333e-01 0.000000000000e+00 -5.653333333333e-01
v 4.586666666667e-01 0.000000000000e+00 -5.653333333333e-01
v 4.800000000000e-01 0.000000000000e+00 -5.013333333333e-01
v 5.013333333333e-01 0.000000000000e+00 -5.013333333333e-01
v 4.586666666667e-01 0.000000000000e+00 -5.226666666667e-01
v 4.373333333333e-01 0.000000000000e+00 -5.013333333333e-01
v 4.586666666667e-01 0.000000000000e+00 -5.013333333333e-01
v 4.373333333333e-01 0.000000000000e+00 -5.440000000000e-01
v 4.586666666667e-01 0.000000000000e+00 -5.440000000000e-01
v 3.306666666667e-01 0.000000000000e+00 -5.866666666667e-01
v 3.306666666667e-01 0.000000000000e+00 -5.653333333333e-01
v 3.306666666667e-01 0.000000000000e+00 -5.226666666667e-01
v 3.093333333333e-01 0.000000000000e+00 -5.226666666667e-01
v 2.880000000000e-01 0.000000000000e+00 -5.226666666667e-01
v 3.306666666667e-01 0.000000000000e+00 -5.013333333333e-01
v 3.093333333333e-01 0.000000000000e+00 -5.013333333333e-01
v 2.880000000000e-01 0.000000000000e+00 -5.013333333333e-01
v 3.520000000000e-01 0.000000000000e+00 -5.653333333333e-01
v 3.093333333333e-01 0.000000000000e+00 -5.653333333333e-01
v 2.880000000000e-01 0.000000000000e+00 -5.440000000000e-01
v 3.093333333333e-01 0.000000000000e+00 -5.440000000000e-01
v 3.306666666667e-01 0.000000000000e+00 -5.440000000000e-01
v 3.520000000000e-01 0.000000000000e+00 -5.440000000000e-01
v 3.520000000000e-01 0.000000000000e+00 -5.866666666667e-01
v 3.733333333333e-01 0.000000000000e+00 -6.080000000000e-01
v 4.373333333333e-01 0.000000000000e+00 -6.293333333333e-01
v 4.373333333333e-01 0.000000000000e+00 -5.866666666667e-01
v 4.160000000000e-01 0.000000000000e+00 -5.653333333333e-01
v 4.373333333333e-01 0.000000000000e+00 -5.653333333333e-01
v 4.160000000000e-01 0.000000000000e+00 -6.293333333333e-01
v 3.946666666667e-01 0.000000000000e+00 -6.293333333333e-01
v 3.733333333333e-01 0.000000000000e+00 -5.866666666667e-01
v 3.946666666667e-01 0.000000000000e+00 -5.866666666667e-01
v 4.160000000000e-01 0.000000000000e+00 -5.866666666667e-01
v 4.160000000000e-01 0.000000000000e+00 -6.506666666667e-01
v 4.373333333333e-01 0.000000000000e+00 -6.506666666667e-01
v 4.373333333333e-01 0.000000000000e+00 -6.080000000000e-01
v 4.160000000000e-01 0.000000000000e+00 -6.080000000000e-01
v 3.946666666667e-01 0.000000000000e+00 -6.080000000000e-01
v 3.733333333333e-01 0.000000000000e+00 -5.440000000000e-01
v 3.520000000000e-01 0.000000000000e+00 -5.013333333333e-01
v 3.733333333333e-01 0.000000000000e+00 -5.013333333333e-01
v 3.946666666667e-01 0.000000000000e+00 -5.013333333333e-01
v 4.160000000000e-01 0.000000000000e+00 -5.440000000000e-01
v 3.733333333333e-01 0.000000000000e+00 -4.800000000000e-01
v 3.733333333333e-01 0.000000000000e+00 -4.586666666667e-01
v 3.946666666667e-01 0.000000000000e+00 -5.440000000000e-01
v 3.520000000000e-01 0.000000000000e+00 -4.800000000000e-01
v 3.733333333333e-01 0.000000000000e+00 -5.653333333333e-01
v 3.946666666667e-01 0.000000000000e+00 -5.653333333333e-01
v 3.520000000000e-01 0.000000000000e+00 -5.226666666667e-01
v 3.733333333333e-01 0.000000000000e+00 -5.226666666667e-01
v 3.946666666667e-01 0.000000000000e+00 -5.226666666667e-01
v 4.160000000000e-01 0.000000000000e+00 -5.226666666667e-01
v 3.520000000000e-01 0.000000000000e+00 -4.586666666667e-01
v 6.080000000000e-01 0.000000000000e+00 -2.880000000000e-01
v 6.293333333333e-01 0.000000000000e+00 -2.880000000000e-01
v 6.506666666667e-01 0.000000000000e+00 -2.880000000000e-01
v 6.506666666667e-01 0.000000000000e+00 -3.306666666667e-01
v 6.506666666667e-01 0.000000000000e+00 -2.666666666667e-01
v 6.720000000000e-01 0.000000000000e+00 -3.306666666667e-01
v 6.720000000000e-01 0.000000000000e+00 -2.880000000000e-01
v 6.720000000000e-01 0.000000000000e+00 -3.520000000000e-01
v 6.293333333333e-01 0.000000000000e+00 -3.093333333333e-01
v 6.080000000000e-01 0.000000000000e+00 -2.666666666667e-01
v 6.293333333333e-01 0.000000000000e+00 -2.666666666667e-01
v 6.720000000000e-01 0.000000000000e+00 -2.666666666667e-01
v 6.506666666667e-01 0.000000000000e+00 -3.093333333333e-01
v 6.720000000000e-01 0.000000000000e+00 -3.093333333333e-01
v 6.293333333333e-01 0.000000000000e+00 -1.813333333333e-01
v 6.506666666667e-01 0.000000000000e+00 -2.026666666667e-01
v 6.293333333333e-01 0.000000000000e+00 -2.026666666667e-01
v 6.080000000000e-01 0.000000000000e+00 -2.026666666667e-01
v 6.293333333333e-01 0.000000000000e+00 -1.600000000000e-01
v 6.080000000000e-01 0.000000000000e+00 -1.600000000000e-01
v 5.866666666667e-01 0.000000000000e+00 -1.600000000000e-01
v 6.720000000000e-01 0.000000000000e+00 -2.240000000000e-01
v 6.720000000000e-01 0.000000000000e+00 -2.453333333333e-01
v 6.293333333333e-01 0.000000000000e+00 -2.240000000000e-01
v 6.506666666667e-01 0.000000000000e+00 -2.240000000000e-01
v 6.080000000000e-01 0.000000000000e+00 -1.813333333333e-01
v 6.506666666667e-01 0.000000000000e+00 -1.813333333333e-01
v 5.866666666667e-01 0.000000000000e+00 -1.813333333333e-01
v 6.506666666667e-01 0.000000000000e+00 -2.453333333333e-01
v 5.866666666667e-01 0.000000000000e+00 -2.240000000000e-01
v 6.080000000000e-01 0.000000000000e+00 -2.240000000000e-01
v 5.226666666667e-01 0.000000000000e+00 -2.026666666667e-01
v 5.866666666667e-01 0.000000000000e+00 -2.026666666667e-01
v 5.866666666667e-01 0.000000000000e+00 -2.666666666667e-01
v 5.653333333333e-01 0.000000000000e+00 -2.026666666667e-01
v 5.653333333333e-01 0.000000000000e+00 -2.240000000000e-01
v 5.226666666667e-01 0.000000000000e+00 -2.240000000000e-01
v 5.440000000000e-01 0.000000000000e+00 -2.026666666667e-01
v 6.293333333333e-01 0.000000000000e+00 -2.453333333333e-01
v 5.653333333333e-01 0.000000000000e+00 -2.453333333333e-01
v 5.866666666667e-01 0.000000000000e+00 -2.453333333333e-01
v 6.080000000000e-01 0.000000000000e+00 -2.453333333333e-01
v 5.440000000000e-01 0.000000000000e+00 -2.240000000000e-01
v 5.866666666667e-01 0.000000000000e+00 -1.386666666667e-01
v 6.506666666667e-01 0.000000000000e+00 -1.386666666667e-01
v 5.866666666667e-01 0.000000000000e+00 -9.600000000000e-02
v 6.506666666667e-01 0.000000000000e+00 -1.600000000000e-01
v 6.080000000000e-01 0.000000000000e+00 -1.173333333333e-01
v 5.866666666667e-01 0.000000000000e+00 -7.466666666667e-02
v 6.080000000000e-01 0.000000000000e+00 -7.466666666667e-02
v 5.866666666667e-01 0.000000000000e+00 -1.173333333333e-01
v 6.293333333333e-01 0.000000000000e+00 -9.600000000000e-02
v 6.080000000000e-01 0.000000000000e+00 -9.600000000000e-02
v 6.293333333333e-01 0.000000000000e+00 -1.386666666667e-01
v 6.080000000000e-01 0.000000000000e+00 -1.386666666667e-01
v 6.506666666667e-01 0.000000000000e+00 -1.173333333333e-01
v 6.293333333333e-01 0.000000000000e+00 -1.173333333333e-01
v 5.440000000000e-01 0.000000000000e+00 -1.813333333333e-01
v 5.226666666667e-01 0.000000000000e+00 -1.813333333333e-01
v 5.653333333333e-01 0.000000000000e+00 -1.386666666667e-01
v 5.440000000000e-01 0.000000000000e+00 -1.386666666667e-01
v 5.440000000000e-01 0.000000000000e+00 -1.600000000000e-01
v 5.013333333333e-01 0.000000000000e+00 -1.386666666667e-01
v 5.653333333333e-01 0.000000000000e+00 -1.600000000000e-01
v 5.226666666667e-01 0.000000000000e+00 -1.386666666667e-01
v 5.013333333333e-01 0.000000000000e+00 -1.600000000000e-01
v 5.226666666667e-01 0.000000000000e+00 -1.600000000000e-01
v 5.013333333333e-01 0.000000000000e+00 -9.600000000000e-02
v 5.013333333333e-01 0.000000000000e+00 -1.173333333333e-01
v 4.800000000000e-01 0.000000000000e+00 -9.600000000000e-02
v 5.226666666667e-01 0.000000000000e+00 -1.173333333333e-01
v 5.653333333333e-01 0.000000000000e+00 -1.813333333333e-01
v 5.226666666667e-01 0.000000000000e+00 -5.333333333333e-02
v 4.800000000000e-01 0.000000000000e+00 -5.333333333333e-02
v 5.653333333333e-01 0.000000000000e+00 -7.466666666667e-02
v 5.013333333333e-01 0.000000000000e+00 -3.200000000000e-02
v 4.800000000000e-01 0.000000000000e+00 -3.200000000000e-02
v 5.653333333333e-01 0.000000000000e+00 -1.173333333333e-01
v 5.440000000000e-01 0.000000000000e+00 -7.466666666667e-02
v 5.226666666667e-01 0.000000000000e+00 -7.466666666667e-02
v 5.013333333333e-01 0.000000000000e+00 -5.333333333333e-02
v 5.013333333333e-01 0.000000000000e+00 -7.466666666667e-02
v 5.440000000000e-01 0.000000000000e+00 -9.600000000000e-02
v 5.440000000000e-01 0.000000000000e+00 -1.173333333333e-01
v 5.226666666667e-01 0.000000000000e+00 -9.600000000000e-02
v 5.440000000000e-01 0.000000000000e+00 -5.333333333333e-02
v 5.653333333333e-01 0.000000000000e+00 -9.600000000000e-02
v 8.000000000000e-01 0.000000000000e+00 -3.093333333333e-01
v 7.786666666667e-01 0.000000000000e+00 -3.093333333333e-01
v 8.000000000000e-01 0.000000000000e+00 -3.306666666667e-01
v 7.573333333333e-01 0.000000000000e+00 -2.453333333333e-01
v 7.360000000000e-01 0.000000000000e+00 -2.453333333333e-01
v 7.146666666667e-01 0.000000000000e+00 -2.453333333333e-01
v 8.000000000000e-01 0.000000000000e+00 -2.666666666667e-01
v 7.786666666667e-01 0.000000000000e+00 -2.666666666667e-01
v 7.573333333333e-01 0.000000000000e+00 -2.666666666667e-01
v 7.360000000000e-01 0.000000000000e+00 -2.666666666667e-01
v 8.000000000000e-01 0.000000000000e+00 -2.880000000000e-01
v 7.786666666667e-01 0.000000000000e+00 -2.880000000000e-01
v 7.573333333333e-01 0.000000000000e+00 -2.880000000000e-01
v 8.000000000000e-01 0.000000000000e+00 -2.453333333333e-01
v 7.786666666667e-01 0.000000000000e+00 -2.453333333333e-01
v 6.933333333333e-01 0.000000000000e+00 -2.453333333333e-01
v 6.933333333333e-01 0.000000000000e+00 -2.880000000000e-01
v 6.933333333333e-01 0.000000000000e+00 -2.666666666667e-01
v 7.146666666667e-01 0.000000000000e+00 -2.666666666667e-01
v 7.360000000000e-01 0.000000000000e+00 -2.880000000000e-01
v 7.146666666667e-01 0.000000000000e+00 -3.520000000000e-01
v 7.146666666667e-01 0.000000000000e+00 -3.306666666667e-01
v 6.933333333333e-01 0.000000000000e+00 -3.306666666667e-01
v 7.146666666667e-01 0.000000000000e+00 -2.880000000000e-01
v 7.573333333333e-01 0.000000000000e+00 -3.093333333333e-01
v 7.360000000000e-01 0.000000000000e+00 -3.093333333333e-01
v 7.146666666667e-01 0.000000000000e+00 -3.093333333333e-01
v 6.933333333333e-01 0.000000000000e+00 -3.093333333333e-01
v 6.933333333333e-01 0.000000000000e+00 -3.520000000000e-01
v 7.360000000000e-01 0.000000000000e+00 -3.733333333333e-01
v 8.000000000000e-01 0.000000000000e+00 -4.160000000000e-01
v 7.786666666667e-01 0.000000000000e+00 -3.306666666667e-01
v 7.573333333333e-01 0.000000000000e+00 -3.946666666667e-01
v 7.573333333333e-01 0.000000000000e+00 -3.306666666667e-01
v 7.360000000000e-01 0.000000000000e+00 -3.306666666667e-01
v 7.360000000000e-01 0.000000000000e+00 -3.520000000000e-01
v 7.786666666667e-01 0.000000000000e+00 -3.946666666667e-01
v 8.000000000000e-01 0.000000000000e+00 -3.946666666667e-01
v 7.786666666667e-01 0.000000000000e+00 -3.520000000000e-01
v 7.573333333333e-01 0.000000000000e+00 -3.733333333333e-01
v 7.786666666667e-01 0.000000000000e+00 -3.733333333333e-01
v 8.000000000000e-01 0.000000000000e+00 -3.733333333333e-01
v 7.573333333333e-01 0.000000000000e+00 -3.520000000000e-01
v 8.000000000000e-01 0.000000000000e+00 -3.520000000000e-01
v 6.720000000000e-01 0.000000000000e+00 -1.600000000000e-01
v 7.146666666667e-01 0.000000000000e+00 -2.026666666667e-01
v 6.933333333333e-01 0.000000000000e+00 -2.026666666667e-01
v 6.720000000000e-01 0.000000000000e+00 -2.026666666667e-01
v 7.573333333333e-01 0.000000000000e+00 -2.026666666667e-01
v 6.720000000000e-01 0.000000000000e+00 -1.813333333333e-01
v 7.360000000000e-01 0.000000000000e+00 -2.026666666667e-01
v 7.360000000000e-01 0.000000000000e+00 -1.813333333333e-01
v 6.933333333333e-01 0.000000000000e+00 -1.813333333333e-01
v 6.933333333333e-01 0.000000000000e+00 -2.240000000000e-01
v 7.146666666667e-01 0.000000000000e+00 -1.813333333333e-01
v 7.146666666667e-01 0.000000000000e+00 -2.240000000000e-01
v 7.360000000000e-01 0.000000000000e+00 -2.240000000000e-01
v 7.573333333333e-01 0.000000000000e+00 -2.240000000000e-01
v 6.933333333333e-01 0.000000000000e+00 -1.600000000000e-01
v 7.146666666667e-01 0.000000000000e+00 -1.173333333333e-01
v 7.360000000000e-01 0.000000000000e+00 -1.173333333333e-01
v 7.360000000000e-01 0.000000000000e+00 -1.600000000000e-01
v 7.146666666667e-01 0.000000000000e+00 -1.386666666667e-01
v 7.360000000000e-01 0.000000000000e+00 -1.386666666667e-01
v 6.720000000000e-01 0.000000000000e+00 -9.600000000000e-02
v 7.146666666667e-01 0.000000000000e+00 -1.600000000000e-01
v 6.720000000000e-01 0.000000000000e+00 -1.386666666667e-01
v 6.933333333333e-01 0.000000000000e+00 -1.386666666667e-01
v 6.933333333333e-01 0.000000000000e+00 -9.600000000000e-02
v 6.933333333333e-01 0.000000000000e+00 -1.173333333333e-01
v 6.720000000000e-01 0.000000000000e+00 -1.173333333333e-01
v 6.506666666667e-01 0.000000000000e+00 -9.600000000000e-02
v 7.146666666667e-01 0.000000000000e+00 -9.600000000000e-02
v 7.573333333333e-01 0.000000000000e+00 -1.173333333333e-01
v 7.786666666667e-01 0.000000000000e+00 -2.240000000000e-01
v 7.786666666667e-01 0.000000000000e+00 -1.813333333333e-01
v 8.000000000000e-01 0.000000000000e+00 -2.240000000000e-01
v 7.573333333333e-01 0.000000000000e+00 -1.386666666667e-01
v 8.000000000000e-01 0.000000000000e+00 -2.026666666667e-01
v 8.000000000000e-01 0.000000000000e+00 -1.813333333333e-01
v 7.786666666667e-01 0.000000000000e+00 -1.386666666667e-01
v 8.000000000000e-01 0.000000000000e+00 -1.386666666667e-01
v 7.573333333333e-01 0.000000000000e+00 -1.813333333333e-01
v 7.573333333333e-01 0.000000000000e+00 -1.600000000000e-01
v 8.000000000000e-01 0.000000000000e+00 -1.600000000000e-01
v 7.786666666667e-01 0.000000000000e+00 -1.600000000000e-01
v 7.786666666667e-01 0.000000000000e+00 -2.026666666667e-01
v 7.786666666667e-01 0.000000000000e+00 -1.173333333333e-01
v 5.866666666667e-01 0.000000000000e+00 -3.200000000000e-02
v 5.653333333333e-01 0.000000000000e+00 -3.200000000000e-02
v 6.080000000000e-01 0.000000000000e+00 -1.066666666667e-02
v 5.866666666667e-01 0.000000000000e+00 -1.066666666667e-02
v 6.506666666667e-01 0.000000000000e+00 -5.333333333333e-02
v 6.293333333333e-01 0.000000000000e+00 -5.333333333333e-02
v 6.293333333333e-01 0.000000000000e+00 -1.066666666667e-02
v 6.080000000000e-01 0.000000000000e+00 -5.333333333333e-02
v 5.866666666667e-01 0.000000000000e+00 -5.333333333333e-02
v 5.653333333333e-01 0.000000000000e+00 -5.333333333333e-02
v 6.293333333333e-01 0.000000000000e+00 -3.200000000000e-02
v 6.080000000000e-01 0.000000000000e+00 -3.200000000000e-02
v 5.653333333333e-01 0.000000000000e+00 -1.066666666667e-02
v 6.293333333333e-01 0.000000000000e+00 -7.466666666667e-02
v 6.506666666667e-01 0.000000000000e+00 -7.466666666667e-02
v 5.866666666667e-01 0.000000000000e+00 9.600000000000e-02
v 6.080000000000e-01 0.000000000000e+00 9.600000000000e-02
v 5.226666666667e-01 0.000000000000e+00 1.173333333333e-01
v 5.440000000000e-01 0.000000000000e+00 1.173333333333e-01
v 6.080000000000e-01 0.000000000000e+00 1.173333333333e-01
v 5.866666666667e-01 0.000000000000e+00 1.173333333333e-01
v 5.440000000000e-01 0.000000000000e+00 9.600000000000e-02
v 5.653333333333e-01 0.000000000000e+00 9.600000000000e-02
v 5.653333333333e-01 0.000000000000e+00 1.173333333333e-01
v 5.226666666667e-01 0.000000000000e+00 1.386666666667e-01
v 5.440000000000e-01 0.000000000000e+00 1.386666666667e-01
v 5.653333333333e-01 0.000000000000e+00 1.386666666667e-01
v 5.866666666667e-01 0.000000000000e+00 1.386666666667e-01
v 6.080000000000e-01 0.000000000000e+00 1.386666666667e-01
v 6.293333333333e-01 0.000000000000e+00 1.066666666667e-02
v 6.080000000000e-01 0.000000000000e+00 1.066666666667e-02
v 5.866666666667e-01 0.000000000000e+00 1.066666666667e-02
v 6.293333333333e-01 0.000000000000e+00 5.333333333333e-02
v 5.653333333333e-01 0.000000000000e+00 7.466666666667e-02
v 5.866666666667e-01 0.000000000000e+00 7.466666666667e-02
v 6.080000000000e-01 0.000000000000e+00 7.466666666667e-02
v 6.080000000000e-01 0.000000000000e+00 5.333333333333e-02
v 5.653333333333e-01 0.000000000000e+00 1.066666666667e-02
v 5.866666666667e-01 0.000000000000e+00 5.333333333333e-02
v 5.653333333333e-01 0.000000000000e+00 5.333333333333e-02
v 6.293333333333e-01 0.000000000000e+00 3.200000000000e-02
v 6.080000000000e-01 0.000000000000e+00 3.200000000000e-02
v 5.866666666667e-01 0.000000000000e+00 3.200000000000e-02
v 5.653333333333e-01 0.000000000000e+00 3.200000000000e-02
v 5.440000000000e-01 0.000000000000e+00 -3.200000000000e-02
v 5.013333333333e-01 0.000000000000e+00 3.200000000000e-02
v 4.800000000000e-01 0.000000000000e+00 3.200000000000e-02
v 4.586666666667e-01 0.000000000000e+00 3.200000000000e-02
v 4.800000000000e-01 0.000000000000e+00 5.333333333333e-02
v 4.586666666667e-01 0.000000000000e+00 5.333333333333e-02
v 5.226666666667e-01 0.000000000000e+00 -1.066666666667e-02
v 5.013333333333e-01 0.000000000000e+00 -1.066666666667e-02
v 4.800000000000e-01 0.000000000000e+00 -1.066666666667e-02
v 5.440000000000e-01 0.000000000000e+00 -1.066666666667e-02
v 5.226666666667e-01 0.000000000000e+00 1.066666666667e-02
v 5.013333333333e-01 0.000000000000e+00 1.066666666667e-02
v 4.800000000000e-01 0.000000000000e+00 1.066666666667e-02
v 4.586666666667e-01 0.000000000000e+00 1.066666666667e-02
v 5.226666666667e-01 0.000000000000e+00 -3.200000000000e-02
v 4.160000000000e-01 0.000000000000e+00 1.386666666667e-01
v 4.373333333333e-01 0.000000000000e+00 9.600000000000e-02
v 4.800000000000e-01 0.000000000000e+00 1.173333333333e-01
v 4.373333333333e-01 0.000000000000e+00 1.386666666667e-01
v 5.013333333333e-01 0.000000000000e+00 1.173333333333e-01
v 4.373333333333e-01 0.000000000000e+00 1.600000000000e-01
v 4.160000000000e-01 0.000000000000e+00 1.173333333333e-01
v 4.373333333333e-01 0.000000000000e+00 1.173333333333e-01
v 4.586666666667e-01 0.000000000000e+00 1.173333333333e-01
v 4.586666666667e-01 0.000000000000e+00 1.386666666667e-01
v 4.800000000000e-01 0.000000000000e+00 1.600000000000e-01
v 4.586666666667e-01 0.000000000000e+00 1.600000000000e-01
v 4.160000000000e-01 0.000000000000e+00 1.600000000000e-01
v 5.013333333333e-01 0.000000000000e+00 1.386666666667e-01
v 4.800000000000e-01 0.000000000000e+00 1.386666666667e-01
v 5.440000000000e-01 0.000000000000e+00 7.466666666667e-02
v 4.586666666667e-01 0.000000000000e+00 9.600000000000e-02
v 4.800000000000e-01 0.000000000000e+00 9.600000000000e-02
v 5.013333333333e-01 0.000000000000e+00 9.600000000000e-02
v 5.440000000000e-01 0.000000000000e+00 1.066666666667e-02
v 4.800000000000e-01 0.000000000000e+00 7.466666666667e-02
v 5.226666666667e-01 0.000000000000e+00 7.466666666667e-02
v 5.013333333333e-01 0.000000000000e+00 7.466666666667e-02
v 5.226666666667e-01 0.000000000000e+00 5.333333333333e-02
v 5.226666666667e-01 0.000000000000e+00 3.200000000000e-02
v 5.440000000000e-01 0.000000000000e+00 3.200000000000e-02
v 4.586666666667e-01 0.000000000000e+00 7.466666666667e-02
v 5.440000000000e-01 0.000000000000e+00 5.333333333333e-02
v 5.226666666667e-01 0.000000000000e+00 9.600000000000e-02
v 5.013333333333e-01 0.000000000000e+00 5.333333333333e-02
v 6.720000000000e-01 0.000000000000e+00 -1.066666666667e-02
v 6.506666666667e-01 0.000000000000e+00 -1.066666666667e-02
v 6.506666666667e-01 0.000000000000e+00 1.066666666667e-02
v 6.720000000000e-01 0.000000000000e+00 -5.333333333333e-02
v 6.933333333333e-01 0.000000000000e+00 -5.333333333333e-02
v 6.506666666667e-01 0.000000000000e+00 -3.200000000000e-02
v 6.720000000000e-01 0.000000000000e+00 -7.466666666667e-02
v 6.933333333333e-01 0.000000000000e+00 -1.066666666667e-02
v 6.720000000000e-01 0.000000000000e+00 3.200000000000e-02
v 6.720000000000e-01 0.000000000000e+00 1.066666666667e-02
v 6.720000000000e-01 0.000000000000e+00 -3.200000000000e-02
v 6.933333333333e-01 0.000000000000e+00 -3.200000000000e-02
v 6.506666666667e-01 0.000000000000e+00 3.200000000000e-02
v 6.933333333333e-01 0.000000000000e+00 -7.466666666667e-02
v 6.933333333333e-01 0.000000000000e+00 1.066666666667e-02
v 7.360000000000e-01 0.000000000000e+00 3.200000000000e-02
v 7.146666666667e-01 0.000000000000e+00 -1.066666666667e-02
v 7.360000000000e-01 0.000000000000e+00 -1.066666666667e-02
v 7.573333333333e-01 0.000000000000e+00 1.066666666667e-02
v 7.360000000000e-01 0.000000000000e+00 1.066666666667e-02
v 7.146666666667e-01 0.000000000000e+00 1.066666666667e-02
v 7.146666666667e-01 0.000000000000e+00 3.200000000000e-02
v 8.000000000000e-01 0.000000000000e+00 -1.066666666667e-02
v 7.786666666667e-01 0.000000000000e+00 -1.066666666667e-02
v 7.573333333333e-01 0.000000000000e+00 -1.066666666667e-02
v 8.000000000000e-01 0.000000000000e+00 -3.200000000000e-02
v 7.786666666667e-01 0.000000000000e+00 -3.200000000000e-02
v 7.573333333333e-01 0.000000000000e+00 -3.200000000000e-02
v 6.933333333333e-01 0.000000000000e+00 3.200000000000e-02
v 8.000000000000e-01 0.000000000000e+00 -5.333333333333e-02
v 7.146666666667e-01 0.000000000000e+00 -5.333333333333e-02
v 8.000000000000e-01 0.000000000000e+00 -7.466666666667e-02
v 8.000000000000e-01 0.000000000000e+00 -1.173333333333e-01
v 7.360000000000e-01 0.000000000000e+00 -9.600000000000e-02
v 7.146666666667e-01 0.000000000000e+00 -7.466666666667e-02
v 8.000000000000e-01 0.000000000000e+00 -9.600000000000e-02
v 7.786666666667e-01 0.000000000000e+00 -9.600000000000e-02
v 7.573333333333e-01 0.000000000000e+00 -9.600000000000e-02
v 7.146666666667e-01 0.000000000000e+00 -3.200000000000e-02
v 7.786666666667e-01 0.000000000000e+00 -5.333333333333e-02
v 7.573333333333e-01 0.000000000000e+00 -5.333333333333e-02
v 7.360000000000e-01 0.000000000000e+00 -7.466666666667e-02
v 7.573333333333e-01 0.000000000000e+00 -7.466666666667e-02
v 7.786666666667e-01 0.000000000000e+00 -7.466666666667e-02
v 7.360000000000e-01 0.000000000000e+00 -3.200000000000e-02
v 7.360000000000e-01 0.000000000000e+00 -5.333333333333e-02
v 6.720000000000e-01 0.000000000000e+00 5.333333333333e-02
v 6.506666666667e-01 0.000000000000e+00 5.333333333333e-02
v 6.506666666667e-01 0.000000000000e+00 1.173333333333e-01
v 6.506666666667e-01 0.000000000000e+00 9.600000000000e-02
v 6.720000000000e-01 0.000000000000e+00 9.600000000000e-02
v 6.720000000000e-01 0.000000000000e+00 1.173333333333e-01
v 6.293333333333e-01 0.000000000000e+00 1.173333333333e-01
v 6.293333333333e-01 0.000000000000e+00 9.600000000000e-02
v 6.506666666667e-01 0.000000000000e+00 7.466666666667e-02
v 6.293333333333e-01 0.000000000000e+00 7.466666666667e-02
v 6.293333333333e-01 0.000000000000e+00 1.386666666667e-01
v 6.506666666667e-01 0.000000000000e+00 1.386666666667e-01
v 6.720000000000e-01 0.000000000000e+00 1.386666666667e-01
v 6.933333333333e-01 0.000000000000e+00 5.333333333333e-02
v 6.720000000000e-01 0.000000000000e+00 7.466666666667e-02
v 7.360000000000e-01 0.000000000000e+00 5.333333333333e-02
v 7.573333333333e-01 0.000000000000e+00 5.333333333333e-02
v 7.786666666667e-01 0.000000000000e+00 5.333333333333e-02
v 8.000000000000e-01 0.000000000000e+00 5.333333333333e-02
v 7.786666666667e-01 0.000000000000e+00 1.066666666667e-02
v 8.000000000000e-01 0.000000000000e+00 1.066666666667e-02
v 6.933333333333e-01 0.000000000000e+00 7.466666666667e-02
v 7.146666666667e-01 0.000000000000e+00 7.466666666667e-02
v 7.573333333333e-01 0.000000000000e+00 7.466666666667e-02
v 7.360000000000e-01 0.000000000000e+00 7.466666666667e-02
v 6.933333333333e-01 0.000000000000e+00 9.600000000000e-02
v 7.573333333333e-01 0.000000000000e+00 3.200000000000e-02
v 7.786666666667e-01 0.000000000000e+00 3.200000000000e-02
v 8.000000000000e-01 0.000000000000e+00 3.200000000000e-02
v 7.146666666667e-01 0.000000000000e+00 5.333333333333e-02
v 7.360000000000e-01 0.000000000000e+00 9.600000000000e-02
v 7.786666666667e-01 0.000000000000e+00 1.173333333333e-01
v 8.000000000000e-01 0.000000000000e+00 9.600000000000e-02
v 7.786666666667e-01 0.000000000000e+00 9.600000000000e-02
v 7.573333333333e-01 0.000000000000e+00 9.600000000000e-02
v 7.360000000000e-01 0.000000000000e+00 1.386666666667e-01
v 7.146666666667e-01 0.000000000000e+00 1.386666666667e-01
v 6.933333333333e-01 0.000000000000e+00 1.386666666667e-01
v 8.000000000000e-01 0.000000000000e+00 7.466666666667e-02
v 7.786666666667e-01 0.000000000000e+00 7.466666666667e-02
v 7.146666666667e-01 0.000000000000e+00 9.600000000000e-02
v 6.933333333333e-01 0.000000000000e+00 1.173333333333e-01
v 7.146666666667e-01 0.000000000000e+00 1.173333333333e-01
v 7.360000000000e-01 0.000000000000e+00 1.173333333333e-01
v 7.573333333333e-01 0.000000000000e+00 1.173333333333e-01
v 4.160000000000e-01 0.000000000000e+00 -1.173333333333e-01
v 4.373333333333e-01 0.000000000000e+00 -1.173333333333e-01
v 4.586666666667e-01 0.000000000000e+00 -1.173333333333e-01
v 4.800000000000e-01 0.000000000000e+00 -1.173333333333e-01
v 3.733333333333e-01 0.000000000000e+00 -7.466666666667e-02
v 3.946666666667e-01 0.000000000000e+00 -7.466666666667e-02
v 4.160000000000e-01 0.000000000000e+00 -7.466666666667e-02
v 3.733333333333e-01 0.000000000000e+00 -1.173333333333e-01
v 4.800000000000e-01 0.000000000000e+00 -1.386666666667e-01
v 3.733333333333e-01 0.000000000000e+00 -9.600000000000e-02
v 3.946666666667e-01 0.000000000000e+00 -9.600000000000e-02
v 4.586666666667e-01 0.000000000000e+00 -9.600000000000e-02
v 4.373333333333e-01 0.000000000000e+00 -9.600000000000e-02
v 4.160000000000e-01 0.000000000000e+00 -9.600000000000e-02
v 3.946666666667e-01 0.000000000000e+00 -1.173333333333e-01
v 4.586666666667e-01 0.000000000000e+00 -2.026666666667e-01
v 4.586666666667e-01 0.000000000000e+00 -1.600000000000e-01
v 5.013333333333e-01 0.000000000000e+00 -2.240000000000e-01
v 4.800000000000e-01 0.000000000000e+00 -2.240000000000e-01
v 4.586666666667e-01 0.000000000000e+00 -2.240000000000e-01
v 4.373333333333e-01 0.000000000000e+00 -1.386666666667e-01
v 4.586666666667e-01 0.000000000000e+00 -1.386666666667e-01
v 5.013333333333e-01 0.000000000000e+00 -2.026666666667e-01
v 4.373333333333e-01 0.000000000000e+00 -1.813333333333e-01
v 4.373333333333e-01 0.000000000000e+00 -1.600000000000e-01
v 4.586666666667e-01 0.000000000000e+00 -1.813333333333e-01
v 4.800000000000e-01 0.000000000000e+00 -1.600000000000e-01
v 4.800000000000e-01 0.000000000000e+00 -1.813333333333e-01
v 5.013333333333e-01 0.000000000000e+00 -1.813333333333e-01
v 4.800000000000e-01 0.000000000000e+00 -2.026666666667e-01
v 4.160000000000e-01 0.000000000000e+00 -2.026666666667e-01
v 4.373333333333e-01 0.000000000000e+00 -2.026666666667e-01
v 3.733333333333e-01 0.000000000000e+00 -1.600000000000e-01
v 3.946666666667e-01 0.000000000000e+00 -1.600000000000e-01
v 4.373333333333e-01 0.000000000000e+00 -2.240000000000e-01
v 4.160000000000e-01 0.000000000000e+00 -1.386666666667e-01
v 3.946666666667e-01 0.000000000000e+00 -2.026666666667e-01
v 3.733333333333e-01 0.000000000000e+00 -1.386666666667e-01
v 3.946666666667e-01 0.000000000000e+00 -1.386666666667e-01
v 4.160000000000e-01 0.000000000000e+00 -1.600000000000e-01
v 4.160000000000e-01 0.000000000000e+00 -2.240000000000e-01
v 3.733333333333e-01 0.000000000000e+00 -1.813333333333e-01
v 3.946666666667e-01 0.000000000000e+00 -1.813333333333e-01
v 4.160000000000e-01 0.000000000000e+00 -1.813333333333e-01
v 3.093333333333e-01 0.000000000000e+00 -5.333333333333e-02
v 3.093333333333e-01 0.000000000000e+00 -3.200000000000e-02
v 2.880000000000e-01 0.000000000000e+00 -3.200000000000e-02
v 2.666666666667e-01 0.000000000000e+00 -3.200000000000e-02
v 3.520000000000e-01 0.000000000000e+00 -7.466666666667e-02
v 2.666666666667e-01 0.000000000000e+00 -5.333333333333e-02
v 3.306666666667e-01 0.000000000000e+00 -5.333333333333e-02
v 3.306666666667e-01 0.000000000000e+00 -7.466666666667e-02
v 2.666666666667e-01 0.000000000000e+00 -1.066666666667e-02
v 2.880000000000e-01 0.000000000000e+00 -5.333333333333e-02
v 3.306666666667e-01 0.000000000000e+00 -9.600000000000e-02
v 3.093333333333e-01 0.000000000000e+00 -7.466666666667e-02
v 2.880000000000e-01 0.000000000000e+00 -7.466666666667e-02
v 2.666666666667e-01 0.000000000000e+00 -7.466666666667e-02
v 3.520000000000e-01 0.000000000000e+00 -9.600000000000e-02
v 3.733333333333e-01 0.000000000000e+00 -2.240000000000e-01
v 3.093333333333e-01 0.000000000000e+00 -1.813333333333e-01
v 3.733333333333e-01 0.000000000000e+00 -2.026666666667e-01
v 2.880000000000e-01 0.000000000000e+00 -1.813333333333e-01
v 3.520000000000e-01 0.000000000000e+00 -2.240000000000e-01
v 2.666666666667e-01 0.000000000000e+00 -1.813333333333e-01
v 3.093333333333e-01 0.000000000000e+00 -2.240000000000e-01
v 3.306666666667e-01 0.000000000000e+00 -2.240000000000e-01
v 3.306666666667e-01 0.000000000000e+00 -1.813333333333e-01
v 3.520000000000e-01 0.000000000000e+00 -2.026666666667e-01
v 3.306666666667e-01 0.000000000000e+00 -2.026666666667e-01
v 3.520000000000e-01 0.000000000000e+00 -1.813333333333e-01
v 3.093333333333e-01 0.000000000000e+00 -2.026666666667e-01
v 2.880000000000e-01 0.000000000000e+00 -2.026666666667e-01
v 2.666666666667e-01 0.000000000000e+00 -1.600000000000e-01
v 2.880000000000e-01 0.000000000000e+00 -1.600000000000e-01
v 2.880000000000e-01 0.000000000000e+00 -9.600000000000e-02
v 3.520000000000e-01 0.000000000000e+00 -1.600000000000e-01
v 2.880000000000e-01 0.000000000000e+00 -1.173333333333e-01
v 2.666666666667e-01 0.000000000000e+00 -1.173333333333e-01
v 3.093333333333e-01 0.000000000000e+00 -9.600000000000e-02
v 3.093333333333e-01 0.000000000000e+00 -1.173333333333e-01
v 2.880000000000e-01 0.000000000000e+00 -1.386666666667e-01
v 3.306666666667e-01 0.000000000000e+00 -1.600000000000e-01
v 3.093333333333e-01 0.000000000000e+00 -1.600000000000e-01
v 3.093333333333e-01 0.000000000000e+00 -1.386666666667e-01
v 3.306666666667e-01 0.000000000000e+00 -1.386666666667e-01
v 3.306666666667e-01 0.000000000000e+00 -1.173333333333e-01
v 3.520000000000e-01 0.000000000000e+00 -1.173333333333e-01
v 2.666666666667e-01 0.000000000000e+00 -1.386666666667e-01
v 2.666666666667e-01 0.000000000000e+00 -9.600000000000e-02
v 3.520000000000e-01 0.000000000000e+00 -1.386666666667e-01
v 3.093333333333e-01 0.000000000000e+00 5.333333333333e-02
v 3.306666666667e-01 0.000000000000e+00 5.333333333333e-02
v 3.306666666667e-01 0.000000000000e+00 1.066666666667e-02
v 2.666666666667e-01 0.000000000000e+00 3.200000000000e-02
v 3.093333333333e-01 0.000000000000e+00 1.066666666667e-02
v 2.880000000000e-01 0.000000000000e+00 1.066666666667e-02
v 2.666666666667e-01 0.000000000000e+00 1.066666666667e-02
v 3.306666666667e-01 0.000000000000e+00 3.200000000000e-02
v 3.093333333333e-01 0.000000000000e+00 3.200000000000e-02
v 2.880000000000e-01 0.000000000000e+00 3.200000000000e-02
v 2.880000000000e-01 0.000000000000e+00 -1.066666666667e-02
v 3.093333333333e-01 0.000000000000e+00 -1.066666666667e-02
v 2.666666666667e-01 0.000000000000e+00 5.333333333333e-02
v 2.880000000000e-01 0.000000000000e+00 5.333333333333e-02
v 3.306666666667e-01 0.000000000000e+00 -1.066666666667e-02
v 3.520000000000e-01 0.000000000000e+00 -3.200000000000e-02
v 3.733333333333e-01 0.000000000000e+00 -3.200000000000e-02
v 3.946666666667e-01 0.000000000000e+00 1.066666666667e-02
v 3.946666666667e-01 0.000000000000e+00 -1.066666666667e-02
v 3.733333333333e-01 0.000000000000e+00 1.066666666667e-02
v 3.733333333333e-01 0.000000000000e+00 -5.333333333333e-02
v 3.733333333333e-01 0.000000000000e+00 -1.066666666667e-02
v 3.733333333333e-01 0.000000000000e+00 3.200000000000e-02
v 3.946666666667e-01 0.000000000000e+00 -3.200000000000e-02
v 3.946666666667e-01 0.000000000000e+00 -5.333333333333e-02
v 3.520000000000e-01 0.000000000000e+00 3.200000000000e-02
v 3.520000000000e-01 0.000000000000e+00 1.066666666667e-02
v 3.306666666667e-01 0.000000000000e+00 -3.200000000000e-02
v 3.520000000000e-01 0.000000000000e+00 5.333333333333e-02
v 3.520000000000e-01 0.000000000000e+00 -1.066666666667e-02
v 3.520000000000e-01 0.000000000000e+00 -5.333333333333e-02
v 4.586666666667e-01 0.000000000000e+00 -5.333333333333e-02
v 4.160000000000e-01 0.000000000000e+00 -5.333333333333e-02
v 4.373333333333e-01 0.000000000000e+00 -5.333333333333e-02
v 4.800000000000e-01 0.000000000000e+00 -7.466666666667e-02
v 4.373333333333e-01 0.000000000000e+00 1.066666666667e-02
v 4.160000000000e-01 0.000000000000e+00 1.066666666667e-02
v 4.586666666667e-01 0.000000000000e+00 -1.066666666667e-02
v 4.373333333333e-01 0.000000000000e+00 -1.066666666667e-02
v 4.586666666667e-01 0.000000000000e+00 -3.200000000000e-02
v 4.373333333333e-01 0.000000000000e+00 -7.466666666667e-02
v 4.373333333333e-01 0.000000000000e+00 -3.200000000000e-02
v 4.160000000000e-01 0.000000000000e+00 -3.200000000000e-02
v 4.160000000000e-01 0.000000000000e+00 -1.066666666667e-02
v 4.586666666667e-01 0.000000000000e+00 -7.466666666667e-02
v 2.666666666667e-01 0.000000000000e+00 9.600000000000e-02
v 3.093333333333e-01 0.000000000000e+00 7.466666666667e-02
v 2.666666666667e-01 0.000000000000e+00 1.600000000000e-01
v 2.880000000000e-01 0.000000000000e+00 1.600000000000e-01
v 2.880000000000e-01 0.000000000000e+00 9.600000000000e-02
v 3.093333333333e-01 0.000000000000e+00 9.600000000000e-02
v 2.880000000000e-01 0.000000000000e+00 7.466666666667e-02
v 2.666666666667e-01 0.000000000000e+00 1.813333333333e-01
v 3.093333333333e-01 0.000000000000e+00 1.173333333333e-01
v 2.880000000000e-01 0.000000000000e+00 1.173333333333e-01
v 2.666666666667e-01 0.000000000000e+00 1.386666666667e-01
v 2.666666666667e-01 0.000000000000e+00 7.466666666667e-02
v 2.880000000000e-01 0.000000000000e+00 1.386666666667e-01
v 3.093333333333e-01 0.000000000000e+00 1.386666666667e-01
v 2.666666666667e-01 0.000000000000e+00 1.173333333333e-01
v 4.373333333333e-01 0.000000000000e+00 5.333333333333e-02
v 4.160000000000e-01 0.000000000000e+00 5.333333333333e-02
v 3.946666666667e-01 0.000000000000e+00 5.333333333333e-02
v 3.733333333333e-01 0.000000000000e+00 5.333333333333e-02
v 4.373333333333e-01 0.000000000000e+00 3.200000000000e-02
v 4.160000000000e-01 0.000000000000e+00 3.200000000000e-02
v 3.946666666667e-01 0.000000000000e+00 3.200000000000e-02
v 3.733333333333e-01 0.000000000000e+00 7.466666666667e-02
v 3.946666666667e-01 0.000000000000e+00 1.173333333333e-01
v 3.733333333333e-01 0.000000000000e+00 1.173333333333e-01
v 4.160000000000e-01 0.000000000000e+00 9.600000000000e-02
v 3.946666666667e-01 0.000000000000e+00 9.600000000000e-02
v 3.733333333333e-01 0.000000000000e+00 9.600000000000e-02
v 4.373333333333e-01 0.000000000000e+00 7.466666666667e-02
v 4.160000000000e-01 0.000000000000e+00 7.466666666667e-02
v 3.946666666667e-01 0.000000000000e+00 7.466666666667e-02
v 3.733333333333e-01 0.000000000000e+00 1.386666666667e-01
v 3.306666666667e-01 0.000000000000e+00 1.600000000000e-01
v 3.520000000000e-01 0.000000000000e+00 1.600000000000e-01
v 3.306666666667e-01 0.000000000000e+00 1.386666666667e-01
v 3.520000000000e-01 0.000000000000e+00 1.386666666667e-01
v 3.946666666667e-01 0.000000000000e+00 1.386666666667e-01
v 3.520000000000e-01 0.000000000000e+00 9.600000000000e-02
v 3.306666666667e-01 0.000000000000e+00 9.600000000000e-02
v 3.520000000000e-01 0.000000000000e+00 7.466666666667e-02
v 3.306666666667e-01 0.000000000000e+00 7.466666666667e-02
v 3.520000000000e-01 0.000000000000e+00 1.173333333333e-01
v 3.306666666667e-01 0.000000000000e+00 1.173333333333e-01
v 3.946666666667e-01 0.000000000000e+00 1.600000000000e-01
v 3.733333333333e-01 0.000000000000e+00 1.600000000000e-01
v 3.093333333333e-01 0.000000000000e+00 1.600000000000e-01
v 5.333333333333e-02 0.000000000000e+00 7.466666666667e-02
v 5.333333333333e-02 0.000000000000e+00 3.200000000000e-02
v 1.066666666667e-02 0.000000000000e+00 9.600000000000e-02
v 7.466666666667e-02 0.000000000000e+00 3.200000000000e-02
v 7.466666666667e-02 0.000000000000e+00 7.466666666667e-02
v 1.066666666667e-02 0.000000000000e+00 7.466666666667e-02
v 3.200000000000e-02 0.000000000000e+00 7.466666666667e-02
v 3.200000000000e-02 0.000000000000e+00 9.600000000000e-02
v 5.333333333333e-02 0.000000000000e+00 9.600000000000e-02
v 3.200000000000e-02 0.000000000000e+00 3.200000000000e-02
v 3.200000000000e-02 0.000000000000e+00 1.173333333333e-01
v 1.066666666667e-02 0.000000000000e+00 1.173333333333e-01
v 7.466666666667e-02 0.000000000000e+00 5.333333333333e-02
v 5.333333333333e-02 0.000000000000e+00 5.333333333333e-02
v 3.200000000000e-02 0.000000000000e+00 5.333333333333e-02
v 1.066666666667e-02 0.000000000000e+00 5.333333333333e-02
v 9.600000000000e-02 0.000000000000e+00 -1.066666666667e-02
v 1.173333333333e-01 0.000000000000e+00 -1.066666666667e-02
v 9.600000000000e-02 0.000000000000e+00 -5.333333333333e-02
v 7.466666666667e-02 0.000000000000e+00 -5.333333333333e-02
v 1.386666666667e-01 0.000000000000e+00 -5.333333333333e-02
v 9.600000000000e-02 0.000000000000e+00 1.066666666667e-02
v 1.386666666667e-01 0.000000000000e+00 -3.200000000000e-02
v 7.466666666667e-02 0.000000000000e+00 1.066666666667e-02
v 7.466666666667e-02 0.000000000000e+00 -3.200000000000e-02
v 9.600000000000e-02 0.000000000000e+00 -3.200000000000e-02
v 1.173333333333e-01 0.000000000000e+00 -3.200000000000e-02
v 5.333333333333e-02 0.000000000000e+00 1.066666666667e-02
v 7.466666666667e-02 0.000000000000e+00 -1.066666666667e-02
v 1.173333333333e-01 0.000000000000e+00 -5.333333333333e-02
v 1.173333333333e-01 0.000000000000e+00 1.066666666667e-02
v 1.386666666667e-01 0.000000000000e+00 -1.066666666667e-02
v 1.600000000000e-01 0.000000000000e+00 -5.333333333333e-02
v 1.600000000000e-01 0.000000000000e+00 -1.066666666667e-02
v 1.813333333333e-01 0.000000000000e+00 -5.333333333333e-02
v 9.600000000000e-02 0.000000000000e+00 3.200000000000e-02
v 2.026666666667e-01 0.000000000000e+00 -5.333333333333e-02
v 1.813333333333e-01 0.000000000000e+00 -3.200000000000e-02
v 1.600000000000e-01 0.000000000000e+00 -3.200000000000e-02
v 9.600000000000e-02 0.000000000000e+00 5.333333333333e-02
v 1.173333333333e-01 0.000000000000e+00 3.200000000000e-02
v 2.026666666667e-01 0.000000000000e+00 -3.200000000000e-02
v 1.813333333333e-01 0.000000000000e+00 -1.066666666667e-02
v 1.386666666667e-01 0.000000000000e+00 1.066666666667e-02
v 2.026666666667e-01 0.000000000000e+00 -1.600000000000e-01
v 2.453333333333e-01 0.000000000000e+00 -9.600000000000e-02
v 2.026666666667e-01 0.000000000000e+00 -9.600000000000e-02
v 2.026666666667e-01 0.000000000000e+00 -1.386666666667e-01
v 2.240000000000e-01 0.000000000000e+00 -1.386666666667e-01
v 2.453333333333e-01 0.000000000000e+00 -1.386666666667e-01
v 2.240000000000e-01 0.000000000000e+00 -1.813333333333e-01
v 2.453333333333e-01 0.000000000000e+00 -1.813333333333e-01
v 2.240000000000e-01 0.000000000000e+00 -9.600000000000e-02
v 2.026666666667e-01 0.000000000000e+00 -1.173333333333e-01
v 2.240000000000e-01 0.000000000000e+00 -1.173333333333e-01
v 2.453333333333e-01 0.000000000000e+00 -1.173333333333e-01
v 2.240000000000e-01 0.000000000000e+00 -1.600000000000e-01
v 2.453333333333e-01 0.000000000000e+00 -1.600000000000e-01
v 2.240000000000e-01 0.000000000000e+00 -7.466666666667e-02
v 2.026666666667e-01 0.000000000000e+00 -7.466666666667e-02
v 7.466666666667e-02 0.000000000000e+00 -9.600000000000e-02
v 1.173333333333e-01 0.000000000000e+00 -7.466666666667e-02
v 1.173333333333e-01 0.000000000000e+00 -1.386666666667e-01
v 5.333333333333e-02 0.000000000000e+00 -9.600000000000e-02
v 7.466666666667e-02 0.000000000000e+00 -1.173333333333e-01
v 1.173333333333e-01 0.000000000000e+00 -1.600000000000e-01
v 9.600000000000e-02 0.000000000000e+00 -1.173333333333e-01
v 1.173333333333e-01 0.000000000000e+00 -1.173333333333e-01
v 9.600000000000e-02 0.000000000000e+00 -1.386666666667e-01
v 9.600000000000e-02 0.000000000000e+00 -1.600000000000e-01
v 9.600000000000e-02 0.000000000000e+00 -7.466666666667e-02
v 7.466666666667e-02 0.000000000000e+00 -7.466666666667e-02
v 1.173333333333e-01 0.000000000000e+00 -9.600000000000e-02
v 9.600000000000e-02 0.000000000000e+00 -9.600000000000e-02
v 1.813333333333e-01 0.000000000000e+00 -1.386666666667e-01
v 1.813333333333e-01 0.000000000000e+00 -1.600000000000e-01
v 1.600000000000e-01 0.000000000000e+00 -1.386666666667e-01
v 1.386666666667e-01 0.000000000000e+00 -1.600000000000e-01
v 1.600000000000e-01 0.000000000000e+00 -1.600000000000e-01
v 1.386666666667e-01 0.000000000000e+00 -1.386666666667e-01
v 1.386666666667e-01 0.000000000000e+00 -1.173333333333e-01
v 1.600000000000e-01 0.000000000000e+00 -1.173333333333e-01
v 1.813333333333e-01 0.000000000000e+00 -1.173333333333e-01
v 1.386666666667e-01 0.000000000000e+00 -7.466666666667e-02
v 1.813333333333e-01 0.000000000000e+00 -9.600000000000e-02
v 1.813333333333e-01 0.000000000000e+00 -7.466666666667e-02
v 1.600000000000e-01 0.000000000000e+00 -7.466666666667e-02
v 1.386666666667e-01 0.000000000000e+00 -9.600000000000e-02
v 1.600000000000e-01 0.000000000000e+00 -9.600000000000e-02
v 1.386666666667e-01 0.000000000000e+00 1.173333333333e-01
v 1.173333333333e-01 0.000000000000e+00 1.813333333333e-01
v 9.600000000000e-02 0.000000000000e+00 2.026666666667e-01
v 9.600000000000e-02 0.000000000000e+00 1.813333333333e-01
v 1.386666666667e-01 0.000000000000e+00 1.813333333333e-01
v 7.466666666667e-02 0.000000000000e+00 2.026666666667e-01
v 7.466666666667e-02 0.000000000000e+00 1.813333333333e-01
v 1.173333333333e-01 0.000000000000e+00 2.026666666667e-01
v 9.600000000000e-02 0.000000000000e+00 1.600000000000e-01
v 1.173333333333e-01 0.000000000000e+00 1.600000000000e-01
v 1.386666666667e-01 0.000000000000e+00 1.600000000000e-01
v 1.600000000000e-01 0.000000000000e+00 1.600000000000e-01
v 1.386666666667e-01 0.000000000000e+00 2.026666666667e-01
v 1.173333333333e-01 0.000000000000e+00 1.386666666667e-01
v 1.386666666667e-01 0.000000000000e+00 1.386666666667e-01
v 2.240000000000e-01 0.000000000000e+00 1.173333333333e-01
v 2.453333333333e-01 0.000000000000e+00 1.173333333333e-01
v 1.813333333333e-01 0.000000000000e+00 9.600000000000e-02
v 2.026666666667e-01 0.000000000000e+00 9.600000000000e-02
v 2.240000000000e-01 0.000000000000e+00 9.600000000000e-02
v 1.600000000000e-01 0.000000000000e+00 1.173333333333e-01
v 2.453333333333e-01 0.000000000000e+00 9.600000000000e-02
v 2.240000000000e-01 0.000000000000e+00 7.466666666667e-02
v 2.453333333333e-01 0.000000000000e+00 7.466666666667e-02
v 2.026666666667e-01 0.000000000000e+00 1.173333333333e-01
v 2.026666666667e-01 0.000000000000e+00 1.386666666667e-01
v 1.813333333333e-01 0.000000000000e+00 1.173333333333e-01
v 2.026666666667e-01 0.000000000000e+00 7.466666666667e-02
v 1.600000000000e-01 0.000000000000e+00 1.386666666667e-01
v 1.813333333333e-01 0.000000000000e+00 1.386666666667e-01
v 2.453333333333e-01 0.000000000000e+00 1.386666666667e-01
v 2.240000000000e-01 0.000000000000e+00 1.386666666667e-01
v 1.813333333333e-01 0.000000000000e+00 2.026666666667e-01
v 2.026666666667e-01 0.000000000000e+00 2.026666666667e-01
v 2.240000000000e-01 0.000000000000e+00 2.026666666667e-01
v 2.026666666667e-01 0.000000000000e+00 1.600000000000e-01
v 1.600000000000e-01 0.000000000000e+00 1.813333333333e-01
v 1.600000000000e-01 0.000000000000e+00 2.026666666667e-01
v 1.813333333333e-01 0.000000000000e+00 1.813333333333e-01
v 2.026666666667e-01 0.000000000000e+00 1.813333333333e-01
v 2.240000000000e-01 0.000000000000e+00 1.813333333333e-01
v 2.453333333333e-01 0.000000000000e+00 1.813333333333e-01
v 1.813333333333e-01 0.000000000000e+00 1.600000000000e-01
v 2.240000000000e-01 0.000000000000e+00 1.600000000000e-01
v 2.453333333333e-01 0.000000000000e+00 1.600000000000e-01
v 9.600000000000e-02 0.000000000000e+00 1.173333333333e-01
v 1.173333333333e-01 0.000000000000e+00 1.173333333333e-01
v 7.466666666667e-02 0.000000000000e+00 1.173333333333e-01
v 5.333333333333e-02 0.000000000000e+00 1.813333333333e-01
v 5.333333333333e-02 0.000000000000e+00 1.173333333333e-01
v 1.173333333333e-01 0.000000000000e+00 9.600000000000e-02
v 9.600000000000e-02 0.000000000000e+00 9.600000000000e-02
v 9.600000000000e-02 0.000000000000e+00 1.386666666667e-01
v 5.333333333333e-02 0.000000000000e+00 1.386666666667e-01
v 7.466666666667e-02 0.000000000000e+00 1.600000000000e-01
v 1.173333333333e-01 0.000000000000e+00 7.466666666667e-02
v 9.600000000000e-02 0.000000000000e+00 7.466666666667e-02
v 7.466666666667e-02 0.000000000000e+00 1.386666666667e-01
v 5.333333333333e-02 0.000000000000e+00 1.600000000000e-01
v 7.466666666667e-02 0.000000000000e+00 9.600000000000e-02
v 1.813333333333e-01 0.000000000000e+00 5.333333333333e-02
v 1.600000000000e-01 0.000000000000e+00 5.333333333333e-02
v 1.386666666667e-01 0.000000000000e+00 5.333333333333e-02
v 1.173333333333e-01 0.000000000000e+00 5.333333333333e-02
v 2.026666666667e-01 0.000000000000e+00 5.333333333333e-02
v 1.386666666667e-01 0.000000000000e+00 3.200000000000e-02
v 1.386666666667e-01 0.000000000000e+00 7.466666666667e-02
v 1.600000000000e-01 0.000000000000e+00 9.600000000000e-02
v 1.386666666667e-01 0.000000000000e+00 9.600000000000e-02
v 1.813333333333e-01 0.000000000000e+00 3.200000000000e-02
v 1.600000000000e-01 0.000000000000e+00 3.200000000000e-02
v 1.813333333333e-01 0.000000000000e+00 7.466666666667e-02
v 1.600000000000e-01 0.000000000000e+00 7.466666666667e-02
v 1.600000000000e-01 0.000000000000e+00 1.066666666667e-02
v 1.813333333333e-01 0.000000000000e+00 1.066666666667e-02
v 2.240000000000e-01 0.000000000000e+00 1.066666666667e-02
v 2.453333333333e-01 0.000000000000e+00 -7.466666666667e-02
v 2.453333333333e-01 0.000000000000e+00 3.200000000000e-02
v 2.026666666667e-01 0.000000000000e+00 -1.066666666667e-02
v 2.453333333333e-01 0.000000000000e+00 -1.066666666667e-02
v 2.240000000000e-01 0.000000000000e+00 -1.066666666667e-02
v 2.026666666667e-01 0.000000000000e+00 1.066666666667e-02
v 2.240000000000e-01 0.000000000000e+00 3.200000000000e-02
v 2.026666666667e-01 0.000000000000e+00 3.200000000000e-02
v 2.453333333333e-01 0.000000000000e+00 1.066666666667e-02
v 2.240000000000e-01 0.000000000000e+00 -5.333333333333e-02
v 2.453333333333e-01 0.000000000000e+00 -5.333333333333e-02
v 2.240000000000e-01 0.000000000000e+00 5.333333333333e-02
v 2.240000000000e-01 0.000000000000e+00 -3.200000000000e-02
v 2.453333333333e-01 0.000000000000e+00 -3.200000000000e-02
v 2.453333333333e-01 0.000000000000e+00 5.333333333333e-02
v 7.786666666667e-01 0.000000000000e+00 2.453333333333e-01
v 7.786666666667e-01 0.000000000000e+00 2.666666666667e-01
v 7.360000000000e-01 0.000000000000e+00 2.453333333333e-01
v 8.000000000000e-01 0.000000000000e+00 2.453333333333e-01
v 7.573333333333e-01 0.000000000000e+00 2.453333333333e-01
v 8.000000000000e-01 0.000000000000e+00 1.813333333333e-01
v 8.000000000000e-01 0.000000000000e+00 2.240000000000e-01
v 7.786666666667e-01 0.000000000000e+00 2.240000000000e-01
v 7.360000000000e-01 0.000000000000e+00 2.880000000000e-01
v 7.573333333333e-01 0.000000000000e+00 2.666666666667e-01
v 7.573333333333e-01 0.000000000000e+00 2.240000000000e-01
v 7.573333333333e-01 0.000000000000e+00 2.026666666667e-01
v 7.786666666667e-01 0.000000000000e+00 2.026666666667e-01
v 8.000000000000e-01 0.000000000000e+00 2.026666666667e-01
v 7.360000000000e-01 0.000000000000e+00 2.666666666667e-01
v 7.360000000000e-01 0.000000000000e+00 1.813333333333e-01
v 7.146666666667e-01 0.000000000000e+00 1.813333333333e-01
v 6.933333333333e-01 0.000000000000e+00 1.600000000000e-01
v 7.146666666667e-01 0.000000000000e+00 1.600000000000e-01
v 7.573333333333e-01 0.000000000000e+00 1.600000000000e-01
v 7.786666666667e-01 0.000000000000e+00 1.600000000000e-01
v 8.000000000000e-01 0.000000000000e+00 1.600000000000e-01
v 7.360000000000e-01 0.000000000000e+00 1.600000000000e-01
v 8.000000000000e-01 0.000000000000e+00 1.386666666667e-01
v 7.573333333333e-01 0.000000000000e+00 1.813333333333e-01
v 8.000000000000e-01 0.000000000000e+00 1.173333333333e-01
v 7.573333333333e-01 0.000000000000e+00 1.386666666667e-01
v 7.786666666667e-01 0.000000000000e+00 1.386666666667e-01
v 7.786666666667e-01 0.000000000000e+00 1.813333333333e-01
v 6.933333333333e-01 0.000000000000e+00 1.813333333333e-01
v 6.933333333333e-01 0.000000000000e+00 2.453333333333e-01
v 6.720000000000e-01 0.000000000000e+00 2.453333333333e-01
v 6.720000000000e-01 0.000000000000e+00 2.880000000000e-01
v 6.933333333333e-01 0.000000000000e+00 2.240000000000e-01
v 6.933333333333e-01 0.000000000000e+00 2.666666666667e-01
v 6.720000000000e-01 0.000000000000e+00 2.240000000000e-01
v 6.720000000000e-01 0.000000000000e+00 2.026666666667e-01
v 6.933333333333e-01 0.000000000000e+00 2.026666666667e-01
v 7.146666666667e-01 0.000000000000e+00 2.026666666667e-01
v 7.360000000000e-01 0.000000000000e+00 2.240000000000e-01
v 7.146666666667e-01 0.000000000000e+00 2.666666666667e-01
v 7.146666666667e-01 0.000000000000e+00 2.240000000000e-01
v 6.720000000000e-01 0.000000000000e+00 2.666666666667e-01
v 7.146666666667e-01 0.000000000000e+00 2.453333333333e-01
v 7.360000000000e-01 0.000000000000e+00 2.026666666667e-01
v 6.720000000000e-01 0.000000000000e+00 1.813333333333e-01
v 6.506666666667e-01 0.000000000000e+00 1.813333333333e-01
v 5.866666666667e-01 0.000000000000e+00 2.240000000000e-01
v 6.293333333333e-01 0.000000000000e+00 1.813333333333e-01
v 6.080000000000e-01 0.000000000000e+00 1.813333333333e-01
v 5.866666666667e-01 0.000000000000e+00 1.813333333333e-01
v 5.866666666667e-01 0.000000000000e+00 1.600000000000e-01
v 6.080000000000e-01 0.000000000000e+00 1.600000000000e-01
v 6.293333333333e-01 0.000000000000e+00 1.600000000000e-01
v 6.506666666667e-01 0.000000000000e+00 1.600000000000e-01
v 6.720000000000e-01 0.000000000000e+00 1.600000000000e-01
v 5.866666666667e-01 0.000000000000e+00 2.026666666667e-01
v 6.293333333333e-01 0.000000000000e+00 2.026666666667e-01
v 6.506666666667e-01 0.000000000000e+00 2.026666666667e-01
v 6.080000000000e-01 0.000000000000e+00 2.026666666667e-01
v 6.080000000000e-01 0.000000000000e+00 2.666666666667e-01
v 6.506666666667e-01 0.000000000000e+00 2.453333333333e-01
v 6.293333333333e-01 0.000000000000e+00 2.453333333333e-01
v 6.080000000000e-01 0.000000000000e+00 2.453333333333e-01
v 5.866666666667e-01 0.000000000000e+00 2.453333333333e-01
v 5.653333333333e-01 0.000000000000e+00 2.880000000000e-01
v 6.506666666667e-01 0.000000000000e+00 2.240000000000e-01
v 6.293333333333e-01 0.000000000000e+00 2.240000000000e-01
v 6.080000000000e-01 0.000000000000e+00 2.240000000000e-01
v 5.866666666667e-01 0.000000000000e+00 2.880000000000e-01
v 6.080000000000e-01 0.000000000000e+00 2.880000000000e-01
v 5.653333333333e-01 0.000000000000e+00 2.666666666667e-01
v 5.866666666667e-01 0.000000000000e+00 2.666666666667e-01
v 6.293333333333e-01 0.000000000000e+00 2.666666666667e-01
v 6.506666666667e-01 0.000000000000e+00 2.666666666667e-01
v 6.080000000000e-01 0.000000000000e+00 3.306666666667e-01
v 5.866666666667e-01 0.000000000000e+00 3.306666666667e-01
v 5.653333333333e-01 0.000000000000e+00 3.306666666667e-01
v 5.866666666667e-01 0.000000000000e+00 3.733333333333e-01
v 6.293333333333e-01 0.000000000000e+00 3.093333333333e-01
v 6.080000000000e-01 0.000000000000e+00 3.093333333333e-01
v 6.506666666667e-01 0.000000000000e+00 2.880000000000e-01
v 6.293333333333e-01 0.000000000000e+00 3.306666666667e-01
v 5.866666666667e-01 0.000000000000e+00 3.093333333333e-01
v 5.653333333333e-01 0.000000000000e+00 3.093333333333e-01
v 6.080000000000e-01 0.000000000000e+00 3.520000000000e-01
v 5.866666666667e-01 0.000000000000e+00 3.520000000000e-01
v 6.293333333333e-01 0.000000000000e+00 2.880000000000e-01
v 5.653333333333e-01 0.000000000000e+00 3.520000000000e-01
v 6.506666666667e-01 0.000000000000e+00 3.093333333333e-01
v 7.146666666667e-01 0.000000000000e+00 3.733333333333e-01
v 7.360000000000e-01 0.000000000000e+00 3.520000000000e-01
v 7.146666666667e-01 0.000000000000e+00 3.520000000000e-01
v 7.146666666667e-01 0.000000000000e+00 3.306666666667e-01
v 7.360000000000e-01 0.000000000000e+00 3.306666666667e-01
v 7.573333333333e-01 0.000000000000e+00 3.306666666667e-01
v 7.786666666667e-01 0.000000000000e+00 3.306666666667e-01
v 8.000000000000e-01 0.000000000000e+00 2.666666666667e-01
v 7.573333333333e-01 0.000000000000e+00 3.093333333333e-01
v 7.573333333333e-01 0.000000000000e+00 2.880000000000e-01
v 7.786666666667e-01 0.000000000000e+00 2.880000000000e-01
v 7.360000000000e-01 0.000000000000e+00 3.093333333333e-01
v 7.786666666667e-01 0.000000000000e+00 3.093333333333e-01
v 8.000000000000e-01 0.000000000000e+00 2.880000000000e-01
v 8.000000000000e-01 0.000000000000e+00 3.093333333333e-01
v 7.573333333333e-01 0.000000000000e+00 3.520000000000e-01
v 8.000000000000e-01 0.000000000000e+00 3.733333333333e-01
v 7.786666666667e-01 0.000000000000e+00 3.946666666667e-01
v 7.360000000000e-01 0.000000000000e+00 3.733333333333e-01
v 8.000000000000e-01 0.000000000000e+00 3.306666666667e-01
v 7.146666666667e-01 0.000000000000e+00 4.160000000000e-01
v 8.000000000000e-01 0.000000000000e+00 3.520000000000e-01
v 7.786666666667e-01 0.000000000000e+00 3.520000000000e-01
v 7.146666666667e-01 0.000000000000e+00 3.946666666667e-01
v 7.360000000000e-01 0.000000000000e+00 3.946666666667e-01
v 7.360000000000e-01 0.000000000000e+00 4.160000000000e-01
v 8.000000000000e-01 0.000000000000e+00 3.946666666667e-01
v 7.573333333333e-01 0.000000000000e+00 3.946666666667e-01
v 7.573333333333e-01 0.000000000000e+00 3.733333333333e-01
v 7.786666666667e-01 0.000000000000e+00 3.733333333333e-01
v 7.573333333333e-01 0.000000000000e+00 4.373333333333e-01
v 7.786666666667e-01 0.000000000000e+00 4.160000000000e-01
v 6.933333333333e-01 0.000000000000e+00 4.586666666667e-01
v 7.146666666667e-01 0.000000000000e+00 4.586666666667e-01
v 6.933333333333e-01 0.000000000000e+00 4.373333333333e-01
v 7.786666666667e-01 0.000000000000e+00 4.586666666667e-01
v 8.000000000000e-01 0.000000000000e+00 4.586666666667e-01
v 7.360000000000e-01 0.000000000000e+00 4.373333333333e-01
v 7.146666666667e-01 0.000000000000e+00 4.373333333333e-01
v 7.573333333333e-01 0.000000000000e+00 4.586666666667e-01
v 7.360000000000e-01 0.000000000000e+00 4.586666666667e-01
v 8.000000000000e-01 0.000000000000e+00 4.373333333333e-01
v 7.573333333333e-01 0.000000000000e+00 4.160000000000e-01
v 7.786666666667e-01 0.000000000000e+00 4.373333333333e-01
v 8.000000000000e-01 0.000000000000e+00 4.160000000000e-01
v 6.506666666667e-01 0.000000000000e+00 4.586666666667e-01
v 6.720000000000e-01 0.000000000000e+00 4.586666666667e-01
v 6.720000000000e-01 0.000000000000e+00 4.373333333333e-01
v 6.506666666667e-01 0.000000000000e+00 4.373333333333e-01
v 6.293333333333e-01 0.000000000000e+00 4.373333333333e-01
v 6.080000000000e-01 0.000000000000e+00 4.373333333333e-01
v 5.866666666667e-01 0.000000000000e+00 5.013333333333e-01
v 6.080000000000e-01 0.000000000000e+00 5.013333333333e-01
v 6.080000000000e-01 0.000000000000e+00 4.800000000000e-01
v 5.866666666667e-01 0.000000000000e+00 4.586666666667e-01
v 6.080000000000e-01 0.000000000000e+00 4.586666666667e-01
v 6.293333333333e-01 0.000000000000e+00 4.586666666667e-01
v 5.866666666667e-01 0.000000000000e+00 4.800000000000e-01
v 6.293333333333e-01 0.000000000000e+00 4.800000000000e-01
v 6.506666666667e-01 0.000000000000e+00 4.800000000000e-01
v 6.720000000000e-01 0.000000000000e+00 3.306666666667e-01
v 6.720000000000e-01 0.000000000000e+00 3.093333333333e-01
v 6.720000000000e-01 0.000000000000e+00 3.946666666667e-01
v 6.933333333333e-01 0.000000000000e+00 4.160000000000e-01
v 6.933333333333e-01 0.000000000000e+00 2.880000000000e-01
v 7.146666666667e-01 0.000000000000e+00 3.093333333333e-01
v 6.933333333333e-01 0.000000000000e+00 3.946666666667e-01
v 7.146666666667e-01 0.000000000000e+00 2.880000000000e-01
v 6.933333333333e-01 0.000000000000e+00 3.306666666667e-01
v 6.720000000000e-01 0.000000000000e+00 4.160000000000e-01
v 6.720000000000e-01 0.000000000000e+00 3.520000000000e-01
v 6.933333333333e-01 0.000000000000e+00 3.093333333333e-01
v 6.933333333333e-01 0.000000000000e+00 3.733333333333e-01
v 6.720000000000e-01 0.000000000000e+00 3.733333333333e-01
v 6.933333333333e-01 0.000000000000e+00 3.520000000000e-01
v 6.293333333333e-01 0.000000000000e+00 4.160000000000e-01
v 6.080000000000e-01 0.000000000000e+00 4.160000000000e-01
v 5.866666666667e-01 0.000000000000e+00 4.160000000000e-01
v 6.293333333333e-01 0.000000000000e+00 3.520000000000e-01
v 6.506666666667e-01 0.000000000000e+00 3.520000000000e-01
v 6.506666666667e-01 0.000000000000e+00 3.306666666667e-01
v 5.866666666667e-01 0.000000000000e+00 4.373333333333e-01
v 6.293333333333e-01 0.000000000000e+00 3.946666666667e-01
v 6.080000000000e-01 0.000000000000e+00 3.946666666667e-01
v 6.080000000000e-01 0.000000000000e+00 3.733333333333e-01
v 6.506666666667e-01 0.000000000000e+00 3.733333333333e-01
v 6.293333333333e-01 0.000000000000e+00 3.733333333333e-01
v 5.866666666667e-01 0.000000000000e+00 3.946666666667e-01
v 6.506666666667e-01 0.000000000000e+00 3.946666666667e-01
v 6.506666666667e-01 0.000000000000e+00 4.160000000000e-01
v 3.946666666667e-01 0.000000000000e+00 3.733333333333e-01
v 4.160000000000e-01 0.000000000000e+00 3.093333333333e-01
v 3.946666666667e-01 0.000000000000e+00 3.520000000000e-01
v 4.373333333333e-01 0.000000000000e+00 3.093333333333e-01
v 3.733333333333e-01 0.000000000000e+00 3.946666666667e-01
v 4.373333333333e-01 0.000000000000e+00 3.520000000000e-01
v 4.160000000000e-01 0.000000000000e+00 3.520000000000e-01
v 3.733333333333e-01 0.000000000000e+00 3.733333333333e-01
v 4.373333333333e-01 0.000000000000e+00 3.306666666667e-01
v 4.160000000000e-01 0.000000000000e+00 3.306666666667e-01
v 3.946666666667e-01 0.000000000000e+00 3.306666666667e-01
v 4.160000000000e-01 0.000000000000e+00 3.733333333333e-01
v 4.373333333333e-01 0.000000000000e+00 2.880000000000e-01
v 4.586666666667e-01 0.000000000000e+00 2.880000000000e-01
v 3.946666666667e-01 0.000000000000e+00 3.946666666667e-01
v 5.226666666667e-01 0.000000000000e+00 3.946666666667e-01
v 5.440000000000e-01 0.000000000000e+00 4.160000000000e-01
v 5.440000000000e-01 0.000000000000e+00 3.306666666667e-01
v 5.226666666667e-01 0.000000000000e+00 3.306666666667e-01
v 5.440000000000e-01 0.000000000000e+00 3.946666666667e-01
v 5.013333333333e-01 0.000000000000e+00 3.520000000000e-01
v 5.440000000000e-01 0.000000000000e+00 3.733333333333e-01
v 5.226666666667e-01 0.000000000000e+00 3.520000000000e-01
v 5.440000000000e-01 0.000000000000e+00 3.520000000000e-01
v 5.226666666667e-01 0.000000000000e+00 3.733333333333e-01
v 5.013333333333e-01 0.000000000000e+00 3.733333333333e-01
v 5.653333333333e-01 0.000000000000e+00 3.733333333333e-01
v 5.226666666667e-01 0.000000000000e+00 4.160000000000e-01
v 5.013333333333e-01 0.000000000000e+00 4.160000000000e-01
v 5.653333333333e-01 0.000000000000e+00 3.946666666667e-01
v 5.013333333333e-01 0.000000000000e+00 3.946666666667e-01
v 4.373333333333e-01 0.000000000000e+00 4.160000000000e-01
v 4.586666666667e-01 0.000000000000e+00 4.373333333333e-01
v 4.373333333333e-01 0.000000000000e+00 3.946666666667e-01
v 4.586666666667e-01 0.000000000000e+00 3.520000000000e-01
v 4.160000000000e-01 0.000000000000e+00 4.160000000000e-01
v 4.586666666667e-01 0.000000000000e+00 3.733333333333e-01
v 4.373333333333e-01 0.000000000000e+00 3.733333333333e-01
v 4.586666666667e-01 0.000000000000e+00 4.160000000000e-01
v 4.800000000000e-01 0.000000000000e+00 3.733333333333e-01
v 4.160000000000e-01 0.000000000000e+00 3.946666666667e-01
v 4.586666666667e-01 0.000000000000e+00 3.946666666667e-01
v 4.800000000000e-01 0.000000000000e+00 3.946666666667e-01
v 4.800000000000e-01 0.000000000000e+00 3.520000000000e-01
v 4.800000000000e-01 0.000000000000e+00 4.160000000000e-01
v 4.586666666667e-01 0.000000000000e+00 3.093333333333e-01
v 4.800000000000e-01 0.000000000000e+00 3.093333333333e-01
v 5.440000000000e-01 0.000000000000e+00 3.093333333333e-01
v 5.440000000000e-01 0.000000000000e+00 2.666666666667e-01
v 5.226666666667e-01 0.000000000000e+00 2.666666666667e-01
v 5.013333333333e-01 0.000000000000e+00 2.666666666667e-01
v 5.013333333333e-01 0.000000000000e+00 2.880000000000e-01
v 4.800000000000e-01 0.000000000000e+00 2.880000000000e-01
v 4.586666666667e-01 0.000000000000e+00 3.306666666667e-01
v 4.800000000000e-01 0.000000000000e+00 3.306666666667e-01
v 5.013333333333e-01 0.000000000000e+00 3.306666666667e-01
v 5.226666666667e-01 0.000000000000e+00 3.093333333333e-01
v 5.013333333333e-01 0.000000000000e+00 3.093333333333e-01
v 5.226666666667e-01 0.000000000000e+00 2.880000000000e-01
v 5.440000000000e-01 0.000000000000e+00 2.880000000000e-01
v 4.586666666667e-01 0.000000000000e+00 2.240000000000e-01
v 4.800000000000e-01 0.000000000000e+00 2.240000000000e-01
v 5.013333333333e-01 0.000000000000e+00 2.240000000000e-01
v 4.800000000000e-01 0.000000000000e+00 2.666666666667e-01
v 4.586666666667e-01 0.000000000000e+00 2.453333333333e-01
v 4.800000000000e-01 0.000000000000e+00 2.453333333333e-01
v 5.013333333333e-01 0.000000000000e+00 2.453333333333e-01
v 4.586666666667e-01 0.000000000000e+00 1.813333333333e-01
v 5.013333333333e-01 0.000000000000e+00 1.813333333333e-01
v 5.013333333333e-01 0.000000000000e+00 2.026666666667e-01
v 4.800000000000e-01 0.000000000000e+00 2.026666666667e-01
v 4.586666666667e-01 0.000000000000e+00 2.026666666667e-01
v 4.586666666667e-01 0.000000000000e+00 2.666666666667e-01
v 5.013333333333e-01 0.000000000000e+00 1.600000000000e-01
v 4.800000000000e-01 0.000000000000e+00 1.813333333333e-01
v 5.440000000000e-01 0.000000000000e+00 2.240000000000e-01
v 5.440000000000e-01 0.000000000000e+00 1.813333333333e-01
v 5.440000000000e-01 0.000000000000e+00 2.453333333333e-01
v 5.226666666667e-01 0.000000000000e+00 2.453333333333e-01
v 5.226666666667e-01 0.000000000000e+00 2.240000000000e-01
v 5.653333333333e-01 0.000000000000e+00 2.240000000000e-01
v 5.226666666667e-01 0.000000000000e+00 1.813333333333e-01
v 5.653333333333e-01 0.000000000000e+00 1.813333333333e-01
v 5.653333333333e-01 0.000000000000e+00 2.026666666667e-01
v 5.440000000000e-01 0.000000000000e+00 2.026666666667e-01
v 5.226666666667e-01 0.000000000000e+00 2.026666666667e-01
v 5.226666666667e-01 0.000000000000e+00 1.600000000000e-01
v 5.653333333333e-01 0.000000000000e+00 2.453333333333e-01
v 5.440000000000e-01 0.000000000000e+00 1.600000000000e-01
v 5.653333333333e-01 0.000000000000e+00 1.600000000000e-01
v 4.373333333333e-01 0.000000000000e+00 4.373333333333e-01
v 3.520000000000e-01 0.000000000000e+00 4.586666666667e-01
v 4.160000000000e-01 0.000000000000e+00 4.586666666667e-01
v 3.946666666667e-01 0.000000000000e+00 4.586666666667e-01
v 3.306666666667e-01 0.000000000000e+00 4.586666666667e-01
v 4.373333333333e-01 0.000000000000e+00 4.586666666667e-01
v 3.946666666667e-01 0.000000000000e+00 4.160000000000e-01
v 3.733333333333e-01 0.000000000000e+00 4.586666666667e-01
v 3.306666666667e-01 0.000000000000e+00 4.373333333333e-01
v 3.520000000000e-01 0.000000000000e+00 4.373333333333e-01
v 3.733333333333e-01 0.000000000000e+00 4.373333333333e-01
v 3.733333333333e-01 0.000000000000e+00 4.160000000000e-01
v 3.946666666667e-01 0.000000000000e+00 4.373333333333e-01
v 3.520000000000e-01 0.000000000000e+00 4.160000000000e-01
v 4.160000000000e-01 0.000000000000e+00 4.373333333333e-01
v 3.733333333333e-01 0.000000000000e+00 4.800000000000e-01
v 3.946666666667e-01 0.000000000000e+00 5.226666666667e-01
v 3.946666666667e-01 0.000000000000e+00 4.800000000000e-01
v 3.733333333333e-01 0.000000000000e+00 5.226666666667e-01
v 4.160000000000e-01 0.000000000000e+00 4.800000000000e-01
v 3.946666666667e-01 0.000000000000e+00 5.013333333333e-01
v 3.520000000000e-01 0.000000000000e+00 5.226666666667e-01
v 3.520000000000e-01 0.000000000000e+00 5.440000000000e-01
v 3.733333333333e-01 0.000000000000e+00 5.440000000000e-01
v 4.160000000000e-01 0.000000000000e+00 5.013333333333e-01
v 3.946666666667e-01 0.000000000000e+00 5.440000000000e-01
v 3.733333333333e-01 0.000000000000e+00 5.653333333333e-01
v 3.520000000000e-01 0.000000000000e+00 5.653333333333e-01
v 4.160000000000e-01 0.000000000000e+00 5.226666666667e-01
v 3.733333333333e-01 0.000000000000e+00 5.013333333333e-01
v 2.880000000000e-01 0.000000000000e+00 5.226666666667e-01
v 3.093333333333e-01 0.000000000000e+00 5.226666666667e-01
v 2.880000000000e-01 0.000000000000e+00 5.440000000000e-01
v 3.306666666667e-01 0.000000000000e+00 5.440000000000e-01
v 3.093333333333e-01 0.000000000000e+00 5.440000000000e-01
v 3.306666666667e-01 0.000000000000e+00 5.653333333333e-01
v 3.093333333333e-01 0.000000000000e+00 5.653333333333e-01
v 3.306666666667e-01 0.000000000000e+00 4.800000000000e-01
v 2.880000000000e-01 0.000000000000e+00 5.653333333333e-01
v 3.306666666667e-01 0.000000000000e+00 5.013333333333e-01
v 3.520000000000e-01 0.000000000000e+00 5.013333333333e-01
v 3.306666666667e-01 0.000000000000e+00 5.226666666667e-01
v 3.093333333333e-01 0.000000000000e+00 4.800000000000e-01
v 3.093333333333e-01 0.000000000000e+00 5.013333333333e-01
v 3.520000000000e-01 0.000000000000e+00 4.800000000000e-01
v 5.653333333333e-01 0.000000000000e+00 4.586666666667e-01
v 5.440000000000e-01 0.000000000000e+00 4.586666666667e-01
v 5.653333333333e-01 0.000000000000e+00 5.013333333333e-01
v 5.440000000000e-01 0.000000000000e+00 5.013333333333e-01
v 5.226666666667e-01 0.000000000000e+00 5.013333333333e-01
v 5.653333333333e-01 0.000000000000e+00 4.800000000000e-01
v 5.440000000000e-01 0.000000000000e+00 4.800000000000e-01
v 5.440000000000e-01 0.000000000000e+00 5.440000000000e-01
v 5.653333333333e-01 0.000000000000e+00 4.160000000000e-01
v 5.653333333333e-01 0.000000000000e+00 4.373333333333e-01
v 5.440000000000e-01 0.000000000000e+00 4.373333333333e-01
v 5.226666666667e-01 0.000000000000e+00 4.800000000000e-01
v 5.226666666667e-01 0.000000000000e+00 5.440000000000e-01
v 5.653333333333e-01 0.000000000000e+00 5.226666666667e-01
v 5.440000000000e-01 0.000000000000e+00 5.226666666667e-01
v 5.226666666667e-01 0.000000000000e+00 5.226666666667e-01
v 4.586666666667e-01 0.000000000000e+00 4.586666666667e-01
v 5.226666666667e-01 0.000000000000e+00 4.373333333333e-01
v 5.013333333333e-01 0.000000000000e+00 4.373333333333e-01
v 4.800000000000e-01 0.000000000000e+00 4.373333333333e-01
v 4.800000000000e-01 0.000000000000e+00 5.013333333333e-01
v 4.800000000000e-01 0.000000000000e+00 4.586666666667e-01
v 4.800000000000e-01 0.000000000000e+00 4.800000000000e-01
v 4.586666666667e-01 0.000000000000e+00 4.800000000000e-01
v 4.373333333333e-01 0.000000000000e+00 4.800000000000e-01
v 5.226666666667e-01 0.000000000000e+00 4.586666666667e-01
v 5.013333333333e-01 0.000000000000e+00 4.586666666667e-01
v 5.013333333333e-01 0.000000000000e+00 4.800000000000e-01
v 4.373333333333e-01 0.000000000000e+00 5.013333333333e-01
v 4.586666666667e-01 0.000000000000e+00 5.013333333333e-01
v 5.013333333333e-01 0.000000000000e+00 5.013333333333e-01
v 4.586666666667e-01 0.000000000000e+00 5.653333333333e-01
v 3.946666666667e-01 0.000000000000e+00 5.653333333333e-01
v 4.373333333333e-01 0.000000000000e+00 5.226666666667e-01
v 4.586666666667e-01 0.000000000000e+00 5.226666666667e-01
v 5.013333333333e-01 0.000000000000e+00 5.440000000000e-01
v 4.373333333333e-01 0.000000000000e+00 5.653333333333e-01
v 4.800000000000e-01 0.000000000000e+00 5.653333333333e-01
v 4.160000000000e-01 0.000000000000e+00 5.440000000000e-01
v 4.800000000000e-01 0.000000000000e+00 5.226666666667e-01
v 5.013333333333e-01 0.000000000000e+00 5.226666666667e-01
v 4.800000000000e-01 0.000000000000e+00 5.440000000000e-01
v 4.160000000000e-01 0.000000000000e+00 5.653333333333e-01
v 4.586666666667e-01 0.000000000000e+00 5.440000000000e-01
v 4.373333333333e-01 0.000000000000e+00 5.440000000000e-01
v 4.800000000000e-01 0.000000000000e+00 6.293333333333e-01
v 5.013333333333e-01 0.000000000000e+00 6.293333333333e-01
v 4.800000000000e-01 0.000000000000e+00 6.506666666667e-01
v 4.800000000000e-01 0.000000000000e+00 6.080000000000e-01
v 5.013333333333e-01 0.000000000000e+00 6.506666666667e-01
v 5.440000000000e-01 0.000000000000e+00 5.653333333333e-01
v 5.226666666667e-01 0.000000000000e+00 5.653333333333e-01
v 5.013333333333e-01 0.000000000000e+00 5.653333333333e-01
v 5.226666666667e-01 0.000000000000e+00 6.080000000000e-01
v 5.013333333333e-01 0.000000000000e+00 6.080000000000e-01
v 5.440000000000e-01 0.000000000000e+00 5.866666666667e-01
v 5.226666666667e-01 0.000000000000e+00 5.866666666667e-01
v 5.013333333333e-01 0.000000000000e+00 5.866666666667e-01
v 5.440000000000e-01 0.000000000000e+00 6.080000000000e-01
v 4.800000000000e-01 0.000000000000e+00 5.866666666667e-01
v 5.226666666667e-01 0.000000000000e+00 6.293333333333e-01
v 4.586666666667e-01 0.000000000000e+00 6.293333333333e-01
v 4.373333333333e-01 0.000000000000e+00 6.720000000000e-01
v 4.160000000000e-01 0.000000000000e+00 5.866666666667e-01
v 4.373333333333e-01 0.000000000000e+00 6.293333333333e-01
v 4.160000000000e-01 0.000000000000e+00 6.293333333333e-01
v 4.160000000000e-01 0.000000000000e+00 6.506666666667e-01
v 4.160000000000e-01 0.000000000000e+00 6.080000000000e-01
v 4.373333333333e-01 0.000000000000e+00 6.506666666667e-01
v 4.160000000000e-01 0.000000000000e+00 6.720000000000e-01
v 4.586666666667e-01 0.000000000000e+00 6.080000000000e-01
v 4.586666666667e-01 0.000000000000e+00 5.866666666667e-01
v 4.373333333333e-01 0.000000000000e+00 5.866666666667e-01
v 4.586666666667e-01 0.000000000000e+00 6.506666666667e-01
v 4.373333333333e-01 0.000000000000e+00 6.080000000000e-01
v 4.586666666667e-01 0.000000000000e+00 6.933333333333e-01
v 4.373333333333e-01 0.000000000000e+00 6.933333333333e-01
v 4.160000000000e-01 0.000000000000e+00 6.933333333333e-01
v 3.946666666667e-01 0.000000000000e+00 6.933333333333e-01
v 4.373333333333e-01 0.000000000000e+00 7.146666666667e-01
v 4.160000000000e-01 0.000000000000e+00 7.360000000000e-01
v 4.373333333333e-01 0.000000000000e+00 7.360000000000e-01
v 3.946666666667e-01 0.000000000000e+00 7.360000000000e-01
v 3.946666666667e-01 0.000000000000e+00 7.573333333333e-01
v 4.586666666667e-01 0.000000000000e+00 6.720000000000e-01
v 4.800000000000e-01 0.000000000000e+00 6.720000000000e-01
v 4.586666666667e-01 0.000000000000e+00 7.146666666667e-01
v 4.160000000000e-01 0.000000000000e+00 7.573333333333e-01
v 4.160000000000e-01 0.000000000000e+00 7.146666666667e-01
v 3.946666666667e-01 0.000000000000e+00 7.146666666667e-01
v 4.160000000000e-01 0.000000000000e+00 7.786666666667e-01
v 4.800000000000e-01 0.000000000000e+00 7.360000000000e-01
v 4.586666666667e-01 0.000000000000e+00 7.360000000000e-01
v 4.373333333333e-01 0.000000000000e+00 7.786666666667e-01
v 4.373333333333e-01 0.000000000000e+00 7.573333333333e-01
v 3.946666666667e-01 0.000000000000e+00 7.786666666667e-01
v 4.800000000000e-01 0.000000000000e+00 7.573333333333e-01
v 4.586666666667e-01 0.000000000000e+00 7.573333333333e-01
v 4.586666666667e-01 0.000000000000e+00 7.786666666667e-01
v 4.800000000000e-01 0.000000000000e+00 7.786666666667e-01
v 3.946666666667e-01 0.000000000000e+00 8.000000000000e-01
v 4.160000000000e-01 0.000000000000e+00 8.000000000000e-01
v 4.373333333333e-01 0.000000000000e+00 8.000000000000e-01
v 4.586666666667e-01 0.000000000000e+00 8.000000000000e-01
v 4.800000000000e-01 0.000000000000e+00 8.000000000000e-01
v 5.653333333333e-01 0.000000000000e+00 7.360000000000e-01
v 5.226666666667e-01 0.000000000000e+00 8.000000000000e-01
v 5.653333333333e-01 0.000000000000e+00 7.146666666667e-01
v 5.013333333333e-01 0.000000000000e+00 7.573333333333e-01
v 5.440000000000e-01 0.000000000000e+00 7.146666666667e-01
v 5.226666666667e-01 0.000000000000e+00 7.573333333333e-01
v 5.013333333333e-01 0.000000000000e+00 7.786666666667e-01
v 5.226666666667e-01 0.000000000000e+00 7.786666666667e-01
v 5.440000000000e-01 0.000000000000e+00 7.786666666667e-01
v 5.440000000000e-01 0.000000000000e+00 7.573333333333e-01
v 5.866666666667e-01 0.000000000000e+00 6.933333333333e-01
v 5.226666666667e-01 0.000000000000e+00 7.360000000000e-01
v 5.653333333333e-01 0.000000000000e+00 6.933333333333e-01
v 5.440000000000e-01 0.000000000000e+00 7.360000000000e-01
v 5.013333333333e-01 0.000000000000e+00 8.000000000000e-01
v 5.013333333333e-01 0.000000000000e+00 6.933333333333e-01
v 5.440000000000e-01 0.000000000000e+00 6.720000000000e-01
v 5.226666666667e-01 0.000000000000e+00 6.720000000000e-01
v 4.800000000000e-01 0.000000000000e+00 6.933333333333e-01
v 5.013333333333e-01 0.000000000000e+00 7.360000000000e-01
v 5.226666666667e-01 0.000000000000e+00 6.933333333333e-01
v 5.226666666667e-01 0.000000000000e+00 6.506666666667e-01
v 5.440000000000e-01 0.000000000000e+00 6.506666666667e-01
v 5.013333333333e-01 0.000000000000e+00 6.720000000000e-01
v 5.440000000000e-01 0.000000000000e+00 6.933333333333e-01
v 5.226666666667e-01 0.000000000000e+00 7.146666666667e-01
v 5.013333333333e-01 0.000000000000e+00 7.146666666667e-01
v 4.800000000000e-01 0.000000000000e+00 7.146666666667e-01
v 5.440000000000e-01 0.000000000000e+00 6.293333333333e-01
v 2.026666666667e-01 0.000000000000e+00 7.146666666667e-01
v 2.026666666667e-01 0.000000000000e+00 7.573333333333e-01
v 2.240000000000e-01 0.000000000000e+00 7.146666666667e-01
v 2.453333333333e-01 0.000000000000e+00 7.573333333333e-01
v 2.240000000000e-01 0.000000000000e+00 7.573333333333e-01
v 2.453333333333e-01 0.000000000000e+00 8.000000000000e-01
v 2.026666666667e-01 0.000000000000e+00 7.360000000000e-01
v 2.240000000000e-01 0.000000000000e+00 7.360000000000e-01
v 2.453333333333e-01 0.000000000000e+00 7.360000000000e-01
v 2.240000000000e-01 0.000000000000e+00 8.000000000000e-01
v 2.453333333333e-01 0.000000000000e+00 7.146666666667e-01
v 2.026666666667e-01 0.000000000000e+00 8.000000000000e-01
v 2.026666666667e-01 0.000000000000e+00 7.786666666667e-01
v 2.240000000000e-01 0.000000000000e+00 7.786666666667e-01
v 2.453333333333e-01 0.000000000000e+00 7.786666666667e-01
v 3.093333333333e-01 0.000000000000e+00 7.573333333333e-01
v 2.666666666667e-01 0.000000000000e+00 7.573333333333e-01
v 2.880000000000e-01 0.000000000000e+00 7.573333333333e-01
v 2.880000000000e-01 0.000000000000e+00 7.360000000000e-01
v 2.666666666667e-01 0.000000000000e+00 7.360000000000e-01
v 3.093333333333e-01 0.000000000000e+00 7.360000000000e-01
v 2.666666666667e-01 0.000000000000e+00 7.786666666667e-01
v 3.093333333333e-01 0.000000000000e+00 7.786666666667e-01
v 3.306666666667e-01 0.000000000000e+00 7.146666666667e-01
v 3.093333333333e-01 0.000000000000e+00 7.146666666667e-01
v 2.880000000000e-01 0.000000000000e+00 7.146666666667e-01
v 2.666666666667e-01 0.000000000000e+00 7.146666666667e-01
v 2.666666666667e-01 0.000000000000e+00 8.000000000000e-01
v 2.880000000000e-01 0.000000000000e+00 8.000000000000e-01
v 2.880000000000e-01 0.000000000000e+00 7.786666666667e-01
v 3.306666666667e-01 0.000000000000e+00 7.573333333333e-01
v 3.520000000000e-01 0.000000000000e+00 7.573333333333e-01
v 3.520000000000e-01 0.000000000000e+00 7.146666666667e-01
v 3.733333333333e-01 0.000000000000e+00 7.360000000000e-01
v 3.306666666667e-01 0.000000000000e+00 7.360000000000e-01
v 3.306666666667e-01 0.000000000000e+00 8.000000000000e-01
v 3.520000000000e-01 0.000000000000e+00 8.000000000000e-01
v 3.733333333333e-01 0.000000000000e+00 8.000000000000e-01
v 3.733333333333e-01 0.000000000000e+00 7.146666666667e-01
v 3.733333333333e-01 0.000000000000e+00 7.786666666667e-01
v 3.520000000000e-01 0.000000000000e+00 7.360000000000e-01
v 3.733333333333e-01 0.000000000000e+00 7.573333333333e-01
v 3.520000000000e-01 0.000000000000e+00 7.786666666667e-01
v 3.306666666667e-01 0.000000000000e+00 7.786666666667e-01
v 3.093333333333e-01 0.000000000000e+00 8.000000000000e-01
v 3.520000000000e-01 0.000000000000e+00 6.293333333333e-01
v 3.946666666667e-01 0.000000000000e+00 6.080000000000e-01
v 3.733333333333e-01 0.000000000000e+00 6.080000000000e-01
v 3.946666666667e-01 0.000000000000e+00 5.866666666667e-01
v 3.733333333333e-01 0.000000000000e+00 6.933333333333e-01
v 3.520000000000e-01 0.000000000000e+00 6.933333333333e-01
v 3.306666666667e-01 0.000000000000e+00 6.933333333333e-01
v 3.946666666667e-01 0.000000000000e+00 6.293333333333e-01
v 3.946666666667e-01 0.000000000000e+00 6.720000000000e-01
v 3.733333333333e-01 0.000000000000e+00 6.720000000000e-01
v 3.520000000000e-01 0.000000000000e+00 6.720000000000e-01
v 3.946666666667e-01 0.000000000000e+00 6.506666666667e-01
v 3.733333333333e-01 0.000000000000e+00 6.506666666667e-01
v 3.520000000000e-01 0.000000000000e+00 6.506666666667e-01
v 3.733333333333e-01 0.000000000000e+00 6.293333333333e-01
v 3.093333333333e-01 0.000000000000e+00 5.866666666667e-01
v 3.520000000000e-01 0.000000000000e+00 5.866666666667e-01
v 3.306666666667e-01 0.000000000000e+00 5.866666666667e-01
v 2.880000000000e-01 0.000000000000e+00 5.866666666667e-01
v 2.666666666667e-01 0.000000000000e+00 6.080000000000e-01
v 3.093333333333e-01 0.000000000000e+00 6.293333333333e-01
v 2.666666666667e-01 0.000000000000e+00 6.293333333333e-01
v 2.880000000000e-01 0.000000000000e+00 6.080000000000e-01
v 3.306666666667e-01 0.000000000000e+00 6.293333333333e-01
v 2.880000000000e-01 0.000000000000e+00 6.293333333333e-01
v 3.733333333333e-01 0.000000000000e+00 5.866666666667e-01
v 3.520000000000e-01 0.000000000000e+00 6.080000000000e-01
v 3.306666666667e-01 0.000000000000e+00 6.080000000000e-01
v 3.093333333333e-01 0.000000000000e+00 6.080000000000e-01
v 3.093333333333e-01 0.000000000000e+00 6.720000000000e-01
v 2.880000000000e-01 0.000000000000e+00 6.720000000000e-01
v 2.666666666667e-01 0.000000000000e+00 6.720000000000e-01
v 2.453333333333e-01 0.000000000000e+00 6.720000000000e-01
v 2.666666666667e-01 0.000000000000e+00 6.506666666667e-01
v 2.240000000000e-01 0.000000000000e+00 6.720000000000e-01
v 2.453333333333e-01 0.000000000000e+00 6.506666666667e-01
v 2.666666666667e-01 0.000000000000e+00 6.933333333333e-01
v 2.880000000000e-01 0.000000000000e+00 6.933333333333e-01
v 2.880000000000e-01 0.000000000000e+00 6.506666666667e-01
v 3.093333333333e-01 0.000000000000e+00 6.506666666667e-01
v 3.306666666667e-01 0.000000000000e+00 6.506666666667e-01
v 2.453333333333e-01 0.000000000000e+00 6.933333333333e-01
v 3.093333333333e-01 0.000000000000e+00 6.933333333333e-01
v 2.240000000000e-01 0.000000000000e+00 6.933333333333e-01
v 3.306666666667e-01 0.000000000000e+00 6.720000000000e-01
v 5.653333333333e-01 0.000000000000e+00 7.786666666667e-01
v 6.293333333333e-01 0.000000000000e+00 7.146666666667e-01
v 6.080000000000e-01 0.000000000000e+00 7.146666666667e-01
v 5.866666666667e-01 0.000000000000e+00 7.146666666667e-01
v 5.866666666667e-01 0.000000000000e+00 7.573333333333e-01
v 5.653333333333e-01 0.000000000000e+00 7.573333333333e-01
v 6.293333333333e-01 0.000000000000e+00 6.933333333333e-01
v 5.866666666667e-01 0.000000000000e+00 7.786666666667e-01
v 5.866666666667e-01 0.000000000000e+00 7.360000000000e-01
v 5.653333333333e-01 0.000000000000e+00 8.000000000000e-01
v 6.080000000000e-01 0.000000000000e+00 7.573333333333e-01
v 6.080000000000e-01 0.000000000000e+00 6.933333333333e-01
v 6.293333333333e-01 0.000000000000e+00 7.360000000000e-01
v 6.080000000000e-01 0.000000000000e+00 7.360000000000e-01
v 5.440000000000e-01 0.000000000000e+00 8.000000000000e-01
v 6.720000000000e-01 0.000000000000e+00 6.933333333333e-01
v 6.506666666667e-01 0.000000000000e+00 6.933333333333e-01
v 6.506666666667e-01 0.000000000000e+00 7.146666666667e-01
v 6.506666666667e-01 0.000000000000e+00 7.360000000000e-01
v 6.720000000000e-01 0.000000000000e+00 7.146666666667e-01
v 7.146666666667e-01 0.000000000000e+00 6.506666666667e-01
v 6.933333333333e-01 0.000000000000e+00 6.506666666667e-01
v 6.933333333333e-01 0.000000000000e+00 7.146666666667e-01
v 7.146666666667e-01 0.000000000000e+00 6.933333333333e-01
v 6.720000000000e-01 0.000000000000e+00 7.360000000000e-01
v 6.720000000000e-01 0.000000000000e+00 6.720000000000e-01
v 6.933333333333e-01 0.000000000000e+00 6.720000000000e-01
v 7.146666666667e-01 0.000000000000e+00 6.720000000000e-01
v 6.933333333333e-01 0.000000000000e+00 7.360000000000e-01
v 6.933333333333e-01 0.000000000000e+00 6.933333333333e-01
v 6.933333333333e-01 0.000000000000e+00 8.000000000000e-01
v 6.720000000000e-01 0.000000000000e+00 8.000000000000e-01
v 6.506666666667e-01 0.000000000000e+00 8.000000000000e-01
v 6.293333333333e-01 0.000000000000e+00 8.000000000000e-01
v 6.080000000000e-01 0.000000000000e+00 8.000000000000e-01
v 6.933333333333e-01 0.000000000000e+00 7.786666666667e-01
v 6.720000000000e-01 0.000000000000e+00 7.786666666667e-01
v 6.506666666667e-01 0.000000000000e+00 7.786666666667e-01
v 6.293333333333e-01 0.000000000000e+00 7.786666666667e-01
v 6.080000000000e-01 0.000000000000e+00 7.786666666667e-01
v 6.933333333333e-01 0.000000000000e+00 7.573333333333e-01
v 6.720000000000e-01 0.000000000000e+00 7.573333333333e-01
v 6.506666666667e-01 0.000000000000e+00 7.573333333333e-01
v 6.293333333333e-01 0.000000000000e+00 7.573333333333e-01
v 5.866666666667e-01 0.000000000000e+00 8.000000000000e-01
v 8.000000000000e-01 0.000000000000e+00 6.293333333333e-01
v 8.000000000000e-01 0.000000000000e+00 6.080000000000e-01
v 7.573333333333e-01 0.000000000000e+00 6.080000000000e-01
v 7.786666666667e-01 0.000000000000e+00 6.720000000000e-01
v 7.360000000000e-01 0.000000000000e+00 6.720000000000e-01
v 7.786666666667e-01 0.000000000000e+00 6.080000000000e-01
v 7.573333333333e-01 0.000000000000e+00 6.506666666667e-01
v 7.360000000000e-01 0.000000000000e+00 6.506666666667e-01
v 7.573333333333e-01 0.000000000000e+00 6.293333333333e-01
v 7.786666666667e-01 0.000000000000e+00 6.293333333333e-01
v 7.573333333333e-01 0.000000000000e+00 6.720000000000e-01
v 7.360000000000e-01 0.000000000000e+00 6.293333333333e-01
v 8.000000000000e-01 0.000000000000e+00 6.720000000000e-01
v 7.786666666667e-01 0.000000000000e+00 6.506666666667e-01
v 8.000000000000e-01 0.000000000000e+00 6.506666666667e-01
v 8.000000000000e-01 0.000000000000e+00 7.786666666667e-01
v 7.786666666667e-01 0.000000000000e+00 7.360000000000e-01
v 8.000000000000e-01 0.000000000000e+00 7.360000000000e-01
v 7.360000000000e-01 0.000000000000e+00 8.000000000000e-01
v 7.146666666667e-01 0.000000000000e+00 8.000000000000e-01
v 7.786666666667e-01 0.000000000000e+00 8.000000000000e-01
v 8.000000000000e-01 0.000000000000e+00 8.000000000000e-01
v 7.573333333333e-01 0.000000000000e+00 8.000000000000e-01
v 7.360000000000e-01 0.000000000000e+00 7.786666666667e-01
v 7.573333333333e-01 0.000000000000e+00 7.786666666667e-01
v 7.786666666667e-01 0.000000000000e+00 7.786666666667e-01
v 7.573333333333e-01 0.000000000000e+00 7.573333333333e-01
v 7.786666666667e-01 0.000000000000e+00 7.573333333333e-01
v 8.000000000000e-01 0.000000000000e+00 7.573333333333e-01
v 8.000000000000e-01 0.000000000000e+00 7.146666666667e-01
v 7.573333333333e-01 0.000000000000e+00 6.933333333333e-01
v 7.360000000000e-01 0.000000000000e+00 6.933333333333e-01
v 7.786666666667e-01 0.000000000000e+00 7.146666666667e-01
v 7.573333333333e-01 0.000000000000e+00 7.146666666667e-01
v 7.360000000000e-01 0.000000000000e+00 7.573333333333e-01
v 7.573333333333e-01 0.000000000000e+00 7.360000000000e-01
v 7.360000000000e-01 0.000000000000e+00 7.360000000000e-01
v 7.360000000000e-01 0.000000000000e+00 7.146666666667e-01
v 7.146666666667e-01 0.000000000000e+00 7.360000000000e-01
v 7.146666666667e-01 0.000000000000e+00 7.146666666667e-01
v 7.146666666667e-01 0.000000000000e+00 7.786666666667e-01
v 8.000000000000e-01 0.000000000000e+00 6.933333333333e-01
v 7.786666666667e-01 0.000000000000e+00 6.933333333333e-01
v 7.146666666667e-01 0.000000000000e+00 7.573333333333e-01
v 6.293333333333e-01 0.000000000000e+00 5.013333333333e-01
v 5.653333333333e-01 0.000000000000e+00 5.440000000000e-01
v 5.866666666667e-01 0.000000000000e+00 5.440000000000e-01
v 6.080000000000e-01 0.000000000000e+00 5.440000000000e-01
v 6.293333333333e-01 0.000000000000e+00 5.440000000000e-01
v 6.506666666667e-01 0.000000000000e+00 5.440000000000e-01
v 5.653333333333e-01 0.000000000000e+00 5.653333333333e-01
v 5.866666666667e-01 0.000000000000e+00 5.653333333333e-01
v 6.080000000000e-01 0.000000000000e+00 5.653333333333e-01
v 6.293333333333e-01 0.000000000000e+00 5.653333333333e-01
v 6.506666666667e-01 0.000000000000e+00 5.013333333333e-01
v 5.866666666667e-01 0.000000000000e+00 5.226666666667e-01
v 6.080000000000e-01 0.000000000000e+00 5.226666666667e-01
v 6.293333333333e-01 0.000000000000e+00 5.226666666667e-01
v 6.506666666667e-01 0.000000000000e+00 5.226666666667e-01
v 5.866666666667e-01 0.000000000000e+00 6.080000000000e-01
v 6.080000000000e-01 0.000000000000e+00 6.080000000000e-01
v 5.653333333333e-01 0.000000000000e+00 5.866666666667e-01
v 5.866666666667e-01 0.000000000000e+00 5.866666666667e-01
v 5.866666666667e-01 0.000000000000e+00 6.506666666667e-01
v 5.653333333333e-01 0.000000000000e+00 6.506666666667e-01
v 5.866666666667e-01 0.000000000000e+00 6.720000000000e-01
v 5.653333333333e-01 0.000000000000e+00 6.720000000000e-01
v 6.080000000000e-01 0.000000000000e+00 6.506666666667e-01
v 6.080000000000e-01 0.000000000000e+00 6.720000000000e-01
v 5.653333333333e-01 0.000000000000e+00 6.080000000000e-01
v 6.080000000000e-01 0.000000000000e+00 5.866666666667e-01
v 5.653333333333e-01 0.000000000000e+00 6.293333333333e-01
v 5.866666666667e-01 0.000000000000e+00 6.293333333333e-01
v 6.080000000000e-01 0.000000000000e+00 6.293333333333e-01
v 6.293333333333e-01 0.000000000000e+00 6.080000000000e-01
v 6.506666666667e-01 0.000000000000e+00 6.080000000000e-01
v 6.720000000000e-01 0.000000000000e+00 6.080000000000e-01
v 6.720000000000e-01 0.000000000000e+00 6.506666666667e-01
v 6.506666666667e-01 0.000000000000e+00 6.506666666667e-01
v 6.293333333333e-01 0.000000000000e+00 6.506666666667e-01
v 6.293333333333e-01 0.000000000000e+00 6.720000000000e-01
v 6.506666666667e-01 0.000000000000e+00 5.866666666667e-01
v 6.506666666667e-01 0.000000000000e+00 6.720000000000e-01
v 6.720000000000e-01 0.000000000000e+00 5.653333333333e-01
v 6.506666666667e-01 0.000000000000e+00 5.653333333333e-01
v 6.293333333333e-01 0.000000000000e+00 5.866666666667e-01
v 6.720000000000e-01 0.000000000000e+00 5.866666666667e-01
v 6.293333333333e-01 0.000000000000e+00 6.293333333333e-01
v 6.506666666667e-01 0.000000000000e+00 6.293333333333e-01
v 6.720000000000e-01 0.000000000000e+00 6.293333333333e-01
v 6.933333333333e-01 0.000000000000e+00 4.800000000000e-01
v 6.720000000000e-01 0.000000000000e+00 4.800000000000e-01
v 7.146666666667e-01 0.000000000000e+00 5.013333333333e-01
v 7.360000000000e-01 0.000000000000e+00 5.013333333333e-01
v 7.360000000000e-01 0.000000000000e+00 4.800000000000e-01
v 6.933333333333e-01 0.000000000000e+00 5.013333333333e-01
v 7.360000000000e-01 0.000000000000e+00 5.226666666667e-01
v 7.146666666667e-01 0.000000000000e+00 5.226666666667e-01
v 6.933333333333e-01 0.000000000000e+00 5.226666666667e-01
v 6.720000000000e-01 0.000000000000e+00 5.226666666667e-01
v 7.146666666667e-01 0.000000000000e+00 5.440000000000e-01
v 6.933333333333e-01 0.000000000000e+00 5.440000000000e-01
v 6.720000000000e-01 0.000000000000e+00 5.440000000000e-01
v 7.146666666667e-01 0.000000000000e+00 4.800000000000e-01
v 6.720000000000e-01 0.000000000000e+00 5.013333333333e-01
v 6.933333333333e-01 0.000000000000e+00 6.080000000000e-01
v 7.146666666667e-01 0.000000000000e+00 6.080000000000e-01
v 7.360000000000e-01 0.000000000000e+00 6.080000000000e-01
v 7.573333333333e-01 0.000000000000e+00 5.866666666667e-01
v 6.933333333333e-01 0.000000000000e+00 5.866666666667e-01
v 7.146666666667e-01 0.000000000000e+00 6.293333333333e-01
v 7.146666666667e-01 0.000000000000e+00 5.866666666667e-01
v 7.360000000000e-01 0.000000000000e+00 5.440000000000e-01
v 6.933333333333e-01 0.000000000000e+00 6.293333333333e-01
v 6.933333333333e-01 0.000000000000e+00 5.653333333333e-01
v 7.146666666667e-01 0.000000000000e+00 5.653333333333e-01
v 7.360000000000e-01 0.000000000000e+00 5.653333333333e-01
v 7.573333333333e-01 0.000000000000e+00 5.653333333333e-01
v 7.573333333333e-01 0.000000000000e+00 5.440000000000e-01
v 7.360000000000e-01 0.000000000000e+00 5.866666666667e-01
v 7.786666666667e-01 0.000000000000e+00 5.653333333333e-01
v 8.000000000000e-01 0.000000000000e+00 5.013333333333e-01
v 7.786666666667e-01 0.000000000000e+00 5.440000000000e-01
v 7.573333333333e-01 0.000000000000e+00 5.013333333333e-01
v 8.000000000000e-01 0.000000000000e+00 5.653333333333e-01
v 7.786666666667e-01 0.000000000000e+00 5.226666666667e-01
v 8.000000000000e-01 0.000000000000e+00 5.226666666667e-01
v 7.786666666667e-01 0.000000000000e+00 4.800000000000e-01
v 8.000000000000e-01 0.000000000000e+00 4.800000000000e-01
v 7.573333333333e-01 0.000000000000e+00 4.800000000000e-01
v 7.786666666667e-01 0.000000000000e+00 5.866666666667e-01
v 8.000000000000e-01 0.000000000000e+00 5.440000000000e-01
v 8.000000000000e-01 0.000000000000e+00 5.866666666667e-01
v 7.786666666667e-01 0.000000000000e+00 5.013333333333e-01
v 7.573333333333e-01 0.000000000000e+00 5.226666666667e-01
v -3.200000000000e-02 0.000000000000e+00 7.360000000000e-01
v -3.200000000000e-02 0.000000000000e+00 7.573333333333e-01
v -1.066666666667e-02 0.000000000000e+00 7.786666666667e-01
v -3.200000000000e-02 0.000000000000e+00 7.786666666667e-01
v -5.333333333333e-02 0.000000000000e+00 7.786666666667e-01
v -1.066666666667e-02 0.000000000000e+00 7.146666666667e-01
v -1.066666666667e-02 0.000000000000e+00 7.360000000000e-01
v 1.066666666667e-02 0.000000000000e+00 7.146666666667e-01
v -3.200000000000e-02 0.000000000000e+00 8.000000000000e-01
v -1.066666666667e-02 0.000000000000e+00 8.000000000000e-01
v 1.066666666667e-02 0.000000000000e+00 7.360000000000e-01
v 1.066666666667e-02 0.000000000000e+00 7.573333333333e-01
v -5.333333333333e-02 0.000000000000e+00 8.000000000000e-01
v -5.333333333333e-02 0.000000000000e+00 7.573333333333e-01
v -1.066666666667e-02 0.000000000000e+00 7.573333333333e-01
v 9.600000000000e-02 0.000000000000e+00 7.146666666667e-01
v 3.200000000000e-02 0.000000000000e+00 7.146666666667e-01
v 9.600000000000e-02 0.000000000000e+00 6.506666666667e-01
v 3.200000000000e-02 0.000000000000e+00 7.360000000000e-01
v 5.333333333333e-02 0.000000000000e+00 7.360000000000e-01
v 7.466666666667e-02 0.000000000000e+00 7.360000000000e-01
v 3.200000000000e-02 0.000000000000e+00 6.933333333333e-01
v 9.600000000000e-02 0.000000000000e+00 6.933333333333e-01
v 7.466666666667e-02 0.000000000000e+00 6.933333333333e-01
v 5.333333333333e-02 0.000000000000e+00 6.720000000000e-01
v 5.333333333333e-02 0.000000000000e+00 7.146666666667e-01
v 5.333333333333e-02 0.000000000000e+00 6.933333333333e-01
v 7.466666666667e-02 0.000000000000e+00 7.146666666667e-01
v 9.600000000000e-02 0.000000000000e+00 6.720000000000e-01
v 7.466666666667e-02 0.000000000000e+00 6.720000000000e-01
v 3.200000000000e-02 0.000000000000e+00 7.786666666667e-01
v 9.600000000000e-02 0.000000000000e+00 7.573333333333e-01
v 7.466666666667e-02 0.000000000000e+00 7.573333333333e-01
v 5.333333333333e-02 0.000000000000e+00 7.573333333333e-01
v 9.600000000000e-02 0.000000000000e+00 7.360000000000e-01
v 5.333333333333e-02 0.000000000000e+00 7.786666666667e-01
v 7.466666666667e-02 0.000000000000e+00 7.786666666667e-01
v 1.066666666667e-02 0.000000000000e+00 8.000000000000e-01
v 3.200000000000e-02 0.000000000000e+00 8.000000000000e-01
v 7.466666666667e-02 0.000000000000e+00 8.000000000000e-01
v 9.600000000000e-02 0.000000000000e+00 8.000000000000e-01
v 9.600000000000e-02 0.000000000000e+00 7.786666666667e-01
v 3.200000000000e-02 0.000000000000e+00 7.573333333333e-01
v 1.066666666667e-02 0.000000000000e+00 7.786666666667e-01
v 5.333333333333e-02 0.000000000000e+00 8.000000000000e-01
v 3.200000000000e-02 0.000000000000e+00 6.293333333333e-01
v 1.066666666667e-02 0.000000000000e+00 6.293333333333e-01
v 3.200000000000e-02 0.000000000000e+00 6.720000000000e-01
v 9.600000000000e-02 0.000000000000e+00 6.293333333333e-01
v 1.066666666667e-02 0.000000000000e+00 6.933333333333e-01
v -1.066666666667e-02 0.000000000000e+00 6.933333333333e-01
v 7.466666666667e-02 0.000000000000e+00 6.506666666667e-01
v 5.333333333333e-02 0.000000000000e+00 6.506666666667e-01
v 3.200000000000e-02 0.000000000000e+00 6.506666666667e-01
v 1.066666666667e-02 0.000000000000e+00 6.506666666667e-01
v 1.066666666667e-02 0.000000000000e+00 6.720000000000e-01
v -1.066666666667e-02 0.000000000000e+00 6.720000000000e-01
v -1.066666666667e-02 0.000000000000e+00 6.506666666667e-01
v 7.466666666667e-02 0.000000000000e+00 6.293333333333e-01
v 5.333333333333e-02 0.000000000000e+00 6.293333333333e-01
v 9.600000000000e-02 0.000000000000e+00 6.080000000000e-01
v 5.333333333333e-02 0.000000000000e+00 5.866666666667e-01
v 7.466666666667e-02 0.000000000000e+00 5.866666666667e-01
v 9.600000000000e-02 0.000000000000e+00 5.866666666667e-01
v 3.200000000000e-02 0.000000000000e+00 5.653333333333e-01
v 5.333333333333e-02 0.000000000000e+00 5.653333333333e-01
v 7.466666666667e-02 0.000000000000e+00 5.653333333333e-01
v 9.600000000000e-02 0.000000000000e+00 5.653333333333e-01
v 1.066666666667e-02 0.000000000000e+00 5.866666666667e-01
v 3.200000000000e-02 0.000000000000e+00 5.866666666667e-01
v 1.066666666667e-02 0.000000000000e+00 6.080000000000e-01
v 3.200000000000e-02 0.000000000000e+00 6.080000000000e-01
v 5.333333333333e-02 0.000000000000e+00 6.080000000000e-01
v 7.466666666667e-02 0.000000000000e+00 6.080000000000e-01
v 7.466666666667e-02 0.000000000000e+00 5.226666666667e-01
v 3.200000000000e-02 0.000000000000e+00 5.440000000000e-01
v 5.333333333333e-02 0.000000000000e+00 5.440000000000e-01
v 9.600000000000e-02 0.000000000000e+00 5.226666666667e-01
v 1.173333333333e-01 0.000000000000e+00 5.226666666667e-01
v 7.466666666667e-02 0.000000000000e+00 5.440000000000e-01
v 9.600000000000e-02 0.000000000000e+00 5.440000000000e-01
v 3.200000000000e-02 0.000000000000e+00 5.226666666667e-01
v 3.200000000000e-02 0.000000000000e+00 5.013333333333e-01
v 5.333333333333e-02 0.000000000000e+00 5.013333333333e-01
v 5.333333333333e-02 0.000000000000e+00 5.226666666667e-01
v 7.466666666667e-02 0.000000000000e+00 5.013333333333e-01
v 9.600000000000e-02 0.000000000000e+00 5.013333333333e-01
v 1.173333333333e-01 0.000000000000e+00 5.013333333333e-01
v 1.386666666667e-01 0.000000000000e+00 5.013333333333e-01
v 1.386666666667e-01 0.000000000000e+00 7.360000000000e-01
v 1.173333333333e-01 0.000000000000e+00 7.786666666667e-01
v 1.386666666667e-01 0.000000000000e+00 7.786666666667e-01
v 1.600000000000e-01 0.000000000000e+00 7.786666666667e-01
v 1.813333333333e-01 0.000000000000e+00 7.786666666667e-01
v 1.173333333333e-01 0.000000000000e+00 7.573333333333e-01
v 1.813333333333e-01 0.000000000000e+00 8.000000000000e-01
v 1.600000000000e-01 0.000000000000e+00 8.000000000000e-01
v 1.386666666667e-01 0.000000000000e+00 8.000000000000e-01
v 1.813333333333e-01 0.000000000000e+00 7.360000000000e-01
v 1.600000000000e-01 0.000000000000e+00 7.360000000000e-01
v 1.173333333333e-01 0.000000000000e+00 8.000000000000e-01
v 1.813333333333e-01 0.000000000000e+00 7.573333333333e-01
v 1.600000000000e-01 0.000000000000e+00 7.573333333333e-01
v 1.386666666667e-01 0.000000000000e+00 7.573333333333e-01
v 1.386666666667e-01 0.000000000000e+00 6.506666666667e-01
v 1.173333333333e-01 0.000000000000e+00 6.506666666667e-01
v 1.813333333333e-01 0.000000000000e+00 6.293333333333e-01
v 1.600000000000e-01 0.000000000000e+00 6.293333333333e-01
v 1.386666666667e-01 0.000000000000e+00 6.293333333333e-01
v 1.173333333333e-01 0.000000000000e+00 6.293333333333e-01
v 1.173333333333e-01 0.000000000000e+00 7.360000000000e-01
v 1.600000000000e-01 0.000000000000e+00 6.506666666667e-01
v 1.173333333333e-01 0.000000000000e+00 7.146666666667e-01
v 1.386666666667e-01 0.000000000000e+00 6.933333333333e-01
v 1.386666666667e-01 0.000000000000e+00 7.146666666667e-01
v 1.173333333333e-01 0.000000000000e+00 6.933333333333e-01
v 1.600000000000e-01 0.000000000000e+00 6.720000000000e-01
v 1.386666666667e-01 0.000000000000e+00 6.720000000000e-01
v 1.173333333333e-01 0.000000000000e+00 6.720000000000e-01
v 2.026666666667e-01 0.000000000000e+00 6.933333333333e-01
v 1.813333333333e-01 0.000000000000e+00 7.146666666667e-01
v 2.026666666667e-01 0.000000000000e+00 6.293333333333e-01
v 1.600000000000e-01 0.000000000000e+00 7.146666666667e-01
v 2.453333333333e-01 0.000000000000e+00 6.080000000000e-01
v 2.240000000000e-01 0.000000000000e+00 6.293333333333e-01
v 2.453333333333e-01 0.000000000000e+00 6.293333333333e-01
v 1.600000000000e-01 0.000000000000e+00 6.933333333333e-01
v 2.240000000000e-01 0.000000000000e+00 6.080000000000e-01
v 2.026666666667e-01 0.000000000000e+00 6.720000000000e-01
v 1.813333333333e-01 0.000000000000e+00 6.720000000000e-01
v 1.813333333333e-01 0.000000000000e+00 6.933333333333e-01
v 2.240000000000e-01 0.000000000000e+00 6.506666666667e-01
v 2.026666666667e-01 0.000000000000e+00 6.506666666667e-01
v 1.813333333333e-01 0.000000000000e+00 6.506666666667e-01
v 2.666666666667e-01 0.000000000000e+00 5.866666666667e-01
v 2.240000000000e-01 0.000000000000e+00 5.013333333333e-01
v 2.666666666667e-01 0.000000000000e+00 5.440000000000e-01
v 2.666666666667e-01 0.000000000000e+00 5.226666666667e-01
v 2.453333333333e-01 0.000000000000e+00 5.226666666667e-01
v 2.453333333333e-01 0.000000000000e+00 5.866666666667e-01
v 2.453333333333e-01 0.000000000000e+00 5.653333333333e-01
v 2.666666666667e-01 0.000000000000e+00 5.653333333333e-01
v 2.453333333333e-01 0.000000000000e+00 5.440000000000e-01
v 2.880000000000e-01 0.000000000000e+00 4.800000000000e-01
v 2.666666666667e-01 0.000000000000e+00 5.013333333333e-01
v 2.880000000000e-01 0.000000000000e+00 5.013333333333e-01
v 2.666666666667e-01 0.000000000000e+00 4.800000000000e-01
v 2.453333333333e-01 0.000000000000e+00 4.800000000000e-01
v 2.453333333333e-01 0.000000000000e+00 5.013333333333e-01
v 1.600000000000e-01 0.000000000000e+00 5.866666666667e-01
v 2.240000000000e-01 0.000000000000e+00 5.653333333333e-01
v 2.026666666667e-01 0.000000000000e+00 5.653333333333e-01
v 1.813333333333e-01 0.000000000000e+00 5.653333333333e-01
v 2.240000000000e-01 0.000000000000e+00 5.440000000000e-01
v 2.026666666667e-01 0.000000000000e+00 5.440000000000e-01
v 1.813333333333e-01 0.000000000000e+00 5.440000000000e-01
v 1.813333333333e-01 0.000000000000e+00 5.866666666667e-01
v 2.026666666667e-01 0.000000000000e+00 5.226666666667e-01
v 2.240000000000e-01 0.000000000000e+00 5.226666666667e-01
v 2.026666666667e-01 0.000000000000e+00 6.080000000000e-01
v 1.813333333333e-01 0.000000000000e+00 6.080000000000e-01
v 1.600000000000e-01 0.000000000000e+00 6.080000000000e-01
v 2.240000000000e-01 0.000000000000e+00 5.866666666667e-01
v 2.026666666667e-01 0.000000000000e+00 5.866666666667e-01
v 1.813333333333e-01 0.000000000000e+00 5.013333333333e-01
v 1.173333333333e-01 0.000000000000e+00 5.653333333333e-01
v 1.386666666667e-01 0.000000000000e+00 5.653333333333e-01
v 1.173333333333e-01 0.000000000000e+00 6.080000000000e-01
v 1.600000000000e-01 0.000000000000e+00 5.653333333333e-01
v 1.600000000000e-01 0.000000000000e+00 5.226666666667e-01
v 1.386666666667e-01 0.000000000000e+00 5.866666666667e-01
v 1.173333333333e-01 0.000000000000e+00 5.866666666667e-01
v 1.813333333333e-01 0.000000000000e+00 5.226666666667e-01
v 1.386666666667e-01 0.000000000000e+00 5.226666666667e-01
v 1.386666666667e-01 0.000000000000e+00 6.080000000000e-01
v 1.600000000000e-01 0.000000000000e+00 5.013333333333e-01
v 1.600000000000e-01 0.000000000000e+00 5.440000000000e-01
v 2.026666666667e-01 0.000000000000e+00 5.013333333333e-01
v 1.386666666667e-01 0.000000000000e+00 5.440000000000e-01
v 1.173333333333e-01 0.000000000000e+00 5.440000000000e-01
v -2.240000000000e-01 0.000000000000e+00 7.146666666667e-01
v -2.026666666667e-01 0.000000000000e+00 6.720000000000e-01
v -2.240000000000e-01 0.000000000000e+00 6.720000000000e-01
v -2.453333333333e-01 0.000000000000e+00 6.720000000000e-01
v -2.666666666667e-01 0.000000000000e+00 6.720000000000e-01
v -2.666666666667e-01 0.000000000000e+00 7.360000000000e-01
v -2.453333333333e-01 0.000000000000e+00 7.360000000000e-01
v -2.240000000000e-01 0.000000000000e+00 7.360000000000e-01
v -2.666666666667e-01 0.000000000000e+00 7.146666666667e-01
v -2.666666666667e-01 0.000000000000e+00 6.933333333333e-01
v -2.453333333333e-01 0.000000000000e+00 6.933333333333e-01
v -2.240000000000e-01 0.000000000000e+00 6.933333333333e-01
v -2.026666666667e-01 0.000000000000e+00 6.933333333333e-01
v -1.813333333333e-01 0.000000000000e+00 6.720000000000e-01
v -2.453333333333e-01 0.000000000000e+00 7.146666666667e-01
v -2.453333333333e-01 0.000000000000e+00 7.573333333333e-01
v -2.666666666667e-01 0.000000000000e+00 7.786666666667e-01
v -2.453333333333e-01 0.000000000000e+00 7.786666666667e-01
v -2.240000000000e-01 0.000000000000e+00 7.786666666667e-01
v -2.026666666667e-01 0.000000000000e+00 7.786666666667e-01
v -2.240000000000e-01 0.000000000000e+00 7.573333333333e-01
v -1.813333333333e-01 0.000000000000e+00 7.786666666667e-01
v -1.813333333333e-01 0.000000000000e+00 8.000000000000e-01
v -2.666666666667e-01 0.000000000000e+00 8.000000000000e-01
v -2.666666666667e-01 0.000000000000e+00 7.573333333333e-01
v -2.453333333333e-01 0.000000000000e+00 8.000000000000e-01
v -2.240000000000e-01 0.000000000000e+00 8.000000000000e-01
v -2.026666666667e-01 0.000000000000e+00 8.000000000000e-01
v -2.026666666667e-01 0.000000000000e+00 7.573333333333e-01
v -2.880000000000e-01 0.000000000000e+00 8.000000000000e-01
v -2.026666666667e-01 0.000000000000e+00 7.146666666667e-01
v -1.813333333333e-01 0.000000000000e+00 7.146666666667e-01
v -1.813333333333e-01 0.000000000000e+00 7.360000000000e-01
v -1.600000000000e-01 0.000000000000e+00 7.360000000000e-01
v -1.386666666667e-01 0.000000000000e+00 7.360000000000e-01
v -1.386666666667e-01 0.000000000000e+00 7.146666666667e-01
v -1.813333333333e-01 0.000000000000e+00 7.573333333333e-01
v -1.600000000000e-01 0.000000000000e+00 6.933333333333e-01
v -1.386666666667e-01 0.000000000000e+00 6.720000000000e-01
v -1.600000000000e-01 0.000000000000e+00 6.720000000000e-01
v -1.386666666667e-01 0.000000000000e+00 6.933333333333e-01
v -1.813333333333e-01 0.000000000000e+00 6.933333333333e-01
v -2.026666666667e-01 0.000000000000e+00 7.360000000000e-01
v -1.600000000000e-01 0.000000000000e+00 7.146666666667e-01
v -1.600000000000e-01 0.000000000000e+00 7.573333333333e-01
v -9.600000000000e-02 0.000000000000e+00 8.000000000000e-01
v -7.466666666667e-02 0.000000000000e+00 7.573333333333e-01
v -1.173333333333e-01 0.000000000000e+00 8.000000000000e-01
v -1.386666666667e-01 0.000000000000e+00 8.000000000000e-01
v -1.600000000000e-01 0.000000000000e+00 8.000000000000e-01
v -7.466666666667e-02 0.000000000000e+00 7.786666666667e-01
v -9.600000000000e-02 0.000000000000e+00 7.786666666667e-01
v -1.386666666667e-01 0.000000000000e+00 7.786666666667e-01
v -1.600000000000e-01 0.000000000000e+00 7.786666666667e-01
v -9.600000000000e-02 0.000000000000e+00 7.573333333333e-01
v -1.173333333333e-01 0.000000000000e+00 7.573333333333e-01
v -1.386666666667e-01 0.000000000000e+00 7.573333333333e-01
v -1.173333333333e-01 0.000000000000e+00 7.786666666667e-01
v -7.466666666667e-02 0.000000000000e+00 8.000000000000e-01
v -3.200000000000e-02 0.000000000000e+00 6.933333333333e-01
v -5.333333333333e-02 0.000000000000e+00 7.360000000000e-01
v -1.066666666667e-02 0.000000000000e+00 6.293333333333e-01
v -7.466666666667e-02 0.000000000000e+00 7.146666666667e-01
v -5.333333333333e-02 0.000000000000e+00 6.293333333333e-01
v -7.466666666667e-02 0.000000000000e+00 7.360000000000e-01
v -5.333333333333e-02 0.000000000000e+00 7.146666666667e-01
v -5.333333333333e-02 0.000000000000e+00 6.933333333333e-01
v -5.333333333333e-02 0.000000000000e+00 6.720000000000e-01
v -3.200000000000e-02 0.000000000000e+00 7.146666666667e-01
v -3.200000000000e-02 0.000000000000e+00 6.506666666667e-01
v -3.200000000000e-02 0.000000000000e+00 6.293333333333e-01
v -5.333333333333e-02 0.000000000000e+00 6.506666666667e-01
v -3.200000000000e-02 0.000000000000e+00 6.720000000000e-01
v -1.173333333333e-01 0.000000000000e+00 7.146666666667e-01
v -1.173333333333e-01 0.000000000000e+00 6.506666666667e-01
v -9.600000000000e-02 0.000000000000e+00 7.146666666667e-01
v -9.600000000000e-02 0.000000000000e+00 6.506666666667e-01
v -7.466666666667e-02 0.000000000000e+00 6.506666666667e-01
v -9.600000000000e-02 0.000000000000e+00 7.360000000000e-01
v -1.173333333333e-01 0.000000000000e+00 6.933333333333e-01
v -7.466666666667e-02 0.000000000000e+00 6.933333333333e-01
v -7.466666666667e-02 0.000000000000e+00 6.720000000000e-01
v -9.600000000000e-02 0.000000000000e+00 6.720000000000e-01
v -1.173333333333e-01 0.000000000000e+00 6.720000000000e-01
v -1.173333333333e-01 0.000000000000e+00 7.360000000000e-01
v -9.600000000000e-02 0.000000000000e+00 6.933333333333e-01
v -7.466666666667e-02 0.000000000000e+00 6.293333333333e-01
v -9.600000000000e-02 0.000000000000e+00 6.293333333333e-01
v -1.813333333333e-01 0.000000000000e+00 6.293333333333e-01
v -2.026666666667e-01 0.000000000000e+00 6.506666666667e-01
v -2.240000000000e-01 0.000000000000e+00 6.506666666667e-01
v -2.026666666667e-01 0.000000000000e+00 5.866666666667e-01
v -1.813333333333e-01 0.000000000000e+00 5.866666666667e-01
v -1.600000000000e-01 0.000000000000e+00 5.866666666667e-01
v -2.026666666667e-01 0.000000000000e+00 6.080000000000e-01
v -2.453333333333e-01 0.000000000000e+00 6.506666666667e-01
v -2.666666666667e-01 0.000000000000e+00 6.506666666667e-01
v -1.600000000000e-01 0.000000000000e+00 6.080000000000e-01
v -2.240000000000e-01 0.000000000000e+00 6.080000000000e-01
v -1.813333333333e-01 0.000000000000e+00 6.080000000000e-01
v -2.453333333333e-01 0.000000000000e+00 6.293333333333e-01
v -2.026666666667e-01 0.000000000000e+00 6.293333333333e-01
v -2.240000000000e-01 0.000000000000e+00 6.293333333333e-01
v -2.240000000000e-01 0.000000000000e+00 5.866666666667e-01
v -2.240000000000e-01 0.000000000000e+00 5.013333333333e-01
v -2.026666666667e-01 0.000000000000e+00 5.013333333333e-01
v -2.240000000000e-01 0.000000000000e+00 5.440000000000e-01
v -2.453333333333e-01 0.000000000000e+00 5.440000000000e-01
v -2.240000000000e-01 0.000000000000e+00 5.226666666667e-01
v -2.026666666667e-01 0.000000000000e+00 5.226666666667e-01
v -2.453333333333e-01 0.000000000000e+00 6.080000000000e-01
v -2.666666666667e-01 0.000000000000e+00 5.440000000000e-01
v -2.453333333333e-01 0.000000000000e+00 5.226666666667e-01
v -2.026666666667e-01 0.000000000000e+00 5.440000000000e-01
v -2.026666666667e-01 0.000000000000e+00 5.653333333333e-01
v -2.240000000000e-01 0.000000000000e+00 5.653333333333e-01
v -2.453333333333e-01 0.000000000000e+00 5.653333333333e-01
v -2.453333333333e-01 0.000000000000e+00 5.866666666667e-01
v -1.813333333333e-01 0.000000000000e+00 5.226666666667e-01
v -1.386666666667e-01 0.000000000000e+00 5.013333333333e-01
v -1.173333333333e-01 0.000000000000e+00 5.013333333333e-01
v -1.600000000000e-01 0.000000000000e+00 5.226666666667e-01
v -1.813333333333e-01 0.000000000000e+00 5.653333333333e-01
v -1.173333333333e-01 0.000000000000e+00 5.226666666667e-01
v -1.813333333333e-01 0.000000000000e+00 5.013333333333e-01
v -1.386666666667e-01 0.000000000000e+00 5.653333333333e-01
v -1.600000000000e-01 0.000000000000e+00 5.653333333333e-01
v -1.386666666667e-01 0.000000000000e+00 5.226666666667e-01
v -1.600000000000e-01 0.000000000000e+00 5.013333333333e-01
v -1.173333333333e-01 0.000000000000e+00 5.440000000000e-01
v -1.386666666667e-01 0.000000000000e+00 5.440000000000e-01
v -1.600000000000e-01 0.000000000000e+00 5.440000000000e-01
v -1.813333333333e-01 0.000000000000e+00 5.440000000000e-01
v -1.173333333333e-01 0.000000000000e+00 5.866666666667e-01
v -7.466666666667e-02 0.000000000000e+00 5.653333333333e-01
v -9.600000000000e-02 0.000000000000e+00 5.653333333333e-01
v -1.173333333333e-01 0.000000000000e+00 5.653333333333e-01
v -1.600000000000e-01 0.000000000000e+00 6.506666666667e-01
v -1.813333333333e-01 0.000000000000e+00 6.506666666667e-01
v -1.600000000000e-01 0.000000000000e+00 6.293333333333e-01
v -1.386666666667e-01 0.000000000000e+00 6.080000000000e-01
v -9.600000000000e-02 0.000000000000e+00 5.866666666667e-01
v -1.386666666667e-01 0.000000000000e+00 5.866666666667e-01
v -1.386666666667e-01 0.000000000000e+00 6.293333333333e-01
v -1.173333333333e-01 0.000000000000e+00 6.293333333333e-01
v -1.386666666667e-01 0.000000000000e+00 6.506666666667e-01
v -1.173333333333e-01 0.000000000000e+00 6.080000000000e-01
v -9.600000000000e-02 0.000000000000e+00 6.080000000000e-01
v -1.066666666667e-02 0.000000000000e+00 5.013333333333e-01
v -5.333333333333e-02 0.000000000000e+00 5.226666666667e-01
v -5.333333333333e-02 0.000000000000e+00 5.013333333333e-01
v -7.466666666667e-02 0.000000000000e+00 5.013333333333e-01
v -9.600000000000e-02 0.000000000000e+00 5.013333333333e-01
v 1.066666666667e-02 0.000000000000e+00 5.226666666667e-01
v -1.066666666667e-02 0.000000000000e+00 5.226666666667e-01
v -5.333333333333e-02 0.000000000000e+00 5.440000000000e-01
v -7.466666666667e-02 0.000000000000e+00 5.440000000000e-01
v -9.600000000000e-02 0.000000000000e+00 5.440000000000e-01
v -9.600000000000e-02 0.000000000000e+00 5.226666666667e-01
v 1.066666666667e-02 0.000000000000e+00 5.013333333333e-01
v -3.200000000000e-02 0.000000000000e+00 5.226666666667e-01
v -7.466666666667e-02 0.000000000000e+00 5.226666666667e-01
v -3.200000000000e-02 0.000000000000e+00 5.013333333333e-01
v -5.333333333333e-02 0.000000000000e+00 5.866666666667e-01
v -3.200000000000e-02 0.000000000000e+00 6.080000000000e-01
v -5.333333333333e-02 0.000000000000e+00 6.080000000000e-01
v 1.066666666667e-02 0.000000000000e+00 5.653333333333e-01
v -1.066666666667e-02 0.000000000000e+00 5.653333333333e-01
v 1.066666666667e-02 0.000000000000e+00 5.440000000000e-01
v -3.200000000000e-02 0.000000000000e+00 5.440000000000e-01
v -3.200000000000e-02 0.000000000000e+00 5.653333333333e-01
v -5.333333333333e-02 0.000000000000e+00 5.653333333333e-01
v -7.466666666667e-02 0.000000000000e+00 6.080000000000e-01
v -3.200000000000e-02 0.000000000000e+00 5.866666666667e-01
v -1.066666666667e-02 0.000000000000e+00 5.866666666667e-01
v -1.066666666667e-02 0.000000000000e+00 5.440000000000e-01
v -1.066666666667e-02 0.000000000000e+00 6.080000000000e-01
v -7.466666666667e-02 0.000000000000e+00 5.866666666667e-01
v 3.306666666667e-01 0.000000000000e+00 2.453333333333e-01
v 3.093333333333e-01 0.000000000000e+00 2.453333333333e-01
v 2.880000000000e-01 0.000000000000e+00 2.453333333333e-01
v 3.306666666667e-01 0.000000000000e+00 2.026666666667e-01
v 2.880000000000e-01 0.000000000000e+00 2.026666666667e-01
v 2.880000000000e-01 0.000000000000e+00 2.666666666667e-01
v 3.093333333333e-01 0.000000000000e+00 2.666666666667e-01
v 3.093333333333e-01 0.000000000000e+00 2.240000000000e-01
v 2.880000000000e-01 0.000000000000e+00 2.240000000000e-01
v 3.093333333333e-01 0.000000000000e+00 2.026666666667e-01
v 2.880000000000e-01 0.000000000000e+00 1.813333333333e-01
v 3.093333333333e-01 0.000000000000e+00 1.813333333333e-01
v 3.306666666667e-01 0.000000000000e+00 1.813333333333e-01
v 3.520000000000e-01 0.000000000000e+00 1.813333333333e-01
v 3.306666666667e-01 0.000000000000e+00 2.240000000000e-01
v 3.946666666667e-01 0.000000000000e+00 3.093333333333e-01
v 3.733333333333e-01 0.000000000000e+00 2.880000000000e-01
v 4.160000000000e-01 0.000000000000e+00 2.880000000000e-01
v 3.946666666667e-01 0.000000000000e+00 2.880000000000e-01
v 3.520000000000e-01 0.000000000000e+00 2.880000000000e-01
v 4.373333333333e-01 0.000000000000e+00 2.666666666667e-01
v 4.160000000000e-01 0.000000000000e+00 2.666666666667e-01
v 3.946666666667e-01 0.000000000000e+00 2.666666666667e-01
v 4.373333333333e-01 0.000000000000e+00 2.240000000000e-01
v 4.160000000000e-01 0.000000000000e+00 2.240000000000e-01
v 3.733333333333e-01 0.000000000000e+00 2.666666666667e-01
v 3.946666666667e-01 0.000000000000e+00 2.453333333333e-01
v 4.160000000000e-01 0.000000000000e+00 2.453333333333e-01
v 4.373333333333e-01 0.000000000000e+00 2.453333333333e-01
v 4.373333333333e-01 0.000000000000e+00 2.026666666667e-01
v 3.946666666667e-01 0.000000000000e+00 2.026666666667e-01
v 3.733333333333e-01 0.000000000000e+00 2.240000000000e-01
v 4.373333333333e-01 0.000000000000e+00 1.813333333333e-01
v 4.160000000000e-01 0.000000000000e+00 1.813333333333e-01
v 3.946666666667e-01 0.000000000000e+00 1.813333333333e-01
v 3.520000000000e-01 0.000000000000e+00 2.240000000000e-01
v 3.733333333333e-01 0.000000000000e+00 2.453333333333e-01
v 3.520000000000e-01 0.000000000000e+00 2.453333333333e-01
v 3.733333333333e-01 0.000000000000e+00 1.813333333333e-01
v 3.520000000000e-01 0.000000000000e+00 2.026666666667e-01
v 3.733333333333e-01 0.000000000000e+00 2.026666666667e-01
v 3.946666666667e-01 0.000000000000e+00 2.240000000000e-01
v 3.306666666667e-01 0.000000000000e+00 2.666666666667e-01
v 3.520000000000e-01 0.000000000000e+00 2.666666666667e-01
v 4.160000000000e-01 0.000000000000e+00 2.026666666667e-01
v 2.880000000000e-01 0.000000000000e+00 4.586666666667e-01
v 2.880000000000e-01 0.000000000000e+00 4.373333333333e-01
v 3.093333333333e-01 0.000000000000e+00 4.373333333333e-01
v 2.453333333333e-01 0.000000000000e+00 4.373333333333e-01
v 3.306666666667e-01 0.000000000000e+00 3.946666666667e-01
v 2.666666666667e-01 0.000000000000e+00 4.586666666667e-01
v 3.093333333333e-01 0.000000000000e+00 3.946666666667e-01
v 3.093333333333e-01 0.000000000000e+00 4.586666666667e-01
v 3.306666666667e-01 0.000000000000e+00 4.160000000000e-01
v 3.093333333333e-01 0.000000000000e+00 4.160000000000e-01
v 2.666666666667e-01 0.000000000000e+00 4.373333333333e-01
v 2.880000000000e-01 0.000000000000e+00 4.160000000000e-01
v 2.666666666667e-01 0.000000000000e+00 4.160000000000e-01
v 3.520000000000e-01 0.000000000000e+00 3.946666666667e-01
v 2.453333333333e-01 0.000000000000e+00 4.586666666667e-01
v 3.733333333333e-01 0.000000000000e+00 3.520000000000e-01
v 3.306666666667e-01 0.000000000000e+00 3.306666666667e-01
v 3.520000000000e-01 0.000000000000e+00 3.306666666667e-01
v 3.733333333333e-01 0.000000000000e+00 3.306666666667e-01
v 3.306666666667e-01 0.000000000000e+00 3.733333333333e-01
v 3.093333333333e-01 0.000000000000e+00 3.520000000000e-01
v 3.520000000000e-01 0.000000000000e+00 3.093333333333e-01
v 3.520000000000e-01 0.000000000000e+00 3.733333333333e-01
v 2.666666666667e-01 0.000000000000e+00 3.946666666667e-01
v 2.880000000000e-01 0.000000000000e+00 3.946666666667e-01
v 3.733333333333e-01 0.000000000000e+00 3.093333333333e-01
v 3.093333333333e-01 0.000000000000e+00 3.733333333333e-01
v 2.880000000000e-01 0.000000000000e+00 3.733333333333e-01
v 3.520000000000e-01 0.000000000000e+00 3.520000000000e-01
v 3.306666666667e-01 0.000000000000e+00 3.520000000000e-01
v 2.880000000000e-01 0.000000000000e+00 2.880000000000e-01
v 3.093333333333e-01 0.000000000000e+00 2.880000000000e-01
v 3.306666666667e-01 0.000000000000e+00 2.880000000000e-01
v 2.666666666667e-01 0.000000000000e+00 3.093333333333e-01
v 2.880000000000e-01 0.000000000000e+00 3.093333333333e-01
v 2.666666666667e-01 0.000000000000e+00 2.880000000000e-01
v 2.880000000000e-01 0.000000000000e+00 3.520000000000e-01
v 2.666666666667e-01 0.000000000000e+00 3.520000000000e-01
v 3.093333333333e-01 0.000000000000e+00 3.093333333333e-01
v 3.306666666667e-01 0.000000000000e+00 3.093333333333e-01
v 2.666666666667e-01 0.000000000000e+00 3.733333333333e-01
v 3.093333333333e-01 0.000000000000e+00 3.306666666667e-01
v 2.880000000000e-01 0.000000000000e+00 3.306666666667e-01
v 2.666666666667e-01 0.000000000000e+00 3.306666666667e-01
v 1.813333333333e-01 0.000000000000e+00 2.880000000000e-01
v 1.813333333333e-01 0.000000000000e+00 2.240000000000e-01
v 1.386666666667e-01 0.000000000000e+00 2.453333333333e-01
v 1.600000000000e-01 0.000000000000e+00 2.880000000000e-01
v 1.386666666667e-01 0.000000000000e+00 2.880000000000e-01
v 1.173333333333e-01 0.000000000000e+00 2.880000000000e-01
v 1.600000000000e-01 0.000000000000e+00 2.240000000000e-01
v 1.600000000000e-01 0.000000000000e+00 2.453333333333e-01
v 1.813333333333e-01 0.000000000000e+00 2.453333333333e-01
v 1.600000000000e-01 0.000000000000e+00 3.093333333333e-01
v 1.386666666667e-01 0.000000000000e+00 3.093333333333e-01
v 1.386666666667e-01 0.000000000000e+00 2.666666666667e-01
v 1.386666666667e-01 0.000000000000e+00 3.306666666667e-01
v 1.813333333333e-01 0.000000000000e+00 2.666666666667e-01
v 1.600000000000e-01 0.000000000000e+00 2.666666666667e-01
v 2.453333333333e-01 0.000000000000e+00 2.026666666667e-01
v 2.666666666667e-01 0.000000000000e+00 2.026666666667e-01
v 2.453333333333e-01 0.000000000000e+00 2.666666666667e-01
v 2.666666666667e-01 0.000000000000e+00 2.666666666667e-01
v 2.240000000000e-01 0.000000000000e+00 2.666666666667e-01
v 2.026666666667e-01 0.000000000000e+00 2.666666666667e-01
v 2.666666666667e-01 0.000000000000e+00 2.453333333333e-01
v 2.453333333333e-01 0.000000000000e+00 2.453333333333e-01
v 2.240000000000e-01 0.000000000000e+00 2.453333333333e-01
v 2.026666666667e-01 0.000000000000e+00 2.240000000000e-01
v 2.240000000000e-01 0.000000000000e+00 2.240000000000e-01
v 2.453333333333e-01 0.000000000000e+00 2.240000000000e-01
v 2.666666666667e-01 0.000000000000e+00 2.240000000000e-01
v 2.026666666667e-01 0.000000000000e+00 2.453333333333e-01
v 2.026666666667e-01 0.000000000000e+00 3.306666666667e-01
v 2.453333333333e-01 0.000000000000e+00 3.093333333333e-01
v 2.240000000000e-01 0.000000000000e+00 3.093333333333e-01
v 1.813333333333e-01 0.000000000000e+00 3.093333333333e-01
v 2.453333333333e-01 0.000000000000e+00 3.520000000000e-01
v 2.026666666667e-01 0.000000000000e+00 3.520000000000e-01
v 2.453333333333e-01 0.000000000000e+00 2.880000000000e-01
v 2.453333333333e-01 0.000000000000e+00 3.306666666667e-01
v 2.240000000000e-01 0.000000000000e+00 2.880000000000e-01
v 2.026666666667e-01 0.000000000000e+00 3.093333333333e-01
v 2.026666666667e-01 0.000000000000e+00 2.880000000000e-01
v 1.600000000000e-01 0.000000000000e+00 3.306666666667e-01
v 2.240000000000e-01 0.000000000000e+00 3.306666666667e-01
v 2.240000000000e-01 0.000000000000e+00 3.520000000000e-01
v 1.813333333333e-01 0.000000000000e+00 3.306666666667e-01
v 2.026666666667e-01 0.000000000000e+00 4.586666666667e-01
v 1.813333333333e-01 0.000000000000e+00 4.800000000000e-01
v 2.026666666667e-01 0.000000000000e+00 4.800000000000e-01
v 2.240000000000e-01 0.000000000000e+00 4.800000000000e-01
v 2.026666666667e-01 0.000000000000e+00 4.373333333333e-01
v 2.240000000000e-01 0.000000000000e+00 4.586666666667e-01
v 2.453333333333e-01 0.000000000000e+00 3.946666666667e-01
v 2.026666666667e-01 0.000000000000e+00 4.160000000000e-01
v 2.240000000000e-01 0.000000000000e+00 4.160000000000e-01
v 2.453333333333e-01 0.000000000000e+00 4.160000000000e-01
v 2.026666666667e-01 0.000000000000e+00 3.946666666667e-01
v 2.453333333333e-01 0.000000000000e+00 3.733333333333e-01
v 2.240000000000e-01 0.000000000000e+00 4.373333333333e-01
v 2.240000000000e-01 0.000000000000e+00 3.946666666667e-01
v 2.240000000000e-01 0.000000000000e+00 3.733333333333e-01
v 1.386666666667e-01 0.000000000000e+00 4.373333333333e-01
v 1.600000000000e-01 0.000000000000e+00 4.373333333333e-01
v 9.600000000000e-02 0.000000000000e+00 4.586666666667e-01
v 1.173333333333e-01 0.000000000000e+00 4.586666666667e-01
v 1.386666666667e-01 0.000000000000e+00 4.586666666667e-01
v 1.600000000000e-01 0.000000000000e+00 4.586666666667e-01
v 1.813333333333e-01 0.000000000000e+00 4.586666666667e-01
v 7.466666666667e-02 0.000000000000e+00 4.800000000000e-01
v 9.600000000000e-02 0.000000000000e+00 4.800000000000e-01
v 1.173333333333e-01 0.000000000000e+00 4.800000000000e-01
v 1.386666666667e-01 0.000000000000e+00 4.800000000000e-01
v 1.813333333333e-01 0.000000000000e+00 4.160000000000e-01
v 1.600000000000e-01 0.000000000000e+00 4.800000000000e-01
v 1.813333333333e-01 0.000000000000e+00 4.373333333333e-01
v 1.173333333333e-01 0.000000000000e+00 4.373333333333e-01
v 1.813333333333e-01 0.000000000000e+00 3.520000000000e-01
v 1.600000000000e-01 0.000000000000e+00 3.520000000000e-01
v 1.386666666667e-01 0.000000000000e+00 3.520000000000e-01
v 1.173333333333e-01 0.000000000000e+00 4.160000000000e-01
v 1.386666666667e-01 0.000000000000e+00 4.160000000000e-01
v 1.600000000000e-01 0.000000000000e+00 4.160000000000e-01
v 2.026666666667e-01 0.000000000000e+00 3.733333333333e-01
v 1.813333333333e-01 0.000000000000e+00 3.733333333333e-01
v 1.600000000000e-01 0.000000000000e+00 3.733333333333e-01
v 1.386666666667e-01 0.000000000000e+00 3.733333333333e-01
v 1.173333333333e-01 0.000000000000e+00 3.733333333333e-01
v 1.173333333333e-01 0.000000000000e+00 3.946666666667e-01
v 1.386666666667e-01 0.000000000000e+00 3.946666666667e-01
v 1.813333333333e-01 0.000000000000e+00 3.946666666667e-01
v 1.600000000000e-01 0.000000000000e+00 3.946666666667e-01
v -1.386666666667e-01 0.000000000000e+00 3.306666666667e-01
v -7.466666666667e-02 0.000000000000e+00 2.666666666667e-01
v -1.173333333333e-01 0.000000000000e+00 3.306666666667e-01
v -1.173333333333e-01 0.000000000000e+00 2.666666666667e-01
v -1.386666666667e-01 0.000000000000e+00 2.880000000000e-01
v -1.173333333333e-01 0.000000000000e+00 2.880000000000e-01
v -9.600000000000e-02 0.000000000000e+00 2.880000000000e-01
v -7.466666666667e-02 0.000000000000e+00 2.880000000000e-01
v -5.333333333333e-02 0.000000000000e+00 2.666666666667e-01
v -9.600000000000e-02 0.000000000000e+00 2.666666666667e-01
v -9.600000000000e-02 0.000000000000e+00 2.453333333333e-01
v -7.466666666667e-02 0.000000000000e+00 2.453333333333e-01
v -9.600000000000e-02 0.000000000000e+00 3.093333333333e-01
v -1.173333333333e-01 0.000000000000e+00 3.093333333333e-01
v -1.386666666667e-01 0.000000000000e+00 3.093333333333e-01
v -1.066666666667e-02 0.000000000000e+00 1.173333333333e-01
v -7.466666666667e-02 0.000000000000e+00 2.026666666667e-01
v -9.600000000000e-02 0.000000000000e+00 2.026666666667e-01
v -7.466666666667e-02 0.000000000000e+00 2.240000000000e-01
v -9.600000000000e-02 0.000000000000e+00 2.240000000000e-01
v -7.466666666667e-02 0.000000000000e+00 1.813333333333e-01
v -3.200000000000e-02 0.000000000000e+00 1.386666666667e-01
v -1.066666666667e-02 0.000000000000e+00 1.386666666667e-01
v 1.066666666667e-02 0.000000000000e+00 1.386666666667e-01
v -1.066666666667e-02 0.000000000000e+00 1.600000000000e-01
v -3.200000000000e-02 0.000000000000e+00 1.813333333333e-01
v -5.333333333333e-02 0.000000000000e+00 1.813333333333e-01
v -5.333333333333e-02 0.000000000000e+00 2.026666666667e-01
v -3.200000000000e-02 0.000000000000e+00 1.600000000000e-01
v -5.333333333333e-02 0.000000000000e+00 1.600000000000e-01
v 3.200000000000e-02 0.000000000000e+00 1.600000000000e-01
v -1.066666666667e-02 0.000000000000e+00 2.026666666667e-01
v -3.200000000000e-02 0.000000000000e+00 2.026666666667e-01
v 1.066666666667e-02 0.000000000000e+00 1.600000000000e-01
v 1.066666666667e-02 0.000000000000e+00 1.813333333333e-01
v -5.333333333333e-02 0.000000000000e+00 2.240000000000e-01
v -5.333333333333e-02 0.000000000000e+00 2.453333333333e-01
v 3.200000000000e-02 0.000000000000e+00 1.386666666667e-01
v -3.200000000000e-02 0.000000000000e+00 2.453333333333e-01
v -1.066666666667e-02 0.000000000000e+00 2.240000000000e-01
v -3.200000000000e-02 0.000000000000e+00 2.240000000000e-01
v -1.066666666667e-02 0.000000000000e+00 1.813333333333e-01
v 3.200000000000e-02 0.000000000000e+00 1.813333333333e-01
v 1.066666666667e-02 0.000000000000e+00 2.026666666667e-01
v 9.600000000000e-02 0.000000000000e+00 2.453333333333e-01
v 5.333333333333e-02 0.000000000000e+00 3.093333333333e-01
v 7.466666666667e-02 0.000000000000e+00 2.240000000000e-01
v 9.600000000000e-02 0.000000000000e+00 2.240000000000e-01
v 1.173333333333e-01 0.000000000000e+00 2.240000000000e-01
v 7.466666666667e-02 0.000000000000e+00 2.453333333333e-01
v 1.386666666667e-01 0.000000000000e+00 2.240000000000e-01
v 1.173333333333e-01 0.000000000000e+00 2.666666666667e-01
v 9.600000000000e-02 0.000000000000e+00 2.666666666667e-01
v 5.333333333333e-02 0.000000000000e+00 2.880000000000e-01
v 7.466666666667e-02 0.000000000000e+00 2.880000000000e-01
v 7.466666666667e-02 0.000000000000e+00 2.666666666667e-01
v 5.333333333333e-02 0.000000000000e+00 2.666666666667e-01
v 9.600000000000e-02 0.000000000000e+00 2.880000000000e-01
v 1.173333333333e-01 0.000000000000e+00 2.453333333333e-01
v 7.466666666667e-02 0.000000000000e+00 3.093333333333e-01
v -1.066666666667e-02 0.000000000000e+00 2.880000000000e-01
v 1.066666666667e-02 0.000000000000e+00 2.666666666667e-01
v -3.200000000000e-02 0.000000000000e+00 2.666666666667e-01
v 5.333333333333e-02 0.000000000000e+00 2.026666666667e-01
v 5.333333333333e-02 0.000000000000e+00 2.453333333333e-01
v 3.200000000000e-02 0.000000000000e+00 2.453333333333e-01
v 1.066666666667e-02 0.000000000000e+00 2.453333333333e-01
v 3.200000000000e-02 0.000000000000e+00 2.026666666667e-01
v 3.200000000000e-02 0.000000000000e+00 2.666666666667e-01
v -1.066666666667e-02 0.000000000000e+00 2.666666666667e-01
v -1.066666666667e-02 0.000000000000e+00 2.453333333333e-01
v 1.066666666667e-02 0.000000000000e+00 2.240000000000e-01
v 3.200000000000e-02 0.000000000000e+00 2.240000000000e-01
v 5.333333333333e-02 0.000000000000e+00 2.240000000000e-01
v -3.200000000000e-02 0.000000000000e+00 2.880000000000e-01
v 3.200000000000e-02 0.000000000000e+00 3.093333333333e-01
v 1.066666666667e-02 0.000000000000e+00 3.093333333333e-01
v -1.066666666667e-02 0.000000000000e+00 3.093333333333e-01
v -3.200000000000e-02 0.000000000000e+00 3.093333333333e-01
v -5.333333333333e-02 0.000000000000e+00 2.880000000000e-01
v 1.066666666667e-02 0.000000000000e+00 2.880000000000e-01
v -5.333333333333e-02 0.000000000000e+00 3.306666666667e-01
v -3.200000000000e-02 0.000000000000e+00 3.306666666667e-01
v -7.466666666667e-02 0.000000000000e+00 3.306666666667e-01
v 3.200000000000e-02 0.000000000000e+00 2.880000000000e-01
v -5.333333333333e-02 0.000000000000e+00 3.093333333333e-01
v -7.466666666667e-02 0.000000000000e+00 3.093333333333e-01
v 3.200000000000e-02 0.000000000000e+00 3.306666666667e-01
v 1.066666666667e-02 0.000000000000e+00 3.306666666667e-01
v -1.066666666667e-02 0.000000000000e+00 3.306666666667e-01
v -9.600000000000e-02 0.000000000000e+00 3.733333333333e-01
v -1.386666666667e-01 0.000000000000e+00 3.520000000000e-01
v -1.173333333333e-01 0.000000000000e+00 3.520000000000e-01
v -9.600000000000e-02 0.000000000000e+00 3.306666666667e-01
v -9.600000000000e-02 0.000000000000e+00 3.520000000000e-01
v -1.813333333333e-01 0.000000000000e+00 3.946666666667e-01
v -7.466666666667e-02 0.000000000000e+00 3.520000000000e-01
v -7.466666666667e-02 0.000000000000e+00 3.733333333333e-01
v -5.333333333333e-02 0.000000000000e+00 3.520000000000e-01
v -1.600000000000e-01 0.000000000000e+00 3.946666666667e-01
v -1.386666666667e-01 0.000000000000e+00 3.946666666667e-01
v -1.173333333333e-01 0.000000000000e+00 3.946666666667e-01
v -1.600000000000e-01 0.000000000000e+00 3.733333333333e-01
v -1.173333333333e-01 0.000000000000e+00 3.733333333333e-01
v -1.386666666667e-01 0.000000000000e+00 3.733333333333e-01
v -2.026666666667e-01 0.000000000000e+00 4.160000000000e-01
v -1.813333333333e-01 0.000000000000e+00 4.160000000000e-01
v -1.600000000000e-01 0.000000000000e+00 4.160000000000e-01
v -1.600000000000e-01 0.000000000000e+00 4.800000000000e-01
v -2.026666666667e-01 0.000000000000e+00 4.373333333333e-01
v -1.813333333333e-01 0.000000000000e+00 4.373333333333e-01
v -1.600000000000e-01 0.000000000000e+00 4.373333333333e-01
v -2.240000000000e-01 0.000000000000e+00 4.800000000000e-01
v -2.026666666667e-01 0.000000000000e+00 4.800000000000e-01
v -1.386666666667e-01 0.000000000000e+00 4.160000000000e-01
v -2.240000000000e-01 0.000000000000e+00 4.586666666667e-01
v -2.026666666667e-01 0.000000000000e+00 4.586666666667e-01
v -1.813333333333e-01 0.000000000000e+00 4.586666666667e-01
v -1.600000000000e-01 0.000000000000e+00 4.586666666667e-01
v -1.813333333333e-01 0.000000000000e+00 4.800000000000e-01
v -1.386666666667e-01 0.000000000000e+00 4.586666666667e-01
v -7.466666666667e-02 0.000000000000e+00 3.946666666667e-01
v -1.173333333333e-01 0.000000000000e+00 4.373333333333e-01
v -1.386666666667e-01 0.000000000000e+00 4.373333333333e-01
v -9.600000000000e-02 0.000000000000e+00 4.373333333333e-01
v -1.173333333333e-01 0.000000000000e+00 4.160000000000e-01
v -9.600000000000e-02 0.000000000000e+00 4.160000000000e-01
v -7.466666666667e-02 0.000000000000e+00 4.160000000000e-01
v -1.386666666667e-01 0.000000000000e+00 4.800000000000e-01
v -1.173333333333e-01 0.000000000000e+00 4.586666666667e-01
v -9.600000000000e-02 0.000000000000e+00 4.586666666667e-01
v -1.173333333333e-01 0.000000000000e+00 4.800000000000e-01
v -9.600000000000e-02 0.000000000000e+00 4.800000000000e-01
v -7.466666666667e-02 0.000000000000e+00 4.373333333333e-01
v -9.600000000000e-02 0.000000000000e+00 3.946666666667e-01
v 1.066666666667e-02 0.000000000000e+00 4.800000000000e-01
v 1.066666666667e-02 0.000000000000e+00 4.373333333333e-01
v -1.066666666667e-02 0.000000000000e+00 4.373333333333e-01
v -3.200000000000e-02 0.000000000000e+00 4.373333333333e-01
v -7.466666666667e-02 0.000000000000e+00 4.800000000000e-01
v -3.200000000000e-02 0.000000000000e+00 4.586666666667e-01
v -5.333333333333e-02 0.000000000000e+00 4.586666666667e-01
v -5.333333333333e-02 0.000000000000e+00 4.800000000000e-01
v -3.200000000000e-02 0.000000000000e+00 4.800000000000e-01
v -1.066666666667e-02 0.000000000000e+00 4.800000000000e-01
v -7.466666666667e-02 0.000000000000e+00 4.586666666667e-01
v -5.333333333333e-02 0.000000000000e+00 4.373333333333e-01
v 1.066666666667e-02 0.000000000000e+00 4.586666666667e-01
v -1.066666666667e-02 0.000000000000e+00 4.586666666667e-01
v -3.200000000000e-02 0.000000000000e+00 3.733333333333e-01
v -5.333333333333e-02 0.000000000000e+00 3.733333333333e-01
v 1.066666666667e-02 0.000000000000e+00 3.733333333333e-01
v -1.066666666667e-02 0.000000000000e+00 3.733333333333e-01
v -3.200000000000e-02 0.000000000000e+00 3.520000000000e-01
v -1.066666666667e-02 0.000000000000e+00 3.520000000000e-01
v 1.066666666667e-02 0.000000000000e+00 3.520000000000e-01
v 1.066666666667e-02 0.000000000000e+00 4.160000000000e-01
v -1.066666666667e-02 0.000000000000e+00 4.160000000000e-01
v -3.200000000000e-02 0.000000000000e+00 4.160000000000e-01
v -5.333333333333e-02 0.000000000000e+00 4.160000000000e-01
v 1.066666666667e-02 0.000000000000e+00 3.946666666667e-01
v -1.066666666667e-02 0.000000000000e+00 3.946666666667e-01
v -3.200000000000e-02 0.000000000000e+00 3.946666666667e-01
v -5.333333333333e-02 0.000000000000e+00 3.946666666667e-01
v 3.200000000000e-02 0.000000000000e+00 4.800000000000e-01
v 5.333333333333e-02 0.000000000000e+00 3.946666666667e-01
v 7.466666666667e-02 0.000000000000e+00 4.373333333333e-01
v 7.466666666667e-02 0.000000000000e+00 4.160000000000e-01
v 9.600000000000e-02 0.000000000000e+00 4.160000000000e-01
v 3.200000000000e-02 0.000000000000e+00 4.160000000000e-01
v 9.600000000000e-02 0.000000000000e+00 4.373333333333e-01
v 3.200000000000e-02 0.000000000000e+00 4.373333333333e-01
v 5.333333333333e-02 0.000000000000e+00 4.800000000000e-01
v 3.200000000000e-02 0.000000000000e+00 4.586666666667e-01
v 5.333333333333e-02 0.000000000000e+00 4.373333333333e-01
v 7.466666666667e-02 0.000000000000e+00 4.586666666667e-01
v 9.600000000000e-02 0.000000000000e+00 3.946666666667e-01
v 7.466666666667e-02 0.000000000000e+00 3.946666666667e-01
v 5.333333333333e-02 0.000000000000e+00 4.160000000000e-01
v 5.333333333333e-02 0.000000000000e+00 4.586666666667e-01
v 1.173333333333e-01 0.000000000000e+00 3.520000000000e-01
v 9.600000000000e-02 0.000000000000e+00 3.520000000000e-01
v 7.466666666667e-02 0.000000000000e+00 3.520000000000e-01
v 5.333333333333e-02 0.000000000000e+00 3.520000000000e-01
v 3.200000000000e-02 0.000000000000e+00 3.520000000000e-01
v 7.466666666667e-02 0.000000000000e+00 3.733333333333e-01
v 3.200000000000e-02 0.000000000000e+00 3.946666666667e-01
v 1.173333333333e-01 0.000000000000e+00 3.306666666667e-01
v 9.600000000000e-02 0.000000000000e+00 3.306666666667e-01
v 7.466666666667e-02 0.000000000000e+00 3.306666666667e-01
v 5.333333333333e-02 0.000000000000e+00 3.306666666667e-01
v 5.333333333333e-02 0.000000000000e+00 3.733333333333e-01
v 3.200000000000e-02 0.000000000000e+00 3.733333333333e-01
v 9.600000000000e-02 0.000000000000e+00 3.093333333333e-01
v 1.173333333333e-01 0.000000000000e+00 3.093333333333e-01
v 9.600000000000e-02 0.000000000000e+00 3.733333333333e-01
v -4.800000000000e-01 0.000000000000e+00 2.026666666667e-01
v -5.013333333333e-01 0.000000000000e+00 1.813333333333e-01
v -4.800000000000e-01 0.000000000000e+00 1.813333333333e-01
v -4.800000000000e-01 0.000000000000e+00 2.240000000000e-01
v -5.013333333333e-01 0.000000000000e+00 2.240000000000e-01
v -5.013333333333e-01 0.000000000000e+00 2.026666666667e-01
v -5.226666666667e-01 0.000000000000e+00 2.240000000000e-01
v -5.226666666667e-01 0.000000000000e+00 2.026666666667e-01
v -5.226666666667e-01 0.000000000000e+00 2.666666666667e-01
v -5.440000000000e-01 0.000000000000e+00 2.880000000000e-01
v -5.440000000000e-01 0.000000000000e+00 2.240000000000e-01
v -5.013333333333e-01 0.000000000000e+00 2.453333333333e-01
v -5.226666666667e-01 0.000000000000e+00 2.453333333333e-01
v -5.440000000000e-01 0.000000000000e+00 2.666666666667e-01
v -5.440000000000e-01 0.000000000000e+00 2.453333333333e-01
v -4.373333333333e-01 0.000000000000e+00 1.386666666667e-01
v -4.373333333333e-01 0.000000000000e+00 9.600000000000e-02
v -4.373333333333e-01 0.000000000000e+00 1.173333333333e-01
v -4.586666666667e-01 0.000000000000e+00 1.386666666667e-01
v -4.160000000000e-01 0.000000000000e+00 9.600000000000e-02
v -4.160000000000e-01 0.000000000000e+00 1.386666666667e-01
v -3.946666666667e-01 0.000000000000e+00 1.386666666667e-01
v -4.160000000000e-01 0.000000000000e+00 1.173333333333e-01
v -3.946666666667e-01 0.000000000000e+00 1.173333333333e-01
v -4.586666666667e-01 0.000000000000e+00 1.600000000000e-01
v -4.800000000000e-01 0.000000000000e+00 1.600000000000e-01
v -4.160000000000e-01 0.000000000000e+00 7.466666666667e-02
v -3.946666666667e-01 0.000000000000e+00 7.466666666667e-02
v -3.733333333333e-01 0.000000000000e+00 7.466666666667e-02
v -3.946666666667e-01 0.000000000000e+00 9.600000000000e-02
v -4.373333333333e-01 0.000000000000e+00 2.240000000000e-01
v -4.160000000000e-01 0.000000000000e+00 2.240000000000e-01
v -4.160000000000e-01 0.000000000000e+00 2.453333333333e-01
v -3.946666666667e-01 0.000000000000e+00 1.600000000000e-01
v -4.160000000000e-01 0.000000000000e+00 1.600000000000e-01
v -4.373333333333e-01 0.000000000000e+00 2.026666666667e-01
v -4.586666666667e-01 0.000000000000e+00 2.026666666667e-01
v -4.373333333333e-01 0.000000000000e+00 1.600000000000e-01
v -4.373333333333e-01 0.000000000000e+00 2.453333333333e-01
v -4.586666666667e-01 0.000000000000e+00 2.453333333333e-01
v -4.160000000000e-01 0.000000000000e+00 2.026666666667e-01
v -4.586666666667e-01 0.000000000000e+00 1.813333333333e-01
v -4.160000000000e-01 0.000000000000e+00 1.813333333333e-01
v -4.373333333333e-01 0.000000000000e+00 1.813333333333e-01
v -4.586666666667e-01 0.000000000000e+00 2.240000000000e-01
v -4.800000000000e-01 0.000000000000e+00 1.173333333333e-01
v -4.586666666667e-01 0.000000000000e+00 1.173333333333e-01
v -5.013333333333e-01 0.000000000000e+00 9.600000000000e-02
v -5.226666666667e-01 0.000000000000e+00 9.600000000000e-02
v -4.373333333333e-01 0.000000000000e+00 7.466666666667e-02
v -4.586666666667e-01 0.000000000000e+00 7.466666666667e-02
v -4.800000000000e-01 0.000000000000e+00 7.466666666667e-02
v -4.800000000000e-01 0.000000000000e+00 9.600000000000e-02
v -5.013333333333e-01 0.000000000000e+00 1.173333333333e-01
v -4.800000000000e-01 0.000000000000e+00 1.386666666667e-01
v -5.013333333333e-01 0.000000000000e+00 1.386666666667e-01
v -5.013333333333e-01 0.000000000000e+00 7.466666666667e-02
v -5.226666666667e-01 0.000000000000e+00 1.386666666667e-01
v -5.226666666667e-01 0.000000000000e+00 1.173333333333e-01
v -4.586666666667e-01 0.000000000000e+00 9.600000000000e-02
v -5.440000000000e-01 0.000000000000e+00 9.600000000000e-02
v -5.653333333333e-01 0.000000000000e+00 9.600000000000e-02
v -5.866666666667e-01 0.000000000000e+00 1.600000000000e-01
v -5.866666666667e-01 0.000000000000e+00 9.600000000000e-02
v -5.653333333333e-01 0.000000000000e+00 1.600000000000e-01
v -5.866666666667e-01 0.000000000000e+00 1.386666666667e-01
v -6.080000000000e-01 0.000000000000e+00 1.600000000000e-01
v -6.080000000000e-01 0.000000000000e+00 1.386666666667e-01
v -5.440000000000e-01 0.000000000000e+00 1.386666666667e-01
v -5.653333333333e-01 0.000000000000e+00 1.386666666667e-01
v -6.080000000000e-01 0.000000000000e+00 1.173333333333e-01
v -5.866666666667e-01 0.000000000000e+00 1.173333333333e-01
v -5.653333333333e-01 0.000000000000e+00 1.173333333333e-01
v -5.440000000000e-01 0.000000000000e+00 1.173333333333e-01
v -5.653333333333e-01 0.000000000000e+00 2.026666666667e-01
v -5.013333333333e-01 0.000000000000e+00 1.600000000000e-01
v -5.226666666667e-01 0.000000000000e+00 1.600000000000e-01
v -5.440000000000e-01 0.000000000000e+00 1.600000000000e-01
v -5.866666666667e-01 0.000000000000e+00 1.813333333333e-01
v -5.440000000000e-01 0.000000000000e+00 2.026666666667e-01
v -5.866666666667e-01 0.000000000000e+00 2.026666666667e-01
v -6.080000000000e-01 0.000000000000e+00 2.026666666667e-01
v -5.653333333333e-01 0.000000000000e+00 2.240000000000e-01
v -5.226666666667e-01 0.000000000000e+00 1.813333333333e-01
v -5.440000000000e-01 0.000000000000e+00 1.813333333333e-01
v -5.653333333333e-01 0.000000000000e+00 1.813333333333e-01
v -5.866666666667e-01 0.000000000000e+00 2.240000000000e-01
v -6.080000000000e-01 0.000000000000e+00 1.813333333333e-01
v -6.080000000000e-01 0.000000000000e+00 2.240000000000e-01
v -3.946666666667e-01 0.000000000000e+00 -5.333333333333e-02
v -4.373333333333e-01 0.000000000000e+00 -1.173333333333e-01
v -3.733333333333e-01 0.000000000000e+00 -1.173333333333e-01
v -4.160000000000e-01 0.000000000000e+00 -9.600000000000e-02
v -3.733333333333e-01 0.000000000000e+00 -9.600000000000e-02
v -4.160000000000e-01 0.000000000000e+00 -7.466666666667e-02
v -4.373333333333e-01 0.000000000000e+00 -7.466666666667e-02
v -3.946666666667e-01 0.000000000000e+00 -1.173333333333e-01
v -3.946666666667e-01 0.000000000000e+00 -7.466666666667e-02
v -3.946666666667e-01 0.000000000000e+00 -9.600000000000e-02
v -4.160000000000e-01 0.000000000000e+00 -1.173333333333e-01
v -3.733333333333e-01 0.000000000000e+00 -7.466666666667e-02
v -4.373333333333e-01 0.000000000000e+00 -9.600000000000e-02
v -4.373333333333e-01 0.000000000000e+00 -5.333333333333e-02
v -4.160000000000e-01 0.000000000000e+00 -5.333333333333e-02
v -4.586666666667e-01 0.000000000000e+00 -1.066666666667e-02
v -4.800000000000e-01 0.000000000000e+00 5.333333333333e-02
v -4.586666666667e-01 0.000000000000e+00 5.333333333333e-02
v -5.013333333333e-01 0.000000000000e+00 3.200000000000e-02
v -4.373333333333e-01 0.000000000000e+00 -3.200000000000e-02
v -4.160000000000e-01 0.000000000000e+00 -3.200000000000e-02
v -4.373333333333e-01 0.000000000000e+00 -1.066666666667e-02
v -4.373333333333e-01 0.000000000000e+00 5.333333333333e-02
v -4.373333333333e-01 0.000000000000e+00 1.066666666667e-02
v -4.800000000000e-01 0.000000000000e+00 1.066666666667e-02
v -4.586666666667e-01 0.000000000000e+00 1.066666666667e-02
v -4.586666666667e-01 0.000000000000e+00 3.200000000000e-02
v -4.800000000000e-01 0.000000000000e+00 3.200000000000e-02
v -4.373333333333e-01 0.000000000000e+00 3.200000000000e-02
v -5.013333333333e-01 0.000000000000e+00 5.333333333333e-02
v -4.160000000000e-01 0.000000000000e+00 5.333333333333e-02
v -3.520000000000e-01 0.000000000000e+00 -5.333333333333e-02
v -4.160000000000e-01 0.000000000000e+00 1.066666666667e-02
v -3.733333333333e-01 0.000000000000e+00 1.066666666667e-02
v -3.946666666667e-01 0.000000000000e+00 3.200000000000e-02
v -3.733333333333e-01 0.000000000000e+00 3.200000000000e-02
v -3.733333333333e-01 0.000000000000e+00 -3.200000000000e-02
v -3.946666666667e-01 0.000000000000e+00 -3.200000000000e-02
v -3.946666666667e-01 0.000000000000e+00 5.333333333333e-02
v -3.733333333333e-01 0.000000000000e+00 -5.333333333333e-02
v -4.160000000000e-01 0.000000000000e+00 -1.066666666667e-02
v -3.946666666667e-01 0.000000000000e+00 -1.066666666667e-02
v -3.733333333333e-01 0.000000000000e+00 -1.066666666667e-02
v -4.160000000000e-01 0.000000000000e+00 3.200000000000e-02
v -3.946666666667e-01 0.000000000000e+00 1.066666666667e-02
v -5.440000000000e-01 0.000000000000e+00 7.466666666667e-02
v -5.226666666667e-01 0.000000000000e+00 5.333333333333e-02
v -5.226666666667e-01 0.000000000000e+00 7.466666666667e-02
v -6.080000000000e-01 0.000000000000e+00 9.600000000000e-02
v -5.440000000000e-01 0.000000000000e+00 3.200000000000e-02
v -5.226666666667e-01 0.000000000000e+00 3.200000000000e-02
v -6.080000000000e-01 0.000000000000e+00 7.466666666667e-02
v -6.080000000000e-01 0.000000000000e+00 5.333333333333e-02
v -5.866666666667e-01 0.000000000000e+00 5.333333333333e-02
v -5.653333333333e-01 0.000000000000e+00 5.333333333333e-02
v -5.866666666667e-01 0.000000000000e+00 7.466666666667e-02
v -5.653333333333e-01 0.000000000000e+00 3.200000000000e-02
v -5.440000000000e-01 0.000000000000e+00 5.333333333333e-02
v -5.653333333333e-01 0.000000000000e+00 7.466666666667e-02
v -4.800000000000e-01 0.000000000000e+00 -3.200000000000e-02
v -4.800000000000e-01 0.000000000000e+00 -5.333333333333e-02
v -5.440000000000e-01 0.000000000000e+00 -3.200000000000e-02
v -5.226666666667e-01 0.000000000000e+00 -3.200000000000e-02
v -5.013333333333e-01 0.000000000000e+00 -3.200000000000e-02
v -4.800000000000e-01 0.000000000000e+00 -1.066666666667e-02
v -4.586666666667e-01 0.000000000000e+00 -3.200000000000e-02
v -5.440000000000e-01 0.000000000000e+00 -1.066666666667e-02
v -5.226666666667e-01 0.000000000000e+00 -1.066666666667e-02
v -5.013333333333e-01 0.000000000000e+00 -1.066666666667e-02
v -5.440000000000e-01 0.000000000000e+00 1.066666666667e-02
v -5.226666666667e-01 0.000000000000e+00 1.066666666667e-02
v -5.013333333333e-01 0.000000000000e+00 1.066666666667e-02
v -5.013333333333e-01 0.000000000000e+00 -5.333333333333e-02
v -4.586666666667e-01 0.000000000000e+00 -5.333333333333e-02
v -5.226666666667e-01 0.000000000000e+00 -5.333333333333e-02
v -4.800000000000e-01 0.000000000000e+00 -7.466666666667e-02
v -5.013333333333e-01 0.000000000000e+00 -7.466666666667e-02
v -5.226666666667e-01 0.000000000000e+00 -7.466666666667e-02
v -5.440000000000e-01 0.000000000000e+00 -7.466666666667e-02
v -4.586666666667e-01 0.000000000000e+00 -1.173333333333e-01
v -4.586666666667e-01 0.000000000000e+00 -7.466666666667e-02
v -4.800000000000e-01 0.000000000000e+00 -9.600000000000e-02
v -5.013333333333e-01 0.000000000000e+00 -9.600000000000e-02
v -5.440000000000e-01 0.000000000000e+00 -9.600000000000e-02
v -4.800000000000e-01 0.000000000000e+00 -1.173333333333e-01
v -4.586666666667e-01 0.000000000000e+00 -9.600000000000e-02
v -5.013333333333e-01 0.000000000000e+00 -1.173333333333e-01
v -5.226666666667e-01 0.000000000000e+00 -1.173333333333e-01
v -5.226666666667e-01 0.000000000000e+00 -9.600000000000e-02
v -5.440000000000e-01 0.000000000000e+00 -5.333333333333e-02
v -8.000000000000e-01 0.000000000000e+00 9.600000000000e-02
v -7.786666666667e-01 0.000000000000e+00 9.600000000000e-02
v -7.573333333333e-01 0.000000000000e+00 7.466666666667e-02
v -7.573333333333e-01 0.000000000000e+00 9.600000000000e-02
v -7.786666666667e-01 0.000000000000e+00 1.386666666667e-01
v -7.573333333333e-01 0.000000000000e+00 1.173333333333e-01
v -7.786666666667e-01 0.000000000000e+00 1.173333333333e-01
v -7.786666666667e-01 0.000000000000e+00 1.600000000000e-01
v -8.000000000000e-01 0.000000000000e+00 1.173333333333e-01
v -8.000000000000e-01 0.000000000000e+00 1.600000000000e-01
v -8.000000000000e-01 0.000000000000e+00 7.466666666667e-02
v -8.000000000000e-01 0.000000000000e+00 1.386666666667e-01
v -7.786666666667e-01 0.000000000000e+00 7.466666666667e-02
v -8.000000000000e-01 0.000000000000e+00 1.813333333333e-01
v -7.573333333333e-01 0.000000000000e+00 1.386666666667e-01
v -6.720000000000e-01 0.000000000000e+00 1.173333333333e-01
v -6.933333333333e-01 0.000000000000e+00 1.600000000000e-01
v -6.506666666667e-01 0.000000000000e+00 7.466666666667e-02
v -6.293333333333e-01 0.000000000000e+00 1.600000000000e-01
v -6.506666666667e-01 0.000000000000e+00 1.600000000000e-01
v -6.720000000000e-01 0.000000000000e+00 1.386666666667e-01
v -6.506666666667e-01 0.000000000000e+00 1.386666666667e-01
v -6.293333333333e-01 0.000000000000e+00 1.386666666667e-01
v -6.293333333333e-01 0.000000000000e+00 7.466666666667e-02
v -6.293333333333e-01 0.000000000000e+00 1.173333333333e-01
v -6.933333333333e-01 0.000000000000e+00 1.386666666667e-01
v -6.506666666667e-01 0.000000000000e+00 1.173333333333e-01
v -6.720000000000e-01 0.000000000000e+00 1.600000000000e-01
v -6.293333333333e-01 0.000000000000e+00 9.600000000000e-02
v -6.506666666667e-01 0.000000000000e+00 9.600000000000e-02
v -7.146666666667e-01 0.000000000000e+00 5.333333333333e-02
v -7.360000000000e-01 0.000000000000e+00 1.386666666667e-01
v -7.146666666667e-01 0.000000000000e+00 1.386666666667e-01
v -6.933333333333e-01 0.000000000000e+00 1.173333333333e-01
v -7.146666666667e-01 0.000000000000e+00 1.173333333333e-01
v -7.360000000000e-01 0.000000000000e+00 9.600000000000e-02
v -7.146666666667e-01 0.000000000000e+00 9.600000000000e-02
v -7.360000000000e-01 0.000000000000e+00 7.466666666667e-02
v -6.720000000000e-01 0.000000000000e+00 7.466666666667e-02
v -6.933333333333e-01 0.000000000000e+00 7.466666666667e-02
v -7.146666666667e-01 0.000000000000e+00 7.466666666667e-02
v -7.360000000000e-01 0.000000000000e+00 1.173333333333e-01
v -6.933333333333e-01 0.000000000000e+00 5.333333333333e-02
v -6.720000000000e-01 0.000000000000e+00 9.600000000000e-02
v -6.933333333333e-01 0.000000000000e+00 9.600000000000e-02
v -7.146666666667e-01 0.000000000000e+00 1.600000000000e-01
v -7.573333333333e-01 0.000000000000e+00 2.240000000000e-01
v -7.786666666667e-01 0.000000000000e+00 2.240000000000e-01
v -8.000000000000e-01 0.000000000000e+00 2.240000000000e-01
v -7.146666666667e-01 0.000000000000e+00 1.813333333333e-01
v -8.000000000000e-01 0.000000000000e+00 2.453333333333e-01
v -7.573333333333e-01 0.000000000000e+00 2.026666666667e-01
v -7.360000000000e-01 0.000000000000e+00 2.026666666667e-01
v -8.000000000000e-01 0.000000000000e+00 2.026666666667e-01
v -7.786666666667e-01 0.000000000000e+00 2.026666666667e-01
v -7.786666666667e-01 0.000000000000e+00 1.813333333333e-01
v -7.573333333333e-01 0.000000000000e+00 1.813333333333e-01
v -7.360000000000e-01 0.000000000000e+00 1.813333333333e-01
v -7.573333333333e-01 0.000000000000e+00 1.600000000000e-01
v -7.360000000000e-01 0.000000000000e+00 1.600000000000e-01
v -8.000000000000e-01 0.000000000000e+00 2.666666666667e-01
v -7.573333333333e-01 0.000000000000e+00 2.880000000000e-01
v -7.786666666667e-01 0.000000000000e+00 2.880000000000e-01
v -7.786666666667e-01 0.000000000000e+00 2.666666666667e-01
v -7.146666666667e-01 0.000000000000e+00 2.453333333333e-01
v -7.360000000000e-01 0.000000000000e+00 2.453333333333e-01
v -7.146666666667e-01 0.000000000000e+00 2.666666666667e-01
v -7.573333333333e-01 0.000000000000e+00 2.666666666667e-01
v -7.360000000000e-01 0.000000000000e+00 2.240000000000e-01
v -8.000000000000e-01 0.000000000000e+00 2.880000000000e-01
v -7.360000000000e-01 0.000000000000e+00 2.666666666667e-01
v -7.786666666667e-01 0.000000000000e+00 2.453333333333e-01
v -7.360000000000e-01 0.000000000000e+00 2.880000000000e-01
v -7.573333333333e-01 0.000000000000e+00 2.453333333333e-01
v -6.933333333333e-01 0.000000000000e+00 2.240000000000e-01
v -7.146666666667e-01 0.000000000000e+00 2.240000000000e-01
v -6.293333333333e-01 0.000000000000e+00 2.240000000000e-01
v -6.933333333333e-01 0.000000000000e+00 1.813333333333e-01
v -6.933333333333e-01 0.000000000000e+00 2.453333333333e-01
v -6.720000000000e-01 0.000000000000e+00 1.813333333333e-01
v -7.146666666667e-01 0.000000000000e+00 2.026666666667e-01
v -6.933333333333e-01 0.000000000000e+00 2.026666666667e-01
v -6.720000000000e-01 0.000000000000e+00 2.026666666667e-01
v -6.506666666667e-01 0.000000000000e+00 1.813333333333e-01
v -6.293333333333e-01 0.000000000000e+00 1.813333333333e-01
v -6.506666666667e-01 0.000000000000e+00 2.026666666667e-01
v -6.293333333333e-01 0.000000000000e+00 2.026666666667e-01
v -6.506666666667e-01 0.000000000000e+00 2.240000000000e-01
v -6.720000000000e-01 0.000000000000e+00 2.240000000000e-01
v -7.786666666667e-01 0.000000000000e+00 3.200000000000e-02
v -7.573333333333e-01 0.000000000000e+00 1.066666666667e-02
v -7.146666666667e-01 0.000000000000e+00 1.066666666667e-02
v -8.000000000000e-01 0.000000000000e+00 5.333333333333e-02
v -6.933333333333e-01 0.000000000000e+00 1.066666666667e-02
v -7.360000000000e-01 0.000000000000e+00 1.066666666667e-02
v -6.933333333333e-01 0.000000000000e+00 -1.066666666667e-02
v -7.146666666667e-01 0.000000000000e+00 -1.066666666667e-02
v -7.360000000000e-01 0.000000000000e+00 5.333333333333e-02
v -7.573333333333e-01 0.000000000000e+00 5.333333333333e-02
v -6.933333333333e-01 0.000000000000e+00 3.200000000000e-02
v -7.146666666667e-01 0.000000000000e+00 3.200000000000e-02
v -7.360000000000e-01 0.000000000000e+00 3.200000000000e-02
v -7.786666666667e-01 0.000000000000e+00 5.333333333333e-02
v -7.573333333333e-01 0.000000000000e+00 3.200000000000e-02
v -7.360000000000e-01 0.000000000000e+00 -1.066666666667e-02
v -8.000000000000e-01 0.000000000000e+00 -5.333333333333e-02
v -7.786666666667e-01 0.000000000000e+00 -5.333333333333e-02
v -7.573333333333e-01 0.000000000000e+00 -5.333333333333e-02
v -8.000000000000e-01 0.000000000000e+00 -3.200000000000e-02
v -7.786666666667e-01 0.000000000000e+00 -3.200000000000e-02
v -7.573333333333e-01 0.000000000000e+00 -3.200000000000e-02
v -8.000000000000e-01 0.000000000000e+00 -1.066666666667e-02
v -7.786666666667e-01 0.000000000000e+00 -1.066666666667e-02
v -7.573333333333e-01 0.000000000000e+00 -1.066666666667e-02
v -8.000000000000e-01 0.000000000000e+00 1.066666666667e-02
v -7.786666666667e-01 0.000000000000e+00 1.066666666667e-02
v -8.000000000000e-01 0.000000000000e+00 3.200000000000e-02
v -7.573333333333e-01 0.000000000000e+00 -7.466666666667e-02
v -7.360000000000e-01 0.000000000000e+00 -7.466666666667e-02
v -7.146666666667e-01 0.000000000000e+00 -3.200000000000e-02
v -6.720000000000e-01 0.000000000000e+00 -1.173333333333e-01
v -6.506666666667e-01 0.000000000000e+00 -1.173333333333e-01
v -7.360000000000e-01 0.000000000000e+00 -3.200000000000e-02
v -6.933333333333e-01 0.000000000000e+00 -7.466666666667e-02
v -6.720000000000e-01 0.000000000000e+00 -5.333333333333e-02
v -6.933333333333e-01 0.000000000000e+00 -5.333333333333e-02
v -6.720000000000e-01 0.000000000000e+00 -7.466666666667e-02
v -7.360000000000e-01 0.000000000000e+00 -5.333333333333e-02
v -6.933333333333e-01 0.000000000000e+00 -9.600000000000e-02
v -6.720000000000e-01 0.000000000000e+00 -9.600000000000e-02
v -6.506666666667e-01 0.000000000000e+00 -9.600000000000e-02
v -6.933333333333e-01 0.000000000000e+00 -3.200000000000e-02
v -7.146666666667e-01 0.000000000000e+00 -7.466666666667e-02
v -7.146666666667e-01 0.000000000000e+00 -5.333333333333e-02
v -5.440000000000e-01 0.000000000000e+00 -1.173333333333e-01
v -6.293333333333e-01 0.000000000000e+00 -1.173333333333e-01
v -6.080000000000e-01 0.000000000000e+00 -1.173333333333e-01
v -5.866666666667e-01 0.000000000000e+00 -1.173333333333e-01
v -5.653333333333e-01 0.000000000000e+00 -1.173333333333e-01
v -6.080000000000e-01 0.000000000000e+00 -5.333333333333e-02
v -6.293333333333e-01 0.000000000000e+00 -9.600000000000e-02
v -6.080000000000e-01 0.000000000000e+00 -9.600000000000e-02
v -6.506666666667e-01 0.000000000000e+00 -5.333333333333e-02
v -5.653333333333e-01 0.000000000000e+00 -9.600000000000e-02
v -6.506666666667e-01 0.000000000000e+00 -7.466666666667e-02
v -6.293333333333e-01 0.000000000000e+00 -5.333333333333e-02
v -6.293333333333e-01 0.000000000000e+00 -7.466666666667e-02
v -6.080000000000e-01 0.000000000000e+00 -7.466666666667e-02
v -5.866666666667e-01 0.000000000000e+00 -7.466666666667e-02
v -5.866666666667e-01 0.000000000000e+00 -9.600000000000e-02
v -5.866666666667e-01 0.000000000000e+00 -5.333333333333e-02
v -6.080000000000e-01 0.000000000000e+00 3.200000000000e-02
v -5.866666666667e-01 0.000000000000e+00 3.200000000000e-02
v -5.653333333333e-01 0.000000000000e+00 -3.200000000000e-02
v -6.080000000000e-01 0.000000000000e+00 -3.200000000000e-02
v -6.080000000000e-01 0.000000000000e+00 1.066666666667e-02
v -5.866666666667e-01 0.000000000000e+00 1.066666666667e-02
v -5.653333333333e-01 0.000000000000e+00 1.066666666667e-02
v -5.653333333333e-01 0.000000000000e+00 -7.466666666667e-02
v -5.653333333333e-01 0.000000000000e+00 -5.333333333333e-02
v -6.080000000000e-01 0.000000000000e+00 -1.066666666667e-02
v -5.866666666667e-01 0.000000000000e+00 -1.066666666667e-02
v -5.866666666667e-01 0.000000000000e+00 -3.200000000000e-02
v -5.653333333333e-01 0.000000000000e+00 -1.066666666667e-02
v -6.506666666667e-01 0.000000000000e+00 5.333333333333e-02
v -6.720000000000e-01 0.000000000000e+00 5.333333333333e-02
v -6.720000000000e-01 0.000000000000e+00 3.200000000000e-02
v -6.293333333333e-01 0.000000000000e+00 5.333333333333e-02
v -6.293333333333e-01 0.000000000000e+00 3.200000000000e-02
v -6.506666666667e-01 0.000000000000e+00 -3.200000000000e-02
v -6.720000000000e-01 0.000000000000e+00 1.066666666667e-02
v -6.506666666667e-01 0.000000000000e+00 1.066666666667e-02
v -6.293333333333e-01 0.000000000000e+00 1.066666666667e-02
v -6.293333333333e-01 0.000000000000e+00 -3.200000000000e-02
v -6.720000000000e-01 0.000000000000e+00 -3.200000000000e-02
v -6.720000000000e-01 0.000000000000e+00 -1.066666666667e-02
v -6.293333333333e-01 0.000000000000e+00 -1.066666666667e-02
v -6.506666666667e-01 0.000000000000e+00 3.200000000000e-02
v -6.506666666667e-01 0.000000000000e+00 -1.066666666667e-02
v -3.733333333333e-01 0.000000000000e+00 2.240000000000e-01
v -3.946666666667e-01 0.000000000000e+00 2.240000000000e-01
v -3.093333333333e-01 0.000000000000e+00 2.026666666667e-01
v -3.093333333333e-01 0.000000000000e+00 1.813333333333e-01
v -3.520000000000e-01 0.000000000000e+00 2.453333333333e-01
v -3.306666666667e-01 0.000000000000e+00 2.453333333333e-01
v -3.733333333333e-01 0.000000000000e+00 2.453333333333e-01
v -3.946666666667e-01 0.000000000000e+00 2.453333333333e-01
v -3.093333333333e-01 0.000000000000e+00 2.240000000000e-01
v -3.306666666667e-01 0.000000000000e+00 2.240000000000e-01
v -3.520000000000e-01 0.000000000000e+00 2.240000000000e-01
v -3.306666666667e-01 0.000000000000e+00 2.026666666667e-01
v -3.520000000000e-01 0.000000000000e+00 2.026666666667e-01
v -3.733333333333e-01 0.000000000000e+00 2.026666666667e-01
v -3.733333333333e-01 0.000000000000e+00 1.173333333333e-01
v -3.733333333333e-01 0.000000000000e+00 9.600000000000e-02
v -3.520000000000e-01 0.000000000000e+00 9.600000000000e-02
v -3.306666666667e-01 0.000000000000e+00 9.600000000000e-02
v -3.520000000000e-01 0.000000000000e+00 1.173333333333e-01
v -3.306666666667e-01 0.000000000000e+00 1.173333333333e-01
v -3.093333333333e-01 0.000000000000e+00 5.333333333333e-02
v -2.880000000000e-01 0.000000000000e+00 5.333333333333e-02
v -3.520000000000e-01 0.000000000000e+00 7.466666666667e-02
v -3.093333333333e-01 0.000000000000e+00 9.600000000000e-02
v -3.733333333333e-01 0.000000000000e+00 1.386666666667e-01
v -2.880000000000e-01 0.000000000000e+00 7.466666666667e-02
v -3.520000000000e-01 0.000000000000e+00 1.386666666667e-01
v -3.093333333333e-01 0.000000000000e+00 7.466666666667e-02
v -3.306666666667e-01 0.000000000000e+00 7.466666666667e-02
v -3.306666666667e-01 0.000000000000e+00 1.386666666667e-01
v -3.946666666667e-01 0.000000000000e+00 1.813333333333e-01
v -3.093333333333e-01 0.000000000000e+00 1.386666666667e-01
v -2.880000000000e-01 0.000000000000e+00 1.386666666667e-01
v -3.520000000000e-01 0.000000000000e+00 1.600000000000e-01
v -3.946666666667e-01 0.000000000000e+00 2.026666666667e-01
v -3.733333333333e-01 0.000000000000e+00 1.600000000000e-01
v -3.093333333333e-01 0.000000000000e+00 1.173333333333e-01
v -2.880000000000e-01 0.000000000000e+00 1.173333333333e-01
v -3.093333333333e-01 0.000000000000e+00 1.600000000000e-01
v -3.306666666667e-01 0.000000000000e+00 1.600000000000e-01
v -3.520000000000e-01 0.000000000000e+00 1.813333333333e-01
v -3.306666666667e-01 0.000000000000e+00 1.813333333333e-01
v -3.733333333333e-01 0.000000000000e+00 1.813333333333e-01
v -2.880000000000e-01 0.000000000000e+00 9.600000000000e-02
v -2.453333333333e-01 0.000000000000e+00 5.333333333333e-02
v -2.666666666667e-01 0.000000000000e+00 7.466666666667e-02
v -2.240000000000e-01 0.000000000000e+00 7.466666666667e-02
v -2.026666666667e-01 0.000000000000e+00 1.066666666667e-02
v -2.666666666667e-01 0.000000000000e+00 5.333333333333e-02
v -2.026666666667e-01 0.000000000000e+00 5.333333333333e-02
v -2.026666666667e-01 0.000000000000e+00 3.200000000000e-02
v -2.240000000000e-01 0.000000000000e+00 3.200000000000e-02
v -2.240000000000e-01 0.000000000000e+00 1.066666666667e-02
v -2.240000000000e-01 0.000000000000e+00 5.333333333333e-02
v -2.666666666667e-01 0.000000000000e+00 9.600000000000e-02
v -2.666666666667e-01 0.000000000000e+00 3.200000000000e-02
v -2.453333333333e-01 0.000000000000e+00 7.466666666667e-02
v -2.453333333333e-01 0.000000000000e+00 3.200000000000e-02
v -2.453333333333e-01 0.000000000000e+00 1.066666666667e-02
v -2.666666666667e-01 0.000000000000e+00 1.386666666667e-01
v -2.453333333333e-01 0.000000000000e+00 1.386666666667e-01
v -2.240000000000e-01 0.000000000000e+00 1.386666666667e-01
v -2.026666666667e-01 0.000000000000e+00 1.386666666667e-01
v -2.453333333333e-01 0.000000000000e+00 9.600000000000e-02
v -2.240000000000e-01 0.000000000000e+00 9.600000000000e-02
v -2.880000000000e-01 0.000000000000e+00 1.600000000000e-01
v -2.240000000000e-01 0.000000000000e+00 1.173333333333e-01
v -2.026666666667e-01 0.000000000000e+00 1.173333333333e-01
v -2.453333333333e-01 0.000000000000e+00 1.600000000000e-01
v -2.666666666667e-01 0.000000000000e+00 1.173333333333e-01
v -2.026666666667e-01 0.000000000000e+00 7.466666666667e-02
v -2.453333333333e-01 0.000000000000e+00 1.173333333333e-01
v -2.666666666667e-01 0.000000000000e+00 1.600000000000e-01
v -2.026666666667e-01 0.000000000000e+00 9.600000000000e-02
v -2.453333333333e-01 0.000000000000e+00 1.813333333333e-01
v -2.240000000000e-01 0.000000000000e+00 1.813333333333e-01
v -2.453333333333e-01 0.000000000000e+00 2.240000000000e-01
v -2.666666666667e-01 0.000000000000e+00 2.240000000000e-01
v -2.880000000000e-01 0.000000000000e+00 2.240000000000e-01
v -2.666666666667e-01 0.000000000000e+00 1.813333333333e-01
v -2.880000000000e-01 0.000000000000e+00 1.813333333333e-01
v -2.026666666667e-01 0.000000000000e+00 1.600000000000e-01
v -2.666666666667e-01 0.000000000000e+00 2.026666666667e-01
v -2.026666666667e-01 0.000000000000e+00 1.813333333333e-01
v -2.240000000000e-01 0.000000000000e+00 1.600000000000e-01
v -2.453333333333e-01 0.000000000000e+00 2.026666666667e-01
v -2.240000000000e-01 0.000000000000e+00 2.026666666667e-01
v -2.880000000000e-01 0.000000000000e+00 2.026666666667e-01
v -2.026666666667e-01 0.000000000000e+00 -9.600000000000e-02
v -2.240000000000e-01 0.000000000000e+00 -7.466666666667e-02
v -2.240000000000e-01 0.000000000000e+00 -9.600000000000e-02
v -2.240000000000e-01 0.000000000000e+00 -3.200000000000e-02
v -2.026666666667e-01 0.000000000000e+00 -3.200000000000e-02
v -1.813333333333e-01 0.000000000000e+00 -9.600000000000e-02
v -2.453333333333e-01 0.000000000000e+00 -5.333333333333e-02
v -2.240000000000e-01 0.000000000000e+00 -5.333333333333e-02
v -2.026666666667e-01 0.000000000000e+00 -5.333333333333e-02
v -1.813333333333e-01 0.000000000000e+00 -7.466666666667e-02
v -2.026666666667e-01 0.000000000000e+00 -7.466666666667e-02
v -2.453333333333e-01 0.000000000000e+00 -7.466666666667e-02
v -1.813333333333e-01 0.000000000000e+00 -5.333333333333e-02
v -1.813333333333e-01 0.000000000000e+00 -3.200000000000e-02
v -2.240000000000e-01 0.000000000000e+00 -1.066666666667e-02
v -2.026666666667e-01 0.000000000000e+00 -1.066666666667e-02
v -3.093333333333e-01 0.000000000000e+00 3.200000000000e-02
v -2.880000000000e-01 0.000000000000e+00 3.200000000000e-02
v -2.880000000000e-01 0.000000000000e+00 -1.066666666667e-02
v -2.666666666667e-01 0.000000000000e+00 1.066666666667e-02
v -3.093333333333e-01 0.000000000000e+00 1.066666666667e-02
v -2.666666666667e-01 0.000000000000e+00 -1.066666666667e-02
v -3.306666666667e-01 0.000000000000e+00 5.333333333333e-02
v -2.453333333333e-01 0.000000000000e+00 -1.066666666667e-02
v -3.520000000000e-01 0.000000000000e+00 3.200000000000e-02
v -2.880000000000e-01 0.000000000000e+00 1.066666666667e-02
v -3.520000000000e-01 0.000000000000e+00 5.333333333333e-02
v -3.733333333333e-01 0.000000000000e+00 5.333333333333e-02
v -2.453333333333e-01 0.000000000000e+00 -3.200000000000e-02
v -3.306666666667e-01 0.000000000000e+00 3.200000000000e-02
v -2.666666666667e-01 0.000000000000e+00 -3.200000000000e-02
v -3.093333333333e-01 0.000000000000e+00 -1.066666666667e-02
v -3.520000000000e-01 0.000000000000e+00 -1.066666666667e-02
v -3.306666666667e-01 0.000000000000e+00 -1.066666666667e-02
v -3.093333333333e-01 0.000000000000e+00 -7.466666666667e-02
v -3.520000000000e-01 0.000000000000e+00 -3.200000000000e-02
v -3.520000000000e-01 0.000000000000e+00 1.066666666667e-02
v -2.666666666667e-01 0.000000000000e+00 -7.466666666667e-02
v -3.306666666667e-01 0.000000000000e+00 1.066666666667e-02
v -3.306666666667e-01 0.000000000000e+00 -3.200000000000e-02
v -3.093333333333e-01 0.000000000000e+00 -3.200000000000e-02
v -2.880000000000e-01 0.000000000000e+00 -3.200000000000e-02
v -3.306666666667e-01 0.000000000000e+00 -5.333333333333e-02
v -3.093333333333e-01 0.000000000000e+00 -5.333333333333e-02
v -2.880000000000e-01 0.000000000000e+00 -5.333333333333e-02
v -2.880000000000e-01 0.000000000000e+00 -7.466666666667e-02
v -2.666666666667e-01 0.000000000000e+00 -5.333333333333e-02
v -1.600000000000e-01 0.000000000000e+00 -1.813333333333e-01
v -2.240000000000e-01 0.000000000000e+00 -1.173333333333e-01
v -1.600000000000e-01 0.000000000000e+00 -1.173333333333e-01
v -1.600000000000e-01 0.000000000000e+00 -1.600000000000e-01
v -1.813333333333e-01 0.000000000000e+00 -1.600000000000e-01
v -1.600000000000e-01 0.000000000000e+00 -1.386666666667e-01
v -2.026666666667e-01 0.000000000000e+00 -1.600000000000e-01
v -2.240000000000e-01 0.000000000000e+00 -1.600000000000e-01
v -1.813333333333e-01 0.000000000000e+00 -1.173333333333e-01
v -1.813333333333e-01 0.000000000000e+00 -1.386666666667e-01
v -2.026666666667e-01 0.000000000000e+00 -1.386666666667e-01
v -2.026666666667e-01 0.000000000000e+00 -1.813333333333e-01
v -2.240000000000e-01 0.000000000000e+00 -1.386666666667e-01
v -1.813333333333e-01 0.000000000000e+00 -1.813333333333e-01
v -2.026666666667e-01 0.000000000000e+00 -1.173333333333e-01
v -2.880000000000e-01 0.000000000000e+00 -9.600000000000e-02
v -2.666666666667e-01 0.000000000000e+00 -9.600000000000e-02
v -2.666666666667e-01 0.000000000000e+00 -1.813333333333e-01
v -2.453333333333e-01 0.000000000000e+00 -1.813333333333e-01
v -2.240000000000e-01 0.000000000000e+00 -1.813333333333e-01
v -2.453333333333e-01 0.000000000000e+00 -1.173333333333e-01
v -2.453333333333e-01 0.000000000000e+00 -1.600000000000e-01
v -2.666666666667e-01 0.000000000000e+00 -1.600000000000e-01
v -2.880000000000e-01 0.000000000000e+00 -1.600000000000e-01
v -2.453333333333e-01 0.000000000000e+00 -1.386666666667e-01
v -2.453333333333e-01 0.000000000000e+00 -9.600000000000e-02
v -2.666666666667e-01 0.000000000000e+00 -1.386666666667e-01
v -2.880000000000e-01 0.000000000000e+00 -1.386666666667e-01
v -2.666666666667e-01 0.000000000000e+00 -1.173333333333e-01
v -2.880000000000e-01 0.000000000000e+00 -1.173333333333e-01
v -3.306666666667e-01 0.000000000000e+00 -9.600000000000e-02
v -3.093333333333e-01 0.000000000000e+00 -9.600000000000e-02
v -3.093333333333e-01 0.000000000000e+00 -1.386666666667e-01
v -2.880000000000e-01 0.000000000000e+00 -1.813333333333e-01
v -3.520000000000e-01 0.000000000000e+00 -1.386666666667e-01
v -3.093333333333e-01 0.000000000000e+00 -1.813333333333e-01
v -3.520000000000e-01 0.000000000000e+00 -7.466666666667e-02
v -3.306666666667e-01 0.000000000000e+00 -1.386666666667e-01
v -3.306666666667e-01 0.000000000000e+00 -7.466666666667e-02
v -3.093333333333e-01 0.000000000000e+00 -1.600000000000e-01
v -3.520000000000e-01 0.000000000000e+00 -9.600000000000e-02
v -3.520000000000e-01 0.000000000000e+00 -1.173333333333e-01
v -3.306666666667e-01 0.000000000000e+00 -1.173333333333e-01
v -3.306666666667e-01 0.000000000000e+00 -1.600000000000e-01
v -3.093333333333e-01 0.000000000000e+00 -1.173333333333e-01
v -5.333333333333e-02 0.000000000000e+00 -1.813333333333e-01
v -7.466666666667e-02 0.000000000000e+00 -1.813333333333e-01
v -9.600000000000e-02 0.000000000000e+00 -1.813333333333e-01
v -1.173333333333e-01 0.000000000000e+00 -1.813333333333e-01
v -1.386666666667e-01 0.000000000000e+00 -1.813333333333e-01
v -7.466666666667e-02 0.000000000000e+00 -1.386666666667e-01
v -7.466666666667e-02 0.000000000000e+00 -1.600000000000e-01
v -1.173333333333e-01 0.000000000000e+00 -1.600000000000e-01
v -1.386666666667e-01 0.000000000000e+00 -1.600000000000e-01
v -9.600000000000e-02 0.000000000000e+00 -1.386666666667e-01
v -1.173333333333e-01 0.000000000000e+00 -1.386666666667e-01
v -1.386666666667e-01 0.000000000000e+00 -1.386666666667e-01
v -1.173333333333e-01 0.000000000000e+00 -1.173333333333e-01
v -1.386666666667e-01 0.000000000000e+00 -1.173333333333e-01
v -9.600000000000e-02 0.000000000000e+00 -1.600000000000e-01
v -1.173333333333e-01 0.000000000000e+00 -1.066666666667e-02
v -1.600000000000e-01 0.000000000000e+00 -1.066666666667e-02
v -9.600000000000e-02 0.000000000000e+00 -5.333333333333e-02
v -1.813333333333e-01 0.000000000000e+00 -1.066666666667e-02
v -1.386666666667e-01 0.000000000000e+00 -1.066666666667e-02
v -1.173333333333e-01 0.000000000000e+00 1.066666666667e-02
v -9.600000000000e-02 0.000000000000e+00 -3.200000000000e-02
v -1.173333333333e-01 0.000000000000e+00 -3.200000000000e-02
v -1.813333333333e-01 0.000000000000e+00 1.066666666667e-02
v -1.386666666667e-01 0.000000000000e+00 1.066666666667e-02
v -1.600000000000e-01 0.000000000000e+00 -3.200000000000e-02
v -1.386666666667e-01 0.000000000000e+00 -3.200000000000e-02
v -1.600000000000e-01 0.000000000000e+00 1.066666666667e-02
v -9.600000000000e-02 0.000000000000e+00 -1.066666666667e-02
v -9.600000000000e-02 0.000000000000e+00 -1.173333333333e-01
v -9.600000000000e-02 0.000000000000e+00 -9.600000000000e-02
v -7.466666666667e-02 0.000000000000e+00 -9.600000000000e-02
v -1.173333333333e-01 0.000000000000e+00 -9.600000000000e-02
v -1.386666666667e-01 0.000000000000e+00 -9.600000000000e-02
v -1.600000000000e-01 0.000000000000e+00 -9.600000000000e-02
v -7.466666666667e-02 0.000000000000e+00 -1.173333333333e-01
v -1.173333333333e-01 0.000000000000e+00 -5.333333333333e-02
v -1.600000000000e-01 0.000000000000e+00 -5.333333333333e-02
v -1.386666666667e-01 0.000000000000e+00 -5.333333333333e-02
v -9.600000000000e-02 0.000000000000e+00 -7.466666666667e-02
v -1.173333333333e-01 0.000000000000e+00 -7.466666666667e-02
v -1.386666666667e-01 0.000000000000e+00 -7.466666666667e-02
v -1.600000000000e-01 0.000000000000e+00 -7.466666666667e-02
v -7.466666666667e-02 0.000000000000e+00 -5.333333333333e-02
v -5.333333333333e-02 0.000000000000e+00 -5.333333333333e-02
v -1.066666666667e-02 0.000000000000e+00 -1.173333333333e-01
v -7.466666666667e-02 0.000000000000e+00 -7.466666666667e-02
v -1.066666666667e-02 0.000000000000e+00 -7.466666666667e-02
v -3.200000000000e-02 0.000000000000e+00 -7.466666666667e-02
v -5.333333333333e-02 0.000000000000e+00 -9.600000000000e-02
v -3.200000000000e-02 0.000000000000e+00 -9.600000000000e-02
v -3.200000000000e-02 0.000000000000e+00 -1.173333333333e-01
v -1.066666666667e-02 0.000000000000e+00 -9.600000000000e-02
v -5.333333333333e-02 0.000000000000e+00 -7.466666666667e-02
v -3.200000000000e-02 0.000000000000e+00 -5.333333333333e-02
v -5.333333333333e-02 0.000000000000e+00 -1.173333333333e-01
v -5.333333333333e-02 0.000000000000e+00 -3.200000000000e-02
v -7.466666666667e-02 0.000000000000e+00 -3.200000000000e-02
v 3.200000000000e-02 0.000000000000e+00 -9.600000000000e-02
v 5.333333333333e-02 0.000000000000e+00 -1.813333333333e-01
v 5.333333333333e-02 0.000000000000e+00 -1.386666666667e-01
v 7.466666666667e-02 0.000000000000e+00 -1.386666666667e-01
v 7.466666666667e-02 0.000000000000e+00 -1.600000000000e-01
v 1.066666666667e-02 0.000000000000e+00 -9.600000000000e-02
v 3.200000000000e-02 0.000000000000e+00 -1.600000000000e-01
v 7.466666666667e-02 0.000000000000e+00 -2.026666666667e-01
v 5.333333333333e-02 0.000000000000e+00 -1.600000000000e-01
v 1.066666666667e-02 0.000000000000e+00 -1.386666666667e-01
v 3.200000000000e-02 0.000000000000e+00 -1.173333333333e-01
v 1.066666666667e-02 0.000000000000e+00 -1.173333333333e-01
v 7.466666666667e-02 0.000000000000e+00 -1.813333333333e-01
v 3.200000000000e-02 0.000000000000e+00 -1.386666666667e-01
v 5.333333333333e-02 0.000000000000e+00 -1.173333333333e-01
v -1.066666666667e-02 0.000000000000e+00 -2.026666666667e-01
v 1.066666666667e-02 0.000000000000e+00 -1.600000000000e-01
v -1.066666666667e-02 0.000000000000e+00 -1.600000000000e-01
v -3.200000000000e-02 0.000000000000e+00 -1.600000000000e-01
v -5.333333333333e-02 0.000000000000e+00 -1.600000000000e-01
v -3.200000000000e-02 0.000000000000e+00 -1.386666666667e-01
v -5.333333333333e-02 0.000000000000e+00 -1.386666666667e-01
v -1.066666666667e-02 0.000000000000e+00 -1.386666666667e-01
v 1.066666666667e-02 0.000000000000e+00 -2.026666666667e-01
v 3.200000000000e-02 0.000000000000e+00 -1.813333333333e-01
v 1.066666666667e-02 0.000000000000e+00 -1.813333333333e-01
v -1.066666666667e-02 0.000000000000e+00 -1.813333333333e-01
v -3.200000000000e-02 0.000000000000e+00 -1.813333333333e-01
v 5.333333333333e-02 0.000000000000e+00 -2.026666666667e-01
v 3.200000000000e-02 0.000000000000e+00 -2.026666666667e-01
v -1.600000000000e-01 0.000000000000e+00 7.466666666667e-02
v -1.813333333333e-01 0.000000000000e+00 9.600000000000e-02
v -1.600000000000e-01 0.000000000000e+00 9.600000000000e-02
v -1.386666666667e-01 0.000000000000e+00 7.466666666667e-02
v -1.386666666667e-01 0.000000000000e+00 5.333333333333e-02
v -1.386666666667e-01 0.000000000000e+00 3.200000000000e-02
v -1.173333333333e-01 0.000000000000e+00 7.466666666667e-02
v -1.813333333333e-01 0.000000000000e+00 5.333333333333e-02
v -1.813333333333e-01 0.000000000000e+00 7.466666666667e-02
v -1.600000000000e-01 0.000000000000e+00 5.333333333333e-02
v -1.173333333333e-01 0.000000000000e+00 5.333333333333e-02
v -1.600000000000e-01 0.000000000000e+00 3.200000000000e-02
v -1.173333333333e-01 0.000000000000e+00 3.200000000000e-02
v -9.600000000000e-02 0.000000000000e+00 5.333333333333e-02
v -1.813333333333e-01 0.000000000000e+00 3.200000000000e-02
v -7.466666666667e-02 0.000000000000e+00 1.173333333333e-01
v -5.333333333333e-02 0.000000000000e+00 1.173333333333e-01
v -3.200000000000e-02 0.000000000000e+00 1.173333333333e-01
v -1.386666666667e-01 0.000000000000e+00 1.600000000000e-01
v -1.173333333333e-01 0.000000000000e+00 1.600000000000e-01
v -9.600000000000e-02 0.000000000000e+00 1.600000000000e-01
v -7.466666666667e-02 0.000000000000e+00 1.600000000000e-01
v -9.600000000000e-02 0.000000000000e+00 1.173333333333e-01
v -1.386666666667e-01 0.000000000000e+00 1.813333333333e-01
v -1.173333333333e-01 0.000000000000e+00 1.813333333333e-01
v -5.333333333333e-02 0.000000000000e+00 1.386666666667e-01
v -9.600000000000e-02 0.000000000000e+00 1.813333333333e-01
v -7.466666666667e-02 0.000000000000e+00 1.386666666667e-01
v -9.600000000000e-02 0.000000000000e+00 1.386666666667e-01
v -1.173333333333e-01 0.000000000000e+00 1.386666666667e-01
v -1.386666666667e-01 0.000000000000e+00 9.600000000000e-02
v -1.173333333333e-01 0.000000000000e+00 9.600000000000e-02
v -1.386666666667e-01 0.000000000000e+00 1.386666666667e-01
v -9.600000000000e-02 0.000000000000e+00 7.466666666667e-02
v -1.600000000000e-01 0.000000000000e+00 1.173333333333e-01
v -1.813333333333e-01 0.000000000000e+00 1.386666666667e-01
v -1.173333333333e-01 0.000000000000e+00 1.173333333333e-01
v -1.386666666667e-01 0.000000000000e+00 1.173333333333e-01
v -1.813333333333e-01 0.000000000000e+00 1.600000000000e-01
v -1.600000000000e-01 0.000000000000e+00 1.600000000000e-01
v -1.813333333333e-01 0.000000000000e+00 1.813333333333e-01
v -1.600000000000e-01 0.000000000000e+00 1.813333333333e-01
v -1.600000000000e-01 0.000000000000e+00 1.386666666667e-01
v -1.813333333333e-01 0.000000000000e+00 1.173333333333e-01
v -9.600000000000e-02 0.000000000000e+00 9.600000000000e-02
v -1.066666666667e-02 0.000000000000e+00 7.466666666667e-02
v -7.466666666667e-02 0.000000000000e+00 7.466666666667e-02
v -5.333333333333e-02 0.000000000000e+00 7.466666666667e-02
v 1.066666666667e-02 0.000000000000e+00 3.200000000000e-02
v -1.066666666667e-02 0.000000000000e+00 3.200000000000e-02
v -3.200000000000e-02 0.000000000000e+00 3.200000000000e-02
v -7.466666666667e-02 0.000000000000e+00 5.333333333333e-02
v -3.200000000000e-02 0.000000000000e+00 7.466666666667e-02
v -3.200000000000e-02 0.000000000000e+00 5.333333333333e-02
v -1.066666666667e-02 0.000000000000e+00 5.333333333333e-02
v -1.066666666667e-02 0.000000000000e+00 9.600000000000e-02
v -3.200000000000e-02 0.000000000000e+00 9.600000000000e-02
v -5.333333333333e-02 0.000000000000e+00 9.600000000000e-02
v -7.466666666667e-02 0.000000000000e+00 9.600000000000e-02
v -5.333333333333e-02 0.000000000000e+00 5.333333333333e-02
v -9.600000000000e-02 0.000000000000e+00 3.200000000000e-02
v -7.466666666667e-02 0.000000000000e+00 1.066666666667e-02
v -1.066666666667e-02 0.000000000000e+00 -1.066666666667e-02
v -9.600000000000e-02 0.000000000000e+00 1.066666666667e-02
v -5.333333333333e-02 0.000000000000e+00 -1.066666666667e-02
v -7.466666666667e-02 0.000000000000e+00 -1.066666666667e-02
v -3.200000000000e-02 0.000000000000e+00 -1.066666666667e-02
v -3.200000000000e-02 0.000000000000e+00 1.066666666667e-02
v -1.066666666667e-02 0.000000000000e+00 1.066666666667e-02
v -5.333333333333e-02 0.000000000000e+00 1.066666666667e-02
v -3.200000000000e-02 0.000000000000e+00 -3.200000000000e-02
v -1.066666666667e-02 0.000000000000e+00 -3.200000000000e-02
v -5.333333333333e-02 0.000000000000e+00 3.200000000000e-02
v -7.466666666667e-02 0.000000000000e+00 3.200000000000e-02
v -1.066666666667e-02 0.000000000000e+00 -5.333333333333e-02
v 1.066666666667e-02 0.000000000000e+00 -1.066666666667e-02
v 1.066666666667e-02 0.000000000000e+00 -3.200000000000e-02
v 3.200000000000e-02 0.000000000000e+00 -3.200000000000e-02
v 5.333333333333e-02 0.000000000000e+00 -3.200000000000e-02
v 3.200000000000e-02 0.000000000000e+00 -1.066666666667e-02
v 5.333333333333e-02 0.000000000000e+00 -7.466666666667e-02
v 1.066666666667e-02 0.000000000000e+00 -7.466666666667e-02
v 3.200000000000e-02 0.000000000000e+00 -7.466666666667e-02
v 5.333333333333e-02 0.000000000000e+00 -1.066666666667e-02
v 1.066666666667e-02 0.000000000000e+00 -5.333333333333e-02
v 5.333333333333e-02 0.000000000000e+00 -5.333333333333e-02
v 3.200000000000e-02 0.000000000000e+00 -5.333333333333e-02
v 1.066666666667e-02 0.000000000000e+00 1.066666666667e-02
v 3.200000000000e-02 0.000000000000e+00 1.066666666667e-02
v -3.093333333333e-01 0.000000000000e+00 5.866666666667e-01
v -2.666666666667e-01 0.000000000000e+00 6.080000000000e-01
v -2.880000000000e-01 0.000000000000e+00 6.080000000000e-01
v -3.093333333333e-01 0.000000000000e+00 6.080000000000e-01
v -3.306666666667e-01 0.000000000000e+00 6.080000000000e-01
v -2.666666666667e-01 0.000000000000e+00 6.293333333333e-01
v -2.880000000000e-01 0.000000000000e+00 6.293333333333e-01
v -3.306666666667e-01 0.000000000000e+00 6.293333333333e-01
v -2.666666666667e-01 0.000000000000e+00 5.866666666667e-01
v -2.880000000000e-01 0.000000000000e+00 5.653333333333e-01
v -2.666666666667e-01 0.000000000000e+00 5.653333333333e-01
v -2.880000000000e-01 0.000000000000e+00 5.866666666667e-01
v -3.306666666667e-01 0.000000000000e+00 6.506666666667e-01
v -2.880000000000e-01 0.000000000000e+00 6.506666666667e-01
v -3.093333333333e-01 0.000000000000e+00 6.506666666667e-01
v -3.093333333333e-01 0.000000000000e+00 6.293333333333e-01
v -3.733333333333e-01 0.000000000000e+00 5.440000000000e-01
v -3.733333333333e-01 0.000000000000e+00 5.866666666667e-01
v -2.880000000000e-01 0.000000000000e+00 5.440000000000e-01
v -3.520000000000e-01 0.000000000000e+00 5.866666666667e-01
v -3.306666666667e-01 0.000000000000e+00 5.866666666667e-01
v -3.520000000000e-01 0.000000000000e+00 6.080000000000e-01
v -3.093333333333e-01 0.000000000000e+00 5.440000000000e-01
v -3.733333333333e-01 0.000000000000e+00 6.080000000000e-01
v -3.306666666667e-01 0.000000000000e+00 5.440000000000e-01
v -3.520000000000e-01 0.000000000000e+00 5.440000000000e-01
v -3.520000000000e-01 0.000000000000e+00 5.653333333333e-01
v -3.733333333333e-01 0.000000000000e+00 5.653333333333e-01
v -3.093333333333e-01 0.000000000000e+00 5.653333333333e-01
v -3.306666666667e-01 0.000000000000e+00 5.653333333333e-01
v -3.733333333333e-01 0.000000000000e+00 6.720000000000e-01
v -3.946666666667e-01 0.000000000000e+00 7.146666666667e-01
v -3.733333333333e-01 0.000000000000e+00 6.933333333333e-01
v -3.520000000000e-01 0.000000000000e+00 6.506666666667e-01
v -4.160000000000e-01 0.000000000000e+00 6.933333333333e-01
v -3.946666666667e-01 0.000000000000e+00 6.933333333333e-01
v -4.160000000000e-01 0.000000000000e+00 7.146666666667e-01
v -4.160000000000e-01 0.000000000000e+00 6.720000000000e-01
v -3.946666666667e-01 0.000000000000e+00 6.720000000000e-01
v -3.520000000000e-01 0.000000000000e+00 6.293333333333e-01
v -3.733333333333e-01 0.000000000000e+00 6.293333333333e-01
v -3.946666666667e-01 0.000000000000e+00 6.293333333333e-01
v -3.520000000000e-01 0.000000000000e+00 6.720000000000e-01
v -4.160000000000e-01 0.000000000000e+00 6.506666666667e-01
v -3.946666666667e-01 0.000000000000e+00 6.506666666667e-01
v -3.733333333333e-01 0.000000000000e+00 6.506666666667e-01
v -3.946666666667e-01 0.000000000000e+00 7.573333333333e-01
v -4.373333333333e-01 0.000000000000e+00 8.000000000000e-01
v -4.160000000000e-01 0.000000000000e+00 8.000000000000e-01
v -3.946666666667e-01 0.000000000000e+00 8.000000000000e-01
v -4.373333333333e-01 0.000000000000e+00 7.360000000000e-01
v -4.160000000000e-01 0.000000000000e+00 7.360000000000e-01
v -3.946666666667e-01 0.000000000000e+00 7.360000000000e-01
v -4.160000000000e-01 0.000000000000e+00 7.573333333333e-01
v -4.373333333333e-01 0.000000000000e+00 7.573333333333e-01
v -4.586666666667e-01 0.000000000000e+00 7.573333333333e-01
v -4.373333333333e-01 0.000000000000e+00 7.786666666667e-01
v -4.586666666667e-01 0.000000000000e+00 7.786666666667e-01
v -4.160000000000e-01 0.000000000000e+00 7.786666666667e-01
v -3.946666666667e-01 0.000000000000e+00 7.786666666667e-01
v -4.586666666667e-01 0.000000000000e+00 8.000000000000e-01
v -3.093333333333e-01 0.000000000000e+00 7.146666666667e-01
v -3.306666666667e-01 0.000000000000e+00 7.146666666667e-01
v -3.520000000000e-01 0.000000000000e+00 7.146666666667e-01
v -3.733333333333e-01 0.000000000000e+00 7.146666666667e-01
v -3.733333333333e-01 0.000000000000e+00 7.360000000000e-01
v -2.880000000000e-01 0.000000000000e+00 7.146666666667e-01
v -3.093333333333e-01 0.000000000000e+00 6.933333333333e-01
v -3.093333333333e-01 0.000000000000e+00 6.720000000000e-01
v -2.880000000000e-01 0.000000000000e+00 6.720000000000e-01
v -3.306666666667e-01 0.000000000000e+00 6.933333333333e-01
v -3.733333333333e-01 0.000000000000e+00 7.573333333333e-01
v -3.520000000000e-01 0.000000000000e+00 6.933333333333e-01
v -3.306666666667e-01 0.000000000000e+00 6.720000000000e-01
v -2.880000000000e-01 0.000000000000e+00 6.933333333333e-01
v -3.520000000000e-01 0.000000000000e+00 7.360000000000e-01
v -3.306666666667e-01 0.000000000000e+00 7.360000000000e-01
v -2.880000000000e-01 0.000000000000e+00 7.786666666667e-01
v -3.093333333333e-01 0.000000000000e+00 7.786666666667e-01
v -3.306666666667e-01 0.000000000000e+00 7.786666666667e-01
v -3.520000000000e-01 0.000000000000e+00 7.786666666667e-01
v -3.733333333333e-01 0.000000000000e+00 8.000000000000e-01
v -3.520000000000e-01 0.000000000000e+00 8.000000000000e-01
v -3.306666666667e-01 0.000000000000e+00 8.000000000000e-01
v -3.733333333333e-01 0.000000000000e+00 7.786666666667e-01
v -3.093333333333e-01 0.000000000000e+00 8.000000000000e-01
v -2.880000000000e-01 0.000000000000e+00 7.360000000000e-01
v -3.093333333333e-01 0.000000000000e+00 7.360000000000e-01
v -2.880000000000e-01 0.000000000000e+00 7.573333333333e-01
v -3.093333333333e-01 0.000000000000e+00 7.573333333333e-01
v -3.306666666667e-01 0.000000000000e+00 7.573333333333e-01
v -3.520000000000e-01 0.000000000000e+00 7.573333333333e-01
v -6.080000000000e-01 0.000000000000e+00 7.573333333333e-01
v -5.866666666667e-01 0.000000000000e+00 7.573333333333e-01
v -5.653333333333e-01 0.000000000000e+00 7.146666666667e-01
v -5.866666666667e-01 0.000000000000e+00 7.146666666667e-01
v -6.080000000000e-01 0.000000000000e+00 7.786666666667e-01
v -5.440000000000e-01 0.000000000000e+00 7.360000000000e-01
v -6.080000000000e-01 0.000000000000e+00 8.000000000000e-01
v -5.653333333333e-01 0.000000000000e+00 7.360000000000e-01
v -5.866666666667e-01 0.000000000000e+00 7.360000000000e-01
v -5.866666666667e-01 0.000000000000e+00 7.786666666667e-01
v -5.440000000000e-01 0.000000000000e+00 6.933333333333e-01
v -5.653333333333e-01 0.000000000000e+00 6.933333333333e-01
v -5.653333333333e-01 0.000000000000e+00 7.573333333333e-01
v -5.440000000000e-01 0.000000000000e+00 7.146666666667e-01
v -6.080000000000e-01 0.000000000000e+00 7.360000000000e-01
v -5.013333333333e-01 0.000000000000e+00 7.360000000000e-01
v -4.586666666667e-01 0.000000000000e+00 7.360000000000e-01
v -4.373333333333e-01 0.000000000000e+00 6.720000000000e-01
v -4.373333333333e-01 0.000000000000e+00 7.146666666667e-01
v -4.586666666667e-01 0.000000000000e+00 7.146666666667e-01
v -4.800000000000e-01 0.000000000000e+00 7.146666666667e-01
v -5.226666666667e-01 0.000000000000e+00 7.360000000000e-01
v -5.013333333333e-01 0.000000000000e+00 7.146666666667e-01
v -5.226666666667e-01 0.000000000000e+00 7.146666666667e-01
v -4.373333333333e-01 0.000000000000e+00 6.933333333333e-01
v -4.586666666667e-01 0.000000000000e+00 6.933333333333e-01
v -4.800000000000e-01 0.000000000000e+00 6.933333333333e-01
v -5.013333333333e-01 0.000000000000e+00 6.933333333333e-01
v -5.226666666667e-01 0.000000000000e+00 6.933333333333e-01
v -4.800000000000e-01 0.000000000000e+00 7.360000000000e-01
v -5.440000000000e-01 0.000000000000e+00 7.786666666667e-01
v -5.226666666667e-01 0.000000000000e+00 7.573333333333e-01
v -5.653333333333e-01 0.000000000000e+00 7.786666666667e-01
v -5.440000000000e-01 0.000000000000e+00 7.573333333333e-01
v -4.800000000000e-01 0.000000000000e+00 8.000000000000e-01
v -5.226666666667e-01 0.000000000000e+00 8.000000000000e-01
v -5.440000000000e-01 0.000000000000e+00 8.000000000000e-01
v -5.653333333333e-01 0.000000000000e+00 8.000000000000e-01
v -5.866666666667e-01 0.000000000000e+00 8.000000000000e-01
v -5.013333333333e-01 0.000000000000e+00 8.000000000000e-01
v -5.013333333333e-01 0.000000000000e+00 7.786666666667e-01
v -4.800000000000e-01 0.000000000000e+00 7.573333333333e-01
v -5.013333333333e-01 0.000000000000e+00 7.573333333333e-01
v -5.226666666667e-01 0.000000000000e+00 7.786666666667e-01
v -4.800000000000e-01 0.000000000000e+00 7.786666666667e-01
v -5.226666666667e-01 0.000000000000e+00 6.080000000000e-01
v -5.013333333333e-01 0.000000000000e+00 6.720000000000e-01
v -5.653333333333e-01 0.000000000000e+00 6.720000000000e-01
v -5.440000000000e-01 0.000000000000e+00 6.720000000000e-01
v -5.653333333333e-01 0.000000000000e+00 6.506666666667e-01
v -5.013333333333e-01 0.000000000000e+00 5.866666666667e-01
v -5.226666666667e-01 0.000000000000e+00 6.506666666667e-01
v -5.013333333333e-01 0.000000000000e+00 6.506666666667e-01
v -5.226666666667e-01 0.000000000000e+00 6.720000000000e-01
v -5.440000000000e-01 0.000000000000e+00 6.293333333333e-01
v -5.226666666667e-01 0.000000000000e+00 6.293333333333e-01
v -5.226666666667e-01 0.000000000000e+00 5.866666666667e-01
v -5.440000000000e-01 0.000000000000e+00 6.506666666667e-01
v -5.013333333333e-01 0.000000000000e+00 6.080000000000e-01
v -5.013333333333e-01 0.000000000000e+00 6.293333333333e-01
v -4.800000000000e-01 0.000000000000e+00 5.653333333333e-01
v -4.800000000000e-01 0.000000000000e+00 6.080000000000e-01
v -4.160000000000e-01 0.000000000000e+00 5.440000000000e-01
v -3.946666666667e-01 0.000000000000e+00 5.440000000000e-01
v -4.373333333333e-01 0.000000000000e+00 5.440000000000e-01
v -4.373333333333e-01 0.000000000000e+00 5.866666666667e-01
v -4.800000000000e-01 0.000000000000e+00 5.440000000000e-01
v -4.800000000000e-01 0.000000000000e+00 5.866666666667e-01
v -4.586666666667e-01 0.000000000000e+00 5.440000000000e-01
v -4.586666666667e-01 0.000000000000e+00 5.866666666667e-01
v -3.946666666667e-01 0.000000000000e+00 5.653333333333e-01
v -4.160000000000e-01 0.000000000000e+00 5.653333333333e-01
v -4.373333333333e-01 0.000000000000e+00 5.653333333333e-01
v -4.586666666667e-01 0.000000000000e+00 5.653333333333e-01
v -3.946666666667e-01 0.000000000000e+00 5.866666666667e-01
v -4.800000000000e-01 0.000000000000e+00 6.506666666667e-01
v -3.946666666667e-01 0.000000000000e+00 6.080000000000e-01
v -4.160000000000e-01 0.000000000000e+00 6.080000000000e-01
v -4.160000000000e-01 0.000000000000e+00 5.866666666667e-01
v -4.586666666667e-01 0.000000000000e+00 6.720000000000e-01
v -4.160000000000e-01 0.000000000000e+00 6.293333333333e-01
v -4.800000000000e-01 0.000000000000e+00 6.720000000000e-01
v -4.586666666667e-01 0.000000000000e+00 6.080000000000e-01
v -4.800000000000e-01 0.000000000000e+00 6.293333333333e-01
v -4.586666666667e-01 0.000000000000e+00 6.293333333333e-01
v -4.586666666667e-01 0.000000000000e+00 6.506666666667e-01
v -4.373333333333e-01 0.000000000000e+00 6.506666666667e-01
v -4.373333333333e-01 0.000000000000e+00 6.080000000000e-01
v -4.373333333333e-01 0.000000000000e+00 6.293333333333e-01
v -2.666666666667e-01 0.000000000000e+00 3.733333333333e-01
v -2.880000000000e-01 0.000000000000e+00 3.733333333333e-01
v -3.093333333333e-01 0.000000000000e+00 3.733333333333e-01
v -2.453333333333e-01 0.000000000000e+00 3.306666666667e-01
v -2.666666666667e-01 0.000000000000e+00 3.306666666667e-01
v -2.880000000000e-01 0.000000000000e+00 3.306666666667e-01
v -3.093333333333e-01 0.000000000000e+00 3.306666666667e-01
v -3.306666666667e-01 0.000000000000e+00 3.733333333333e-01
v -2.880000000000e-01 0.000000000000e+00 3.946666666667e-01
v -3.306666666667e-01 0.000000000000e+00 3.306666666667e-01
v -2.453333333333e-01 0.000000000000e+00 3.520000000000e-01
v -2.666666666667e-01 0.000000000000e+00 3.520000000000e-01
v -2.880000000000e-01 0.000000000000e+00 3.520000000000e-01
v -3.093333333333e-01 0.000000000000e+00 3.520000000000e-01
v -3.306666666667e-01 0.000000000000e+00 3.520000000000e-01
v -2.240000000000e-01 0.000000000000e+00 3.733333333333e-01
v -2.026666666667e-01 0.000000000000e+00 3.733333333333e-01
v -2.026666666667e-01 0.000000000000e+00 3.946666666667e-01
v -1.813333333333e-01 0.000000000000e+00 3.733333333333e-01
v -2.240000000000e-01 0.000000000000e+00 3.306666666667e-01
v -1.600000000000e-01 0.000000000000e+00 3.520000000000e-01
v -1.813333333333e-01 0.000000000000e+00 3.520000000000e-01
v -2.026666666667e-01 0.000000000000e+00 3.520000000000e-01
v -2.240000000000e-01 0.000000000000e+00 3.520000000000e-01
v -1.813333333333e-01 0.000000000000e+00 3.306666666667e-01
v -2.026666666667e-01 0.000000000000e+00 3.306666666667e-01
v -1.813333333333e-01 0.000000000000e+00 3.093333333333e-01
v -2.026666666667e-01 0.000000000000e+00 3.093333333333e-01
v -1.600000000000e-01 0.000000000000e+00 3.093333333333e-01
v -1.600000000000e-01 0.000000000000e+00 3.306666666667e-01
v -2.666666666667e-01 0.000000000000e+00 4.586666666667e-01
v -2.453333333333e-01 0.000000000000e+00 4.373333333333e-01
v -2.240000000000e-01 0.000000000000e+00 4.373333333333e-01
v -2.453333333333e-01 0.000000000000e+00 4.586666666667e-01
v -2.880000000000e-01 0.000000000000e+00 4.586666666667e-01
v -2.240000000000e-01 0.000000000000e+00 4.160000000000e-01
v -2.453333333333e-01 0.000000000000e+00 4.160000000000e-01
v -2.666666666667e-01 0.000000000000e+00 4.160000000000e-01
v -2.880000000000e-01 0.000000000000e+00 4.160000000000e-01
v -2.240000000000e-01 0.000000000000e+00 3.946666666667e-01
v -2.453333333333e-01 0.000000000000e+00 3.946666666667e-01
v -2.666666666667e-01 0.000000000000e+00 3.946666666667e-01
v -2.453333333333e-01 0.000000000000e+00 3.733333333333e-01
v -2.880000000000e-01 0.000000000000e+00 4.373333333333e-01
v -2.666666666667e-01 0.000000000000e+00 4.373333333333e-01
v -2.666666666667e-01 0.000000000000e+00 2.666666666667e-01
v -3.306666666667e-01 0.000000000000e+00 2.666666666667e-01
v -3.306666666667e-01 0.000000000000e+00 2.880000000000e-01
v -2.880000000000e-01 0.000000000000e+00 2.453333333333e-01
v -2.666666666667e-01 0.000000000000e+00 2.453333333333e-01
v -2.666666666667e-01 0.000000000000e+00 3.093333333333e-01
v -2.880000000000e-01 0.000000000000e+00 3.093333333333e-01
v -3.093333333333e-01 0.000000000000e+00 3.093333333333e-01
v -3.306666666667e-01 0.000000000000e+00 3.093333333333e-01
v -2.880000000000e-01 0.000000000000e+00 2.666666666667e-01
v -3.093333333333e-01 0.000000000000e+00 2.666666666667e-01
v -2.880000000000e-01 0.000000000000e+00 2.880000000000e-01
v -3.093333333333e-01 0.000000000000e+00 2.880000000000e-01
v -3.093333333333e-01 0.000000000000e+00 2.453333333333e-01
v -2.666666666667e-01 0.000000000000e+00 2.880000000000e-01
v -2.453333333333e-01 0.000000000000e+00 3.093333333333e-01
v -2.026666666667e-01 0.000000000000e+00 2.666666666667e-01
v -2.026666666667e-01 0.000000000000e+00 2.240000000000e-01
v -2.240000000000e-01 0.000000000000e+00 2.666666666667e-01
v -2.240000000000e-01 0.000000000000e+00 2.240000000000e-01
v -2.453333333333e-01 0.000000000000e+00 2.666666666667e-01
v -2.026666666667e-01 0.000000000000e+00 2.453333333333e-01
v -1.813333333333e-01 0.000000000000e+00 2.026666666667e-01
v -2.240000000000e-01 0.000000000000e+00 3.093333333333e-01
v -2.453333333333e-01 0.000000000000e+00 2.453333333333e-01
v -2.240000000000e-01 0.000000000000e+00 2.453333333333e-01
v -2.026666666667e-01 0.000000000000e+00 2.880000000000e-01
v -2.240000000000e-01 0.000000000000e+00 2.880000000000e-01
v -2.453333333333e-01 0.000000000000e+00 2.880000000000e-01
v -2.026666666667e-01 0.000000000000e+00 2.026666666667e-01
v -1.386666666667e-01 0.000000000000e+00 2.453333333333e-01
v -1.386666666667e-01 0.000000000000e+00 2.666666666667e-01
v -1.813333333333e-01 0.000000000000e+00 2.453333333333e-01
v -1.600000000000e-01 0.000000000000e+00 2.453333333333e-01
v -1.173333333333e-01 0.000000000000e+00 2.453333333333e-01
v -1.173333333333e-01 0.000000000000e+00 2.026666666667e-01
v -1.600000000000e-01 0.000000000000e+00 2.666666666667e-01
v -1.386666666667e-01 0.000000000000e+00 2.240000000000e-01
v -1.600000000000e-01 0.000000000000e+00 2.880000000000e-01
v -1.813333333333e-01 0.000000000000e+00 2.880000000000e-01
v -1.600000000000e-01 0.000000000000e+00 2.026666666667e-01
v -1.386666666667e-01 0.000000000000e+00 2.026666666667e-01
v -1.813333333333e-01 0.000000000000e+00 2.666666666667e-01
v -1.813333333333e-01 0.000000000000e+00 2.240000000000e-01
v -1.600000000000e-01 0.000000000000e+00 2.240000000000e-01
v -1.173333333333e-01 0.000000000000e+00 2.240000000000e-01
v -4.160000000000e-01 0.000000000000e+00 3.946666666667e-01
v -3.733333333333e-01 0.000000000000e+00 3.946666666667e-01
v -4.373333333333e-01 0.000000000000e+00 4.373333333333e-01
v -4.160000000000e-01 0.000000000000e+00 4.586666666667e-01
v -3.946666666667e-01 0.000000000000e+00 3.946666666667e-01
v -3.520000000000e-01 0.000000000000e+00 3.946666666667e-01
v -4.373333333333e-01 0.000000000000e+00 4.586666666667e-01
v -3.520000000000e-01 0.000000000000e+00 3.733333333333e-01
v -4.373333333333e-01 0.000000000000e+00 4.160000000000e-01
v -4.160000000000e-01 0.000000000000e+00 4.160000000000e-01
v -3.946666666667e-01 0.000000000000e+00 4.160000000000e-01
v -3.733333333333e-01 0.000000000000e+00 4.160000000000e-01
v -3.946666666667e-01 0.000000000000e+00 4.373333333333e-01
v -4.160000000000e-01 0.000000000000e+00 4.373333333333e-01
v -3.946666666667e-01 0.000000000000e+00 3.520000000000e-01
v -3.520000000000e-01 0.000000000000e+00 3.520000000000e-01
v -3.946666666667e-01 0.000000000000e+00 3.306666666667e-01
v -3.733333333333e-01 0.000000000000e+00 3.306666666667e-01
v -3.520000000000e-01 0.000000000000e+00 3.306666666667e-01
v -3.733333333333e-01 0.000000000000e+00 3.520000000000e-01
v -3.520000000000e-01 0.000000000000e+00 3.093333333333e-01
v -3.733333333333e-01 0.000000000000e+00 3.093333333333e-01
v -4.373333333333e-01 0.000000000000e+00 3.946666666667e-01
v -3.733333333333e-01 0.000000000000e+00 3.733333333333e-01
v -3.946666666667e-01 0.000000000000e+00 3.733333333333e-01
v -4.160000000000e-01 0.000000000000e+00 3.733333333333e-01
v -4.373333333333e-01 0.000000000000e+00 3.733333333333e-01
v -4.160000000000e-01 0.000000000000e+00 3.520000000000e-01
v -3.733333333333e-01 0.000000000000e+00 2.880000000000e-01
v -4.160000000000e-01 0.000000000000e+00 2.880000000000e-01
v -3.733333333333e-01 0.000000000000e+00 2.666666666667e-01
v -3.520000000000e-01 0.000000000000e+00 2.666666666667e-01
v -4.373333333333e-01 0.000000000000e+00 3.306666666667e-01
v -4.160000000000e-01 0.000000000000e+00 3.306666666667e-01
v -3.520000000000e-01 0.000000000000e+00 2.880000000000e-01
v -4.373333333333e-01 0.000000000000e+00 2.880000000000e-01
v -4.373333333333e-01 0.000000000000e+00 3.093333333333e-01
v -4.160000000000e-01 0.000000000000e+00 3.093333333333e-01
v -3.946666666667e-01 0.000000000000e+00 3.093333333333e-01
v -3.946666666667e-01 0.000000000000e+00 2.880000000000e-01
v -4.373333333333e-01 0.000000000000e+00 3.520000000000e-01
v -4.160000000000e-01 0.000000000000e+00 2.666666666667e-01
v -3.946666666667e-01 0.000000000000e+00 2.666666666667e-01
v -2.453333333333e-01 0.000000000000e+00 5.013333333333e-01
v -2.666666666667e-01 0.000000000000e+00 5.013333333333e-01
v -2.880000000000e-01 0.000000000000e+00 4.800000000000e-01
v -3.093333333333e-01 0.000000000000e+00 4.800000000000e-01
v -3.093333333333e-01 0.000000000000e+00 5.013333333333e-01
v -2.453333333333e-01 0.000000000000e+00 4.800000000000e-01
v -3.093333333333e-01 0.000000000000e+00 5.226666666667e-01
v -3.306666666667e-01 0.000000000000e+00 5.013333333333e-01
v -3.520000000000e-01 0.000000000000e+00 5.013333333333e-01
v -3.306666666667e-01 0.000000000000e+00 5.226666666667e-01
v -3.520000000000e-01 0.000000000000e+00 5.226666666667e-01
v -3.733333333333e-01 0.000000000000e+00 5.226666666667e-01
v -2.880000000000e-01 0.000000000000e+00 5.013333333333e-01
v -2.666666666667e-01 0.000000000000e+00 5.226666666667e-01
v -2.880000000000e-01 0.000000000000e+00 5.226666666667e-01
v -2.666666666667e-01 0.000000000000e+00 4.800000000000e-01
v -3.306666666667e-01 0.000000000000e+00 4.586666666667e-01
v -3.520000000000e-01 0.000000000000e+00 4.586666666667e-01
v -3.093333333333e-01 0.000000000000e+00 4.586666666667e-01
v -3.306666666667e-01 0.000000000000e+00 3.946666666667e-01
v -3.093333333333e-01 0.000000000000e+00 3.946666666667e-01
v -3.733333333333e-01 0.000000000000e+00 4.586666666667e-01
v -3.306666666667e-01 0.000000000000e+00 4.800000000000e-01
v -3.520000000000e-01 0.000000000000e+00 4.800000000000e-01
v -3.093333333333e-01 0.000000000000e+00 4.373333333333e-01
v -3.306666666667e-01 0.000000000000e+00 4.373333333333e-01
v -3.520000000000e-01 0.000000000000e+00 4.373333333333e-01
v -3.733333333333e-01 0.000000000000e+00 4.373333333333e-01
v -3.520000000000e-01 0.000000000000e+00 4.160000000000e-01
v -3.306666666667e-01 0.000000000000e+00 4.160000000000e-01
v -3.093333333333e-01 0.000000000000e+00 4.160000000000e-01
v -4.586666666667e-01 0.000000000000e+00 5.013333333333e-01
v -4.160000000000e-01 0.000000000000e+00 4.800000000000e-01
v -3.946666666667e-01 0.000000000000e+00 4.800000000000e-01
v -4.586666666667e-01 0.000000000000e+00 5.226666666667e-01
v -4.800000000000e-01 0.000000000000e+00 5.226666666667e-01
v -3.946666666667e-01 0.000000000000e+00 4.586666666667e-01
v -3.946666666667e-01 0.000000000000e+00 5.226666666667e-01
v -4.160000000000e-01 0.000000000000e+00 5.226666666667e-01
v -4.373333333333e-01 0.000000000000e+00 5.226666666667e-01
v -3.733333333333e-01 0.000000000000e+00 4.800000000000e-01
v -4.373333333333e-01 0.000000000000e+00 4.800000000000e-01
v -3.733333333333e-01 0.000000000000e+00 5.013333333333e-01
v -3.946666666667e-01 0.000000000000e+00 5.013333333333e-01
v -4.160000000000e-01 0.000000000000e+00 5.013333333333e-01
v -4.373333333333e-01 0.000000000000e+00 5.013333333333e-01
v -5.226666666667e-01 0.000000000000e+00 5.226666666667e-01
v -4.800000000000e-01 0.000000000000e+00 4.373333333333e-01
v -5.013333333333e-01 0.000000000000e+00 4.373333333333e-01
v -4.586666666667e-01 0.000000000000e+00 4.586666666667e-01
v -4.800000000000e-01 0.000000000000e+00 4.586666666667e-01
v -5.013333333333e-01 0.000000000000e+00 4.586666666667e-01
v -5.226666666667e-01 0.000000000000e+00 4.586666666667e-01
v -4.800000000000e-01 0.000000000000e+00 5.013333333333e-01
v -5.013333333333e-01 0.000000000000e+00 5.013333333333e-01
v -5.226666666667e-01 0.000000000000e+00 5.013333333333e-01
v -5.226666666667e-01 0.000000000000e+00 4.800000000000e-01
v -5.013333333333e-01 0.000000000000e+00 4.800000000000e-01
v -4.800000000000e-01 0.000000000000e+00 4.800000000000e-01
v -4.586666666667e-01 0.000000000000e+00 4.373333333333e-01
v -5.013333333333e-01 0.000000000000e+00 5.226666666667e-01
v -4.586666666667e-01 0.000000000000e+00 4.800000000000e-01
v -5.440000000000e-01 0.000000000000e+00 5.226666666667e-01
v -5.866666666667e-01 0.000000000000e+00 5.866666666667e-01
v -5.013333333333e-01 0.000000000000e+00 5.440000000000e-01
v -5.226666666667e-01 0.000000000000e+00 5.440000000000e-01
v -5.013333333333e-01 0.000000000000e+00 5.653333333333e-01
v -5.226666666667e-01 0.000000000000e+00 5.653333333333e-01
v -5.440000000000e-01 0.000000000000e+00 5.653333333333e-01
v -5.653333333333e-01 0.000000000000e+00 5.653333333333e-01
v -5.866666666667e-01 0.000000000000e+00 5.653333333333e-01
v -6.080000000000e-01 0.000000000000e+00 5.440000000000e-01
v -5.866666666667e-01 0.000000000000e+00 5.440000000000e-01
v -5.653333333333e-01 0.000000000000e+00 5.440000000000e-01
v -5.440000000000e-01 0.000000000000e+00 5.440000000000e-01
v -6.080000000000e-01 0.000000000000e+00 5.653333333333e-01
v -6.080000000000e-01 0.000000000000e+00 5.866666666667e-01
v -5.653333333333e-01 0.000000000000e+00 4.800000000000e-01
v -5.866666666667e-01 0.000000000000e+00 4.800000000000e-01
v -6.080000000000e-01 0.000000000000e+00 4.800000000000e-01
v -5.440000000000e-01 0.000000000000e+00 4.586666666667e-01
v -5.653333333333e-01 0.000000000000e+00 4.586666666667e-01
v -5.866666666667e-01 0.000000000000e+00 4.586666666667e-01
v -5.866666666667e-01 0.000000000000e+00 5.226666666667e-01
v -5.653333333333e-01 0.000000000000e+00 5.226666666667e-01
v -6.080000000000e-01 0.000000000000e+00 5.226666666667e-01
v -5.440000000000e-01 0.000000000000e+00 5.013333333333e-01
v -5.653333333333e-01 0.000000000000e+00 5.013333333333e-01
v -5.866666666667e-01 0.000000000000e+00 5.013333333333e-01
v -6.080000000000e-01 0.000000000000e+00 5.013333333333e-01
v -5.440000000000e-01 0.000000000000e+00 4.800000000000e-01
v -7.573333333333e-01 0.000000000000e+00 6.080000000000e-01
v -7.573333333333e-01 0.000000000000e+00 6.293333333333e-01
v -7.360000000000e-01 0.000000000000e+00 6.080000000000e-01
v -7.146666666667e-01 0.000000000000e+00 6.080000000000e-01
v -8.000000000000e-01 0.000000000000e+00 6.293333333333e-01
v -7.146666666667e-01 0.000000000000e+00 5.866666666667e-01
v -7.360000000000e-01 0.000000000000e+00 5.866666666667e-01
v -7.786666666667e-01 0.000000000000e+00 6.080000000000e-01
v -7.573333333333e-01 0.000000000000e+00 5.866666666667e-01
v -7.786666666667e-01 0.000000000000e+00 5.866666666667e-01
v -8.000000000000e-01 0.000000000000e+00 5.866666666667e-01
v -7.360000000000e-01 0.000000000000e+00 6.293333333333e-01
v -7.573333333333e-01 0.000000000000e+00 5.653333333333e-01
v -7.786666666667e-01 0.000000000000e+00 6.293333333333e-01
v -8.000000000000e-01 0.000000000000e+00 6.080000000000e-01
v -7.360000000000e-01 0.000000000000e+00 5.653333333333e-01
v -6.506666666667e-01 0.000000000000e+00 6.080000000000e-01
v -6.506666666667e-01 0.000000000000e+00 6.293333333333e-01
v -7.146666666667e-01 0.000000000000e+00 6.293333333333e-01
v -6.293333333333e-01 0.000000000000e+00 5.866666666667e-01
v -6.506666666667e-01 0.000000000000e+00 5.866666666667e-01
v -6.933333333333e-01 0.000000000000e+00 6.293333333333e-01
v -6.720000000000e-01 0.000000000000e+00 6.293333333333e-01
v -6.506666666667e-01 0.000000000000e+00 5.653333333333e-01
v -6.293333333333e-01 0.000000000000e+00 5.653333333333e-01
v -6.720000000000e-01 0.000000000000e+00 5.866666666667e-01
v -6.933333333333e-01 0.000000000000e+00 6.080000000000e-01
v -6.720000000000e-01 0.000000000000e+00 6.080000000000e-01
v -6.293333333333e-01 0.000000000000e+00 6.080000000000e-01
v -6.293333333333e-01 0.000000000000e+00 5.440000000000e-01
v -6.720000000000e-01 0.000000000000e+00 5.013333333333e-01
v -6.720000000000e-01 0.000000000000e+00 5.226666666667e-01
v -6.933333333333e-01 0.000000000000e+00 5.226666666667e-01
v -6.933333333333e-01 0.000000000000e+00 5.866666666667e-01
v -6.506666666667e-01 0.000000000000e+00 5.226666666667e-01
v -6.293333333333e-01 0.000000000000e+00 5.226666666667e-01
v -6.933333333333e-01 0.000000000000e+00 5.440000000000e-01
v -6.506666666667e-01 0.000000000000e+00 5.013333333333e-01
v -7.146666666667e-01 0.000000000000e+00 5.653333333333e-01
v -6.933333333333e-01 0.000000000000e+00 5.653333333333e-01
v -6.720000000000e-01 0.000000000000e+00 5.440000000000e-01
v -6.720000000000e-01 0.000000000000e+00 5.653333333333e-01
v -6.293333333333e-01 0.000000000000e+00 5.013333333333e-01
v -6.506666666667e-01 0.000000000000e+00 5.440000000000e-01
v -7.146666666667e-01 0.000000000000e+00 5.440000000000e-01
v -5.440000000000e-01 0.000000000000e+00 5.866666666667e-01
v -6.080000000000e-01 0.000000000000e+00 6.080000000000e-01
v -5.653333333333e-01 0.000000000000e+00 5.866666666667e-01
v -5.866666666667e-01 0.000000000000e+00 6.293333333333e-01
v -6.080000000000e-01 0.000000000000e+00 6.293333333333e-01
v -5.440000000000e-01 0.000000000000e+00 6.080000000000e-01
v -5.653333333333e-01 0.000000000000e+00 6.293333333333e-01
v -5.653333333333e-01 0.000000000000e+00 6.080000000000e-01
v -5.866666666667e-01 0.000000000000e+00 6.080000000000e-01
v -5.866666666667e-01 0.000000000000e+00 6.506666666667e-01
v -6.080000000000e-01 0.000000000000e+00 6.506666666667e-01
v -6.506666666667e-01 0.000000000000e+00 6.506666666667e-01
v -6.293333333333e-01 0.000000000000e+00 6.293333333333e-01
v -6.293333333333e-01 0.000000000000e+00 6.506666666667e-01
v -6.293333333333e-01 0.000000000000e+00 6.720000000000e-01
v -6.080000000000e-01 0.000000000000e+00 6.720000000000e-01
v -6.506666666667e-01 0.000000000000e+00 6.720000000000e-01
v -5.866666666667e-01 0.000000000000e+00 6.933333333333e-01
v -6.080000000000e-01 0.000000000000e+00 6.933333333333e-01
v -6.506666666667e-01 0.000000000000e+00 7.146666666667e-01
v -6.720000000000e-01 0.000000000000e+00 7.146666666667e-01
v -6.506666666667e-01 0.000000000000e+00 6.933333333333e-01
v -6.293333333333e-01 0.000000000000e+00 7.360000000000e-01
v -6.293333333333e-01 0.000000000000e+00 6.933333333333e-01
v -6.720000000000e-01 0.000000000000e+00 7.360000000000e-01
v -6.293333333333e-01 0.000000000000e+00 7.146666666667e-01
v -6.506666666667e-01 0.000000000000e+00 7.360000000000e-01
v -6.080000000000e-01 0.000000000000e+00 7.146666666667e-01
v -5.866666666667e-01 0.000000000000e+00 6.720000000000e-01
v -6.720000000000e-01 0.000000000000e+00 8.000000000000e-01
v -6.293333333333e-01 0.000000000000e+00 7.573333333333e-01
v -6.506666666667e-01 0.000000000000e+00 7.573333333333e-01
v -6.720000000000e-01 0.000000000000e+00 7.573333333333e-01
v -6.293333333333e-01 0.000000000000e+00 8.000000000000e-01
v -6.933333333333e-01 0.000000000000e+00 7.786666666667e-01
v -6.720000000000e-01 0.000000000000e+00 7.786666666667e-01
v -6.506666666667e-01 0.000000000000e+00 8.000000000000e-01
v -7.360000000000e-01 0.000000000000e+00 8.000000000000e-01
v -7.146666666667e-01 0.000000000000e+00 7.786666666667e-01
v -7.146666666667e-01 0.000000000000e+00 8.000000000000e-01
v -6.933333333333e-01 0.000000000000e+00 7.573333333333e-01
v -6.506666666667e-01 0.000000000000e+00 7.786666666667e-01
v -6.293333333333e-01 0.000000000000e+00 7.786666666667e-01
v -6.933333333333e-01 0.000000000000e+00 8.000000000000e-01
v -8.000000000000e-01 0.000000000000e+00 7.360000000000e-01
v -7.573333333333e-01 0.000000000000e+00 6.933333333333e-01
v -7.786666666667e-01 0.000000000000e+00 6.933333333333e-01
v -8.000000000000e-01 0.000000000000e+00 6.933333333333e-01
v -7.786666666667e-01 0.000000000000e+00 7.146666666667e-01
v -8.000000000000e-01 0.000000000000e+00 7.146666666667e-01
v -7.146666666667e-01 0.000000000000e+00 6.506666666667e-01
v -7.360000000000e-01 0.000000000000e+00 6.506666666667e-01
v -7.573333333333e-01 0.000000000000e+00 6.506666666667e-01
v -7.786666666667e-01 0.000000000000e+00 6.506666666667e-01
v -8.000000000000e-01 0.000000000000e+00 6.506666666667e-01
v -8.000000000000e-01 0.000000000000e+00 6.720000000000e-01
v -7.786666666667e-01 0.000000000000e+00 6.720000000000e-01
v -7.573333333333e-01 0.000000000000e+00 6.720000000000e-01
v -7.360000000000e-01 0.000000000000e+00 6.720000000000e-01
v -7.146666666667e-01 0.000000000000e+00 6.933333333333e-01
v -6.933333333333e-01 0.000000000000e+00 7.146666666667e-01
v -7.146666666667e-01 0.000000000000e+00 7.146666666667e-01
v -7.146666666667e-01 0.000000000000e+00 7.360000000000e-01
v -6.720000000000e-01 0.000000000000e+00 6.933333333333e-01
v -6.933333333333e-01 0.000000000000e+00 6.933333333333e-01
v -6.933333333333e-01 0.000000000000e+00 6.720000000000e-01
v -7.360000000000e-01 0.000000000000e+00 7.146666666667e-01
v -6.720000000000e-01 0.000000000000e+00 6.720000000000e-01
v -7.146666666667e-01 0.000000000000e+00 7.573333333333e-01
v -7.360000000000e-01 0.000000000000e+00 6.933333333333e-01
v -6.933333333333e-01 0.000000000000e+00 6.506666666667e-01
v -6.720000000000e-01 0.000000000000e+00 6.506666666667e-01
v -7.146666666667e-01 0.000000000000e+00 6.720000000000e-01
v -6.933333333333e-01 0.000000000000e+00 7.360000000000e-01
v -8.000000000000e-01 0.000000000000e+00 7.786666666667e-01
v -7.360000000000e-01 0.000000000000e+00 7.573333333333e-01
v -7.786666666667e-01 0.000000000000e+00 7.573333333333e-01
v -8.000000000000e-01 0.000000000000e+00 7.573333333333e-01
v -7.573333333333e-01 0.000000000000e+00 7.146666666667e-01
v -7.573333333333e-01 0.000000000000e+00 7.360000000000e-01
v -7.573333333333e-01 0.000000000000e+00 8.000000000000e-01
v -7.786666666667e-01 0.000000000000e+00 8.000000000000e-01
v -8.000000000000e-01 0.000000000000e+00 8.000000000000e-01
v -7.360000000000e-01 0.000000000000e+00 7.360000000000e-01
v -7.573333333333e-01 0.000000000000e+00 7.573333333333e-01
v -7.360000000000e-01 0.000000000000e+00 7.786666666667e-01
v -7.786666666667e-01 0.000000000000e+00 7.360000000000e-01
v -7.573333333333e-01 0.000000000000e+00 7.786666666667e-01
v -7.786666666667e-01 0.000000000000e+00 7.786666666667e-01
v -6.506666666667e-01 0.000000000000e+00 2.666666666667e-01
v -6.720000000000e-01 0.000000000000e+00 2.666666666667e-01
v -6.506666666667e-01 0.000000000000e+00 2.880000000000e-01
v -7.146666666667e-01 0.000000000000e+00 2.880000000000e-01
v -6.933333333333e-01 0.000000000000e+00 2.880000000000e-01
v -6.933333333333e-01 0.000000000000e+00 3.306666666667e-01
v -6.506666666667e-01 0.000000000000e+00 2.453333333333e-01
v -7.146666666667e-01 0.000000000000e+00 3.306666666667e-01
v -7.146666666667e-01 0.000000000000e+00 3.093333333333e-01
v -6.720000000000e-01 0.000000000000e+00 3.306666666667e-01
v -6.720000000000e-01 0.000000000000e+00 3.093333333333e-01
v -6.720000000000e-01 0.000000000000e+00 2.453333333333e-01
v -6.933333333333e-01 0.000000000000e+00 3.093333333333e-01
v -6.720000000000e-01 0.000000000000e+00 2.880000000000e-01
v -6.933333333333e-01 0.000000000000e+00 2.666666666667e-01
v -6.506666666667e-01 0.000000000000e+00 3.093333333333e-01
v -7.360000000000e-01 0.000000000000e+00 3.946666666667e-01
v -7.573333333333e-01 0.000000000000e+00 3.946666666667e-01
v -6.720000000000e-01 0.000000000000e+00 3.733333333333e-01
v -6.933333333333e-01 0.000000000000e+00 3.733333333333e-01
v -7.146666666667e-01 0.000000000000e+00 3.733333333333e-01
v -7.360000000000e-01 0.000000000000e+00 3.733333333333e-01
v -7.573333333333e-01 0.000000000000e+00 3.733333333333e-01
v -6.720000000000e-01 0.000000000000e+00 3.520000000000e-01
v -7.146666666667e-01 0.000000000000e+00 3.946666666667e-01
v -7.146666666667e-01 0.000000000000e+00 3.520000000000e-01
v -7.360000000000e-01 0.000000000000e+00 3.520000000000e-01
v -6.933333333333e-01 0.000000000000e+00 3.946666666667e-01
v -8.000000000000e-01 0.000000000000e+00 4.160000000000e-01
v -7.786666666667e-01 0.000000000000e+00 4.160000000000e-01
v -7.786666666667e-01 0.000000000000e+00 3.946666666667e-01
v -6.933333333333e-01 0.000000000000e+00 3.520000000000e-01
v -7.360000000000e-01 0.000000000000e+00 3.093333333333e-01
v -7.786666666667e-01 0.000000000000e+00 3.093333333333e-01
v -7.573333333333e-01 0.000000000000e+00 3.306666666667e-01
v -7.360000000000e-01 0.000000000000e+00 3.306666666667e-01
v -8.000000000000e-01 0.000000000000e+00 3.733333333333e-01
v -8.000000000000e-01 0.000000000000e+00 3.093333333333e-01
v -7.573333333333e-01 0.000000000000e+00 3.093333333333e-01
v -7.573333333333e-01 0.000000000000e+00 3.520000000000e-01
v -8.000000000000e-01 0.000000000000e+00 3.946666666667e-01
v -8.000000000000e-01 0.000000000000e+00 3.520000000000e-01
v -7.786666666667e-01 0.000000000000e+00 3.520000000000e-01
v -7.786666666667e-01 0.000000000000e+00 3.306666666667e-01
v -8.000000000000e-01 0.000000000000e+00 3.306666666667e-01
v -7.786666666667e-01 0.000000000000e+00 3.733333333333e-01
v -7.786666666667e-01 0.000000000000e+00 5.440000000000e-01
v -8.000000000000e-01 0.000000000000e+00 5.440000000000e-01
v -7.573333333333e-01 0.000000000000e+00 5.440000000000e-01
v -8.000000000000e-01 0.000000000000e+00 5.653333333333e-01
v -7.786666666667e-01 0.000000000000e+00 5.653333333333e-01
v -7.360000000000e-01 0.000000000000e+00 5.440000000000e-01
v -8.000000000000e-01 0.000000000000e+00 5.013333333333e-01
v -7.146666666667e-01 0.000000000000e+00 5.226666666667e-01
v -7.360000000000e-01 0.000000000000e+00 5.226666666667e-01
v -7.573333333333e-01 0.000000000000e+00 5.226666666667e-01
v -7.786666666667e-01 0.000000000000e+00 5.226666666667e-01
v -8.000000000000e-01 0.000000000000e+00 5.226666666667e-01
v -7.360000000000e-01 0.000000000000e+00 5.013333333333e-01
v -7.573333333333e-01 0.000000000000e+00 5.013333333333e-01
v -7.786666666667e-01 0.000000000000e+00 5.013333333333e-01
v -7.573333333333e-01 0.000000000000e+00 4.160000000000e-01
v -7.573333333333e-01 0.000000000000e+00 4.800000000000e-01
v -7.786666666667e-01 0.000000000000e+00 4.800000000000e-01
v -8.000000000000e-01 0.000000000000e+00 4.373333333333e-01
v -7.786666666667e-01 0.000000000000e+00 4.373333333333e-01
v -7.573333333333e-01 0.000000000000e+00 4.373333333333e-01
v -7.360000000000e-01 0.000000000000e+00 4.373333333333e-01
v -7.146666666667e-01 0.000000000000e+00 4.373333333333e-01
v -8.000000000000e-01 0.000000000000e+00 4.800000000000e-01
v -7.146666666667e-01 0.000000000000e+00 4.160000000000e-01
v -7.360000000000e-01 0.000000000000e+00 4.160000000000e-01
v -7.360000000000e-01 0.000000000000e+00 4.586666666667e-01
v -8.000000000000e-01 0.000000000000e+00 4.586666666667e-01
v -7.573333333333e-01 0.000000000000e+00 4.586666666667e-01
v -7.786666666667e-01 0.000000000000e+00 4.586666666667e-01
v -7.146666666667e-01 0.000000000000e+00 4.586666666667e-01
v -6.720000000000e-01 0.000000000000e+00 4.800000000000e-01
v -6.933333333333e-01 0.000000000000e+00 4.800000000000e-01
v -7.146666666667e-01 0.000000000000e+00 4.800000000000e-01
v -7.360000000000e-01 0.000000000000e+00 4.800000000000e-01
v -7.146666666667e-01 0.000000000000e+00 5.013333333333e-01
v -6.933333333333e-01 0.000000000000e+00 4.373333333333e-01
v -6.720000000000e-01 0.000000000000e+00 4.373333333333e-01
v -6.933333333333e-01 0.000000000000e+00 5.013333333333e-01
v -6.933333333333e-01 0.000000000000e+00 4.586666666667e-01
v -6.720000000000e-01 0.000000000000e+00 3.946666666667e-01
v -6.720000000000e-01 0.000000000000e+00 4.160000000000e-01
v -6.933333333333e-01 0.000000000000e+00 4.160000000000e-01
v -6.720000000000e-01 0.000000000000e+00 4.586666666667e-01
v -6.506666666667e-01 0.000000000000e+00 3.946666666667e-01
v -4.800000000000e-01 0.000000000000e+00 2.453333333333e-01
v -5.013333333333e-01 0.000000000000e+00 2.880000000000e-01
v -4.586666666667e-01 0.000000000000e+00 2.880000000000e-01
v -5.013333333333e-01 0.000000000000e+00 3.093333333333e-01
v -4.800000000000e-01 0.000000000000e+00 2.880000000000e-01
v -5.226666666667e-01 0.000000000000e+00 3.306666666667e-01
v -5.226666666667e-01 0.000000000000e+00 3.093333333333e-01
v -4.800000000000e-01 0.000000000000e+00 3.093333333333e-01
v -4.586666666667e-01 0.000000000000e+00 3.093333333333e-01
v -4.373333333333e-01 0.000000000000e+00 2.666666666667e-01
v -5.226666666667e-01 0.000000000000e+00 2.880000000000e-01
v -4.586666666667e-01 0.000000000000e+00 2.666666666667e-01
v -4.800000000000e-01 0.000000000000e+00 2.666666666667e-01
v -5.013333333333e-01 0.000000000000e+00 2.666666666667e-01
v -5.013333333333e-01 0.000000000000e+00 3.306666666667e-01
v -4.586666666667e-01 0.000000000000e+00 4.160000000000e-01
v -4.586666666667e-01 0.000000000000e+00 3.733333333333e-01
v -4.586666666667e-01 0.000000000000e+00 3.306666666667e-01
v -4.800000000000e-01 0.000000000000e+00 4.160000000000e-01
v -4.800000000000e-01 0.000000000000e+00 3.306666666667e-01
v -5.013333333333e-01 0.000000000000e+00 4.160000000000e-01
v -4.800000000000e-01 0.000000000000e+00 3.733333333333e-01
v -5.013333333333e-01 0.000000000000e+00 3.733333333333e-01
v -5.013333333333e-01 0.000000000000e+00 3.946666666667e-01
v -4.586666666667e-01 0.000000000000e+00 3.520000000000e-01
v -5.013333333333e-01 0.000000000000e+00 3.520000000000e-01
v -4.800000000000e-01 0.000000000000e+00 3.520000000000e-01
v -4.586666666667e-01 0.000000000000e+00 3.946666666667e-01
v -4.800000000000e-01 0.000000000000e+00 3.946666666667e-01
v -5.866666666667e-01 0.000000000000e+00 4.160000000000e-01
v -5.226666666667e-01 0.000000000000e+00 3.733333333333e-01
v -5.653333333333e-01 0.000000000000e+00 4.373333333333e-01
v -5.440000000000e-01 0.000000000000e+00 4.373333333333e-01
v -5.226666666667e-01 0.000000000000e+00 4.373333333333e-01
v -5.866666666667e-01 0.000000000000e+00 4.373333333333e-01
v -5.226666666667e-01 0.000000000000e+00 4.160000000000e-01
v -5.440000000000e-01 0.000000000000e+00 4.160000000000e-01
v -5.440000000000e-01 0.000000000000e+00 3.733333333333e-01
v -5.653333333333e-01 0.000000000000e+00 4.160000000000e-01
v -5.440000000000e-01 0.000000000000e+00 3.520000000000e-01
v -5.226666666667e-01 0.000000000000e+00 3.520000000000e-01
v -5.226666666667e-01 0.000000000000e+00 3.946666666667e-01
v -5.440000000000e-01 0.000000000000e+00 3.946666666667e-01
v -5.653333333333e-01 0.000000000000e+00 3.946666666667e-01
v -5.653333333333e-01 0.000000000000e+00 3.733333333333e-01
v -6.506666666667e-01 0.000000000000e+00 4.160000000000e-01
v -6.293333333333e-01 0.000000000000e+00 4.800000000000e-01
v -5.866666666667e-01 0.000000000000e+00 3.946666666667e-01
v -6.080000000000e-01 0.000000000000e+00 3.946666666667e-01
v -6.293333333333e-01 0.000000000000e+00 4.160000000000e-01
v -6.506666666667e-01 0.000000000000e+00 4.373333333333e-01
v -6.293333333333e-01 0.000000000000e+00 4.586666666667e-01
v -6.080000000000e-01 0.000000000000e+00 4.586666666667e-01
v -6.293333333333e-01 0.000000000000e+00 4.373333333333e-01
v -6.080000000000e-01 0.000000000000e+00 3.733333333333e-01
v -5.866666666667e-01 0.000000000000e+00 3.733333333333e-01
v -6.080000000000e-01 0.000000000000e+00 4.373333333333e-01
v -6.506666666667e-01 0.000000000000e+00 4.800000000000e-01
v -6.293333333333e-01 0.000000000000e+00 3.946666666667e-01
v -6.080000000000e-01 0.000000000000e+00 4.160000000000e-01
v -6.506666666667e-01 0.000000000000e+00 4.586666666667e-01
v -5.866666666667e-01 0.000000000000e+00 3.093333333333e-01
v -6.293333333333e-01 0.000000000000e+00 2.880000000000e-01
v -5.653333333333e-01 0.000000000000e+00 2.880000000000e-01
v -6.293333333333e-01 0.000000000000e+00 2.453333333333e-01
v -6.080000000000e-01 0.000000000000e+00 2.880000000000e-01
v -6.080000000000e-01 0.000000000000e+00 2.453333333333e-01
v -5.866666666667e-01 0.000000000000e+00 2.880000000000e-01
v -5.653333333333e-01 0.000000000000e+00 2.453333333333e-01
v -5.866666666667e-01 0.000000000000e+00 2.453333333333e-01
v -6.293333333333e-01 0.000000000000e+00 3.093333333333e-01
v -6.080000000000e-01 0.000000000000e+00 3.093333333333e-01
v -5.653333333333e-01 0.000000000000e+00 2.666666666667e-01
v -5.866666666667e-01 0.000000000000e+00 2.666666666667e-01
v -6.080000000000e-01 0.000000000000e+00 2.666666666667e-01
v -6.293333333333e-01 0.000000000000e+00 2.666666666667e-01
v -6.506666666667e-01 0.000000000000e+00 3.520000000000e-01
v -6.506666666667e-01 0.000000000000e+00 3.306666666667e-01
v -5.866666666667e-01 0.000000000000e+00 3.520000000000e-01
v -5.653333333333e-01 0.000000000000e+00 3.520000000000e-01
v -5.440000000000e-01 0.000000000000e+00 3.306666666667e-01
v -5.866666666667e-01 0.000000000000e+00 3.306666666667e-01
v -5.653333333333e-01 0.000000000000e+00 3.306666666667e-01
v -6.080000000000e-01 0.000000000000e+00 3.306666666667e-01
v -6.293333333333e-01 0.000000000000e+00 3.306666666667e-01
v -6.293333333333e-01 0.000000000000e+00 3.733333333333e-01
v -6.506666666667e-01 0.000000000000e+00 3.733333333333e-01
v -5.440000000000e-01 0.000000000000e+00 3.093333333333e-01
v -6.293333333333e-01 0.000000000000e+00 3.520000000000e-01
v -6.080000000000e-01 0.000000000000e+00 3.520000000000e-01
v -5.653333333333e-01 0.000000000000e+00 3.093333333333e-01
v 7.466666666667e-02 0.000000000000e+00 -4.800000000000e-01
v 3.200000000000e-02 0.000000000000e+00 -4.800000000000e-01
v 5.333333333333e-02 0.000000000000e+00 -4.586666666667e-01
v 7.466666666667e-02 0.000000000000e+00 -4.586666666667e-01
v 3.200000000000e-02 0.000000000000e+00 -4.586666666667e-01
v 5.333333333333e-02 0.000000000000e+00 -4.373333333333e-01
v 3.200000000000e-02 0.000000000000e+00 -4.373333333333e-01
v 9.600000000000e-02 0.000000000000e+00 -4.800000000000e-01
v 3.200000000000e-02 0.000000000000e+00 -4.160000000000e-01
v 3.200000000000e-02 0.000000000000e+00 -5.013333333333e-01
v 5.333333333333e-02 0.000000000000e+00 -5.013333333333e-01
v 7.466666666667e-02 0.000000000000e+00 -5.013333333333e-01
v 9.600000000000e-02 0.000000000000e+00 -5.013333333333e-01
v 9.600000000000e-02 0.000000000000e+00 -5.226666666667e-01
v 5.333333333333e-02 0.000000000000e+00 -4.800000000000e-01
v -5.333333333333e-02 0.000000000000e+00 -4.160000000000e-01
v 1.066666666667e-02 0.000000000000e+00 -4.373333333333e-01
v -3.200000000000e-02 0.000000000000e+00 -4.160000000000e-01
v -1.066666666667e-02 0.000000000000e+00 -4.160000000000e-01
v -1.066666666667e-02 0.000000000000e+00 -3.733333333333e-01
v 1.066666666667e-02 0.000000000000e+00 -4.160000000000e-01
v -3.200000000000e-02 0.000000000000e+00 -3.946666666667e-01
v -9.600000000000e-02 0.000000000000e+00 -3.733333333333e-01
v 1.066666666667e-02 0.000000000000e+00 -3.946666666667e-01
v -1.066666666667e-02 0.000000000000e+00 -3.946666666667e-01
v -7.466666666667e-02 0.000000000000e+00 -3.733333333333e-01
v -5.333333333333e-02 0.000000000000e+00 -3.733333333333e-01
v -3.200000000000e-02 0.000000000000e+00 -3.733333333333e-01
v -7.466666666667e-02 0.000000000000e+00 -3.946666666667e-01
v -5.333333333333e-02 0.000000000000e+00 -3.946666666667e-01
v -1.066666666667e-02 0.000000000000e+00 -4.373333333333e-01
v -3.200000000000e-02 0.000000000000e+00 -4.373333333333e-01
v -5.333333333333e-02 0.000000000000e+00 -4.373333333333e-01
v -3.200000000000e-02 0.000000000000e+00 -5.013333333333e-01
v -1.066666666667e-02 0.000000000000e+00 -5.013333333333e-01
v 1.066666666667e-02 0.000000000000e+00 -5.013333333333e-01
v 1.066666666667e-02 0.000000000000e+00 -4.800000000000e-01
v -1.066666666667e-02 0.000000000000e+00 -4.586666666667e-01
v 1.066666666667e-02 0.000000000000e+00 -4.586666666667e-01
v -3.200000000000e-02 0.000000000000e+00 -4.586666666667e-01
v -5.333333333333e-02 0.000000000000e+00 -4.800000000000e-01
v -5.333333333333e-02 0.000000000000e+00 -4.586666666667e-01
v -1.066666666667e-02 0.000000000000e+00 -4.800000000000e-01
v -3.200000000000e-02 0.000000000000e+00 -4.800000000000e-01
v 1.066666666667e-02 0.000000000000e+00 -3.520000000000e-01
v 3.200000000000e-02 0.000000000000e+00 -3.946666666667e-01
v 5.333333333333e-02 0.000000000000e+00 -3.946666666667e-01
v 1.066666666667e-02 0.000000000000e+00 -3.733333333333e-01
v 3.200000000000e-02 0.000000000000e+00 -3.733333333333e-01
v 5.333333333333e-02 0.000000000000e+00 -3.733333333333e-01
v 3.200000000000e-02 0.000000000000e+00 -3.520000000000e-01
v 5.333333333333e-02 0.000000000000e+00 -3.520000000000e-01
v 5.333333333333e-02 0.000000000000e+00 -4.160000000000e-01
v 1.066666666667e-02 0.000000000000e+00 -3.306666666667e-01
v 3.200000000000e-02 0.000000000000e+00 -3.306666666667e-01
v 5.333333333333e-02 0.000000000000e+00 -3.306666666667e-01
v 1.066666666667e-02 0.000000000000e+00 -3.093333333333e-01
v 3.200000000000e-02 0.000000000000e+00 -3.093333333333e-01
v 1.813333333333e-01 0.000000000000e+00 -4.800000000000e-01
v 1.813333333333e-01 0.000000000000e+00 -5.013333333333e-01
v 1.386666666667e-01 0.000000000000e+00 -5.013333333333e-01
v 1.600000000000e-01 0.000000000000e+00 -5.013333333333e-01
v 1.386666666667e-01 0.000000000000e+00 -4.800000000000e-01
v 1.813333333333e-01 0.000000000000e+00 -4.586666666667e-01
v 1.600000000000e-01 0.000000000000e+00 -4.586666666667e-01
v 1.386666666667e-01 0.000000000000e+00 -4.373333333333e-01
v 1.386666666667e-01 0.000000000000e+00 -4.160000000000e-01
v 1.600000000000e-01 0.000000000000e+00 -4.373333333333e-01
v 1.600000000000e-01 0.000000000000e+00 -4.800000000000e-01
v 1.386666666667e-01 0.000000000000e+00 -4.586666666667e-01
v 1.173333333333e-01 0.000000000000e+00 -4.586666666667e-01
v 1.173333333333e-01 0.000000000000e+00 -5.013333333333e-01
v 1.173333333333e-01 0.000000000000e+00 -4.800000000000e-01
v 7.466666666667e-02 0.000000000000e+00 -4.160000000000e-01
v 1.173333333333e-01 0.000000000000e+00 -3.733333333333e-01
v 9.600000000000e-02 0.000000000000e+00 -3.946666666667e-01
v 9.600000000000e-02 0.000000000000e+00 -3.733333333333e-01
v 1.173333333333e-01 0.000000000000e+00 -3.946666666667e-01
v 7.466666666667e-02 0.000000000000e+00 -4.373333333333e-01
v 7.466666666667e-02 0.000000000000e+00 -3.520000000000e-01
v 1.173333333333e-01 0.000000000000e+00 -4.373333333333e-01
v 9.600000000000e-02 0.000000000000e+00 -3.520000000000e-01
v 9.600000000000e-02 0.000000000000e+00 -4.373333333333e-01
v 7.466666666667e-02 0.000000000000e+00 -3.733333333333e-01
v 9.600000000000e-02 0.000000000000e+00 -4.160000000000e-01
v 1.173333333333e-01 0.000000000000e+00 -4.160000000000e-01
v 7.466666666667e-02 0.000000000000e+00 -3.946666666667e-01
v 9.600000000000e-02 0.000000000000e+00 -4.586666666667e-01
v -5.333333333333e-02 0.000000000000e+00 -3.093333333333e-01
v -5.333333333333e-02 0.000000000000e+00 -3.306666666667e-01
v -1.066666666667e-02 0.000000000000e+00 -3.520000000000e-01
v -9.600000000000e-02 0.000000000000e+00 -3.306666666667e-01
v -1.066666666667e-02 0.000000000000e+00 -3.306666666667e-01
v -7.466666666667e-02 0.000000000000e+00 -3.306666666667e-01
v -7.466666666667e-02 0.000000000000e+00 -2.880000000000e-01
v -5.333333333333e-02 0.000000000000e+00 -3.520000000000e-01
v -7.466666666667e-02 0.000000000000e+00 -3.093333333333e-01
v -3.200000000000e-02 0.000000000000e+00 -3.520000000000e-01
v -7.466666666667e-02 0.000000000000e+00 -3.520000000000e-01
v -3.200000000000e-02 0.000000000000e+00 -3.306666666667e-01
v -3.200000000000e-02 0.000000000000e+00 -3.093333333333e-01
v -9.600000000000e-02 0.000000000000e+00 -3.520000000000e-01
v -9.600000000000e-02 0.000000000000e+00 -3.093333333333e-01
v -1.813333333333e-01 0.000000000000e+00 -2.453333333333e-01
v -1.600000000000e-01 0.000000000000e+00 -2.453333333333e-01
v -1.813333333333e-01 0.000000000000e+00 -2.026666666667e-01
v -1.600000000000e-01 0.000000000000e+00 -2.026666666667e-01
v -2.026666666667e-01 0.000000000000e+00 -2.240000000000e-01
v -1.813333333333e-01 0.000000000000e+00 -2.240000000000e-01
v -1.600000000000e-01 0.000000000000e+00 -2.240000000000e-01
v -2.240000000000e-01 0.000000000000e+00 -2.240000000000e-01
v -2.240000000000e-01 0.000000000000e+00 -2.026666666667e-01
v -2.026666666667e-01 0.000000000000e+00 -2.026666666667e-01
v -1.600000000000e-01 0.000000000000e+00 -2.880000000000e-01
v -1.813333333333e-01 0.000000000000e+00 -2.666666666667e-01
v -1.600000000000e-01 0.000000000000e+00 -2.666666666667e-01
v -2.240000000000e-01 0.000000000000e+00 -2.453333333333e-01
v -2.026666666667e-01 0.000000000000e+00 -2.453333333333e-01
v -1.173333333333e-01 0.000000000000e+00 -2.880000000000e-01
v -1.386666666667e-01 0.000000000000e+00 -2.666666666667e-01
v -9.600000000000e-02 0.000000000000e+00 -2.666666666667e-01
v -1.173333333333e-01 0.000000000000e+00 -3.093333333333e-01
v -1.386666666667e-01 0.000000000000e+00 -3.093333333333e-01
v -1.173333333333e-01 0.000000000000e+00 -2.453333333333e-01
v -9.600000000000e-02 0.000000000000e+00 -2.453333333333e-01
v -1.173333333333e-01 0.000000000000e+00 -2.240000000000e-01
v -1.173333333333e-01 0.000000000000e+00 -2.666666666667e-01
v -1.386666666667e-01 0.000000000000e+00 -2.880000000000e-01
v -1.173333333333e-01 0.000000000000e+00 -3.306666666667e-01
v -9.600000000000e-02 0.000000000000e+00 -2.880000000000e-01
v -1.386666666667e-01 0.000000000000e+00 -2.240000000000e-01
v -1.173333333333e-01 0.000000000000e+00 -2.026666666667e-01
v -1.386666666667e-01 0.000000000000e+00 -2.026666666667e-01
v -1.386666666667e-01 0.000000000000e+00 -2.453333333333e-01
v -9.600000000000e-02 0.000000000000e+00 -2.240000000000e-01
v -7.466666666667e-02 0.000000000000e+00 -2.026666666667e-01
v -1.066666666667e-02 0.000000000000e+00 -3.093333333333e-01
v -5.333333333333e-02 0.000000000000e+00 -2.880000000000e-01
v -3.200000000000e-02 0.000000000000e+00 -2.880000000000e-01
v -5.333333333333e-02 0.000000000000e+00 -2.240000000000e-01
v -7.466666666667e-02 0.000000000000e+00 -2.666666666667e-01
v -3.200000000000e-02 0.000000000000e+00 -2.453333333333e-01
v -5.333333333333e-02 0.000000000000e+00 -2.453333333333e-01
v -7.466666666667e-02 0.000000000000e+00 -2.453333333333e-01
v -1.066666666667e-02 0.000000000000e+00 -2.880000000000e-01
v -5.333333333333e-02 0.000000000000e+00 -2.666666666667e-01
v -3.200000000000e-02 0.000000000000e+00 -2.666666666667e-01
v -9.600000000000e-02 0.000000000000e+00 -2.026666666667e-01
v -7.466666666667e-02 0.000000000000e+00 -2.240000000000e-01
v 1.066666666667e-02 0.000000000000e+00 -2.240000000000e-01
v 1.066666666667e-02 0.000000000000e+00 -2.880000000000e-01
v -3.200000000000e-02 0.000000000000e+00 -2.240000000000e-01
v -1.066666666667e-02 0.000000000000e+00 -2.240000000000e-01
v -3.200000000000e-02 0.000000000000e+00 -2.026666666667e-01
v 3.200000000000e-02 0.000000000000e+00 -2.453333333333e-01
v -1.066666666667e-02 0.000000000000e+00 -2.666666666667e-01
v 1.066666666667e-02 0.000000000000e+00 -2.666666666667e-01
v 1.066666666667e-02 0.000000000000e+00 -2.453333333333e-01
v -1.066666666667e-02 0.000000000000e+00 -2.453333333333e-01
v 3.200000000000e-02 0.000000000000e+00 -2.240000000000e-01
v -5.333333333333e-02 0.000000000000e+00 -2.026666666667e-01
v 3.200000000000e-02 0.000000000000e+00 -2.880000000000e-01
v 3.200000000000e-02 0.000000000000e+00 -2.666666666667e-01
v 9.600000000000e-02 0.000000000000e+00 -3.306666666667e-01
v 5.333333333333e-02 0.000000000000e+00 -2.453333333333e-01
v 7.466666666667e-02 0.000000000000e+00 -2.453333333333e-01
v 9.600000000000e-02 0.000000000000e+00 -2.880000000000e-01
v 7.466666666667e-02 0.000000000000e+00 -2.880000000000e-01
v 9.600000000000e-02 0.000000000000e+00 -3.093333333333e-01
v 7.466666666667e-02 0.000000000000e+00 -3.093333333333e-01
v 5.333333333333e-02 0.000000000000e+00 -2.666666666667e-01
v 7.466666666667e-02 0.000000000000e+00 -2.666666666667e-01
v 9.600000000000e-02 0.000000000000e+00 -2.666666666667e-01
v 5.333333333333e-02 0.000000000000e+00 -3.093333333333e-01
v 5.333333333333e-02 0.000000000000e+00 -2.880000000000e-01
v 5.333333333333e-02 0.000000000000e+00 -2.240000000000e-01
v 7.466666666667e-02 0.000000000000e+00 -2.240000000000e-01
v 7.466666666667e-02 0.000000000000e+00 -3.306666666667e-01
v -3.093333333333e-01 0.000000000000e+00 -5.013333333333e-01
v -3.306666666667e-01 0.000000000000e+00 -5.013333333333e-01
v -3.306666666667e-01 0.000000000000e+00 -4.586666666667e-01
v -2.880000000000e-01 0.000000000000e+00 -5.440000000000e-01
v -2.666666666667e-01 0.000000000000e+00 -5.440000000000e-01
v -3.093333333333e-01 0.000000000000e+00 -4.586666666667e-01
v -2.666666666667e-01 0.000000000000e+00 -5.013333333333e-01
v -2.880000000000e-01 0.000000000000e+00 -5.013333333333e-01
v -3.093333333333e-01 0.000000000000e+00 -5.226666666667e-01
v -2.880000000000e-01 0.000000000000e+00 -5.226666666667e-01
v -2.666666666667e-01 0.000000000000e+00 -5.226666666667e-01
v -2.880000000000e-01 0.000000000000e+00 -4.800000000000e-01
v -3.093333333333e-01 0.000000000000e+00 -4.800000000000e-01
v -3.306666666667e-01 0.000000000000e+00 -4.800000000000e-01
v -3.306666666667e-01 0.000000000000e+00 -4.373333333333e-01
v -2.453333333333e-01 0.000000000000e+00 -4.373333333333e-01
v -2.453333333333e-01 0.000000000000e+00 -3.946666666667e-01
v -2.240000000000e-01 0.000000000000e+00 -4.373333333333e-01
v -2.240000000000e-01 0.000000000000e+00 -4.160000000000e-01
v -2.453333333333e-01 0.000000000000e+00 -4.160000000000e-01
v -2.666666666667e-01 0.000000000000e+00 -4.160000000000e-01
v -2.880000000000e-01 0.000000000000e+00 -4.160000000000e-01
v -3.093333333333e-01 0.000000000000e+00 -4.160000000000e-01
v -3.306666666667e-01 0.000000000000e+00 -4.160000000000e-01
v -3.093333333333e-01 0.000000000000e+00 -4.373333333333e-01
v -2.666666666667e-01 0.000000000000e+00 -4.800000000000e-01
v -2.880000000000e-01 0.000000000000e+00 -4.586666666667e-01
v -2.666666666667e-01 0.000000000000e+00 -4.586666666667e-01
v -2.880000000000e-01 0.000000000000e+00 -4.373333333333e-01
v -2.666666666667e-01 0.000000000000e+00 -4.373333333333e-01
v -1.813333333333e-01 0.000000000000e+00 -5.013333333333e-01
v -2.026666666667e-01 0.000000000000e+00 -5.226666666667e-01
v -1.813333333333e-01 0.000000000000e+00 -5.226666666667e-01
v -2.026666666667e-01 0.000000000000e+00 -4.586666666667e-01
v -2.453333333333e-01 0.000000000000e+00 -4.586666666667e-01
v -1.600000000000e-01 0.000000000000e+00 -5.226666666667e-01
v -2.240000000000e-01 0.000000000000e+00 -5.226666666667e-01
v -2.453333333333e-01 0.000000000000e+00 -4.800000000000e-01
v -2.026666666667e-01 0.000000000000e+00 -5.013333333333e-01
v -2.240000000000e-01 0.000000000000e+00 -4.800000000000e-01
v -2.240000000000e-01 0.000000000000e+00 -5.013333333333e-01
v -2.240000000000e-01 0.000000000000e+00 -4.586666666667e-01
v -2.453333333333e-01 0.000000000000e+00 -5.013333333333e-01
v -2.026666666667e-01 0.000000000000e+00 -4.800000000000e-01
v -1.813333333333e-01 0.000000000000e+00 -4.800000000000e-01
v -2.026666666667e-01 0.000000000000e+00 -4.160000000000e-01
v -1.600000000000e-01 0.000000000000e+00 -4.373333333333e-01
v -2.026666666667e-01 0.000000000000e+00 -4.373333333333e-01
v -1.813333333333e-01 0.000000000000e+00 -4.373333333333e-01
v -1.813333333333e-01 0.000000000000e+00 -4.160000000000e-01
v -2.026666666667e-01 0.000000000000e+00 -3.733333333333e-01
v -1.600000000000e-01 0.000000000000e+00 -4.160000000000e-01
v -2.240000000000e-01 0.000000000000e+00 -3.733333333333e-01
v -1.813333333333e-01 0.000000000000e+00 -3.733333333333e-01
v -1.600000000000e-01 0.000000000000e+00 -3.733333333333e-01
v -1.813333333333e-01 0.000000000000e+00 -4.586666666667e-01
v -2.240000000000e-01 0.000000000000e+00 -3.946666666667e-01
v -2.026666666667e-01 0.000000000000e+00 -3.946666666667e-01
v -1.813333333333e-01 0.000000000000e+00 -3.946666666667e-01
v -1.600000000000e-01 0.000000000000e+00 -3.946666666667e-01
v -7.466666666667e-02 0.000000000000e+00 -4.586666666667e-01
v -9.600000000000e-02 0.000000000000e+00 -3.946666666667e-01
v -1.386666666667e-01 0.000000000000e+00 -3.946666666667e-01
v -9.600000000000e-02 0.000000000000e+00 -4.373333333333e-01
v -1.173333333333e-01 0.000000000000e+00 -4.373333333333e-01
v -7.466666666667e-02 0.000000000000e+00 -4.373333333333e-01
v -1.386666666667e-01 0.000000000000e+00 -4.373333333333e-01
v -1.173333333333e-01 0.000000000000e+00 -3.733333333333e-01
v -1.173333333333e-01 0.000000000000e+00 -3.946666666667e-01
v -1.173333333333e-01 0.000000000000e+00 -4.160000000000e-01
v -1.386666666667e-01 0.000000000000e+00 -4.160000000000e-01
v -7.466666666667e-02 0.000000000000e+00 -4.160000000000e-01
v -1.386666666667e-01 0.000000000000e+00 -3.733333333333e-01
v -9.600000000000e-02 0.000000000000e+00 -4.160000000000e-01
v -9.600000000000e-02 0.000000000000e+00 -5.013333333333e-01
v -1.173333333333e-01 0.000000000000e+00 -5.013333333333e-01
v -1.386666666667e-01 0.000000000000e+00 -5.013333333333e-01
v -1.600000000000e-01 0.000000000000e+00 -5.013333333333e-01
v -1.386666666667e-01 0.000000000000e+00 -4.586666666667e-01
v -1.173333333333e-01 0.000000000000e+00 -5.226666666667e-01
v -9.600000000000e-02 0.000000000000e+00 -4.586666666667e-01
v -9.600000000000e-02 0.000000000000e+00 -4.800000000000e-01
v -1.386666666667e-01 0.000000000000e+00 -5.226666666667e-01
v -1.173333333333e-01 0.000000000000e+00 -4.800000000000e-01
v -1.386666666667e-01 0.000000000000e+00 -4.800000000000e-01
v -1.600000000000e-01 0.000000000000e+00 -4.800000000000e-01
v -1.600000000000e-01 0.000000000000e+00 -4.586666666667e-01
v -7.466666666667e-02 0.000000000000e+00 -4.800000000000e-01
v -1.173333333333e-01 0.000000000000e+00 -4.586666666667e-01
v -2.880000000000e-01 0.000000000000e+00 -2.666666666667e-01
v -2.666666666667e-01 0.000000000000e+00 -2.240000000000e-01
v -2.453333333333e-01 0.000000000000e+00 -2.026666666667e-01
v -2.666666666667e-01 0.000000000000e+00 -2.026666666667e-01
v -2.880000000000e-01 0.000000000000e+00 -2.026666666667e-01
v -3.093333333333e-01 0.000000000000e+00 -2.026666666667e-01
v -2.453333333333e-01 0.000000000000e+00 -2.240000000000e-01
v -2.880000000000e-01 0.000000000000e+00 -2.240000000000e-01
v -3.093333333333e-01 0.000000000000e+00 -2.240000000000e-01
v -2.453333333333e-01 0.000000000000e+00 -2.453333333333e-01
v -2.666666666667e-01 0.000000000000e+00 -2.453333333333e-01
v -2.880000000000e-01 0.000000000000e+00 -2.453333333333e-01
v -3.093333333333e-01 0.000000000000e+00 -2.453333333333e-01
v -2.453333333333e-01 0.000000000000e+00 -2.666666666667e-01
v -2.666666666667e-01 0.000000000000e+00 -2.666666666667e-01
v -2.240000000000e-01 0.000000000000e+00 -2.666666666667e-01
v -1.813333333333e-01 0.000000000000e+00 -2.880000000000e-01
v -2.026666666667e-01 0.000000000000e+00 -2.880000000000e-01
v -2.240000000000e-01 0.000000000000e+00 -2.880000000000e-01
v -1.813333333333e-01 0.000000000000e+00 -3.093333333333e-01
v -2.026666666667e-01 0.000000000000e+00 -3.093333333333e-01
v -1.813333333333e-01 0.000000000000e+00 -3.520000000000e-01
v -1.600000000000e-01 0.000000000000e+00 -3.520000000000e-01
v -1.600000000000e-01 0.000000000000e+00 -3.093333333333e-01
v -2.026666666667e-01 0.000000000000e+00 -2.666666666667e-01
v -1.600000000000e-01 0.000000000000e+00 -3.306666666667e-01
v -1.813333333333e-01 0.000000000000e+00 -3.306666666667e-01
v -1.386666666667e-01 0.000000000000e+00 -3.306666666667e-01
v -1.173333333333e-01 0.000000000000e+00 -3.520000000000e-01
v -1.386666666667e-01 0.000000000000e+00 -3.520000000000e-01
v -2.453333333333e-01 0.000000000000e+00 -3.093333333333e-01
v -2.880000000000e-01 0.000000000000e+00 -3.306666666667e-01
v -2.666666666667e-01 0.000000000000e+00 -3.093333333333e-01
v -2.453333333333e-01 0.000000000000e+00 -2.880000000000e-01
v -2.240000000000e-01 0.000000000000e+00 -3.093333333333e-01
v -2.453333333333e-01 0.000000000000e+00 -3.733333333333e-01
v -2.026666666667e-01 0.000000000000e+00 -3.520000000000e-01
v -2.453333333333e-01 0.000000000000e+00 -3.306666666667e-01
v -2.666666666667e-01 0.000000000000e+00 -3.520000000000e-01
v -2.240000000000e-01 0.000000000000e+00 -3.520000000000e-01
v -2.453333333333e-01 0.000000000000e+00 -3.520000000000e-01
v -2.666666666667e-01 0.000000000000e+00 -2.880000000000e-01
v -2.026666666667e-01 0.000000000000e+00 -3.306666666667e-01
v -2.240000000000e-01 0.000000000000e+00 -3.306666666667e-01
v -2.666666666667e-01 0.000000000000e+00 -3.306666666667e-01
v -3.520000000000e-01 0.000000000000e+00 -1.600000000000e-01
v -3.733333333333e-01 0.000000000000e+00 -1.386666666667e-01
v -3.306666666667e-01 0.000000000000e+00 -2.453333333333e-01
v -3.733333333333e-01 0.000000000000e+00 -2.240000000000e-01
v -3.520000000000e-01 0.000000000000e+00 -2.453333333333e-01
v -3.520000000000e-01 0.000000000000e+00 -2.240000000000e-01
v -3.306666666667e-01 0.000000000000e+00 -2.240000000000e-01
v -3.733333333333e-01 0.000000000000e+00 -2.026666666667e-01
v -3.520000000000e-01 0.000000000000e+00 -2.026666666667e-01
v -3.306666666667e-01 0.000000000000e+00 -2.026666666667e-01
v -3.733333333333e-01 0.000000000000e+00 -1.813333333333e-01
v -3.733333333333e-01 0.000000000000e+00 -2.453333333333e-01
v -3.520000000000e-01 0.000000000000e+00 -1.813333333333e-01
v -3.306666666667e-01 0.000000000000e+00 -1.813333333333e-01
v -3.733333333333e-01 0.000000000000e+00 -1.600000000000e-01
v -3.520000000000e-01 0.000000000000e+00 -3.093333333333e-01
v -3.306666666667e-01 0.000000000000e+00 -2.666666666667e-01
v -2.880000000000e-01 0.000000000000e+00 -3.093333333333e-01
v -3.520000000000e-01 0.000000000000e+00 -2.666666666667e-01
v -3.093333333333e-01 0.000000000000e+00 -2.666666666667e-01
v -3.733333333333e-01 0.000000000000e+00 -2.880000000000e-01
v -3.733333333333e-01 0.000000000000e+00 -2.666666666667e-01
v -3.093333333333e-01 0.000000000000e+00 -3.093333333333e-01
v -3.306666666667e-01 0.000000000000e+00 -3.093333333333e-01
v -2.880000000000e-01 0.000000000000e+00 -2.880000000000e-01
v -3.733333333333e-01 0.000000000000e+00 -3.093333333333e-01
v -3.093333333333e-01 0.000000000000e+00 -2.880000000000e-01
v -3.306666666667e-01 0.000000000000e+00 -2.880000000000e-01
v -3.520000000000e-01 0.000000000000e+00 -2.880000000000e-01
v -3.093333333333e-01 0.000000000000e+00 -3.306666666667e-01
v -2.880000000000e-01 0.000000000000e+00 -3.733333333333e-01
v -3.306666666667e-01 0.000000000000e+00 -3.733333333333e-01
v -3.093333333333e-01 0.000000000000e+00 -3.733333333333e-01
v -2.880000000000e-01 0.000000000000e+00 -3.520000000000e-01
v -2.880000000000e-01 0.000000000000e+00 -3.946666666667e-01
v -3.093333333333e-01 0.000000000000e+00 -3.520000000000e-01
v -2.666666666667e-01 0.000000000000e+00 -3.733333333333e-01
v -3.520000000000e-01 0.000000000000e+00 -3.306666666667e-01
v -3.306666666667e-01 0.000000000000e+00 -3.520000000000e-01
v -3.520000000000e-01 0.000000000000e+00 -3.520000000000e-01
v -3.306666666667e-01 0.000000000000e+00 -3.946666666667e-01
v -3.093333333333e-01 0.000000000000e+00 -3.946666666667e-01
v -3.733333333333e-01 0.000000000000e+00 -3.306666666667e-01
v -2.666666666667e-01 0.000000000000e+00 -3.946666666667e-01
v -3.306666666667e-01 0.000000000000e+00 -3.306666666667e-01
v 1.066666666667e-02 0.000000000000e+00 -6.293333333333e-01
v 9.600000000000e-02 0.000000000000e+00 -6.933333333333e-01
v 3.200000000000e-02 0.000000000000e+00 -6.933333333333e-01
v 7.466666666667e-02 0.000000000000e+00 -6.933333333333e-01
v 5.333333333333e-02 0.000000000000e+00 -6.506666666667e-01
v -1.066666666667e-02 0.000000000000e+00 -6.293333333333e-01
v 3.200000000000e-02 0.000000000000e+00 -6.506666666667e-01
v 1.066666666667e-02 0.000000000000e+00 -6.506666666667e-01
v 5.333333333333e-02 0.000000000000e+00 -6.933333333333e-01
v 5.333333333333e-02 0.000000000000e+00 -6.720000000000e-01
v 3.200000000000e-02 0.000000000000e+00 -6.720000000000e-01
v 1.066666666667e-02 0.000000000000e+00 -6.720000000000e-01
v -1.066666666667e-02 0.000000000000e+00 -6.506666666667e-01
v 7.466666666667e-02 0.000000000000e+00 -6.720000000000e-01
v -1.066666666667e-02 0.000000000000e+00 -6.080000000000e-01
v 9.600000000000e-02 0.000000000000e+00 -7.360000000000e-01
v 7.466666666667e-02 0.000000000000e+00 -7.360000000000e-01
v 5.333333333333e-02 0.000000000000e+00 -7.360000000000e-01
v 7.466666666667e-02 0.000000000000e+00 -7.573333333333e-01
v 9.600000000000e-02 0.000000000000e+00 -7.573333333333e-01
v 5.333333333333e-02 0.000000000000e+00 -7.573333333333e-01
v 9.600000000000e-02 0.000000000000e+00 -7.146666666667e-01
v 7.466666666667e-02 0.000000000000e+00 -7.786666666667e-01
v 3.200000000000e-02 0.000000000000e+00 -7.146666666667e-01
v 5.333333333333e-02 0.000000000000e+00 -7.146666666667e-01
v 7.466666666667e-02 0.000000000000e+00 -7.146666666667e-01
v 3.200000000000e-02 0.000000000000e+00 -7.360000000000e-01
v 9.600000000000e-02 0.000000000000e+00 -7.786666666667e-01
v 7.466666666667e-02 0.000000000000e+00 -8.000000000000e-01
v 9.600000000000e-02 0.000000000000e+00 -8.000000000000e-01
v 1.173333333333e-01 0.000000000000e+00 -7.360000000000e-01
v 1.173333333333e-01 0.000000000000e+00 -7.573333333333e-01
v 1.386666666667e-01 0.000000000000e+00 -7.573333333333e-01
v 1.386666666667e-01 0.000000000000e+00 -7.146666666667e-01
v 1.173333333333e-01 0.000000000000e+00 -7.146666666667e-01
v 1.386666666667e-01 0.000000000000e+00 -7.360000000000e-01
v 1.386666666667e-01 0.000000000000e+00 -7.786666666667e-01
v 1.600000000000e-01 0.000000000000e+00 -7.573333333333e-01
v 1.173333333333e-01 0.000000000000e+00 -7.786666666667e-01
v 1.813333333333e-01 0.000000000000e+00 -8.000000000000e-01
v 1.600000000000e-01 0.000000000000e+00 -8.000000000000e-01
v 1.386666666667e-01 0.000000000000e+00 -8.000000000000e-01
v 1.173333333333e-01 0.000000000000e+00 -8.000000000000e-01
v 1.600000000000e-01 0.000000000000e+00 -7.786666666667e-01
v 9.600000000000e-02 0.000000000000e+00 -6.080000000000e-01
v 1.173333333333e-01 0.000000000000e+00 -6.080000000000e-01
v 1.173333333333e-01 0.000000000000e+00 -6.933333333333e-01
v 9.600000000000e-02 0.000000000000e+00 -6.720000000000e-01
v 1.173333333333e-01 0.000000000000e+00 -6.720000000000e-01
v 1.386666666667e-01 0.000000000000e+00 -6.720000000000e-01
v 7.466666666667e-02 0.000000000000e+00 -6.506666666667e-01
v 9.600000000000e-02 0.000000000000e+00 -6.506666666667e-01
v 1.173333333333e-01 0.000000000000e+00 -6.506666666667e-01
v 1.386666666667e-01 0.000000000000e+00 -6.506666666667e-01
v 7.466666666667e-02 0.000000000000e+00 -6.080000000000e-01
v 7.466666666667e-02 0.000000000000e+00 -6.293333333333e-01
v 9.600000000000e-02 0.000000000000e+00 -6.293333333333e-01
v 1.173333333333e-01 0.000000000000e+00 -6.293333333333e-01
v 1.386666666667e-01 0.000000000000e+00 -6.293333333333e-01
v 1.386666666667e-01 0.000000000000e+00 -6.933333333333e-01
v 1.066666666667e-02 0.000000000000e+00 -5.653333333333e-01
v -1.066666666667e-02 0.000000000000e+00 -5.653333333333e-01
v 1.066666666667e-02 0.000000000000e+00 -5.440000000000e-01
v -1.066666666667e-02 0.000000000000e+00 -5.440000000000e-01
v 5.333333333333e-02 0.000000000000e+00 -6.293333333333e-01
v 1.066666666667e-02 0.000000000000e+00 -5.866666666667e-01
v 3.200000000000e-02 0.000000000000e+00 -6.293333333333e-01
v 3.200000000000e-02 0.000000000000e+00 -5.866666666667e-01
v 3.200000000000e-02 0.000000000000e+00 -6.080000000000e-01
v 5.333333333333e-02 0.000000000000e+00 -6.080000000000e-01
v 1.066666666667e-02 0.000000000000e+00 -5.226666666667e-01
v -1.066666666667e-02 0.000000000000e+00 -5.226666666667e-01
v -1.066666666667e-02 0.000000000000e+00 -5.866666666667e-01
v 1.066666666667e-02 0.000000000000e+00 -6.080000000000e-01
v 3.200000000000e-02 0.000000000000e+00 -5.226666666667e-01
v 9.600000000000e-02 0.000000000000e+00 -5.440000000000e-01
v 3.200000000000e-02 0.000000000000e+00 -5.653333333333e-01
v 5.333333333333e-02 0.000000000000e+00 -5.440000000000e-01
v 3.200000000000e-02 0.000000000000e+00 -5.440000000000e-01
v 9.600000000000e-02 0.000000000000e+00 -5.866666666667e-01
v 7.466666666667e-02 0.000000000000e+00 -5.866666666667e-01
v 5.333333333333e-02 0.000000000000e+00 -5.866666666667e-01
v 7.466666666667e-02 0.000000000000e+00 -5.440000000000e-01
v 5.333333333333e-02 0.000000000000e+00 -5.653333333333e-01
v 7.466666666667e-02 0.000000000000e+00 -5.226666666667e-01
v 9.600000000000e-02 0.000000000000e+00 -5.653333333333e-01
v 7.466666666667e-02 0.000000000000e+00 -5.653333333333e-01
v 5.333333333333e-02 0.000000000000e+00 -5.226666666667e-01
v 2.453333333333e-01 0.000000000000e+00 -6.933333333333e-01
v 2.666666666667e-01 0.000000000000e+00 -6.933333333333e-01
v 2.666666666667e-01 0.000000000000e+00 -6.506666666667e-01
v 2.453333333333e-01 0.000000000000e+00 -6.293333333333e-01
v 2.240000000000e-01 0.000000000000e+00 -6.720000000000e-01
v 2.666666666667e-01 0.000000000000e+00 -6.293333333333e-01
v 2.453333333333e-01 0.000000000000e+00 -6.080000000000e-01
v 2.240000000000e-01 0.000000000000e+00 -6.293333333333e-01
v 2.240000000000e-01 0.000000000000e+00 -6.080000000000e-01
v 2.453333333333e-01 0.000000000000e+00 -6.720000000000e-01
v 2.666666666667e-01 0.000000000000e+00 -6.720000000000e-01
v 2.026666666667e-01 0.000000000000e+00 -6.080000000000e-01
v 2.026666666667e-01 0.000000000000e+00 -6.293333333333e-01
v 2.026666666667e-01 0.000000000000e+00 -6.506666666667e-01
v 2.240000000000e-01 0.000000000000e+00 -6.506666666667e-01
v 2.453333333333e-01 0.000000000000e+00 -6.506666666667e-01
v 1.600000000000e-01 0.000000000000e+00 -5.440000000000e-01
v 2.453333333333e-01 0.000000000000e+00 -5.866666666667e-01
v 2.240000000000e-01 0.000000000000e+00 -5.866666666667e-01
v 2.026666666667e-01 0.000000000000e+00 -5.866666666667e-01
v 1.813333333333e-01 0.000000000000e+00 -5.440000000000e-01
v 2.240000000000e-01 0.000000000000e+00 -5.440000000000e-01
v 2.026666666667e-01 0.000000000000e+00 -5.226666666667e-01
v 1.813333333333e-01 0.000000000000e+00 -5.653333333333e-01
v 2.026666666667e-01 0.000000000000e+00 -5.440000000000e-01
v 1.386666666667e-01 0.000000000000e+00 -5.226666666667e-01
v 1.600000000000e-01 0.000000000000e+00 -5.226666666667e-01
v 1.813333333333e-01 0.000000000000e+00 -5.226666666667e-01
v 2.240000000000e-01 0.000000000000e+00 -5.653333333333e-01
v 2.026666666667e-01 0.000000000000e+00 -5.653333333333e-01
v 2.453333333333e-01 0.000000000000e+00 -5.653333333333e-01
v 1.813333333333e-01 0.000000000000e+00 -6.293333333333e-01
v 1.600000000000e-01 0.000000000000e+00 -6.293333333333e-01
v 1.173333333333e-01 0.000000000000e+00 -5.226666666667e-01
v 1.386666666667e-01 0.000000000000e+00 -5.440000000000e-01
v 1.173333333333e-01 0.000000000000e+00 -5.440000000000e-01
v 1.600000000000e-01 0.000000000000e+00 -5.653333333333e-01
v 1.386666666667e-01 0.000000000000e+00 -5.653333333333e-01
v 1.173333333333e-01 0.000000000000e+00 -5.653333333333e-01
v 1.813333333333e-01 0.000000000000e+00 -5.866666666667e-01
v 1.600000000000e-01 0.000000000000e+00 -5.866666666667e-01
v 1.386666666667e-01 0.000000000000e+00 -5.866666666667e-01
v 1.173333333333e-01 0.000000000000e+00 -5.866666666667e-01
v 1.813333333333e-01 0.000000000000e+00 -6.080000000000e-01
v 1.600000000000e-01 0.000000000000e+00 -6.080000000000e-01
v 1.386666666667e-01 0.000000000000e+00 -6.080000000000e-01
v 2.666666666667e-01 0.000000000000e+00 -7.573333333333e-01
v 2.880000000000e-01 0.000000000000e+00 -7.360000000000e-01
v 2.880000000000e-01 0.000000000000e+00 -7.573333333333e-01
v 2.880000000000e-01 0.000000000000e+00 -7.146666666667e-01
v 2.666666666667e-01 0.000000000000e+00 -7.146666666667e-01
v 2.880000000000e-01 0.000000000000e+00 -8.000000000000e-01
v 3.093333333333e-01 0.000000000000e+00 -8.000000000000e-01
v 2.666666666667e-01 0.000000000000e+00 -7.786666666667e-01
v 2.880000000000e-01 0.000000000000e+00 -7.786666666667e-01
v 2.453333333333e-01 0.000000000000e+00 -7.573333333333e-01
v 3.093333333333e-01 0.000000000000e+00 -7.786666666667e-01
v 3.093333333333e-01 0.000000000000e+00 -7.573333333333e-01
v 3.093333333333e-01 0.000000000000e+00 -7.360000000000e-01
v 2.666666666667e-01 0.000000000000e+00 -7.360000000000e-01
v 2.026666666667e-01 0.000000000000e+00 -7.360000000000e-01
v 2.453333333333e-01 0.000000000000e+00 -7.786666666667e-01
v 2.026666666667e-01 0.000000000000e+00 -8.000000000000e-01
v 1.600000000000e-01 0.000000000000e+00 -7.146666666667e-01
v 2.026666666667e-01 0.000000000000e+00 -7.573333333333e-01
v 1.813333333333e-01 0.000000000000e+00 -7.573333333333e-01
v 1.600000000000e-01 0.000000000000e+00 -7.360000000000e-01
v 1.813333333333e-01 0.000000000000e+00 -7.360000000000e-01
v 2.240000000000e-01 0.000000000000e+00 -7.573333333333e-01
v 2.240000000000e-01 0.000000000000e+00 -8.000000000000e-01
v 2.453333333333e-01 0.000000000000e+00 -8.000000000000e-01
v 2.666666666667e-01 0.000000000000e+00 -8.000000000000e-01
v 1.813333333333e-01 0.000000000000e+00 -7.786666666667e-01
v 2.026666666667e-01 0.000000000000e+00 -7.786666666667e-01
v 2.240000000000e-01 0.000000000000e+00 -7.786666666667e-01
v 2.026666666667e-01 0.000000000000e+00 -6.720000000000e-01
v 2.240000000000e-01 0.000000000000e+00 -6.933333333333e-01
v 2.026666666667e-01 0.000000000000e+00 -7.146666666667e-01
v 1.813333333333e-01 0.000000000000e+00 -6.933333333333e-01
v 1.813333333333e-01 0.000000000000e+00 -7.146666666667e-01
v 2.240000000000e-01 0.000000000000e+00 -7.146666666667e-01
v 2.453333333333e-01 0.000000000000e+00 -7.146666666667e-01
v 1.600000000000e-01 0.000000000000e+00 -6.933333333333e-01
v 1.600000000000e-01 0.000000000000e+00 -6.720000000000e-01
v 1.813333333333e-01 0.000000000000e+00 -6.506666666667e-01
v 2.026666666667e-01 0.000000000000e+00 -6.933333333333e-01
v 1.813333333333e-01 0.000000000000e+00 -6.720000000000e-01
v 1.600000000000e-01 0.000000000000e+00 -6.506666666667e-01
v 2.453333333333e-01 0.000000000000e+00 -7.360000000000e-01
v 2.240000000000e-01 0.000000000000e+00 -7.360000000000e-01
v -1.813333333333e-01 0.000000000000e+00 -5.866666666667e-01
v -1.600000000000e-01 0.000000000000e+00 -5.653333333333e-01
v -2.026666666667e-01 0.000000000000e+00 -5.440000000000e-01
v -2.453333333333e-01 0.000000000000e+00 -5.226666666667e-01
v -1.813333333333e-01 0.000000000000e+00 -5.653333333333e-01
v -1.600000000000e-01 0.000000000000e+00 -5.440000000000e-01
v -2.240000000000e-01 0.000000000000e+00 -5.653333333333e-01
v -2.026666666667e-01 0.000000000000e+00 -5.653333333333e-01
v -2.240000000000e-01 0.000000000000e+00 -5.440000000000e-01
v -2.026666666667e-01 0.000000000000e+00 -5.866666666667e-01
v -2.453333333333e-01 0.000000000000e+00 -5.440000000000e-01
v -1.813333333333e-01 0.000000000000e+00 -6.080000000000e-01
v -1.600000000000e-01 0.000000000000e+00 -6.080000000000e-01
v -1.600000000000e-01 0.000000000000e+00 -5.866666666667e-01
v -1.813333333333e-01 0.000000000000e+00 -5.440000000000e-01
v -1.600000000000e-01 0.000000000000e+00 -6.720000000000e-01
v -1.813333333333e-01 0.000000000000e+00 -6.720000000000e-01
v -1.813333333333e-01 0.000000000000e+00 -6.506666666667e-01
v -2.026666666667e-01 0.000000000000e+00 -6.506666666667e-01
v -1.813333333333e-01 0.000000000000e+00 -6.933333333333e-01
v -1.600000000000e-01 0.000000000000e+00 -6.933333333333e-01
v -1.386666666667e-01 0.000000000000e+00 -6.933333333333e-01
v -1.386666666667e-01 0.000000000000e+00 -6.720000000000e-01
v -1.386666666667e-01 0.000000000000e+00 -6.506666666667e-01
v -1.600000000000e-01 0.000000000000e+00 -6.506666666667e-01
v -1.386666666667e-01 0.000000000000e+00 -6.293333333333e-01
v -2.026666666667e-01 0.000000000000e+00 -6.293333333333e-01
v -1.813333333333e-01 0.000000000000e+00 -6.293333333333e-01
v -1.600000000000e-01 0.000000000000e+00 -6.293333333333e-01
v -2.026666666667e-01 0.000000000000e+00 -6.720000000000e-01
v -2.240000000000e-01 0.000000000000e+00 -6.506666666667e-01
v -2.453333333333e-01 0.000000000000e+00 -5.653333333333e-01
v -2.666666666667e-01 0.000000000000e+00 -5.866666666667e-01
v -2.453333333333e-01 0.000000000000e+00 -5.866666666667e-01
v -2.666666666667e-01 0.000000000000e+00 -6.080000000000e-01
v -2.240000000000e-01 0.000000000000e+00 -6.293333333333e-01
v -2.240000000000e-01 0.000000000000e+00 -6.080000000000e-01
v -2.453333333333e-01 0.000000000000e+00 -6.080000000000e-01
v -2.240000000000e-01 0.000000000000e+00 -5.866666666667e-01
v -2.026666666667e-01 0.000000000000e+00 -6.080000000000e-01
v -2.666666666667e-01 0.000000000000e+00 -6.293333333333e-01
v -2.453333333333e-01 0.000000000000e+00 -6.293333333333e-01
v -2.453333333333e-01 0.000000000000e+00 -6.506666666667e-01
v -2.666666666667e-01 0.000000000000e+00 -5.653333333333e-01
v -1.600000000000e-01 0.000000000000e+00 -7.573333333333e-01
v -1.173333333333e-01 0.000000000000e+00 -8.000000000000e-01
v -1.813333333333e-01 0.000000000000e+00 -7.360000000000e-01
v -1.813333333333e-01 0.000000000000e+00 -7.146666666667e-01
v -1.386666666667e-01 0.000000000000e+00 -7.360000000000e-01
v -1.813333333333e-01 0.000000000000e+00 -7.573333333333e-01
v -1.600000000000e-01 0.000000000000e+00 -7.360000000000e-01
v -1.173333333333e-01 0.000000000000e+00 -7.786666666667e-01
v -1.386666666667e-01 0.000000000000e+00 -7.786666666667e-01
v -1.600000000000e-01 0.000000000000e+00 -7.786666666667e-01
v -1.386666666667e-01 0.000000000000e+00 -7.573333333333e-01
v -1.173333333333e-01 0.000000000000e+00 -7.573333333333e-01
v -1.600000000000e-01 0.000000000000e+00 -7.146666666667e-01
v -1.386666666667e-01 0.000000000000e+00 -7.146666666667e-01
v -1.386666666667e-01 0.000000000000e+00 -8.000000000000e-01
v -2.240000000000e-01 0.000000000000e+00 -7.573333333333e-01
v -2.026666666667e-01 0.000000000000e+00 -8.000000000000e-01
v -1.600000000000e-01 0.000000000000e+00 -8.000000000000e-01
v -2.026666666667e-01 0.000000000000e+00 -7.573333333333e-01
v -1.813333333333e-01 0.000000000000e+00 -8.000000000000e-01
v -2.453333333333e-01 0.000000000000e+00 -7.573333333333e-01
v -2.666666666667e-01 0.000000000000e+00 -7.573333333333e-01
v -1.813333333333e-01 0.000000000000e+00 -7.786666666667e-01
v -2.026666666667e-01 0.000000000000e+00 -7.786666666667e-01
v -2.240000000000e-01 0.000000000000e+00 -7.786666666667e-01
v -2.453333333333e-01 0.000000000000e+00 -7.786666666667e-01
v -2.666666666667e-01 0.000000000000e+00 -7.786666666667e-01
v -2.666666666667e-01 0.000000000000e+00 -8.000000000000e-01
v -2.453333333333e-01 0.000000000000e+00 -8.000000000000e-01
v -2.240000000000e-01 0.000000000000e+00 -8.000000000000e-01
v -2.666666666667e-01 0.000000000000e+00 -7.360000000000e-01
v -2.453333333333e-01 0.000000000000e+00 -7.360000000000e-01
v -2.240000000000e-01 0.000000000000e+00 -7.360000000000e-01
v -2.666666666667e-01 0.000000000000e+00 -7.146666666667e-01
v -2.026666666667e-01 0.000000000000e+00 -7.360000000000e-01
v -2.666666666667e-01 0.000000000000e+00 -6.933333333333e-01
v -2.453333333333e-01 0.000000000000e+00 -6.933333333333e-01
v -2.026666666667e-01 0.000000000000e+00 -6.933333333333e-01
v -2.026666666667e-01 0.000000000000e+00 -7.146666666667e-01
v -2.666666666667e-01 0.000000000000e+00 -6.720000000000e-01
v -2.240000000000e-01 0.000000000000e+00 -7.146666666667e-01
v -2.453333333333e-01 0.000000000000e+00 -7.146666666667e-01
v -2.453333333333e-01 0.000000000000e+00 -6.720000000000e-01
v -2.240000000000e-01 0.000000000000e+00 -6.720000000000e-01
v -2.240000000000e-01 0.000000000000e+00 -6.933333333333e-01
v -5.333333333333e-02 0.000000000000e+00 -7.573333333333e-01
v -5.333333333333e-02 0.000000000000e+00 -8.000000000000e-01
v -1.173333333333e-01 0.000000000000e+00 -6.933333333333e-01
v -9.600000000000e-02 0.000000000000e+00 -7.146666666667e-01
v -9.600000000000e-02 0.000000000000e+00 -8.000000000000e-01
v -7.466666666667e-02 0.000000000000e+00 -7.573333333333e-01
v -9.600000000000e-02 0.000000000000e+00 -7.573333333333e-01
v -5.333333333333e-02 0.000000000000e+00 -7.786666666667e-01
v -1.173333333333e-01 0.000000000000e+00 -7.360000000000e-01
v -1.173333333333e-01 0.000000000000e+00 -7.146666666667e-01
v -9.600000000000e-02 0.000000000000e+00 -7.786666666667e-01
v -9.600000000000e-02 0.000000000000e+00 -7.360000000000e-01
v -7.466666666667e-02 0.000000000000e+00 -7.360000000000e-01
v -7.466666666667e-02 0.000000000000e+00 -8.000000000000e-01
v -7.466666666667e-02 0.000000000000e+00 -7.786666666667e-01
v 5.333333333333e-02 0.000000000000e+00 -8.000000000000e-01
v 3.200000000000e-02 0.000000000000e+00 -8.000000000000e-01
v 1.066666666667e-02 0.000000000000e+00 -7.573333333333e-01
v 5.333333333333e-02 0.000000000000e+00 -7.786666666667e-01
v 3.200000000000e-02 0.000000000000e+00 -7.786666666667e-01
v 1.066666666667e-02 0.000000000000e+00 -7.786666666667e-01
v -1.066666666667e-02 0.000000000000e+00 -7.786666666667e-01
v -3.200000000000e-02 0.000000000000e+00 -7.786666666667e-01
v -3.200000000000e-02 0.000000000000e+00 -7.573333333333e-01
v -3.200000000000e-02 0.000000000000e+00 -8.000000000000e-01
v 3.200000000000e-02 0.000000000000e+00 -7.573333333333e-01
v 1.066666666667e-02 0.000000000000e+00 -8.000000000000e-01
v -1.066666666667e-02 0.000000000000e+00 -7.573333333333e-01
v -1.066666666667e-02 0.000000000000e+00 -8.000000000000e-01
v 1.066666666667e-02 0.000000000000e+00 -7.360000000000e-01
v 1.066666666667e-02 0.000000000000e+00 -7.146666666667e-01
v -3.200000000000e-02 0.000000000000e+00 -6.720000000000e-01
v -1.066666666667e-02 0.000000000000e+00 -6.720000000000e-01
v -3.200000000000e-02 0.000000000000e+00 -6.933333333333e-01
v -5.333333333333e-02 0.000000000000e+00 -7.360000000000e-01
v -3.200000000000e-02 0.000000000000e+00 -7.360000000000e-01
v -1.066666666667e-02 0.000000000000e+00 -7.360000000000e-01
v -1.066666666667e-02 0.000000000000e+00 -6.933333333333e-01
v -5.333333333333e-02 0.000000000000e+00 -6.933333333333e-01
v 1.066666666667e-02 0.000000000000e+00 -6.933333333333e-01
v -1.066666666667e-02 0.000000000000e+00 -7.146666666667e-01
v -3.200000000000e-02 0.000000000000e+00 -7.146666666667e-01
v -5.333333333333e-02 0.000000000000e+00 -7.146666666667e-01
v -7.466666666667e-02 0.000000000000e+00 -7.146666666667e-01
v -3.200000000000e-02 0.000000000000e+00 -5.653333333333e-01
v -3.200000000000e-02 0.000000000000e+00 -5.226666666667e-01
v -5.333333333333e-02 0.000000000000e+00 -5.226666666667e-01
v -3.200000000000e-02 0.000000000000e+00 -5.440000000000e-01
v -5.333333333333e-02 0.000000000000e+00 -5.653333333333e-01
v -7.466666666667e-02 0.000000000000e+00 -5.653333333333e-01
v -7.466666666667e-02 0.000000000000e+00 -5.013333333333e-01
v -5.333333333333e-02 0.000000000000e+00 -5.866666666667e-01
v -3.200000000000e-02 0.000000000000e+00 -5.866666666667e-01
v -7.466666666667e-02 0.000000000000e+00 -5.226666666667e-01
v -3.200000000000e-02 0.000000000000e+00 -6.080000000000e-01
v -5.333333333333e-02 0.000000000000e+00 -5.013333333333e-01
v -7.466666666667e-02 0.000000000000e+00 -5.440000000000e-01
v -9.600000000000e-02 0.000000000000e+00 -5.440000000000e-01
v -5.333333333333e-02 0.000000000000e+00 -5.440000000000e-01
v -9.600000000000e-02 0.000000000000e+00 -5.226666666667e-01
v -5.333333333333e-02 0.000000000000e+00 -6.506666666667e-01
v -3.200000000000e-02 0.000000000000e+00 -6.506666666667e-01
v -5.333333333333e-02 0.000000000000e+00 -6.080000000000e-01
v -5.333333333333e-02 0.000000000000e+00 -6.720000000000e-01
v -7.466666666667e-02 0.000000000000e+00 -6.720000000000e-01
v -9.600000000000e-02 0.000000000000e+00 -6.720000000000e-01
v -1.173333333333e-01 0.000000000000e+00 -6.720000000000e-01
v -7.466666666667e-02 0.000000000000e+00 -6.933333333333e-01
v -9.600000000000e-02 0.000000000000e+00 -6.933333333333e-01
v -1.173333333333e-01 0.000000000000e+00 -6.506666666667e-01
v -9.600000000000e-02 0.000000000000e+00 -6.506666666667e-01
v -7.466666666667e-02 0.000000000000e+00 -6.506666666667e-01
v -7.466666666667e-02 0.000000000000e+00 -6.293333333333e-01
v -5.333333333333e-02 0.000000000000e+00 -6.293333333333e-01
v -3.200000000000e-02 0.000000000000e+00 -6.293333333333e-01
v -1.386666666667e-01 0.000000000000e+00 -5.440000000000e-01
v -1.173333333333e-01 0.000000000000e+00 -6.080000000000e-01
v -9.600000000000e-02 0.000000000000e+00 -6.080000000000e-01
v -9.600000000000e-02 0.000000000000e+00 -5.653333333333e-01
v -7.466666666667e-02 0.000000000000e+00 -6.080000000000e-01
v -9.600000000000e-02 0.000000000000e+00 -6.293333333333e-01
v -1.386666666667e-01 0.000000000000e+00 -5.866666666667e-01
v -1.386666666667e-01 0.000000000000e+00 -6.080000000000e-01
v -1.173333333333e-01 0.000000000000e+00 -5.866666666667e-01
v -9.600000000000e-02 0.000000000000e+00 -5.866666666667e-01
v -7.466666666667e-02 0.000000000000e+00 -5.866666666667e-01
v -1.173333333333e-01 0.000000000000e+00 -5.653333333333e-01
v -1.386666666667e-01 0.000000000000e+00 -5.653333333333e-01
v -1.173333333333e-01 0.000000000000e+00 -6.293333333333e-01
v -1.173333333333e-01 0.000000000000e+00 -5.440000000000e-01
v -7.360000000000e-01 0.000000000000e+00 -3.306666666667e-01
v -7.146666666667e-01 0.000000000000e+00 -3.306666666667e-01
v -6.933333333333e-01 0.000000000000e+00 -3.306666666667e-01
v -7.360000000000e-01 0.000000000000e+00 -3.520000000000e-01
v -7.146666666667e-01 0.000000000000e+00 -3.520000000000e-01
v -6.933333333333e-01 0.000000000000e+00 -3.520000000000e-01
v -7.146666666667e-01 0.000000000000e+00 -3.733333333333e-01
v -7.146666666667e-01 0.000000000000e+00 -3.093333333333e-01
v -6.933333333333e-01 0.000000000000e+00 -3.093333333333e-01
v -7.360000000000e-01 0.000000000000e+00 -3.093333333333e-01
v -7.573333333333e-01 0.000000000000e+00 -3.306666666667e-01
v -7.573333333333e-01 0.000000000000e+00 -3.093333333333e-01
v -6.933333333333e-01 0.000000000000e+00 -3.733333333333e-01
v -7.360000000000e-01 0.000000000000e+00 -2.880000000000e-01
v -7.146666666667e-01 0.000000000000e+00 -2.880000000000e-01
v -7.146666666667e-01 0.000000000000e+00 -4.586666666667e-01
v -7.146666666667e-01 0.000000000000e+00 -4.160000000000e-01
v -7.360000000000e-01 0.000000000000e+00 -4.160000000000e-01
v -6.933333333333e-01 0.000000000000e+00 -4.160000000000e-01
v -6.933333333333e-01 0.000000000000e+00 -4.586666666667e-01
v -7.360000000000e-01 0.000000000000e+00 -3.733333333333e-01
v -7.360000000000e-01 0.000000000000e+00 -4.586666666667e-01
v -6.933333333333e-01 0.000000000000e+00 -3.946666666667e-01
v -7.146666666667e-01 0.000000000000e+00 -3.946666666667e-01
v -7.360000000000e-01 0.000000000000e+00 -3.946666666667e-01
v -7.573333333333e-01 0.000000000000e+00 -4.373333333333e-01
v -7.360000000000e-01 0.000000000000e+00 -4.373333333333e-01
v -7.146666666667e-01 0.000000000000e+00 -4.373333333333e-01
v -6.933333333333e-01 0.000000000000e+00 -4.373333333333e-01
v -7.573333333333e-01 0.000000000000e+00 -4.160000000000e-01
v -8.000000000000e-01 0.000000000000e+00 -3.520000000000e-01
v -7.786666666667e-01 0.000000000000e+00 -3.520000000000e-01
v -7.573333333333e-01 0.000000000000e+00 -3.520000000000e-01
v -7.573333333333e-01 0.000000000000e+00 -3.946666666667e-01
v -7.786666666667e-01 0.000000000000e+00 -3.946666666667e-01
v -8.000000000000e-01 0.000000000000e+00 -3.306666666667e-01
v -7.786666666667e-01 0.000000000000e+00 -3.733333333333e-01
v -7.573333333333e-01 0.000000000000e+00 -3.733333333333e-01
v -8.000000000000e-01 0.000000000000e+00 -3.946666666667e-01
v -8.000000000000e-01 0.000000000000e+00 -2.880000000000e-01
v -8.000000000000e-01 0.000000000000e+00 -3.093333333333e-01
v -7.786666666667e-01 0.000000000000e+00 -3.093333333333e-01
v -7.786666666667e-01 0.000000000000e+00 -3.306666666667e-01
v -7.786666666667e-01 0.000000000000e+00 -4.160000000000e-01
v -8.000000000000e-01 0.000000000000e+00 -3.733333333333e-01
v -6.293333333333e-01 0.000000000000e+00 -4.586666666667e-01
v -6.506666666667e-01 0.000000000000e+00 -4.586666666667e-01
v -6.720000000000e-01 0.000000000000e+00 -4.586666666667e-01
v -6.720000000000e-01 0.000000000000e+00 -4.160000000000e-01
v -6.506666666667e-01 0.000000000000e+00 -4.160000000000e-01
v -6.293333333333e-01 0.000000000000e+00 -4.800000000000e-01
v -6.506666666667e-01 0.000000000000e+00 -4.800000000000e-01
v -6.080000000000e-01 0.000000000000e+00 -4.800000000000e-01
v -6.720000000000e-01 0.000000000000e+00 -3.946666666667e-01
v -6.080000000000e-01 0.000000000000e+00 -5.013333333333e-01
v -6.293333333333e-01 0.000000000000e+00 -5.013333333333e-01
v -6.506666666667e-01 0.000000000000e+00 -4.373333333333e-01
v -6.293333333333e-01 0.000000000000e+00 -4.373333333333e-01
v -6.080000000000e-01 0.000000000000e+00 -4.586666666667e-01
v -6.720000000000e-01 0.000000000000e+00 -4.373333333333e-01
v -5.440000000000e-01 0.000000000000e+00 -4.800000000000e-01
v -5.653333333333e-01 0.000000000000e+00 -5.013333333333e-01
v -5.440000000000e-01 0.000000000000e+00 -5.013333333333e-01
v -5.866666666667e-01 0.000000000000e+00 -5.013333333333e-01
v -5.653333333333e-01 0.000000000000e+00 -4.373333333333e-01
v -5.226666666667e-01 0.000000000000e+00 -5.013333333333e-01
v -5.866666666667e-01 0.000000000000e+00 -4.373333333333e-01
v -5.866666666667e-01 0.000000000000e+00 -4.586666666667e-01
v -5.653333333333e-01 0.000000000000e+00 -4.586666666667e-01
v -5.866666666667e-01 0.000000000000e+00 -4.800000000000e-01
v -5.653333333333e-01 0.000000000000e+00 -4.800000000000e-01
v -6.293333333333e-01 0.000000000000e+00 -4.160000000000e-01
v -5.866666666667e-01 0.000000000000e+00 -4.160000000000e-01
v -6.080000000000e-01 0.000000000000e+00 -4.160000000000e-01
v -6.080000000000e-01 0.000000000000e+00 -4.373333333333e-01
v -6.293333333333e-01 0.000000000000e+00 -3.733333333333e-01
v -6.080000000000e-01 0.000000000000e+00 -3.733333333333e-01
v -5.866666666667e-01 0.000000000000e+00 -3.733333333333e-01
v -6.720000000000e-01 0.000000000000e+00 -3.520000000000e-01
v -6.506666666667e-01 0.000000000000e+00 -3.520000000000e-01
v -5.866666666667e-01 0.000000000000e+00 -3.946666666667e-01
v -6.080000000000e-01 0.000000000000e+00 -3.946666666667e-01
v -6.293333333333e-01 0.000000000000e+00 -3.946666666667e-01
v -6.506666666667e-01 0.000000000000e+00 -3.946666666667e-01
v -6.293333333333e-01 0.000000000000e+00 -3.520000000000e-01
v -6.080000000000e-01 0.000000000000e+00 -3.520000000000e-01
v -6.506666666667e-01 0.000000000000e+00 -3.306666666667e-01
v -6.720000000000e-01 0.000000000000e+00 -3.306666666667e-01
v -6.720000000000e-01 0.000000000000e+00 -3.733333333333e-01
v -6.506666666667e-01 0.000000000000e+00 -3.733333333333e-01
v -8.000000000000e-01 0.000000000000e+00 -9.600000000000e-02
v -7.786666666667e-01 0.000000000000e+00 -1.173333333333e-01
v -8.000000000000e-01 0.000000000000e+00 -1.173333333333e-01
v -7.786666666667e-01 0.000000000000e+00 -1.386666666667e-01
v -8.000000000000e-01 0.000000000000e+00 -7.466666666667e-02
v -7.786666666667e-01 0.000000000000e+00 -7.466666666667e-02
v -7.573333333333e-01 0.000000000000e+00 -1.600000000000e-01
v -7.786666666667e-01 0.000000000000e+00 -1.600000000000e-01
v -7.360000000000e-01 0.000000000000e+00 -1.813333333333e-01
v -8.000000000000e-01 0.000000000000e+00 -1.386666666667e-01
v -7.573333333333e-01 0.000000000000e+00 -1.813333333333e-01
v -7.573333333333e-01 0.000000000000e+00 -1.386666666667e-01
v -7.573333333333e-01 0.000000000000e+00 -1.173333333333e-01
v -7.573333333333e-01 0.000000000000e+00 -9.600000000000e-02
v -7.786666666667e-01 0.000000000000e+00 -9.600000000000e-02
v -7.146666666667e-01 0.000000000000e+00 -9.600000000000e-02
v -7.146666666667e-01 0.000000000000e+00 -1.600000000000e-01
v -6.933333333333e-01 0.000000000000e+00 -1.600000000000e-01
v -6.720000000000e-01 0.000000000000e+00 -1.600000000000e-01
v -6.720000000000e-01 0.000000000000e+00 -1.386666666667e-01
v -7.360000000000e-01 0.000000000000e+00 -1.173333333333e-01
v -7.360000000000e-01 0.000000000000e+00 -9.600000000000e-02
v -6.933333333333e-01 0.000000000000e+00 -1.386666666667e-01
v -7.146666666667e-01 0.000000000000e+00 -1.386666666667e-01
v -6.933333333333e-01 0.000000000000e+00 -1.813333333333e-01
v -7.146666666667e-01 0.000000000000e+00 -1.173333333333e-01
v -7.360000000000e-01 0.000000000000e+00 -1.600000000000e-01
v -6.933333333333e-01 0.000000000000e+00 -1.173333333333e-01
v -7.146666666667e-01 0.000000000000e+00 -1.813333333333e-01
v -7.360000000000e-01 0.000000000000e+00 -1.386666666667e-01
v -6.293333333333e-01 0.000000000000e+00 -2.026666666667e-01
v -6.506666666667e-01 0.000000000000e+00 -1.600000000000e-01
v -6.293333333333e-01 0.000000000000e+00 -2.453333333333e-01
v -6.720000000000e-01 0.000000000000e+00 -2.026666666667e-01
v -6.293333333333e-01 0.000000000000e+00 -1.813333333333e-01
v -6.933333333333e-01 0.000000000000e+00 -2.026666666667e-01
v -6.506666666667e-01 0.000000000000e+00 -2.026666666667e-01
v -6.506666666667e-01 0.000000000000e+00 -1.386666666667e-01
v -6.506666666667e-01 0.000000000000e+00 -1.813333333333e-01
v -6.293333333333e-01 0.000000000000e+00 -1.600000000000e-01
v -6.720000000000e-01 0.000000000000e+00 -1.813333333333e-01
v -6.720000000000e-01 0.000000000000e+00 -2.240000000000e-01
v -6.506666666667e-01 0.000000000000e+00 -2.240000000000e-01
v -6.293333333333e-01 0.000000000000e+00 -2.240000000000e-01
v -6.293333333333e-01 0.000000000000e+00 -1.386666666667e-01
v -6.506666666667e-01 0.000000000000e+00 -2.880000000000e-01
v -6.506666666667e-01 0.000000000000e+00 -2.453333333333e-01
v -6.720000000000e-01 0.000000000000e+00 -3.093333333333e-01
v -6.720000000000e-01 0.000000000000e+00 -2.453333333333e-01
v -6.506666666667e-01 0.000000000000e+00 -3.093333333333e-01
v -6.293333333333e-01 0.000000000000e+00 -3.093333333333e-01
v -6.080000000000e-01 0.000000000000e+00 -3.306666666667e-01
v -6.080000000000e-01 0.000000000000e+00 -3.093333333333e-01
v -6.293333333333e-01 0.000000000000e+00 -2.666666666667e-01
v -6.506666666667e-01 0.000000000000e+00 -2.666666666667e-01
v -6.720000000000e-01 0.000000000000e+00 -2.666666666667e-01
v -6.293333333333e-01 0.000000000000e+00 -3.306666666667e-01
v -6.720000000000e-01 0.000000000000e+00 -2.880000000000e-01
v -6.080000000000e-01 0.000000000000e+00 -2.880000000000e-01
v -6.293333333333e-01 0.000000000000e+00 -2.880000000000e-01
v -7.573333333333e-01 0.000000000000e+00 -2.453333333333e-01
v -6.933333333333e-01 0.000000000000e+00 -2.240000000000e-01
v -7.146666666667e-01 0.000000000000e+00 -2.026666666667e-01
v -7.360000000000e-01 0.000000000000e+00 -2.453333333333e-01
v -6.933333333333e-01 0.000000000000e+00 -2.880000000000e-01
v -7.360000000000e-01 0.000000000000e+00 -2.026666666667e-01
v -7.146666666667e-01 0.000000000000e+00 -2.453333333333e-01
v -6.933333333333e-01 0.000000000000e+00 -2.453333333333e-01
v -6.933333333333e-01 0.000000000000e+00 -2.666666666667e-01
v -7.146666666667e-01 0.000000000000e+00 -2.240000000000e-01
v -7.360000000000e-01 0.000000000000e+00 -2.240000000000e-01
v -7.573333333333e-01 0.000000000000e+00 -2.240000000000e-01
v -7.573333333333e-01 0.000000000000e+00 -2.026666666667e-01
v -7.360000000000e-01 0.000000000000e+00 -2.666666666667e-01
v -7.146666666667e-01 0.000000000000e+00 -2.666666666667e-01
v -7.573333333333e-01 0.000000000000e+00 -2.666666666667e-01
v -8.000000000000e-01 0.000000000000e+00 -1.813333333333e-01
v -8.000000000000e-01 0.000000000000e+00 -2.026666666667e-01
v -7.786666666667e-01 0.000000000000e+00 -1.813333333333e-01
v -8.000000000000e-01 0.000000000000e+00 -2.453333333333e-01
v -7.786666666667e-01 0.000000000000e+00 -2.453333333333e-01
v -7.573333333333e-01 0.000000000000e+00 -2.880000000000e-01
v -8.000000000000e-01 0.000000000000e+00 -1.600000000000e-01
v -7.786666666667e-01 0.000000000000e+00 -2.880000000000e-01
v -7.786666666667e-01 0.000000000000e+00 -2.666666666667e-01
v -7.786666666667e-01 0.000000000000e+00 -2.240000000000e-01
v -8.000000000000e-01 0.000000000000e+00 -2.240000000000e-01
v -7.786666666667e-01 0.000000000000e+00 -2.026666666667e-01
v -8.000000000000e-01 0.000000000000e+00 -2.666666666667e-01
v -5.866666666667e-01 0.000000000000e+00 -3.306666666667e-01
v -5.226666666667e-01 0.000000000000e+00 -3.520000000000e-01
v -5.653333333333e-01 0.000000000000e+00 -3.733333333333e-01
v -5.440000000000e-01 0.000000000000e+00 -3.520000000000e-01
v -5.653333333333e-01 0.000000000000e+00 -3.520000000000e-01
v -5.866666666667e-01 0.000000000000e+00 -3.520000000000e-01
v -5.653333333333e-01 0.000000000000e+00 -3.306666666667e-01
v -5.440000000000e-01 0.000000000000e+00 -3.306666666667e-01
v -5.226666666667e-01 0.000000000000e+00 -3.306666666667e-01
v -5.440000000000e-01 0.000000000000e+00 -3.733333333333e-01
v -5.866666666667e-01 0.000000000000e+00 -3.093333333333e-01
v -5.653333333333e-01 0.000000000000e+00 -3.093333333333e-01
v -5.440000000000e-01 0.000000000000e+00 -3.093333333333e-01
v -5.013333333333e-01 0.000000000000e+00 -3.733333333333e-01
v -5.226666666667e-01 0.000000000000e+00 -3.733333333333e-01
v -4.586666666667e-01 0.000000000000e+00 -4.373333333333e-01
v -4.800000000000e-01 0.000000000000e+00 -4.586666666667e-01
v -4.800000000000e-01 0.000000000000e+00 -5.013333333333e-01
v -4.373333333333e-01 0.000000000000e+00 -4.800000000000e-01
v -4.800000000000e-01 0.000000000000e+00 -4.800000000000e-01
v -4.800000000000e-01 0.000000000000e+00 -4.373333333333e-01
v -4.586666666667e-01 0.000000000000e+00 -4.800000000000e-01
v -5.013333333333e-01 0.000000000000e+00 -3.946666666667e-01
v -4.800000000000e-01 0.000000000000e+00 -3.946666666667e-01
v -4.586666666667e-01 0.000000000000e+00 -4.586666666667e-01
v -4.373333333333e-01 0.000000000000e+00 -5.013333333333e-01
v -5.013333333333e-01 0.000000000000e+00 -4.160000000000e-01
v -4.800000000000e-01 0.000000000000e+00 -4.160000000000e-01
v -4.586666666667e-01 0.000000000000e+00 -5.013333333333e-01
v -4.373333333333e-01 0.000000000000e+00 -4.586666666667e-01
v -5.226666666667e-01 0.000000000000e+00 -4.800000000000e-01
v -5.440000000000e-01 0.000000000000e+00 -4.373333333333e-01
v -5.013333333333e-01 0.000000000000e+00 -4.800000000000e-01
v -5.013333333333e-01 0.000000000000e+00 -4.586666666667e-01
v -5.226666666667e-01 0.000000000000e+00 -4.586666666667e-01
v -5.440000000000e-01 0.000000000000e+00 -4.586666666667e-01
v -5.226666666667e-01 0.000000000000e+00 -4.373333333333e-01
v -5.013333333333e-01 0.000000000000e+00 -4.373333333333e-01
v -5.653333333333e-01 0.000000000000e+00 -4.160000000000e-01
v -5.440000000000e-01 0.000000000000e+00 -4.160000000000e-01
v -5.226666666667e-01 0.000000000000e+00 -4.160000000000e-01
v -5.653333333333e-01 0.000000000000e+00 -3.946666666667e-01
v -5.226666666667e-01 0.000000000000e+00 -3.946666666667e-01
v -5.440000000000e-01 0.000000000000e+00 -3.946666666667e-01
v -5.013333333333e-01 0.000000000000e+00 -5.013333333333e-01
v -5.013333333333e-01 0.000000000000e+00 -3.520000000000e-01
v -4.373333333333e-01 0.000000000000e+00 -3.306666666667e-01
v -4.586666666667e-01 0.000000000000e+00 -3.306666666667e-01
v -4.800000000000e-01 0.000000000000e+00 -3.306666666667e-01
v -5.013333333333e-01 0.000000000000e+00 -3.306666666667e-01
v -4.586666666667e-01 0.000000000000e+00 -3.733333333333e-01
v -4.586666666667e-01 0.000000000000e+00 -3.520000000000e-01
v -4.373333333333e-01 0.000000000000e+00 -3.520000000000e-01
v -4.373333333333e-01 0.000000000000e+00 -3.733333333333e-01
v -4.800000000000e-01 0.000000000000e+00 -3.520000000000e-01
v -4.586666666667e-01 0.000000000000e+00 -3.093333333333e-01
v -4.800000000000e-01 0.000000000000e+00 -3.093333333333e-01
v -4.800000000000e-01 0.000000000000e+00 -3.733333333333e-01
v -5.013333333333e-01 0.000000000000e+00 -3.093333333333e-01
v -5.226666666667e-01 0.000000000000e+00 -3.093333333333e-01
v -4.160000000000e-01 0.000000000000e+00 -4.373333333333e-01
v -4.160000000000e-01 0.000000000000e+00 -3.946666666667e-01
v -4.373333333333e-01 0.000000000000e+00 -3.946666666667e-01
v -3.946666666667e-01 0.000000000000e+00 -4.586666666667e-01
v -4.586666666667e-01 0.000000000000e+00 -3.946666666667e-01
v -3.733333333333e-01 0.000000000000e+00 -4.586666666667e-01
v -3.520000000000e-01 0.000000000000e+00 -4.586666666667e-01
v -3.733333333333e-01 0.000000000000e+00 -4.373333333333e-01
v -4.373333333333e-01 0.000000000000e+00 -4.373333333333e-01
v -3.946666666667e-01 0.000000000000e+00 -4.373333333333e-01
v -4.160000000000e-01 0.000000000000e+00 -4.160000000000e-01
v -4.373333333333e-01 0.000000000000e+00 -4.160000000000e-01
v -3.946666666667e-01 0.000000000000e+00 -4.160000000000e-01
v -4.586666666667e-01 0.000000000000e+00 -4.160000000000e-01
v -4.160000000000e-01 0.000000000000e+00 -4.586666666667e-01
v -4.160000000000e-01 0.000000000000e+00 -3.306666666667e-01
v -3.946666666667e-01 0.000000000000e+00 -3.306666666667e-01
v -3.733333333333e-01 0.000000000000e+00 -3.520000000000e-01
v -3.520000000000e-01 0.000000000000e+00 -4.373333333333e-01
v -3.733333333333e-01 0.000000000000e+00 -4.160000000000e-01
v -3.520000000000e-01 0.000000000000e+00 -4.160000000000e-01
v -3.946666666667e-01 0.000000000000e+00 -3.946666666667e-01
v -3.733333333333e-01 0.000000000000e+00 -3.946666666667e-01
v -3.520000000000e-01 0.000000000000e+00 -3.946666666667e-01
v -4.160000000000e-01 0.000000000000e+00 -3.733333333333e-01
v -3.946666666667e-01 0.000000000000e+00 -3.733333333333e-01
v -3.733333333333e-01 0.000000000000e+00 -3.733333333333e-01
v -3.520000000000e-01 0.000000000000e+00 -3.733333333333e-01
v -4.160000000000e-01 0.000000000000e+00 -3.520000000000e-01
v -3.946666666667e-01 0.000000000000e+00 -3.520000000000e-01
v -4.373333333333e-01 0.000000000000e+00 -2.453333333333e-01
v -4.160000000000e-01 0.000000000000e+00 -2.666666666667e-01
v -3.946666666667e-01 0.000000000000e+00 -3.093333333333e-01
v -4.800000000000e-01 0.000000000000e+00 -2.666666666667e-01
v -4.160000000000e-01 0.000000000000e+00 -2.880000000000e-01
v -3.946666666667e-01 0.000000000000e+00 -2.880000000000e-01
v -4.800000000000e-01 0.000000000000e+00 -2.880000000000e-01
v -4.373333333333e-01 0.000000000000e+00 -3.093333333333e-01
v -4.160000000000e-01 0.000000000000e+00 -3.093333333333e-01
v -4.373333333333e-01 0.000000000000e+00 -2.880000000000e-01
v -4.586666666667e-01 0.000000000000e+00 -2.880000000000e-01
v -4.800000000000e-01 0.000000000000e+00 -2.453333333333e-01
v -4.586666666667e-01 0.000000000000e+00 -2.453333333333e-01
v -4.586666666667e-01 0.000000000000e+00 -2.666666666667e-01
v -4.373333333333e-01 0.000000000000e+00 -2.666666666667e-01
v -4.800000000000e-01 0.000000000000e+00 -1.600000000000e-01
v -4.586666666667e-01 0.000000000000e+00 -1.600000000000e-01
v -5.013333333333e-01 0.000000000000e+00 -1.600000000000e-01
v -4.800000000000e-01 0.000000000000e+00 -2.240000000000e-01
v -5.013333333333e-01 0.000000000000e+00 -1.386666666667e-01
v -4.800000000000e-01 0.000000000000e+00 -1.386666666667e-01
v -4.586666666667e-01 0.000000000000e+00 -1.386666666667e-01
v -4.586666666667e-01 0.000000000000e+00 -1.813333333333e-01
v -4.373333333333e-01 0.000000000000e+00 -1.813333333333e-01
v -4.800000000000e-01 0.000000000000e+00 -1.813333333333e-01
v -4.586666666667e-01 0.000000000000e+00 -2.026666666667e-01
v -4.586666666667e-01 0.000000000000e+00 -2.240000000000e-01
v -4.373333333333e-01 0.000000000000e+00 -2.240000000000e-01
v -4.373333333333e-01 0.000000000000e+00 -2.026666666667e-01
v -4.800000000000e-01 0.000000000000e+00 -2.026666666667e-01
v -3.946666666667e-01 0.000000000000e+00 -1.600000000000e-01
v -4.160000000000e-01 0.000000000000e+00 -1.813333333333e-01
v -3.946666666667e-01 0.000000000000e+00 -2.453333333333e-01
v -3.946666666667e-01 0.000000000000e+00 -2.666666666667e-01
v -4.160000000000e-01 0.000000000000e+00 -2.240000000000e-01
v -3.946666666667e-01 0.000000000000e+00 -2.240000000000e-01
v -3.946666666667e-01 0.000000000000e+00 -1.813333333333e-01
v -4.160000000000e-01 0.000000000000e+00 -1.386666666667e-01
v -4.160000000000e-01 0.000000000000e+00 -2.026666666667e-01
v -3.946666666667e-01 0.000000000000e+00 -2.026666666667e-01
v -4.160000000000e-01 0.000000000000e+00 -2.453333333333e-01
v -4.160000000000e-01 0.000000000000e+00 -1.600000000000e-01
v -4.373333333333e-01 0.000000000000e+00 -1.386666666667e-01
v -3.946666666667e-01 0.000000000000e+00 -1.386666666667e-01
v -4.373333333333e-01 0.000000000000e+00 -1.600000000000e-01
v -5.440000000000e-01 0.000000000000e+00 -2.880000000000e-01
v -5.226666666667e-01 0.000000000000e+00 -2.880000000000e-01
v -5.013333333333e-01 0.000000000000e+00 -2.880000000000e-01
v -5.013333333333e-01 0.000000000000e+00 -2.666666666667e-01
v -5.226666666667e-01 0.000000000000e+00 -2.666666666667e-01
v -5.440000000000e-01 0.000000000000e+00 -2.666666666667e-01
v -5.653333333333e-01 0.000000000000e+00 -2.666666666667e-01
v -5.866666666667e-01 0.000000000000e+00 -2.666666666667e-01
v -6.080000000000e-01 0.000000000000e+00 -2.666666666667e-01
v -6.080000000000e-01 0.000000000000e+00 -2.453333333333e-01
v -5.866666666667e-01 0.000000000000e+00 -2.453333333333e-01
v -5.653333333333e-01 0.000000000000e+00 -2.453333333333e-01
v -5.440000000000e-01 0.000000000000e+00 -2.453333333333e-01
v -5.866666666667e-01 0.000000000000e+00 -2.880000000000e-01
v -5.653333333333e-01 0.000000000000e+00 -2.880000000000e-01
v -5.013333333333e-01 0.000000000000e+00 -2.026666666667e-01
v -5.440000000000e-01 0.000000000000e+00 -1.386666666667e-01
v -5.440000000000e-01 0.000000000000e+00 -2.026666666667e-01
v -5.226666666667e-01 0.000000000000e+00 -1.813333333333e-01
v -5.013333333333e-01 0.000000000000e+00 -1.813333333333e-01
v -5.013333333333e-01 0.000000000000e+00 -2.453333333333e-01
v -5.440000000000e-01 0.000000000000e+00 -2.240000000000e-01
v -5.226666666667e-01 0.000000000000e+00 -2.240000000000e-01
v -5.013333333333e-01 0.000000000000e+00 -2.240000000000e-01
v -5.226666666667e-01 0.000000000000e+00 -2.026666666667e-01
v -5.226666666667e-01 0.000000000000e+00 -1.386666666667e-01
v -5.440000000000e-01 0.000000000000e+00 -1.600000000000e-01
v -5.226666666667e-01 0.000000000000e+00 -1.600000000000e-01
v -5.440000000000e-01 0.000000000000e+00 -1.813333333333e-01
v -5.226666666667e-01 0.000000000000e+00 -2.453333333333e-01
v -5.653333333333e-01 0.000000000000e+00 -1.386666666667e-01
v -5.653333333333e-01 0.000000000000e+00 -1.600000000000e-01
v -5.653333333333e-01 0.000000000000e+00 -2.240000000000e-01
v -5.866666666667e-01 0.000000000000e+00 -1.386666666667e-01
v -6.080000000000e-01 0.000000000000e+00 -1.813333333333e-01
v -5.866666666667e-01 0.000000000000e+00 -1.813333333333e-01
v -5.653333333333e-01 0.000000000000e+00 -1.813333333333e-01
v -6.080000000000e-01 0.000000000000e+00 -2.026666666667e-01
v -5.866666666667e-01 0.000000000000e+00 -2.240000000000e-01
v -6.080000000000e-01 0.000000000000e+00 -2.240000000000e-01
v -6.080000000000e-01 0.000000000000e+00 -1.386666666667e-01
v -5.866666666667e-01 0.000000000000e+00 -2.026666666667e-01
v -5.653333333333e-01 0.000000000000e+00 -2.026666666667e-01
v -6.080000000000e-01 0.000000000000e+00 -1.600000000000e-01
v -5.866666666667e-01 0.000000000000e+00 -1.600000000000e-01
v -5.866666666667e-01 0.000000000000e+00 -6.933333333333e-01
v -6.506666666667e-01 0.000000000000e+00 -6.933333333333e-01
v -6.720000000000e-01 0.000000000000e+00 -6.933333333333e-01
v -6.506666666667e-01 0.000000000000e+00 -7.146666666667e-01
v -6.720000000000e-01 0.000000000000e+00 -6.506666666667e-01
v -6.720000000000e-01 0.000000000000e+00 -6.720000000000e-01
v -6.933333333333e-01 0.000000000000e+00 -6.720000000000e-01
v -6.506666666667e-01 0.000000000000e+00 -6.720000000000e-01
v -6.933333333333e-01 0.000000000000e+00 -6.506666666667e-01
v -6.293333333333e-01 0.000000000000e+00 -6.720000000000e-01
v -6.720000000000e-01 0.000000000000e+00 -7.146666666667e-01
v -6.080000000000e-01 0.000000000000e+00 -6.720000000000e-01
v -6.080000000000e-01 0.000000000000e+00 -6.933333333333e-01
v -6.293333333333e-01 0.000000000000e+00 -6.933333333333e-01
v -6.293333333333e-01 0.000000000000e+00 -7.146666666667e-01
v -6.293333333333e-01 0.000000000000e+00 -7.786666666667e-01
v -5.866666666667e-01 0.000000000000e+00 -8.000000000000e-01
v -6.080000000000e-01 0.000000000000e+00 -8.000000000000e-01
v -6.293333333333e-01 0.000000000000e+00 -8.000000000000e-01
v -6.506666666667e-01 0.000000000000e+00 -8.000000000000e-01
v -6.080000000000e-01 0.000000000000e+00 -7.786666666667e-01
v -5.866666666667e-01 0.000000000000e+00 -7.786666666667e-01
v -6.293333333333e-01 0.000000000000e+00 -7.360000000000e-01
v -5.653333333333e-01 0.000000000000e+00 -8.000000000000e-01
v -6.506666666667e-01 0.000000000000e+00 -7.573333333333e-01
v -6.293333333333e-01 0.000000000000e+00 -7.573333333333e-01
v -6.080000000000e-01 0.000000000000e+00 -7.573333333333e-01
v -6.506666666667e-01 0.000000000000e+00 -7.360000000000e-01
v -6.506666666667e-01 0.000000000000e+00 -7.786666666667e-01
v -5.440000000000e-01 0.000000000000e+00 -8.000000000000e-01
v -5.653333333333e-01 0.000000000000e+00 -7.573333333333e-01
v -5.440000000000e-01 0.000000000000e+00 -7.573333333333e-01
v -5.226666666667e-01 0.000000000000e+00 -8.000000000000e-01
v -5.653333333333e-01 0.000000000000e+00 -7.146666666667e-01
v -5.226666666667e-01 0.000000000000e+00 -7.786666666667e-01
v -5.866666666667e-01 0.000000000000e+00 -7.573333333333e-01
v -5.653333333333e-01 0.000000000000e+00 -7.786666666667e-01
v -5.440000000000e-01 0.000000000000e+00 -7.786666666667e-01
v -5.866666666667e-01 0.000000000000e+00 -7.146666666667e-01
v -6.080000000000e-01 0.000000000000e+00 -7.146666666667e-01
v -5.440000000000e-01 0.000000000000e+00 -7.360000000000e-01
v -5.653333333333e-01 0.000000000000e+00 -7.360000000000e-01
v -5.866666666667e-01 0.000000000000e+00 -7.360000000000e-01
v -6.080000000000e-01 0.000000000000e+00 -7.360000000000e-01
v -7.146666666667e-01 0.000000000000e+00 -8.000000000000e-01
v -7.360000000000e-01 0.000000000000e+00 -8.000000000000e-01
v -7.573333333333e-01 0.000000000000e+00 -8.000000000000e-01
v -7.573333333333e-01 0.000000000000e+00 -7.573333333333e-01
v -7.360000000000e-01 0.000000000000e+00 -7.786666666667e-01
v -7.786666666667e-01 0.000000000000e+00 -7.786666666667e-01
v -8.000000000000e-01 0.000000000000e+00 -7.786666666667e-01
v -7.786666666667e-01 0.000000000000e+00 -7.360000000000e-01
v -8.000000000000e-01 0.000000000000e+00 -7.146666666667e-01
v -8.000000000000e-01 0.000000000000e+00 -8.000000000000e-01
v -7.786666666667e-01 0.000000000000e+00 -8.000000000000e-01
v -8.000000000000e-01 0.000000000000e+00 -7.360000000000e-01
v -7.573333333333e-01 0.000000000000e+00 -7.786666666667e-01
v -7.786666666667e-01 0.000000000000e+00 -7.573333333333e-01
v -8.000000000000e-01 0.000000000000e+00 -7.573333333333e-01
v -7.146666666667e-01 0.000000000000e+00 -7.360000000000e-01
v -7.146666666667e-01 0.000000000000e+00 -7.573333333333e-01
v -7.360000000000e-01 0.000000000000e+00 -7.360000000000e-01
v -6.933333333333e-01 0.000000000000e+00 -8.000000000000e-01
v -7.360000000000e-01 0.000000000000e+00 -7.573333333333e-01
v -7.146666666667e-01 0.000000000000e+00 -7.786666666667e-01
v -6.933333333333e-01 0.000000000000e+00 -7.786666666667e-01
v -6.720000000000e-01 0.000000000000e+00 -7.786666666667e-01
v -7.573333333333e-01 0.000000000000e+00 -7.360000000000e-01
v -6.720000000000e-01 0.000000000000e+00 -7.573333333333e-01
v -6.933333333333e-01 0.000000000000e+00 -7.573333333333e-01
v -6.720000000000e-01 0.000000000000e+00 -7.360000000000e-01
v -6.933333333333e-01 0.000000000000e+00 -7.360000000000e-01
v -6.720000000000e-01 0.000000000000e+00 -8.000000000000e-01
v -8.000000000000e-01 0.000000000000e+00 -6.933333333333e-01
v -8.000000000000e-01 0.000000000000e+00 -6.720000000000e-01
v -7.146666666667e-01 0.000000000000e+00 -6.933333333333e-01
v -6.933333333333e-01 0.000000000000e+00 -7.146666666667e-01
v -7.146666666667e-01 0.000000000000e+00 -7.146666666667e-01
v -7.360000000000e-01 0.000000000000e+00 -7.146666666667e-01
v -7.573333333333e-01 0.000000000000e+00 -7.146666666667e-01
v -7.786666666667e-01 0.000000000000e+00 -6.933333333333e-01
v -7.573333333333e-01 0.000000000000e+00 -6.933333333333e-01
v -7.146666666667e-01 0.000000000000e+00 -6.720000000000e-01
v -7.360000000000e-01 0.000000000000e+00 -6.720000000000e-01
v -7.573333333333e-01 0.000000000000e+00 -6.720000000000e-01
v -7.786666666667e-01 0.000000000000e+00 -6.720000000000e-01
v -6.933333333333e-01 0.000000000000e+00 -6.933333333333e-01
v -7.360000000000e-01 0.000000000000e+00 -6.933333333333e-01
v -7.786666666667e-01 0.000000000000e+00 -7.146666666667e-01
v -7.786666666667e-01 0.000000000000e+00 -4.586666666667e-01
v -8.000000000000e-01 0.000000000000e+00 -4.160000000000e-01
v -7.360000000000e-01 0.000000000000e+00 -4.800000000000e-01
v -7.573333333333e-01 0.000000000000e+00 -4.800000000000e-01
v -7.786666666667e-01 0.000000000000e+00 -4.800000000000e-01
v -8.000000000000e-01 0.000000000000e+00 -4.800000000000e-01
v -8.000000000000e-01 0.000000000000e+00 -5.013333333333e-01
v -8.000000000000e-01 0.000000000000e+00 -4.373333333333e-01
v -7.360000000000e-01 0.000000000000e+00 -5.013333333333e-01
v -7.573333333333e-01 0.000000000000e+00 -5.013333333333e-01
v -7.786666666667e-01 0.000000000000e+00 -5.013333333333e-01
v -7.360000000000e-01 0.000000000000e+00 -5.226666666667e-01
v -8.000000000000e-01 0.000000000000e+00 -4.586666666667e-01
v -7.786666666667e-01 0.000000000000e+00 -4.373333333333e-01
v -7.573333333333e-01 0.000000000000e+00 -4.586666666667e-01
v -8.000000000000e-01 0.000000000000e+00 -5.866666666667e-01
v -7.786666666667e-01 0.000000000000e+00 -6.080000000000e-01
v -7.573333333333e-01 0.000000000000e+00 -6.293333333333e-01
v -8.000000000000e-01 0.000000000000e+00 -6.080000000000e-01
v -7.360000000000e-01 0.000000000000e+00 -6.293333333333e-01
v -7.146666666667e-01 0.000000000000e+00 -6.293333333333e-01
v -7.573333333333e-01 0.000000000000e+00 -6.080000000000e-01
v -7.360000000000e-01 0.000000000000e+00 -6.080000000000e-01
v -8.000000000000e-01 0.000000000000e+00 -6.506666666667e-01
v -7.786666666667e-01 0.000000000000e+00 -6.506666666667e-01
v -7.573333333333e-01 0.000000000000e+00 -6.506666666667e-01
v -7.360000000000e-01 0.000000000000e+00 -6.506666666667e-01
v -8.000000000000e-01 0.000000000000e+00 -6.293333333333e-01
v -7.146666666667e-01 0.000000000000e+00 -6.506666666667e-01
v -7.786666666667e-01 0.000000000000e+00 -6.293333333333e-01
v -8.000000000000e-01 0.000000000000e+00 -5.653333333333e-01
v -7.360000000000e-01 0.000000000000e+00 -5.440000000000e-01
v -8.000000000000e-01 0.000000000000e+00 -5.226666666667e-01
v -8.000000000000e-01 0.000000000000e+00 -5.440000000000e-01
v -7.786666666667e-01 0.000000000000e+00 -5.440000000000e-01
v -7.573333333333e-01 0.000000000000e+00 -5.440000000000e-01
v -7.786666666667e-01 0.000000000000e+00 -5.653333333333e-01
v -7.573333333333e-01 0.000000000000e+00 -5.653333333333e-01
v -7.573333333333e-01 0.000000000000e+00 -5.226666666667e-01
v -7.786666666667e-01 0.000000000000e+00 -5.226666666667e-01
v -7.360000000000e-01 0.000000000000e+00 -5.653333333333e-01
v -7.786666666667e-01 0.000000000000e+00 -5.866666666667e-01
v -7.573333333333e-01 0.000000000000e+00 -5.866666666667e-01
v -7.360000000000e-01 0.000000000000e+00 -5.866666666667e-01
v -6.293333333333e-01 0.000000000000e+00 -5.440000000000e-01
v -6.080000000000e-01 0.000000000000e+00 -5.440000000000e-01
v -6.506666666667e-01 0.000000000000e+00 -5.013333333333e-01
v -6.720000000000e-01 0.000000000000e+00 -5.013333333333e-01
v -6.933333333333e-01 0.000000000000e+00 -5.013333333333e-01
v -6.720000000000e-01 0.000000000000e+00 -4.800000000000e-01
v -7.146666666667e-01 0.000000000000e+00 -5.013333333333e-01
v -6.933333333333e-01 0.000000000000e+00 -5.226666666667e-01
v -6.720000000000e-01 0.000000000000e+00 -5.226666666667e-01
v -7.146666666667e-01 0.000000000000e+00 -4.800000000000e-01
v -6.933333333333e-01 0.000000000000e+00 -4.800000000000e-01
v -6.506666666667e-01 0.000000000000e+00 -5.440000000000e-01
v -6.506666666667e-01 0.000000000000e+00 -5.226666666667e-01
v -6.293333333333e-01 0.000000000000e+00 -5.226666666667e-01
v -6.080000000000e-01 0.000000000000e+00 -5.226666666667e-01
v -6.293333333333e-01 0.000000000000e+00 -5.866666666667e-01
v -6.506666666667e-01 0.000000000000e+00 -5.866666666667e-01
v -6.080000000000e-01 0.000000000000e+00 -6.080000000000e-01
v -7.146666666667e-01 0.000000000000e+00 -5.440000000000e-01
v -6.720000000000e-01 0.000000000000e+00 -5.866666666667e-01
v -6.293333333333e-01 0.000000000000e+00 -6.080000000000e-01
v -7.146666666667e-01 0.000000000000e+00 -5.226666666667e-01
v -6.933333333333e-01 0.000000000000e+00 -5.440000000000e-01
v -6.933333333333e-01 0.000000000000e+00 -5.653333333333e-01
v -6.720000000000e-01 0.000000000000e+00 -5.653333333333e-01
v -6.293333333333e-01 0.000000000000e+00 -5.653333333333e-01
v -6.080000000000e-01 0.000000000000e+00 -5.653333333333e-01
v -6.080000000000e-01 0.000000000000e+00 -5.866666666667e-01
v -6.720000000000e-01 0.000000000000e+00 -5.440000000000e-01
v -6.506666666667e-01 0.000000000000e+00 -5.653333333333e-01
v -7.146666666667e-01 0.000000000000e+00 -5.653333333333e-01
v -6.080000000000e-01 0.000000000000e+00 -6.293333333333e-01
v -6.293333333333e-01 0.000000000000e+00 -6.293333333333e-01
v -6.506666666667e-01 0.000000000000e+00 -6.293333333333e-01
v -6.720000000000e-01 0.000000000000e+00 -6.293333333333e-01
v -6.933333333333e-01 0.000000000000e+00 -6.293333333333e-01
v -6.080000000000e-01 0.000000000000e+00 -6.506666666667e-01
v -6.293333333333e-01 0.000000000000e+00 -6.506666666667e-01
v -6.506666666667e-01 0.000000000000e+00 -6.506666666667e-01
v -6.933333333333e-01 0.000000000000e+00 -5.866666666667e-01
v -7.146666666667e-01 0.000000000000e+00 -5.866666666667e-01
v -6.506666666667e-01 0.000000000000e+00 -6.080000000000e-01
v -6.720000000000e-01 0.000000000000e+00 -6.080000000000e-01
v -6.933333333333e-01 0.000000000000e+00 -6.080000000000e-01
v -7.146666666667e-01 0.000000000000e+00 -6.080000000000e-01
v -3.093333333333e-01 0.000000000000e+00 -7.786666666667e-01
v -3.520000000000e-01 0.000000000000e+00 -7.360000000000e-01
v -3.306666666667e-01 0.000000000000e+00 -7.146666666667e-01
v -3.520000000000e-01 0.000000000000e+00 -7.146666666667e-01
v -3.520000000000e-01 0.000000000000e+00 -7.573333333333e-01
v -2.880000000000e-01 0.000000000000e+00 -7.573333333333e-01
v -3.306666666667e-01 0.000000000000e+00 -7.573333333333e-01
v -3.306666666667e-01 0.000000000000e+00 -7.360000000000e-01
v -3.093333333333e-01 0.000000000000e+00 -7.360000000000e-01
v -2.880000000000e-01 0.000000000000e+00 -7.360000000000e-01
v -2.880000000000e-01 0.000000000000e+00 -8.000000000000e-01
v -3.306666666667e-01 0.000000000000e+00 -7.786666666667e-01
v -2.880000000000e-01 0.000000000000e+00 -7.786666666667e-01
v -3.093333333333e-01 0.000000000000e+00 -8.000000000000e-01
v -3.093333333333e-01 0.000000000000e+00 -7.573333333333e-01
v -2.880000000000e-01 0.000000000000e+00 -7.146666666667e-01
v -3.093333333333e-01 0.000000000000e+00 -6.293333333333e-01
v -3.306666666667e-01 0.000000000000e+00 -6.506666666667e-01
v -3.093333333333e-01 0.000000000000e+00 -6.506666666667e-01
v -2.880000000000e-01 0.000000000000e+00 -6.506666666667e-01
v -2.880000000000e-01 0.000000000000e+00 -6.933333333333e-01
v -3.093333333333e-01 0.000000000000e+00 -6.933333333333e-01
v -3.306666666667e-01 0.000000000000e+00 -6.933333333333e-01
v -2.666666666667e-01 0.000000000000e+00 -6.506666666667e-01
v -2.880000000000e-01 0.000000000000e+00 -6.720000000000e-01
v -3.093333333333e-01 0.000000000000e+00 -6.720000000000e-01
v -3.306666666667e-01 0.000000000000e+00 -6.720000000000e-01
v -3.306666666667e-01 0.000000000000e+00 -6.293333333333e-01
v -3.093333333333e-01 0.000000000000e+00 -7.146666666667e-01
v -2.880000000000e-01 0.000000000000e+00 -6.293333333333e-01
v -3.520000000000e-01 0.000000000000e+00 -6.293333333333e-01
v -3.733333333333e-01 0.000000000000e+00 -6.080000000000e-01
v -3.733333333333e-01 0.000000000000e+00 -6.933333333333e-01
v -3.520000000000e-01 0.000000000000e+00 -6.933333333333e-01
v -3.946666666667e-01 0.000000000000e+00 -6.293333333333e-01
v -3.520000000000e-01 0.000000000000e+00 -6.506666666667e-01
v -3.733333333333e-01 0.000000000000e+00 -6.720000000000e-01
v -3.733333333333e-01 0.000000000000e+00 -6.506666666667e-01
v -3.733333333333e-01 0.000000000000e+00 -6.293333333333e-01
v -4.160000000000e-01 0.000000000000e+00 -6.293333333333e-01
v -3.520000000000e-01 0.000000000000e+00 -6.720000000000e-01
v -4.160000000000e-01 0.000000000000e+00 -6.506666666667e-01
v -3.946666666667e-01 0.000000000000e+00 -6.506666666667e-01
v -4.160000000000e-01 0.000000000000e+00 -6.080000000000e-01
v -3.946666666667e-01 0.000000000000e+00 -6.080000000000e-01
v -3.946666666667e-01 0.000000000000e+00 -6.720000000000e-01
v -4.373333333333e-01 0.000000000000e+00 -5.440000000000e-01
v -4.586666666667e-01 0.000000000000e+00 -5.440000000000e-01
v -4.373333333333e-01 0.000000000000e+00 -5.653333333333e-01
v -4.586666666667e-01 0.000000000000e+00 -5.653333333333e-01
v -4.160000000000e-01 0.000000000000e+00 -5.440000000000e-01
v -4.586666666667e-01 0.000000000000e+00 -5.866666666667e-01
v -4.373333333333e-01 0.000000000000e+00 -5.866666666667e-01
v -4.160000000000e-01 0.000000000000e+00 -5.866666666667e-01
v -4.586666666667e-01 0.000000000000e+00 -5.226666666667e-01
v -4.373333333333e-01 0.000000000000e+00 -5.226666666667e-01
v -3.946666666667e-01 0.000000000000e+00 -5.866666666667e-01
v -4.373333333333e-01 0.000000000000e+00 -6.080000000000e-01
v -3.733333333333e-01 0.000000000000e+00 -5.866666666667e-01
v -3.946666666667e-01 0.000000000000e+00 -5.653333333333e-01
v -4.160000000000e-01 0.000000000000e+00 -5.653333333333e-01
v -3.520000000000e-01 0.000000000000e+00 -5.226666666667e-01
v -4.160000000000e-01 0.000000000000e+00 -4.800000000000e-01
v -3.733333333333e-01 0.000000000000e+00 -5.653333333333e-01
v -3.520000000000e-01 0.000000000000e+00 -5.013333333333e-01
v -4.160000000000e-01 0.000000000000e+00 -5.226666666667e-01
v -3.946666666667e-01 0.000000000000e+00 -5.226666666667e-01
v -3.733333333333e-01 0.000000000000e+00 -5.226666666667e-01
v -3.520000000000e-01 0.000000000000e+00 -4.800000000000e-01
v -3.733333333333e-01 0.000000000000e+00 -4.800000000000e-01
v -3.946666666667e-01 0.000000000000e+00 -4.800000000000e-01
v -3.733333333333e-01 0.000000000000e+00 -5.013333333333e-01
v -3.946666666667e-01 0.000000000000e+00 -5.440000000000e-01
v -4.160000000000e-01 0.000000000000e+00 -5.013333333333e-01
v -3.946666666667e-01 0.000000000000e+00 -5.013333333333e-01
v -3.733333333333e-01 0.000000000000e+00 -5.440000000000e-01
v -3.306666666667e-01 0.000000000000e+00 -5.653333333333e-01
v -3.520000000000e-01 0.000000000000e+00 -5.653333333333e-01
v -2.880000000000e-01 0.000000000000e+00 -5.866666666667e-01
v -3.306666666667e-01 0.000000000000e+00 -5.226666666667e-01
v -3.093333333333e-01 0.000000000000e+00 -6.080000000000e-01
v -3.306666666667e-01 0.000000000000e+00 -6.080000000000e-01
v -3.093333333333e-01 0.000000000000e+00 -5.440000000000e-01
v -3.520000000000e-01 0.000000000000e+00 -5.866666666667e-01
v -3.306666666667e-01 0.000000000000e+00 -5.866666666667e-01
v -3.093333333333e-01 0.000000000000e+00 -5.866666666667e-01
v -3.520000000000e-01 0.000000000000e+00 -6.080000000000e-01
v -2.880000000000e-01 0.000000000000e+00 -5.653333333333e-01
v -3.093333333333e-01 0.000000000000e+00 -5.653333333333e-01
v -2.880000000000e-01 0.000000000000e+00 -6.080000000000e-01
v -3.306666666667e-01 0.000000000000e+00 -5.440000000000e-01
v -3.520000000000e-01 0.000000000000e+00 -5.440000000000e-01
v -5.013333333333e-01 0.000000000000e+00 -5.226666666667e-01
v -4.800000000000e-01 0.000000000000e+00 -5.226666666667e-01
v -4.800000000000e-01 0.000000000000e+00 -5.440000000000e-01
v -5.013333333333e-01 0.000000000000e+00 -5.440000000000e-01
v -5.226666666667e-01 0.000000000000e+00 -5.440000000000e-01
v -5.653333333333e-01 0.000000000000e+00 -5.440000000000e-01
v -5.440000000000e-01 0.000000000000e+00 -5.440000000000e-01
v -5.866666666667e-01 0.000000000000e+00 -5.226666666667e-01
v -5.440000000000e-01 0.000000000000e+00 -5.653333333333e-01
v -5.013333333333e-01 0.000000000000e+00 -5.653333333333e-01
v -4.800000000000e-01 0.000000000000e+00 -5.653333333333e-01
v -5.226666666667e-01 0.000000000000e+00 -5.653333333333e-01
v -5.653333333333e-01 0.000000000000e+00 -5.226666666667e-01
v -5.440000000000e-01 0.000000000000e+00 -5.226666666667e-01
v -5.226666666667e-01 0.000000000000e+00 -5.226666666667e-01
v -5.866666666667e-01 0.000000000000e+00 -6.293333333333e-01
v -5.440000000000e-01 0.000000000000e+00 -6.293333333333e-01
v -5.226666666667e-01 0.000000000000e+00 -6.293333333333e-01
v -5.866666666667e-01 0.000000000000e+00 -6.080000000000e-01
v -5.653333333333e-01 0.000000000000e+00 -6.080000000000e-01
v -5.866666666667e-01 0.000000000000e+00 -5.653333333333e-01
v -5.653333333333e-01 0.000000000000e+00 -6.506666666667e-01
v -5.440000000000e-01 0.000000000000e+00 -5.866666666667e-01
v -5.653333333333e-01 0.000000000000e+00 -5.866666666667e-01
v -5.866666666667e-01 0.000000000000e+00 -5.866666666667e-01
v -5.226666666667e-01 0.000000000000e+00 -6.506666666667e-01
v -5.653333333333e-01 0.000000000000e+00 -6.293333333333e-01
v -5.440000000000e-01 0.000000000000e+00 -6.080000000000e-01
v -5.866666666667e-01 0.000000000000e+00 -5.440000000000e-01
v -5.440000000000e-01 0.000000000000e+00 -6.506666666667e-01
v -5.653333333333e-01 0.000000000000e+00 -5.653333333333e-01
v -4.800000000000e-01 0.000000000000e+00 -6.506666666667e-01
v -5.013333333333e-01 0.000000000000e+00 -6.080000000000e-01
v -4.586666666667e-01 0.000000000000e+00 -6.080000000000e-01
v -5.226666666667e-01 0.000000000000e+00 -6.080000000000e-01
v -5.013333333333e-01 0.000000000000e+00 -6.293333333333e-01
v -4.800000000000e-01 0.000000000000e+00 -6.293333333333e-01
v -4.373333333333e-01 0.000000000000e+00 -6.293333333333e-01
v -4.800000000000e-01 0.000000000000e+00 -5.866666666667e-01
v -4.586666666667e-01 0.000000000000e+00 -6.506666666667e-01
v -5.013333333333e-01 0.000000000000e+00 -5.866666666667e-01
v -5.226666666667e-01 0.000000000000e+00 -5.866666666667e-01
v -4.373333333333e-01 0.000000000000e+00 -6.506666666667e-01
v -4.586666666667e-01 0.000000000000e+00 -6.293333333333e-01
v -4.800000000000e-01 0.000000000000e+00 -6.080000000000e-01
v -5.013333333333e-01 0.000000000000e+00 -6.506666666667e-01
v -4.800000000000e-01 0.000000000000e+00 -7.573333333333e-01
v -5.226666666667e-01 0.000000000000e+00 -7.573333333333e-01
v -4.586666666667e-01 0.000000000000e+00 -7.360000000000e-01
v -5.013333333333e-01 0.000000000000e+00 -7.360000000000e-01
v -5.013333333333e-01 0.000000000000e+00 -7.573333333333e-01
v -4.800000000000e-01 0.000000000000e+00 -7.786666666667e-01
v -5.226666666667e-01 0.000000000000e+00 -7.360000000000e-01
v -4.586666666667e-01 0.000000000000e+00 -7.573333333333e-01
v -4.586666666667e-01 0.000000000000e+00 -7.786666666667e-01
v -5.013333333333e-01 0.000000000000e+00 -7.786666666667e-01
v -5.013333333333e-01 0.000000000000e+00 -8.000000000000e-01
v -4.800000000000e-01 0.000000000000e+00 -8.000000000000e-01
v -4.586666666667e-01 0.000000000000e+00 -8.000000000000e-01
v -4.800000000000e-01 0.000000000000e+00 -7.360000000000e-01
v -5.226666666667e-01 0.000000000000e+00 -6.720000000000e-01
v -5.866666666667e-01 0.000000000000e+00 -6.720000000000e-01
v -5.653333333333e-01 0.000000000000e+00 -6.720000000000e-01
v -5.440000000000e-01 0.000000000000e+00 -6.720000000000e-01
v -5.013333333333e-01 0.000000000000e+00 -6.720000000000e-01
v -5.440000000000e-01 0.000000000000e+00 -7.146666666667e-01
v -4.800000000000e-01 0.000000000000e+00 -7.146666666667e-01
v -5.013333333333e-01 0.000000000000e+00 -7.146666666667e-01
v -4.800000000000e-01 0.000000000000e+00 -6.933333333333e-01
v -5.013333333333e-01 0.000000000000e+00 -6.933333333333e-01
v -5.866666666667e-01 0.000000000000e+00 -6.506666666667e-01
v -4.800000000000e-01 0.000000000000e+00 -6.720000000000e-01
v -5.226666666667e-01 0.000000000000e+00 -6.933333333333e-01
v -5.440000000000e-01 0.000000000000e+00 -6.933333333333e-01
v -5.653333333333e-01 0.000000000000e+00 -6.933333333333e-01
v -5.226666666667e-01 0.000000000000e+00 -7.146666666667e-01
v -4.160000000000e-01 0.000000000000e+00 -7.573333333333e-01
v -3.520000000000e-01 0.000000000000e+00 -7.786666666667e-01
v -4.373333333333e-01 0.000000000000e+00 -8.000000000000e-01
v -4.160000000000e-01 0.000000000000e+00 -8.000000000000e-01
v -3.733333333333e-01 0.000000000000e+00 -7.786666666667e-01
v -3.733333333333e-01 0.000000000000e+00 -8.000000000000e-01
v -3.946666666667e-01 0.000000000000e+00 -8.000000000000e-01
v -3.520000000000e-01 0.000000000000e+00 -8.000000000000e-01
v -3.946666666667e-01 0.000000000000e+00 -7.573333333333e-01
v -4.160000000000e-01 0.000000000000e+00 -7.786666666667e-01
v -3.306666666667e-01 0.000000000000e+00 -8.000000000000e-01
v -3.733333333333e-01 0.000000000000e+00 -7.573333333333e-01
v -4.373333333333e-01 0.000000000000e+00 -7.786666666667e-01
v -4.373333333333e-01 0.000000000000e+00 -7.573333333333e-01
v -3.946666666667e-01 0.000000000000e+00 -7.786666666667e-01
v -4.160000000000e-01 0.000000000000e+00 -7.360000000000e-01
v -3.946666666667e-01 0.000000000000e+00 -7.360000000000e-01
v -3.946666666667e-01 0.000000000000e+00 -7.146666666667e-01
v -4.160000000000e-01 0.000000000000e+00 -7.146666666667e-01
v -4.373333333333e-01 0.000000000000e+00 -7.146666666667e-01
v -4.586666666667e-01 0.000000000000e+00 -7.146666666667e-01
v -4.160000000000e-01 0.000000000000e+00 -6.933333333333e-01
v -4.586666666667e-01 0.000000000000e+00 -6.720000000000e-01
v -4.373333333333e-01 0.000000000000e+00 -6.720000000000e-01
v -4.373333333333e-01 0.000000000000e+00 -6.933333333333e-01
v -3.733333333333e-01 0.000000000000e+00 -7.360000000000e-01
v -4.373333333333e-01 0.000000000000e+00 -7.360000000000e-01
v -4.586666666667e-01 0.000000000000e+00 -6.933333333333e-01
v -4.160000000000e-01 0.000000000000e+00 -6.720000000000e-01
v -3.733333333333e-01 0.000000000000e+00 -7.146666666667e-01
v -3.946666666667e-01 0.000000000000e+00 -6.933333333333e-01
f 5453 5450 5454
f 5454 5450 5449
f 5454 5449 5446
f 5446 5449 5456
f 5446 5456 5445
f 5445 5456 5448
f 5445 5448 5444
f 5444 5448 5464
f 5444 5464 5462
f 5462 5464 5465
f 5462 5465 5472
f 5472 5465 5466
f 5472 5466 5419
f 5419 5466 5428
f 5419 5428 5418
f 5418 5428 5415
f 5418 5415 5417
f 5417 5415 5420
f 5417 5420 5416
f 5416 5420 5421
f 5416 5421 5423
f 5423 5421 5436
f 5423 5436 5429
f 5429 5436 5437
f 5429 5437 5432
f 5432 5437 5434
f 5432 5434 5726
f 5726 5434 5725
f 5726 5725 5727
f 5727 5725 5721
f 5727 5721 5728
f 5728 5721 5724
f 5728 5724 5748
f 5748 5724 5758
f 5748 5758 5749
f 5749 5758 5755
f 5749 5755 5752
f 5752 5755 5760
f 5752 5760 5751
f 5751 5760 5750
f 5751 5750 5753
f 5753 5750 5747
f 5753 5747 5756
f 5756 5747 5589
f 5756 5589 5591
f 5591 5589 5578
f 5591 5578 5588
f 5588 5578 5590
f 5588 5590 4933
f 4933 5590 4932
f 4933 4932 4934
f 4934 4932 4931
f 4934 4931 4935
f 4935 4931 4930
f 4935 4930 4922
f 4922 4930 4929
f 4922 4929 4925
f 4925 4929 4928
f 4925 4928 4923
f 4923 4928 4915
f 4923 4915 4920
f 4920 4915 4914
f 4920 4914 4907
f 4907 4914 4913
f 4907 4913 4955
f 4955 4913 4961
f 4955 4961 4964
f 4964 4961 4965
f 4964 4965 4952
f 4952 4965 4958
f 4952 4958 4975
f 4975 4958 4973
f 4975 4973 4979
f 4979 4973 4972
f 4979 4972 4977
f 4977 4972 4971
f 4977 4971 4967
f 4967 4971 4970
f 4967 4970 4966
f 4966 4970 4969
f 4966 4969 4712
f 4712 4969 4706
f 4712 4706 4713
f 4713 4706 4711
f 4713 4711 4726
f 4726 4711 4722
f 4726 4722 4725
f 4725 4722 4720
f 4725 4720 4724
f 4724 4720 4727
f 4724 4727 4723
f 4723 4727 4844
f 4723 4844 4834
f 4834 4844 4845
f 4834 4845 4841
f 4841 4845 4846
f 4841 4846 4842
f 4842 4846 4833
f 4842 4833 4843
f 4843 4833 4825
f 4843 4825 4823
f 4823 4825 4826
f 4823 4826 4824
f 4824 4826 4828
f 4824 4828 543
f 543 4828 547
f 543 547 544
f 544 547 553
f 544 553 545
f 545 553 551
f 545 551 548
f 548 551 554
f 548 554 619
f 619 554 623
f 619 623 625
f 625 623 630
f 625 630 616
f 616 630 629
f 616 629 624
f 624 629 594
f 624 594 592
f 592 594 595
f 592 595 593
f 593 595 596
f 593 596 591
f 591 596 208
f 591 208 204
f 204 208 199
f 204 199 212
f 212 199 218
f 212 218 211
f 211 218 215
f 211 215 210
f 210 215 216
f 210 216 224
f 224 216 182
f 224 182 190
f 190 182 183
f 190 183 189
f 189 183 184
f 189 184 188
f 188 184 290
f 188 290 284
f 284 290 294
f 284 294 291
f 291 294 298
f 291 298 292
f 292 298 288
f 292 288 286
f 286 288 285
f 5450 5458 5449
f 5449 5458 5457
f 5449 5457 5456
f 5456 5457 5447
f 5456 5447 5448
f 5448 5447 5463
f 5448 5463 5464
f 5464 5463 5460
f 5464 5460 5465
f 5465 5460 5469
f 5465 5469 5466
f 5466 5469 5468
f 5466 5468 5428
f 5428 5468 5424
f 5428 5424 5415
f 5415 5424 5425
f 5415 5425 5420
f 5420 5425 5426
f 5420 5426 5421
f 5421 5426 5435
f 5421 5435 5436
f 5436 5435 5430
f 5436 5430 5437
f 5437 5430 5431
f 5437 5431 5434
f 5434 5431 5717
f 5434 5717 5725
f 5725 5717 5720
f 5725 5720 5721
f 5721 5720 5716
f 5721 5716 5724
f 5724 5716 5723
f 5724 5723 5758
f 5758 5723 5759
f 5758 5759 5755
f 5755 5759 5746
f 5755 5746 5760
f 5760 5746 5754
f 5760 5754 5750
f 5750 5754 5757
f 5750 5757 5747
f 5747 5757 5582
f 5747 5582 5589
f 5589 5582 5584
f 5589 5584 5578
f 5578 5584 5592
f 5578 5592 5590
f 5590 5592 5583
f 5590 5583 4932
f 4932 5583 4927
f 4932 4927 4931
f 4931 4927 4926
f 4931 4926 4930
f 4930 4926 4921
f 4930 4921 4929
f 4929 4921 4924
f 4929 4924 4928
f 4928 4924 4911
f 4928 4911 4915
f 4915 4911 4906
f 4915 4906 4914
f 4914 4906 4916
f 4914 4916 4913
f 4913 4916 4917
f 4913 4917 4961
f 4961 4917 4957
f 4961 4957 4965
f 4965 4957 4956
f 4965 4956 4958
f 4958 4956 4951
f 4958 4951 4973
f 4973 4951 4974
f 4973 4974 4972
f 4972 4974 4978
f 4972 4978 4971
f 4971 4978 4968
f 4971 4968 4970
f 4970 4968 4976
f 4970 4976 4969
f 4969 4976 4704
f 4969 4704 4706
f 4706 4704 4702
f 4706 4702 4711
f 4711 4702 4703
f 4711 4703 4722
f 4722 4703 4715
f 4722 4715 4720
f 4720 4715 4716
f 4720 4716 4727
f 4727 4716 4721
f 4727 4721 4844
f 4844 4721 4837
f 4844 4837 4845
f 4845 4837 4836
f 4845 4836 4846
f 4846 4836 4840
f 4846 4840 4833
f 4833 4840 4827
f 4833 4827 4825
f 4825 4827 4818
f 4825 4818 4826
f 4826 4818 4820
f 4826 4820 4828
f 4828 4820 4829
f 4828 4829 547
f 547 4829 552
f 547 552 553
f 553 552 546
f 553 546 551
f 551 546 550
f 551 550 554
f 554 550 626
f 554 626 623
f 623 626 622
f 623 622 630
f 630 622 621
f 630 621 629
f 629 621 620
f 629 620 594
f 594 620 590
f 594 590 595
f 595 590 589
f 595 589 596
f 596 589 586
f 596 586 208
f 208 586 196
f 208 196 199
f 199 196 200
f 199 200 218
f 218 200 222
f 218 222 215
f 215 222 223
f 215 223 216
f 216 223 213
f 216 213 182
f 182 213 185
f 182 185 183
f 183 185 186
f 183 186 184
f 184 186 187
f 184 187 290
f 290 187 297
f 290 297 294
f 294 297 296
f 294 296 298
f 298 296 295
f 298 295 288
f 288 295 289
f 288 289 285
f 285 289 293
f 5458 5455 5457
f 5457 5455 5451
f 5457 5451 5447
f 5447 5451 5467
f 5447 5467 5463
f 5463 5467 5461
f 5463 5461 5460
f 5460 5461 5459
f 5460 5459 5469
f 5469 5459 5471
f 5469 5471 5468
f 5468 5471 5470
f 5468 5470 5424
f 5424 5470 5427
f 5424 5427 5425
f 5425 5427 5422
f 5425 5422 5426
f 5426 5422 5443
f 5426 5443 5435
f 5435 5443 5442
f 5435 5442 5430
f 5430 5442 5441
f 5430 5441 5431
f 5431 5441 5440
f 5431 5440 5717
f 5717 5440 5722
f 5717 5722 5720
f 5720 5722 5719
f 5720 5719 5716
f 5716 5719 5729
f 5716 5729 5723
f 5723 5729 5718
f 5723 5718 5759
f 5759 5718 5772
f 5759 5772 5746
f 5746 5772 5761
f 5746 5761 5754
f 5754 5761 5762
f 5754 5762 5757
f 5757 5762 5771
f 5757 5771 5582
f 5582 5771 5579
f 5582 5579 5584
f 5584 5579 5585
f 5584 5585 5592
f 5592 5585 5586
f 5592 5586 5583
f 5583 5586 5587
f 5583 5587 4927
f 4927 5587 4936
f 4927 4936 4926
f 4926 4936 4937
f 4926 4937 4921
f 4921 4937 4938
f 4921 4938 4924
f 4924 4938 4940
f 4924 4940 4911
f 4911 4940 4908
f 4911 4908 4906
f 4906 4908 4912
f 4906 4912 4916
f 4916 4912 4910
f 4916 4910 4917
f 4917 4910 4959
f 4917 4959 4957
f 4957 4959 4962
f 4957 4962 4956
f 4956 4962 4963
f 4956 4963 4951
f 4951 4963 4985
f 4951 4985 4974
f 4974 4985 4986
f 4974 4986 4978
f 4978 4986 4987
f 4978 4987 4968
f 4968 4987 4980
f 4968 4980 4976
f 4976 4980 4710
f 4976 4710 4704
f 4704 4710 4701
f 4704 4701 4702
f 4702 4701 4700
f 4702 4700 4703
f 4703 4700 4699
f 4703 4699 4715
f 4715 4699 4714
f 4715 4714 4716
f 4716 4714 4719
f 4716 4719 4721
f 4721 4719 4838
f 4721 4838 4837
f 4837 4838 4839
f 4837 4839 4836
f 4836 4839 4832
f 4836 4832 4840
f 4840 4832 4861
f 4840 4861 4827
f 4827 4861 4860
f 4827 4860 4818
f 4818 4860 4831
f 4818 4831 4820
f 4820 4831 4819
f 4820 4819 4829
f 4829 4819 4830
f 4829 4830 552
f 552 4830 541
f 552 541 546
f 546 541 542
f 546 542 550
f 550 542 549
f 550 549 626
f 626 549 618
f 626 618 622
f 622 618 617
f 622 617 621
f 621 617 628
f 621 628 620
f 620 628 627
f 620 627 590
f 590 627 588
f 590 588 589
f 589 588 587
f 589 587 586
f 586 587 197
f 586 197 196
f 196 197 198
f 196 198 200
f 200 198 202
f 200 202 222
f 222 202 220
f 222 220 223
f 223 220 221
f 223 221 213
f 213 221 214
f 213 214 185
f 185 214 181
f 185 181 186
f 186 181 195
f 186 195 187
f 187 195 194
f 187 194 297
f 297 194 311
f 297 311 296
f 296 311 313
f 296 313 295
f 295 313 314
f 295 314 289
f 289 314 287
f 289 287 293
f 293 287 282
f 5455 5452 5451
f 5451 5452 5488
f 5451 5488 5467
f 5467 5488 5479
f 5467 5479 5461
f 5461 5479 5478
f 5461 5478 5459
f 5459 5478 5477
f 5459 5477 5471
f 5471 5477 5476
f 5471 5476 5470
f 5470 5476 5410
f 5470 5410 5427
f 5427 5410 5403
f 5427 5403 5422
f 5422 5403 5414
f 5422 5414 5443
f 5443 5414 5439
f 5443 5439 5442
f 5442 5439 5438
f 5442 5438 5441
f 5441 5438 5433
f 5441 5433 5440
f 5440 5433 5735
f 5440 5735 5722
f 5722 5735 5745
f 5722 5745 5719
f 5719 5745 5737
f 5719 5737 5729
f 5729 5737 5736
f 5729 5736 5718
f 5718 5736 5766
f 5718 5766 5772
f 5772 5766 5765
f 5772 5765 5761
f 5761 5765 5764
f 5761 5764 5762
f 5762 5764 5763
f 5762 5763 5771
f 5771 5763 5775
f 5771 5775 5579
f 5579 5775 5581
f 5579 5581 5585
f 5585 5581 5580
f 5585 5580 5586
f 5586 5580 5606
f 5586 5606 5587
f 5587 5606 5593
f 5587 5593 4936
f 4936 5593 4939
f 4936 4939 4937
f 4937 4939 4947
f 4937 4947 4938
f 4938 4947 4946
f 4938 4946 4940
f 4940 4946 4944
f 4940 4944 4908
f 4908 4944 4909
f 4908 4909 4912
f 4912 4909 4918
f 4912 4918 4910
f 4910 4918 4919
f 4910 4919 4959
f 4959 4919 4960
f 4959 4960 4962
f 4962 4960 4954
f 4962 4954 4963
f 4963 4954 4994
f 4963 4994 4985
f 4985 4994 4993
f 4985 4993 4986
f 4986 4993 4992
f 4986 4992 4987
f 4987 4992 4991
f 4987 4991 4980
f 4980 4991 4981
f 4980 4981 4710
f 4710 4981 4707
f 4710 4707 4701
f 4701 4707 4708
f 4701 4708 4700
f 4700 4708 4709
f 4700 4709 4699
f 4699 4709 4705
f 4699 4705 4714
f 4714 4705 4718
f 4714 4718 4719
f 4719 4718 4717
f 4719 4717 4838
f 4838 4717 4835
f 4838 4835 4839
f 4839 4835 4851
f 4839 4851 4832
f 4832 4851 4849
f 4832 4849 4861
f 4861 4849 4852
f 4861 4852 4860
f 4860 4852 4853
f 4860 4853 4831
f 4831 4853 4822
f 4831 4822 4819
f 4819 4822 4821
f 4819 4821 4830
f 4830 4821 558
f 4830 558 541
f 541 558 565
f 541 565 542
f 542 565 556
f 542 556 549
f 549 556 557
f 549 557 618
f 618 557 610
f 618 610 617
f 617 610 601
f 617 601 628
f 628 601 612
f 628 612 627
f 627 612 611
f 627 611 588
f 588 611 597
f 588 597 587
f 587 597 598
f 587 598 197
f 197 598 207
f 197 207 198
f 198 207 203
f 198 203 202
f 202 203 201
f 202 201 220
f 220 201 217
f 220 217 221
f 221 217 219
f 221 219 214
f 214 219 193
f 214 193 181
f 181 193 192
f 181 192 195
f 195 192 191
f 195 191 194
f 194 191 310
f 194 310 311
f 311 310 309
f 311 309 313
f 313 309 308
f 313 308 314
f 314 308 299
f 314 299 287
f 287 299 279
f 287 279 282
f 282 279 280
f 5452 5473 5488
f 5488 5473 5480
f 5488 5480 5479
f 5479 5480 5481
f 5479 5481 5478
f 5478 5481 5487
f 5478 5487 5477
f 5477 5487 5475
f 5477 5475 5476
f 5476 5475 5486
f 5476 5486 5410
f 5410 5486 5402
f 5410 5402 5403
f 5403 5402 5401
f 5403 5401 5414
f 5414 5401 5413
f 5414 5413 5439
f 5439 5413 5412
f 5439 5412 5438
f 5438 5412 5400
f 5438 5400 5433
f 5433 5400 5744
f 5433 5744 5735
f 5735 5744 5743
f 5735 5743 5745
f 5745 5743 5742
f 5745 5742 5737
f 5737 5742 5739
f 5737 5739 5736
f 5736 5739 5738
f 5736 5738 5766
f 5766 5738 5773
f 5766 5773 5765
f 5765 5773 5770
f 5765 5770 5764
f 5764 5770 5767
f 5764 5767 5763
f 5763 5767 5776
f 5763 5776 5775
f 5775 5776 5610
f 5775 5610 5581
f 5581 5610 5611
f 5581 5611 5580
f 5580 5611 5600
f 5580 5600 5606
f 5606 5600 5599
f 5606 5599 5593
f 5593 5599 5598
f 5593 5598 4939
f 4939 5598 4941
f 4939 4941 4947
f 4947 4941 4942
f 4947 4942 4946
f 4946 4942 4950
f 4946 4950 4944
f 4944 4950 4943
f 4944 4943 4909
f 4909 4943 4881
f 4909 4881 4918
f 4918 4881 4882
f 4918 4882 4919
f 4919 4882 4883
f 4919 4883 4960
f 4960 4883 4953
f 4960 4953 4954
f 4954 4953 5019
f 4954 5019 4994
f 4994 5019 5018
f 4994 5018 4993
f 4993 5018 4989
f 4993 4989 4992
f 4992 4989 4984
f 4992 4984 4991
f 4991 4984 4988
f 4991 4988 4981
f 4981 4988 4990
f 4981 4990 4707
f 4707 4990 4686
f 4707 4686 4708
f 4708 4686 4692
f 4708 4692 4709
f 4709 4692 4687
f 4709 4687 4705
f 4705 4687 4685
f 4705 4685 4718
f 4718 4685 4730
f 4718 4730 4717
f 4717 4730 4743
f 4717 4743 4835
f 4835 4743 4854
f 4835 4854 4851
f 4851 4854 4850
f 4851 4850 4849
f 4849 4850 4857
f 4849 4857 4852
f 4852 4857 4848
f 4852 4848 4853
f 4853 4848 4772
f 4853 4772 4822
f 4822 4772 4773
f 4822 4773 4821
f 4821 4773 555
f 4821 555 558
f 558 555 559
f 558 559 565
f 565 559 561
f 565 561 556
f 556 561 566
f 556 566 557
f 557 566 615
f 557 615 610
f 610 615 614
f 610 614 601
f 601 614 604
f 601 604 612
f 612 604 603
f 612 603 611
f 611 603 602
f 611 602 597
f 597 602 600
f 597 600 598
f 598 600 599
f 598 599 207
f 207 599 209
f 207 209 203
f 203 209 205
f 203 205 201
f 201 205 206
f 201 206 217
f 217 206 242
f 217 242 219
f 219 242 243
f 219 243 193
f 193 243 244
f 193 244 192
f 192 244 245
f 192 245 191
f 191 245 307
f 191 307 310
f 310 307 304
f 310 304 309
f 309 304 306
f 309 306 308
f 308 306 305
f 308 305 299
f 299 305 283
f 299 283 279
f 279 283 270
f 279 270 280
f 280 270 274
f 5473 5474 5480
f 5480 5474 5485
f 5480 5485 5481
f 5481 5485 5484
f 5481 5484 5487
f 5487 5484 5483
f 5487 5483 5475
f 5475 5483 5482
f 5475 5482 5486
f 5486 5482 5406
f 5486 5406 5402
f 5402 5406 5405
f 5402 5405 5401
f 5401 5405 5407
f 5401 5407 5413
f 5413 5407 5409
f 5413 5409 5412
f 5412 5409 5411
f 5412 5411 5400
f 5400 5411 5731
f 5400 5731 5744
f 5744 5731 5732
f 5744 5732 5743
f 5743 5732 5733
f 5743 5733 5742
f 5742 5733 5730
f 5742 5730 5739
f 5739 5730 5734
f 5739 5734 5738
f 5738 5734 5741
f 5738 5741 5773
f 5773 5741 5768
f 5773 5768 5770
f 5770 5768 5769
f 5770 5769 5767
f 5767 5769 5774
f 5767 5774 5776
f 5776 5774 5623
f 5776 5623 5610
f 5610 5623 5614
f 5610 5614 5611
f 5611 5614 5618
f 5611 5618 5600
f 5600 5618 5604
f 5600 5604 5599
f 5599 5604 5603
f 5599 5603 5598
f 5598 5603 5602
f 5598 5602 4941
f 4941 5602 4945
f 4941 4945 4942
f 4942 4945 4948
f 4942 4948 4950
f 4950 4948 4949
f 4950 4949 4943
f 4943 4949 4891
f 4943 4891 4881
f 4881 4891 4878
f 4881 4878 4882
f 4882 4878 4877
f 4882 4877 4883
f 4883 4877 4884
f 4883 4884 4953
f 4953 4884 5017
f 4953 5017 5019
f 5019 5017 5016
f 5019 5016 5018
f 5018 5016 5015
f 5018 5015 4989
f 4989 5015 5014
f 4989 5014 4984
f 4984 5014 4982
f 4984 4982 4988
f 4988 4982 4983
f 4988 4983 4990
f 4990 4983 4695
f 4990 4695 4686
f 4686 4695 4694
f 4686 4694 4692
f 4692 4694 4693
f 4692 4693 4687
f 4687 4693 4697
f 4687 4697 4685
f 4685 4697 4731
f 4685 4731 4730
f 4730 4731 4732
f 4730 4732 4743
f 4743 4732 4733
f 4743 4733 4854
f 4854 4733 4855
f 4854 4855 4850
f 4850 4855 4858
f 4850 4858 4857
f 4857 4858 4847
f 4857 4847 4848
f 4848 4847 4776
f 4848 4776 4772
f 4772 4776 4781
f 4772 4781 4773
f 4773 4781 4782
f 4773 4782 555
f 555 4782 564
f 555 564 559
f 559 564 562
f 559 562 561
f 561 562 567
f 561 567 566
f 566 567 560
f 566 560 615
f 615 560 613
f 615 613 614
f 614 613 605
f 614 605 604
f 604 605 607
f 604 607 603
f 603 607 606
f 603 606 602
f 602 606 631
f 602 631 600
f 600 631 635
f 600 635 599
f 599 635 637
f 599 637 209
f 209 637 261
f 209 261 205
f 205 261 262
f 205 262 206
f 206 262 260
f 206 260 242
f 242 260 246
f 242 246 243
f 243 246 250
f 243 250 244
f 244 250 249
f 244 249 245
f 245 249 248
f 245 248 307
f 307 248 312
f 307 312 304
f 304 312 301
f 304 301 306
f 306 301 300
f 306 300 305
f 305 300 275
f 305 275 283
f 283 275 276
f 283 276 270
f 270 276 277
f 270 277 274
f 274 277 278
f 5474 5512 5485
f 5485 5512 5513
f 5485 5513 5484
f 5484 5513 5514
f 5484 5514 5483
f 5483 5514 5515
f 5483 5515 5482
f 5482 5515 5517
f 5482 5517 5406
f 5406 5517 5408
f 5406 5408 5405
f 5405 5408 5404
f 5405 5404 5407
f 5407 5404 5571
f 5407 5571 5409
f 5409 5571 5570
f 5409 5570 5411
f 5411 5570 5569
f 5411 5569 5731
f 5731 5569 5740
f 5731 5740 5732
f 5732 5740 5691
f 5732 5691 5733
f 5733 5691 5699
f 5733 5699 5730
f 5730 5699 5695
f 5730 5695 5734
f 5734 5695 5715
f 5734 5715 5741
f 5741 5715 5701
f 5741 5701 5768
f 5768 5701 5709
f 5768 5709 5769
f 5769 5709 5712
f 5769 5712 5774
f 5774 5712 5619
f 5774 5619 5623
f 5623 5619 5620
f 5623 5620 5614
f 5614 5620 5615
f 5614 5615 5618
f 5618 5615 5613
f 5618 5613 5604
f 5604 5613 5595
f 5604 5595 5603
f 5603 5595 5596
f 5603 5596 5602
f 5602 5596 5597
f 5602 5597 4945
f 4945 5597 5601
f 4945 5601 4948
f 4948 5601 4904
f 4948 4904 4949
f 4949 4904 4892
f 4949 4892 4891
f 4891 4892 4880
f 4891 4880 4878
f 4878 4880 4879
f 4878 4879 4877
f 4877 4879 4886
f 4877 4886 4884
f 4884 4886 4885
f 4884 4885 5017
f 5017 4885 5020
f 5017 5020 5016
f 5016 5020 5021
f 5016 5021 5015
f 5015 5021 5022
f 5015 5022 5014
f 5014 5022 5011
f 5014 5011 4982
f 4982 5011 5012
f 4982 5012 4983
f 4983 5012 4696
f 4983 4696 4695
f 4695 4696 4691
f 4695 4691 4694
f 4694 4691 4690
f 4694 4690 4693
f 4693 4690 4688
f 4693 4688 4697
f 4697 4688 4734
f 4697 4734 4731
f 4731 4734 4735
f 4731 4735 4732
f 4732 4735 4736
f 4732 4736 4733
f 4733 4736 4737
f 4733 4737 4855
f 4855 4737 4859
f 4855 4859 4858
f 4858 4859 4856
f 4858 4856 4847
f 4847 4856 4785
f 4847 4785 4776
f 4776 4785 4786
f 4776 4786 4781
f 4781 4786 4787
f 4781 4787 4782
f 4782 4787 4774
f 4782 4774 564
f 564 4774 568
f 564 568 562
f 562 568 569
f 562 569 567
f 567 569 563
f 567 563 560
f 560 563 581
f 560 581 613
f 613 581 609
f 613 609 605
f 605 609 608
f 605 608 607
f 607 608 701
f 607 701 606
f 606 701 702
f 606 702 631
f 631 702 643
f 631 643 635
f 635 643 644
f 635 644 637
f 637 644 640
f 637 640 261
f 261 640 269
f 261 269 262
f 262 269 263
f 262 263 260
f 260 263 264
f 260 264 246
f 246 264 247
f 246 247 250
f 250 247 253
f 250 253 249
f 249 253 254
f 249 254 248
f 248 254 342
f 248 342 312
f 312 342 302
f 312 302 301
f 301 302 303
f 301 303 300
f 300 303 281
f 300 281 275
f 275 281 271
f 275 271 276
f 276 271 272
f 276 272 277
f 277 272 273
f 277 273 278
f 278 273 326
f 5512 5516 5513
f 5513 5516 5518
f 5513 5518 5514
f 5514 5518 5506
f 5514 5506 5515
f 5515 5506 5508
f 5515 5508 5517
f 5517 5508 5509
f 5517 5509 5408
f 5408 5509 5568
f 5408 5568 5404
f 5404 5568 5567
f 5404 5567 5571
f 5571 5567 5566
f 5571 5566 5570
f 5570 5566 5565
f 5570 5565 5569
f 5569 5565 5564
f 5569 5564 5740
f 5740 5564 5685
f 5740 5685 5691
f 5691 5685 5696
f 5691 5696 5699
f 5699 5696 5686
f 5699 5686 5695
f 5695 5686 5687
f 5695 5687 5715
f 5715 5687 5705
f 5715 5705 5701
f 5701 5705 5706
f 5701 5706 5709
f 5709 5706 5713
f 5709 5713 5712
f 5712 5713 5707
f 5712 5707 5619
f 5619 5707 5617
f 5619 5617 5620
f 5620 5617 5612
f 5620 5612 5615
f 5615 5612 5616
f 5615 5616 5613
f 5613 5616 5608
f 5613 5608 5595
f 5595 5608 5605
f 5595 5605 5596
f 5596 5605 5594
f 5596 5594 5597
f 5597 5594 5607
f 5597 5607 5601
f 5601 5607 4902
f 5601 4902 4904
f 4904 4902 4903
f 4904 4903 4892
f 4892 4903 4897
f 4892 4897 4880
f 4880 4897 4888
f 4880 4888 4879
f 4879 4888 4889
f 4879 4889 4886
f 4886 4889 4890
f 4886 4890 4885
f 4885 4890 4887
f 4885 4887 5020
f 5020 4887 5039
f 5020 5039 5021
f 5021 5039 5031
f 5021 5031 5022
f 5022 5031 5023
f 5022 5023 5011
f 5011 5023 5024
f 5011 5024 5012
f 5012 5024 5025
f 5012 5025 4696
f 4696 5025 4689
f 4696 4689 4691
f 4691 4689 4684
f 4691 4684 4690
f 4690 4684 4750
f 4690 4750 4688
f 4688 4750 4748
f 4688 4748 4734
f 4734 4748 4739
f 4734 4739 4735
f 4735 4739 4740
f 4735 4740 4736
f 4736 4740 4741
f 4736 4741 4737
f 4737 4741 4742
f 4737 4742 4859
f 4859 4742 4804
f 4859 4804 4856
f 4856 4804 4803
f 4856 4803 4785
f 4785 4803 4784
f 4785 4784 4786
f 4786 4784 4779
f 4786 4779 4787
f 4787 4779 4775
f 4787 4775 4774
f 4774 4775 4777
f 4774 4777 568
f 568 4777 585
f 568 585 569
f 569 585 572
f 569 572 563
f 563 572 574
f 563 574 581
f 581 574 583
f 581 583 609
f 609 583 570
f 609 570 608
f 608 570 697
f 608 697 701
f 701 697 696
f 701 696 702
f 702 696 692
f 702 692 643
f 643 692 642
f 643 642 644
f 644 642 641
f 644 641 640
f 640 641 645
f 640 645 269
f 269 645 258
f 269 258 263
f 263 258 257
f 263 257 264
f 264 257 266
f 264 266 247
f 247 266 241
f 247 241 253
f 253 241 240
f 253 240 254
f 254 240 330
f 254 330 342
f 342 330 337
f 342 337 302
f 302 337 340
f 302 340 303
f 303 340 341
f 303 341 281
f 281 341 331
f 281 331 271
f 271 331 336
f 271 336 272
f 272 336 327
f 272 327 273
f 273 327 328
f 273 328 326
f 326 328 325
f 5516 5507 5518
f 5518 5507 5505
f 5518 5505 5506
f 5506 5505 5510
f 5506 5510 5508
f 5508 5510 5511
f 5508 5511 5509
f 5509 5511 5577
f 5509 5577 5568
f 5568 5577 5576
f 5568 5576 5567
f 5567 5576 5575
f 5567 5575 5566
f 5566 5575 5574
f 5566 5574 5565
f 5565 5574 5553
f 5565 5553 5564
f 5564 5553 5550
f 5564 5550 5685
f 5685 5550 5688
f 5685 5688 5696
f 5696 5688 5689
f 5696 5689 5686
f 5686 5689 5697
f 5686 5697 5687
f 5687 5697 5704
f 5687 5704 5705
f 5705 5704 5702
f 5705 5702 5706
f 5706 5702 5714
f 5706 5714 5713
f 5713 5714 5703
f 5713 5703 5707
f 5707 5703 5635
f 5707 5635 5617
f 5617 5635 5621
f 5617 5621 5612
f 5612 5621 5622
f 5612 5622 5616
f 5616 5622 5609
f 5616 5609 5608
f 5608 5609 5664
f 5608 5664 5605
f 5605 5664 5659
f 5605 5659 5594
f 5594 5659 5658
f 5594 5658 5607
f 5607 5658 5667
f 5607 5667 4902
f 4902 5667 4896
f 4902 4896 4903
f 4903 4896 4899
f 4903 4899 4897
f 4897 4899 4898
f 4897 4898 4888
f 4888 4898 4901
f 4888 4901 4889
f 4889 4901 4873
f 4889 4873 4890
f 4890 4873 4874
f 4890 4874 4887
f 4887 4874 5033
f 4887 5033 5039
f 5039 5033 5027
f 5039 5027 5031
f 5031 5027 5028
f 5031 5028 5023
f 5023 5028 5030
f 5023 5030 5024
f 5024 5030 5013
f 5024 5013 5025
f 5025 5013 5005
f 5025 5005 4689
f 4689 5005 4698
f 4689 4698 4684
f 4684 4698 4757
f 4684 4757 4750
f 4750 4757 4752
f 4750 4752 4748
f 4748 4752 4753
f 4748 4753 4739
f 4739 4753 4738
f 4739 4738 4740
f 4740 4738 4728
f 4740 4728 4741
f 4741 4728 4729
f 4741 4729 4742
f 4742 4729 4817
f 4742 4817 4804
f 4804 4817 4816
f 4804 4816 4803
f 4803 4816 4815
f 4803 4815 4784
f 4784 4815 4783
f 4784 4783 4779
f 4779 4783 4780
f 4779 4780 4775
f 4775 4780 4778
f 4775 4778 4777
f 4777 4778 584
f 4777 584 585
f 585 584 582
f 585 582 572
f 572 582 575
f 572 575 574
f 574 575 571
f 574 571 583
f 583 571 580
f 583 580 570
f 570 580 691
f 570 691 697
f 697 691 705
f 697 705 696
f 696 705 704
f 696 704 692
f 692 704 703
f 692 703 642
f 642 703 636
f 642 636 641
f 641 636 638
f 641 638 645
f 645 638 639
f 645 639 258
f 258 639 256
f 258 256 257
f 257 256 255
f 257 255 266
f 266 255 268
f 266 268 241
f 241 268 251
f 241 251 240
f 240 251 252
f 240 252 330
f 330 252 344
f 330 344 337
f 337 344 332
f 337 332 340
f 340 332 333
f 340 333 341
f 341 333 334
f 341 334 331
f 331 334 335
f 331 335 336
f 336 335 324
f 336 324 327
f 327 324 319
f 327 319 328
f 328 319 317
f 328 317 325
f 325 317 321
f 5507 5504 5505
f 5505 5504 5530
f 5505 5530 5510
f 5510 5530 5531
f 5510 5531 5511
f 5511 5531 5532
f 5511 5532 5577
f 5577 5532 5573
f 5577 5573 5576
f 5576 5573 5572
f 5576 5572 5575
f 5575 5572 5552
f 5575 5552 5574
f 5574 5552 5549
f 5574 5549 5553
f 5553 5549 5548
f 5553 5548 5550
f 5550 5548 5560
f 5550 5560 5688
f 5688 5560 5694
f 5688 5694 5689
f 5689 5694 5693
f 5689 5693 5697
f 5697 5693 5692
f 5697 5692 5704
f 5704 5692 5711
f 5704 5711 5702
f 5702 5711 5710
f 5702 5710 5714
f 5714 5710 5708
f 5714 5708 5703
f 5703 5708 5629
f 5703 5629 5635
f 5635 5629 5630
f 5635 5630 5621
f 5621 5630 5631
f 5621 5631 5622
f 5622 5631 5634
f 5622 5634 5609
f 5609 5634 5636
f 5609 5636 5664
f 5664 5636 5661
f 5664 5661 5659
f 5659 5661 5662
f 5659 5662 5658
f 5658 5662 5663
f 5658 5663 5667
f 5667 5663 5656
f 5667 5656 4896
f 4896 5656 4894
f 4896 4894 4899
f 4899 4894 4895
f 4899 4895 4898
f 4898 4895 4900
f 4898 4900 4901
f 4901 4900 4871
f 4901 4871 4873
f 4873 4871 4862
f 4873 4862 4874
f 4874 4862 4875
f 4874 4875 5033
f 5033 4875 5032
f 5033 5032 5027
f 5027 5032 5034
f 5027 5034 5028
f 5028 5034 5035
f 5028 5035 5030
f 5030 5035 5036
f 5030 5036 5013
f 5013 5036 5002
f 5013 5002 5005
f 5005 5002 5003
f 5005 5003 4698
f 4698 5003 4756
f 4698 4756 4757
f 4757 4756 4749
f 4757 4749 4752
f 4752 4749 4751
f 4752 4751 4753
f 4753 4751 4765
f 4753 4765 4738
f 4738 4765 4764
f 4738 4764 4728
f 4728 4764 4763
f 4728 4763 4729
f 4729 4763 4814
f 4729 4814 4817
f 4817 4814 4813
f 4817 4813 4816
f 4816 4813 4812
f 4816 4812 4815
f 4815 4812 4811
f 4815 4811 4783
f 4783 4811 4791
f 4783 4791 4780
f 4780 4791 4790
f 4780 4790 4778
f 4778 4790 4789
f 4778 4789 584
f 584 4789 573
f 584 573 582
f 582 573 577
f 582 577 575
f 575 577 576
f 575 576 571
f 571 576 676
f 571 676 580
f 580 676 690
f 580 690 691
f 691 690 698
f 691 698 705
f 705 698 699
f 705 699 704
f 704 699 700
f 704 700 703
f 703 700 693
f 703 693 636
f 636 693 632
f 636 632 638
f 638 632 634
f 638 634 639
f 639 634 633
f 639 633 256
f 256 633 259
f 256 259 255
f 255 259 267
f 255 267 268
f 268 267 237
f 268 237 251
f 251 237 236
f 251 236 252
f 252 236 225
f 252 225 344
f 344 225 343
f 344 343 332
f 332 343 339
f 332 339 333
f 333 339 338
f 333 338 334
f 334 338 351
f 334 351 335
f 335 351 349
f 335 349 324
f 324 349 315
f 324 315 319
f 319 315 316
f 319 316 317
f 317 316 318
f 317 318 321
f 321 318 329
f 5504 5519 5530
f 5530 5519 5525
f 5530 5525 5531
f 5531 5525 5526
f 5531 5526 5532
f 5532 5526 5529
f 5532 5529 5573
f 5573 5529 5563
f 5573 5563 5572
f 5572 5563 5556
f 5572 5556 5552
f 5552 5556 5557
f 5552 5557 5549
f 5549 5557 5562
f 5549 5562 5548
f 5548 5562 5558
f 5548 5558 5560
f 5560 5558 5559
f 5560 5559 5694
f 5694 5559 5690
f 5694 5690 5693
f 5693 5690 5700
f 5693 5700 5692
f 5692 5700 5678
f 5692 5678 5711
f 5711 5678 5681
f 5711 5681 5710
f 5710 5681 5679
f 5710 5679 5708
f 5708 5679 5680
f 5708 5680 5629
f 5629 5680 5627
f 5629 5627 5630
f 5630 5627 5626
f 5630 5626 5631
f 5631 5626 5638
f 5631 5638 5634
f 5634 5638 5637
f 5634 5637 5636
f 5636 5637 5641
f 5636 5641 5661
f 5661 5641 5655
f 5661 5655 5662
f 5662 5655 5654
f 5662 5654 5663
f 5663 5654 5666
f 5663 5666 5656
f 5656 5666 5665
f 5656 5665 4894
f 4894 5665 4905
f 4894 4905 4895
f 4895 4905 4893
f 4895 4893 4900
f 4900 4893 4868
f 4900 4868 4871
f 4871 4868 4869
f 4871 4869 4862
f 4862 4869 4866
f 4862 4866 4875
f 4875 4866 4863
f 4875 4863 5032
f 5032 4863 5038
f 5032 5038 5034
f 5034 5038 5037
f 5034 5037 5035
f 5035 5037 5029
f 5035 5029 5036
f 5036 5029 5000
f 5036 5000 5002
f 5002 5000 4999
f 5002 4999 5003
f 5003 4999 4995
f 5003 4995 4756
f 4756 4995 4745
f 4756 4745 4749
f 4749 4745 4744
f 4749 4744 4751
f 4751 4744 4760
f 4751 4760 4765
f 4765 4760 4767
f 4765 4767 4764
f 4764 4767 4770
f 4764 4770 4763
f 4763 4770 4769
f 4763 4769 4814
f 4814 4769 4810
f 4814 4810 4813
f 4813 4810 4809
f 4813 4809 4812
f 4812 4809 4808
f 4812 4808 4811
f 4811 4808 4795
f 4811 4795 4791
f 4791 4795 4801
f 4791 4801 4790
f 4790 4801 4800
f 4790 4800 4789
f 4789 4800 4802
f 4789 4802 573
f 573 4802 578
f 573 578 577
f 577 578 579
f 577 579 576
f 576 579 685
f 576 685 676
f 676 685 677
f 676 677 690
f 690 677 684
f 690 684 698
f 698 684 715
f 698 715 699
f 699 715 716
f 699 716 700
f 700 716 694
f 700 694 693
f 693 694 695
f 693 695 632
f 632 695 668
f 632 668 634
f 634 668 666
f 634 666 633
f 633 666 667
f 633 667 259
f 259 667 265
f 259 265 267
f 267 265 238
f 267 238 237
f 237 238 239
f 237 239 236
f 236 239 226
f 236 226 225
f 225 226 229
f 225 229 343
f 343 229 355
f 343 355 339
f 339 355 356
f 339 356 338
f 338 356 350
f 338 350 351
f 351 350 345
f 351 345 349
f 349 345 353
f 349 353 315
f 315 353 323
f 315 323 316
f 316 323 322
f 316 322 318
f 318 322 320
f 318 320 329
f 329 320 31
f 5519 5522 5525
f 5525 5522 5523
f 5525 5523 5526
f 5526 5523 5524
f 5526 5524 5529
f 5529 5524 5520
f 5529 5520 5563
f 5563 5520 5551
f 5563 5551 5556
f 5556 5551 5555
f 5556 5555 5557
f 5557 5555 5561
f 5557 5561 5562
f 5562 5561 5544
f 5562 5544 5558
f 5558 5544 5533
f 5558 5533 5559
f 5559 5533 5534
f 5559 5534 5690
f 5690 5534 5698
f 5690 5698 5700
f 5700 5698 5675
f 5700 5675 5678
f 5678 5675 5676
f 5678 5676 5681
f 5681 5676 5674
f 5681 5674 5679
f 5679 5674 5673
f 5679 5673 5680
f 5680 5673 5672
f 5680 5672 5627
f 5627 5672 5625
f 5627 5625 5626
f 5626 5625 5624
f 5626 5624 5638
f 5638 5624 5628
f 5638 5628 5637
f 5637 5628 5650
f 5637 5650 5641
f 5641 5650 5653
f 5641 5653 5655
f 5655 5653 5669
f 5655 5669 5654
f 5654 5669 5668
f 5654 5668 5666
f 5666 5668 5660
f 5666 5660 5665
f 5665 5660 4508
f 5665 4508 4905
f 4905 4508 4509
f 4905 4509 4893
f 4893 4509 4872
f 4893 4872 4868
f 4868 4872 4870
f 4868 4870 4869
f 4869 4870 4864
f 4869 4864 4866
f 4866 4864 4876
f 4866 4876 4863
f 4863 4876 4867
f 4863 4867 5038
f 5038 4867 5026
f 5038 5026 5037
f 5037 5026 5040
f 5037 5040 5029
f 5029 5040 5008
f 5029 5008 5000
f 5000 5008 5007
f 5000 5007 4999
f 4999 5007 5009
f 4999 5009 4995
f 4995 5009 4998
f 4995 4998 4745
f 4745 4998 4747
f 4745 4747 4744
f 4744 4747 4746
f 4744 4746 4760
f 4760 4746 4762
f 4760 4762 4767
f 4767 4762 4761
f 4767 4761 4770
f 4770 4761 4766
f 4770 4766 4769
f 4769 4766 4759
f 4769 4759 4810
f 4810 4759 4807
f 4810 4807 4809
f 4809 4807 4806
f 4809 4806 4808
f 4808 4806 4788
f 4808 4788 4795
f 4795 4788 4792
f 4795 4792 4801
f 4801 4792 4796
f 4801 4796 4800
f 4800 4796 4793
f 4800 4793 4802
f 4802 4793 407
f 4802 407 578
f 578 407 408
f 578 408 579
f 579 408 686
f 579 686 685
f 685 686 687
f 685 687 677
f 677 687 688
f 677 688 684
f 684 688 689
f 684 689 715
f 715 689 706
f 715 706 716
f 716 706 713
f 716 713 694
f 694 713 710
f 694 710 695
f 695 710 674
f 695 674 668
f 668 674 675
f 668 675 666
f 666 675 661
f 666 661 667
f 667 661 662
f 667 662 265
f 265 662 231
f 265 231 238
f 238 231 234
f 238 234 239
f 239 234 232
f 239 232 226
f 226 232 233
f 226 233 229
f 229 233 354
f 229 354 355
f 355 354 352
f 355 352 356
f 356 352 357
f 356 357 350
f 350 357 358
f 350 358 345
f 345 358 346
f 345 346 353
f 353 346 28
f 353 28 323
f 323 28 24
f 323 24 322
f 322 24 23
f 322 23 320
f 320 23 37
f 320 37 31
f 31 37 36
f 5522 5521 5523
f 5523 5521 5528
f 5523 5528 5524
f 5524 5528 5527
f 5524 5527 5520
f 5520 5527 5500
f 5520 5500 5551
f 5551 5500 5554
f 5551 5554 5555
f 5555 5554 5540
f 5555 5540 5561
f 5561 5540 5541
f 5561 5541 5544
f 5544 5541 5545
f 5544 5545 5533
f 5533 5545 5546
f 5533 5546 5534
f 5534 5546 5547
f 5534 5547 5698
f 5698 5547 5677
f 5698 5677 5675
f 5675 5677 5682
f 5675 5682 5676
f 5676 5682 5683
f 5676 5683 5674
f 5674 5683 5684
f 5674 5684 5673
f 5673 5684 5670
f 5673 5670 5672
f 5672 5670 5671
f 5672 5671 5625
f 5625 5671 5632
f 5625 5632 5624
f 5624 5632 5633
f 5624 5633 5628
f 5628 5633 5643
f 5628 5643 5650
f 5650 5643 5644
f 5650 5644 5653
f 5653 5644 5645
f 5653 5645 5669
f 5669 5645 5639
f 5669 5639 5668
f 5668 5639 5657
f 5668 5657 5660
f 5660 5657 4513
f 5660 4513 4508
f 4508 4513 4514
f 4508 4514 4509
f 4509 4514 4515
f 4509 4515 4872
f 4872 4515 4865
f 4872 4865 4870
f 4870 4865 4541
f 4870 4541 4864
f 4864 4541 4536
f 4864 4536 4876
f 4876 4536 4537
f 4876 4537 4867
f 4867 4537 4540
f 4867 4540 5026
f 5026 4540 4587
f 5026 4587 5040
f 5040 4587 4584
f 5040 4584 5008
f 5008 4584 5010
f 5008 5010 5007
f 5007 5010 5004
f 5007 5004 5009
f 5009 5004 4997
f 5009 4997 4998
f 4998 4997 4996
f 4998 4996 4747
f 4747 4996 4755
f 4747 4755 4746
f 4746 4755 4754
f 4746 4754 4762
f 4762 4754 4758
f 4762 4758 4761
f 4761 4758 4771
f 4761 4771 4766
f 4766 4771 4768
f 4766 4768 4759
f 4759 4768 4340
f 4759 4340 4807
f 4807 4340 4805
f 4807 4805 4806
f 4806 4805 4797
f 4806 4797 4788
f 4788 4797 4798
f 4788 4798 4792
f 4792 4798 4799
f 4792 4799 4796
f 4796 4799 4794
f 4796 4794 4793
f 4793 4794 409
f 4793 409 407
f 407 409 410
f 407 410 408
f 408 410 411
f 408 411 686
f 686 411 680
f 686 680 687
f 687 680 679
f 687 679 688
f 688 679 678
f 688 678 689
f 689 678 717
f 689 717 706
f 706 717 718
f 706 718 713
f 713 718 719
f 713 719 710
f 710 719 720
f 710 720 674
f 674 720 665
f 674 665 675
f 675 665 671
f 675 671 661
f 661 671 664
f 661 664 662
f 662 664 663
f 662 663 231
f 231 663 227
f 231 227 234
f 234 227 228
f 234 228 232
f 232 228 230
f 232 230 233
f 233 230 235
f 233 235 354
f 354 235 359
f 354 359 352
f 352 359 360
f 352 360 357
f 357 360 348
f 357 348 358
f 358 348 347
f 358 347 346
f 346 347 19
f 346 19 28
f 28 19 27
f 28 27 24
f 24 27 30
f 24 30 23
f 23 30 29
f 23 29 37
f 37 29 44
f 37 44 36
f 36 44 45
f 5521 5495 5528
f 5528 5495 5499
f 5528 5499 5527
f 5527 5499 5498
f 5527 5498 5500
f 5500 5498 5497
f 5500 5497 5554
f 5554 5497 5539
f 5554 5539 5540
f 5540 5539 5537
f 5540 5537 5541
f 5541 5537 5536
f 5541 5536 5545
f 5545 5536 5535
f 5545 5535 5546
f 5546 5535 5096
f 5546 5096 5547
f 5547 5096 5095
f 5547 5095 5677
f 5677 5095 5104
f 5677 5104 5682
f 5682 5104 5102
f 5682 5102 5683
f 5683 5102 5103
f 5683 5103 5684
f 5684 5103 5106
f 5684 5106 5670
f 5670 5106 5264
f 5670 5264 5671
f 5671 5264 5237
f 5671 5237 5632
f 5632 5237 5248
f 5632 5248 5633
f 5633 5248 5245
f 5633 5245 5643
f 5643 5245 5651
f 5643 5651 5644
f 5644 5651 5652
f 5644 5652 5645
f 5645 5652 5649
f 5645 5649 5639
f 5639 5649 5642
f 5639 5642 5657
f 5657 5642 4506
f 5657 4506 4513
f 4513 4506 4505
f 4513 4505 4514
f 4514 4505 4512
f 4514 4512 4515
f 4515 4512 4511
f 4515 4511 4865
f 4865 4511 4547
f 4865 4547 4541
f 4541 4547 4545
f 4541 4545 4536
f 4536 4545 4543
f 4536 4543 4537
f 4537 4543 4535
f 4537 4535 4540
f 4540 4535 4582
f 4540 4582 4587
f 4587 4582 4581
f 4587 4581 4584
f 4584 4581 4580
f 4584 4580 5010
f 5010 4580 4579
f 5010 4579 5004
f 5004 4579 5001
f 5004 5001 4997
f 4997 5001 5006
f 4997 5006 4996
f 4996 5006 4360
f 4996 4360 4755
f 4755 4360 4361
f 4755 4361 4754
f 4754 4361 4362
f 4754 4362 4758
f 4758 4362 4336
f 4758 4336 4771
f 4771 4336 4337
f 4771 4337 4768
f 4768 4337 4338
f 4768 4338 4340
f 4340 4338 4339
f 4340 4339 4805
f 4805 4339 4398
f 4805 4398 4797
f 4797 4398 4387
f 4797 4387 4798
f 4798 4387 4388
f 4798 4388 4799
f 4799 4388 4386
f 4799 4386 4794
f 4794 4386 412
f 4794 412 409
f 409 412 413
f 409 413 410
f 410 413 406
f 410 406 411
f 411 406 414
f 411 414 680
f 680 414 683
f 680 683 679
f 679 683 682
f 679 682 678
f 678 682 681
f 678 681 717
f 717 681 707
f 717 707 718
f 718 707 708
f 718 708 719
f 719 708 709
f 719 709 720
f 720 709 656
f 720 656 665
f 665 656 672
f 665 672 671
f 671 672 673
f 671 673 664
f 664 673 669
f 664 669 663
f 663 669 670
f 663 670 227
f 227 670 91
f 227 91 228
f 228 91 94
f 228 94 230
f 230 94 98
f 230 98 235
f 235 98 96
f 235 96 359
f 359 96 54
f 359 54 360
f 360 54 55
f 360 55 348
f 348 55 56
f 348 56 347
f 347 56 57
f 347 57 19
f 19 57 18
f 19 18 27
f 27 18 16
f 27 16 30
f 30 16 17
f 30 17 29
f 29 17 42
f 29 42 44
f 44 42 41
f 44 41 45
f 45 41 40
f 5495 5494 5499
f 5499 5494 5493
f 5499 5493 5498
f 5498 5493 5492
f 5498 5492 5497
f 5497 5492 5491
f 5497 5491 5539
f 5539 5491 5542
f 5539 5542 5537
f 5537 5542 5543
f 5537 5543 5536
f 5536 5543 5538
f 5536 5538 5535
f 5535 5538 5092
f 5535 5092 5096
f 5096 5092 5091
f 5096 5091 5095
f 5095 5091 5093
f 5095 5093 5104
f 5104 5093 5110
f 5104 5110 5102
f 5102 5110 5111
f 5102 5111 5103
f 5103 5111 5101
f 5103 5101 5106
f 5106 5101 5250
f 5106 5250 5264
f 5264 5250 5252
f 5264 5252 5237
f 5237 5252 5239
f 5237 5239 5248
f 5248 5239 5241
f 5248 5241 5245
f 5245 5241 5238
f 5245 5238 5651
f 5651 5238 5640
f 5651 5640 5652
f 5652 5640 5648
f 5652 5648 5649
f 5649 5648 5647
f 5649 5647 5642
f 5642 5647 5646
f 5642 5646 4506
f 4506 5646 4518
f 4506 4518 4505
f 4505 4518 4517
f 4505 4517 4512
f 4512 4517 4516
f 4512 4516 4511
f 4511 4516 4530
f 4511 4530 4547
f 4547 4530 4542
f 4547 4542 4545
f 4545 4542 4544
f 4545 4544 4543
f 4543 4544 4548
f 4543 4548 4535
f 4535 4548 4549
f 4535 4549 4582
f 4582 4549 4590
f 4582 4590 4581
f 4581 4590 4589
f 4581 4589 4580
f 4580 4589 4588
f 4580 4588 4579
f 4579 4588 4586
f 4579 4586 5001
f 5001 4586 4592
f 5001 4592 5006
f 5006 4592 4367
f 5006 4367 4360
f 4360 4367 4370
f 4360 4370 4361
f 4361 4370 4369
f 4361 4369 4362
f 4362 4369 4363
f 4362 4363 4336
f 4336 4363 4328
f 4336 4328 4337
f 4337 4328 4341
f 4337 4341 4338
f 4338 4341 4327
f 4338 4327 4339
f 4339 4327 4334
f 4339 4334 4398
f 4398 4334 4399
f 4398 4399 4387
f 4387 4399 4389
f 4387 4389 4388
f 4388 4389 4395
f 4388 4395 4386
f 4386 4395 4385
f 4386 4385 412
f 412 4385 415
f 412 415 413
f 413 415 416
f 413 416 406
f 406 416 417
f 406 417 414
f 414 417 421
f 414 421 683
f 683 421 426
f 683 426 682
f 682 426 425
f 682 425 681
f 681 425 424
f 681 424 707
f 707 424 714
f 707 714 708
f 708 714 711
f 708 711 709
f 709 711 647
f 709 647 656
f 656 647 648
f 656 648 672
f 672 648 649
f 672 649 673
f 673 649 650
f 673 650 669
f 669 650 651
f 669 651 670
f 670 651 99
f 670 99 91
f 91 99 92
f 91 92 94
f 94 92 93
f 94 93 98
f 98 93 102
f 98 102 96
f 96 102 58
f 96 58 54
f 54 58 59
f 54 59 55
f 55 59 60
f 55 60 56
f 56 60 48
f 56 48 57
f 57 48 49
f 57 49 18
f 18 49 21
f 18 21 16
f 16 21 26
f 16 26 17
f 17 26 20
f 17 20 42
f 42 20 33
f 42 33 41
f 41 33 32
f 41 32 40
f 40 32 43
f 5494 5501 5493
f 5493 5501 5489
f 5493 5489 5492
f 5492 5489 5503
f 5492 5503 5491
f 5491 5503 5062
f 5491 5062 5542
f 5542 5062 5056
f 5542 5056 5543
f 5543 5056 5060
f 5543 5060 5538
f 5538 5060 5088
f 5538 5088 5092
f 5092 5088 5087
f 5092 5087 5091
f 5091 5087 5086
f 5091 5086 5093
f 5093 5086 5099
f 5093 5099 5110
f 5110 5099 5108
f 5110 5108 5111
f 5111 5108 5109
f 5111 5109 5101
f 5101 5109 5255
f 5101 5255 5250
f 5250 5255 5254
f 5250 5254 5252
f 5252 5254 5253
f 5252 5253 5239
f 5239 5253 5236
f 5239 5236 5241
f 5241 5236 5244
f 5241 5244 5238
f 5238 5244 5249
f 5238 5249 5640
f 5640 5249 5294
f 5640 5294 5648
f 5648 5294 5283
f 5648 5283 5647
f 5647 5283 5285
f 5647 5285 5646
f 5646 5285 5286
f 5646 5286 4518
f 4518 5286 4507
f 4518 4507 4517
f 4517 4507 4510
f 4517 4510 4516
f 4516 4510 4531
f 4516 4531 4530
f 4530 4531 4532
f 4530 4532 4542
f 4542 4532 4539
f 4542 4539 4544
f 4544 4539 4546
f 4544 4546 4548
f 4548 4546 4538
f 4548 4538 4549
f 4549 4538 4560
f 4549 4560 4590
f 4590 4560 4591
f 4590 4591 4589
f 4589 4591 4583
f 4589 4583 4588
f 4588 4583 4593
f 4588 4593 4586
f 4586 4593 4585
f 4586 4585 4592
f 4592 4585 4565
f 4592 4565 4367
f 4367 4565 4368
f 4367 4368 4370
f 4370 4368 4366
f 4370 4366 4369
f 4369 4366 4364
f 4369 4364 4363
f 4363 4364 4365
f 4363 4365 4328
f 4328 4365 4331
f 4328 4331 4341
f 4341 4331 4329
f 4341 4329 4327
f 4327 4329 4330
f 4327 4330 4334
f 4334 4330 4414
f 4334 4414 4399
f 4399 4414 4397
f 4399 4397 4389
f 4389 4397 4396
f 4389 4396 4395
f 4395 4396 4391
f 4395 4391 4385
f 4385 4391 4390
f 4385 4390 415
f 415 4390 418
f 415 418 416
f 416 418 419
f 416 419 417
f 417 419 420
f 417 420 421
f 421 420 434
f 421 434 426
f 426 434 435
f 426 435 425
f 425 435 422
f 425 422 424
f 424 422 427
f 424 427 714
f 714 427 721
f 714 721 711
f 711 721 712
f 711 712 647
f 647 712 655
f 647 655 648
f 648 655 654
f 648 654 649
f 649 654 653
f 649 653 650
f 650 653 646
f 650 646 651
f 651 646 652
f 651 652 99
f 99 652 101
f 99 101 92
f 92 101 97
f 92 97 93
f 93 97 100
f 93 100 102
f 102 100 95
f 102 95 58
f 58 95 46
f 58 46 59
f 59 46 53
f 59 53 60
f 60 53 47
f 60 47 48
f 48 47 81
f 48 81 49
f 49 81 82
f 49 82 21
f 21 82 25
f 21 25 26
f 26 25 22
f 26 22 20
f 20 22 35
f 20 35 33
f 33 35 39
f 33 39 32
f 32 39 38
f 32 38 43
f 43 38 34
f 5501 5496 5489
f 5489 5496 5502
f 5489 5502 5503
f 5503 5502 5066
f 5503 5066 5062
f 5062 5066 5067
f 5062 5067 5056
f 5056 5067 5068
f 5056 5068 5060
f 5060 5068 5069
f 5060 5069 5088
f 5088 5069 5100
f 5088 5100 5087
f 5087 5100 5097
f 5087 5097 5086
f 5086 5097 5098
f 5086 5098 5099
f 5099 5098 5115
f 5099 5115 5108
f 5108 5115 5107
f 5108 5107 5109
f 5109 5107 5105
f 5109 5105 5255
f 5255 5105 5251
f 5255 5251 5254
f 5254 5251 5256
f 5254 5256 5253
f 5253 5256 5257
f 5253 5257 5236
f 5236 5257 5240
f 5236 5240 5244
f 5244 5240 5235
f 5244 5235 5249
f 5249 5235 5288
f 5249 5288 5294
f 5294 5288 5280
f 5294 5280 5283
f 5283 5280 5289
f 5283 5289 5285
f 5285 5289 5287
f 5285 5287 5286
f 5286 5287 5298
f 5286 5298 4507
f 4507 5298 4519
f 4507 4519 4510
f 4510 4519 4529
f 4510 4529 4531
f 4531 4529 4533
f 4531 4533 4532
f 4532 4533 4534
f 4532 4534 4539
f 4539 4534 4520
f 4539 4520 4546
f 4546 4520 4522
f 4546 4522 4538
f 4538 4522 4552
f 4538 4552 4560
f 4560 4552 4553
f 4560 4553 4591
f 4591 4553 4551
f 4591 4551 4583
f 4583 4551 4571
f 4583 4571 4593
f 4593 4571 4569
f 4593 4569 4585
f 4585 4569 4568
f 4585 4568 4565
f 4565 4568 4570
f 4565 4570 4368
f 4368 4570 4359
f 4368 4359 4366
f 4366 4359 4358
f 4366 4358 4364
f 4364 4358 4357
f 4364 4357 4365
f 4365 4357 4343
f 4365 4343 4331
f 4331 4343 4333
f 4331 4333 4329
f 4329 4333 4332
f 4329 4332 4330
f 4330 4332 4405
f 4330 4405 4414
f 4414 4405 4409
f 4414 4409 4397
f 4397 4409 4407
f 4397 4407 4396
f 4396 4407 4392
f 4396 4392 4391
f 4391 4392 4394
f 4391 4394 4390
f 4390 4394 445
f 4390 445 418
f 418 445 446
f 418 446 419
f 419 446 447
f 419 447 420
f 420 447 448
f 420 448 434
f 434 448 433
f 434 433 435
f 435 433 431
f 435 431 422
f 422 431 432
f 422 432 427
f 427 432 496
f 427 496 721
f 721 496 487
f 721 487 712
f 712 487 486
f 712 486 655
f 655 486 660
f 655 660 654
f 654 660 659
f 654 659 653
f 653 659 658
f 653 658 646
f 646 658 657
f 646 657 652
f 652 657 103
f 652 103 101
f 101 103 104
f 101 104 97
f 97 104 105
f 97 105 100
f 100 105 129
f 100 129 95
f 95 129 132
f 95 132 46
f 46 132 52
f 46 52 53
f 53 52 51
f 53 51 47
f 47 51 88
f 47 88 81
f 81 88 83
f 81 83 82
f 82 83 86
f 82 86 25
f 25 86 76
f 25 76 22
f 22 76 12
f 22 12 35
f 35 12 11
f 35 11 39
f 39 11 10
f 39 10 38
f 38 10 7
f 38 7 34
f 34 7 6
f 5496 5490 5502
f 5502 5490 5084
f 5502 5084 5066
f 5066 5084 5070
f 5066 5070 5067
f 5067 5070 5058
f 5067 5058 5068
f 5068 5058 5057
f 5068 5057 5069
f 5069 5057 5059
f 5069 5059 5100
f 5100 5059 5089
f 5100 5089 5097
f 5097 5089 5090
f 5097 5090 5098
f 5098 5090 5112
f 5098 5112 5115
f 5115 5112 5114
f 5115 5114 5107
f 5107 5114 5113
f 5107 5113 5105
f 5105 5113 5258
f 5105 5258 5251
f 5251 5258 5259
f 5251 5259 5256
f 5256 5259 5260
f 5256 5260 5257
f 5257 5260 5246
f 5257 5246 5240
f 5240 5246 5247
f 5240 5247 5235
f 5235 5247 5293
f 5235 5293 5288
f 5288 5293 5291
f 5288 5291 5280
f 5280 5291 5290
f 5280 5290 5289
f 5289 5290 5292
f 5289 5292 5287
f 5287 5292 5299
f 5287 5299 5298
f 5298 5299 5300
f 5298 5300 4519
f 4519 5300 4528
f 4519 4528 4529
f 4529 4528 4527
f 4529 4527 4533
f 4533 4527 4526
f 4533 4526 4534
f 4534 4526 4525
f 4534 4525 4520
f 4520 4525 4524
f 4520 4524 4522
f 4522 4524 4523
f 4522 4523 4552
f 4552 4523 4550
f 4552 4550 4553
f 4553 4550 4554
f 4553 4554 4551
f 4551 4554 4556
f 4551 4556 4571
f 4571 4556 4575
f 4571 4575 4569
f 4569 4575 4574
f 4569 4574 4568
f 4568 4574 4578
f 4568 4578 4570
f 4570 4578 4576
f 4570 4576 4359
f 4359 4576 4342
f 4359 4342 4358
f 4358 4342 4344
f 4358 4344 4357
f 4357 4344 4345
f 4357 4345 4343
f 4343 4345 4347
f 4343 4347 4333
f 4333 4347 4335
f 4333 4335 4332
f 4332 4335 4379
f 4332 4379 4405
f 4405 4379 4400
f 4405 4400 4409
f 4409 4400 4411
f 4409 4411 4407
f 4407 4411 4412
f 4407 4412 4392
f 4392 4412 4393
f 4392 4393 4394
f 4394 4393 439
f 4394 439 445
f 445 439 440
f 445 440 446
f 446 440 441
f 446 441 447
f 447 441 437
f 447 437 448
f 448 437 442
f 448 442 433
f 433 442 428
f 433 428 431
f 431 428 429
f 431 429 432
f 432 429 488
f 432 488 496
f 496 488 493
f 496 493 487
f 487 493 494
f 487 494 486
f 486 494 482
f 486 482 660
f 660 482 459
f 660 459 659
f 659 459 460
f 659 460 658
f 658 460 118
f 658 118 657
f 657 118 106
f 657 106 103
f 103 106 107
f 103 107 104
f 104 107 108
f 104 108 105
f 105 108 121
f 105 121 129
f 129 121 122
f 129 122 132
f 132 122 123
f 132 123 52
f 52 123 50
f 52 50 51
f 51 50 78
f 51 78 88
f 88 78 87
f 88 87 83
f 83 87 85
f 83 85 86
f 86 85 77
f 86 77 76
f 76 77 14
f 76 14 12
f 12 14 2
f 12 2 11
f 11 2 3
f 11 3 10
f 10 3 1
f 10 1 7
f 7 1 5
f 7 5 6
f 6 5 839
f 5490 5079 5084
f 5084 5079 5075
f 5084 5075 5070
f 5070 5075 5074
f 5070 5074 5058
f 5058 5074 5065
f 5058 5065 5057
f 5057 5065 5064
f 5057 5064 5059
f 5059 5064 5063
f 5059 5063 5089
f 5089 5063 5094
f 5089 5094 5090
f 5090 5094 5124
f 5090 5124 5112
f 5112 5124 5123
f 5112 5123 5114
f 5114 5123 5122
f 5114 5122 5113
f 5113 5122 5121
f 5113 5121 5258
f 5258 5121 5261
f 5258 5261 5259
f 5259 5261 5263
f 5259 5263 5260
f 5260 5263 5262
f 5260 5262 5246
f 5246 5262 5242
f 5246 5242 5247
f 5247 5242 5243
f 5247 5243 5293
f 5293 5243 5284
f 5293 5284 5291
f 5291 5284 5282
f 5291 5282 5290
f 5290 5282 5281
f 5290 5281 5292
f 5292 5281 5301
f 5292 5301 5299
f 5299 5301 5302
f 5299 5302 5300
f 5300 5302 5303
f 5300 5303 4528
f 4528 5303 4679
f 4528 4679 4527
f 4527 4679 4680
f 4527 4680 4526
f 4526 4680 4673
f 4526 4673 4525
f 4525 4673 4682
f 4525 4682 4524
f 4524 4682 4521
f 4524 4521 4523
f 4523 4521 4561
f 4523 4561 4550
f 4550 4561 4562
f 4550 4562 4554
f 4554 4562 4563
f 4554 4563 4556
f 4556 4563 4564
f 4556 4564 4575
f 4575 4564 4567
f 4575 4567 4574
f 4574 4567 4573
f 4574 4573 4578
f 4578 4573 4566
f 4578 4566 4576
f 4576 4566 4355
f 4576 4355 4342
f 4342 4355 4356
f 4342 4356 4344
f 4344 4356 4348
f 4344 4348 4345
f 4345 4348 4351
f 4345 4351 4347
f 4347 4351 4350
f 4347 4350 4335
f 4335 4350 4372
f 4335 4372 4379
f 4379 4372 4373
f 4379 4373 4400
f 4400 4373 4413
f 4400 4413 4411
f 4411 4413 4402
f 4411 4402 4412
f 4412 4402 4404
f 4412 4404 4393
f 4393 4404 449
f 4393 449 439
f 439 449 438
f 439 438 440
f 440 438 443
f 440 443 441
f 441 443 450
f 441 450 437
f 437 450 444
f 437 444 442
f 442 444 423
f 442 423 428
f 428 423 430
f 428 430 429
f 429 430 490
f 429 490 488
f 488 490 491
f 488 491 493
f 493 491 489
f 493 489 494
f 494 489 484
f 494 484 482
f 482 484 464
f 482 464 459
f 459 464 455
f 459 455 460
f 460 455 457
f 460 457 118
f 118 457 114
f 118 114 106
f 106 114 115
f 106 115 107
f 107 115 116
f 107 116 108
f 108 116 117
f 108 117 121
f 121 117 128
f 121 128 122
f 122 128 126
f 122 126 123
f 123 126 124
f 123 124 50
f 50 124 90
f 50 90 78
f 78 90 79
f 78 79 87
f 87 79 89
f 87 89 85
f 85 89 80
f 85 80 77
f 77 80 84
f 77 84 14
f 14 84 15
f 14 15 2
f 2 15 13
f 2 13 3
f 3 13 9
f 3 9 1
f 1 9 841
f 1 841 5
f 5 841 845
f 5 845 839
f 839 845 846
f 5079 5085 5075
f 5075 5085 5077
f 5075 5077 5074
f 5074 5077 5078
f 5074 5078 5065
f 5065 5078 5061
f 5065 5061 5064
f 5064 5061 5047
f 5064 5047 5063
f 5063 5047 5053
f 5063 5053 5094
f 5094 5053 5129
f 5094 5129 5124
f 5124 5129 5130
f 5124 5130 5123
f 5123 5130 5116
f 5123 5116 5122
f 5122 5116 5117
f 5122 5117 5121
f 5121 5117 5118
f 5121 5118 5261
f 5261 5118 5222
f 5261 5222 5263
f 5263 5222 5229
f 5263 5229 5262
f 5262 5229 5234
f 5262 5234 5242
f 5242 5234 5233
f 5242 5233 5243
f 5243 5233 5277
f 5243 5277 5284
f 5284 5277 5270
f 5284 5270 5282
f 5282 5270 5273
f 5282 5273 5281
f 5281 5273 5304
f 5281 5304 5301
f 5301 5304 5305
f 5301 5305 5302
f 5302 5305 5306
f 5302 5306 5303
f 5303 5306 5307
f 5303 5307 4679
f 4679 5307 4670
f 4679 4670 4680
f 4680 4670 4671
f 4680 4671 4673
f 4673 4671 4669
f 4673 4669 4682
f 4682 4669 4675
f 4682 4675 4521
f 4521 4675 4629
f 4521 4629 4561
f 4561 4629 4557
f 4561 4557 4562
f 4562 4557 4555
f 4562 4555 4563
f 4563 4555 4558
f 4563 4558 4564
f 4564 4558 4559
f 4564 4559 4567
f 4567 4559 4577
f 4567 4577 4573
f 4573 4577 4572
f 4573 4572 4566
f 4566 4572 4349
f 4566 4349 4355
f 4355 4349 4352
f 4355 4352 4356
f 4356 4352 4353
f 4356 4353 4348
f 4348 4353 4354
f 4348 4354 4351
f 4351 4354 4346
f 4351 4346 4350
f 4350 4346 4374
f 4350 4374 4372
f 4372 4374 4375
f 4372 4375 4373
f 4373 4375 4376
f 4373 4376 4413
f 4413 4376 4410
f 4413 4410 4402
f 4402 4410 4403
f 4402 4403 4404
f 4404 4403 4401
f 4404 4401 449
f 449 4401 399
f 449 399 438
f 438 399 402
f 438 402 443
f 443 402 403
f 443 403 450
f 450 403 404
f 450 404 444
f 444 404 390
f 444 390 423
f 423 390 436
f 423 436 430
f 430 436 492
f 430 492 490
f 490 492 485
f 490 485 491
f 491 485 495
f 491 495 489
f 489 495 483
f 489 483 484
f 484 483 452
f 484 452 464
f 464 452 451
f 464 451 455
f 455 451 465
f 455 465 457
f 457 465 454
f 457 454 114
f 114 454 119
f 114 119 115
f 115 119 110
f 115 110 116
f 116 110 109
f 116 109 117
f 117 109 120
f 117 120 128
f 128 120 125
f 128 125 126
f 126 125 135
f 126 135 124
f 124 135 133
f 124 133 90
f 90 133 69
f 90 69 79
f 79 69 70
f 79 70 89
f 89 70 73
f 89 73 80
f 80 73 67
f 80 67 84
f 84 67 68
f 84 68 15
f 15 68 8
f 15 8 13
f 13 8 4
f 13 4 9
f 9 4 838
f 9 838 841
f 841 838 848
f 841 848 845
f 845 848 849
f 845 849 846
f 846 849 850
f 5085 5071 5077
f 5077 5071 5072
f 5077 5072 5078
f 5078 5072 5073
f 5078 5073 5061
f 5061 5073 5044
f 5061 5044 5047
f 5047 5044 5045
f 5047 5045 5053
f 5053 5045 5046
f 5053 5046 5129
f 5129 5046 5119
f 5129 5119 5130
f 5130 5119 5120
f 5130 5120 5116
f 5116 5120 5125
f 5116 5125 5117
f 5117 5125 5126
f 5117 5126 5118
f 5118 5126 5225
f 5118 5225 5222
f 5222 5225 5224
f 5222 5224 5229
f 5229 5224 5223
f 5229 5223 5234
f 5234 5223 5221
f 5234 5221 5233
f 5233 5221 5265
f 5233 5265 5277
f 5277 5265 5274
f 5277 5274 5270
f 5270 5274 5271
f 5270 5271 5273
f 5273 5271 5272
f 5273 5272 5304
f 5304 5272 5308
f 5304 5308 5305
f 5305 5308 5309
f 5305 5309 5306
f 5306 5309 5297
f 5306 5297 5307
f 5307 5297 4678
f 5307 4678 4670
f 4670 4678 4677
f 4670 4677 4671
f 4671 4677 4674
f 4671 4674 4669
f 4669 4674 4672
f 4669 4672 4675
f 4675 4672 4632
f 4675 4632 4629
f 4629 4632 4634
f 4629 4634 4557
f 4557 4634 4633
f 4557 4633 4555
f 4555 4633 4630
f 4555 4630 4558
f 4558 4630 4615
f 4558 4615 4559
f 4559 4615 4616
f 4559 4616 4577
f 4577 4616 4623
f 4577 4623 4572
f 4572 4623 4622
f 4572 4622 4349
f 4349 4622 4428
f 4349 4428 4352
f 4352 4428 4425
f 4352 4425 4353
f 4353 4425 4422
f 4353 4422 4354
f 4354 4422 4424
f 4354 4424 4346
f 4346 4424 4417
f 4346 4417 4374
f 4374 4417 4371
f 4374 4371 4375
f 4375 4371 4377
f 4375 4377 4376
f 4376 4377 4378
f 4376 4378 4410
f 4410 4378 4406
f 4410 4406 4403
f 4403 4406 4408
f 4403 4408 4401
f 4401 4408 397
f 4401 397 399
f 399 397 405
f 399 405 402
f 402 405 391
f 402 391 403
f 403 391 395
f 403 395 404
f 404 395 388
f 404 388 390
f 390 388 387
f 390 387 436
f 436 387 476
f 436 476 492
f 492 476 477
f 492 477 485
f 485 477 478
f 485 478 495
f 495 478 469
f 495 469 483
f 483 469 470
f 483 470 452
f 452 470 462
f 452 462 451
f 451 462 466
f 451 466 465
f 465 466 453
f 465 453 454
f 454 453 456
f 454 456 119
f 119 456 112
f 119 112 110
f 110 112 113
f 110 113 109
f 109 113 111
f 109 111 120
f 120 111 134
f 120 134 125
f 125 134 131
f 125 131 135
f 135 131 130
f 135 130 133
f 133 130 127
f 133 127 69
f 69 127 63
f 69 63 70
f 70 63 62
f 70 62 73
f 73 62 61
f 73 61 67
f 67 61 66
f 67 66 68
f 68 66 729
f 68 729 8
f 8 729 837
f 8 837 4
f 4 837 829
f 4 829 838
f 838 829 844
f 838 844 848
f 848 844 851
f 848 851 849
f 849 851 847
f 849 847 850
f 850 847 852
f 5071 5076 5072
f 5072 5076 5083
f 5072 5083 5073
f 5073 5083 5051
f 5073 5051 5044
f 5044 5051 5041
f 5044 5041 5045
f 5045 5041 5042
f 5045 5042 5046
f 5046 5042 5043
f 5046 5043 5119
f 5119 5043 5128
f 5119 5128 5120
f 5120 5128 5127
f 5120 5127 5125
f 5125 5127 5187
f 5125 5187 5126
f 5126 5187 5182
f 5126 5182 5225
f 5225 5182 5220
f 5225 5220 5224
f 5224 5220 5226
f 5224 5226 5223
f 5223 5226 5227
f 5223 5227 5221
f 5221 5227 5228
f 5221 5228 5265
f 5265 5228 5269
f 5265 5269 5274
f 5274 5269 5268
f 5274 5268 5271
f 5271 5268 5267
f 5271 5267 5272
f 5272 5267 5266
f 5272 5266 5308
f 5308 5266 5295
f 5308 5295 5309
f 5309 5295 5296
f 5309 5296 5297
f 5297 5296 4681
f 5297 4681 4678
f 4678 4681 4676
f 4678 4676 4677
f 4677 4676 4683
f 4677 4683 4674
f 4674 4683 4668
f 4674 4668 4672
f 4672 4668 4625
f 4672 4625 4632
f 4632 4625 4638
f 4632 4638 4634
f 4634 4638 4631
f 4634 4631 4633
f 4633 4631 4637
f 4633 4637 4630
f 4630 4637 4636
f 4630 4636 4615
f 4615 4636 4620
f 4615 4620 4616
f 4616 4620 4619
f 4616 4619 4623
f 4623 4619 4621
f 4623 4621 4622
f 4622 4621 4455
f 4622 4455 4428
f 4428 4455 4418
f 4428 4418 4425
f 4425 4418 4420
f 4425 4420 4422
f 4422 4420 4416
f 4422 4416 4424
f 4424 4416 4426
f 4424 4426 4417
f 4417 4426 4419
f 4417 4419 4371
f 4371 4419 4380
f 4371 4380 4377
f 4377 4380 4381
f 4377 4381 4378
f 4378 4381 4382
f 4378 4382 4406
f 4406 4382 4504
f 4406 4504 4408
f 4408 4504 4490
f 4408 4490 397
f 397 4490 398
f 397 398 405
f 405 398 394
f 405 394 391
f 391 394 392
f 391 392 395
f 395 392 379
f 395 379 388
f 388 379 377
f 388 377 387
f 387 377 376
f 387 376 476
f 476 376 479
f 476 479 477
f 477 479 480
f 477 480 478
f 478 480 481
f 478 481 469
f 469 481 467
f 469 467 470
f 470 467 468
f 470 468 462
f 462 468 458
f 462 458 466
f 466 458 463
f 466 463 453
f 453 463 461
f 453 461 456
f 456 461 169
f 456 169 112
f 112 169 170
f 112 170 113
f 113 170 164
f 113 164 111
f 111 164 154
f 111 154 134
f 134 154 165
f 134 165 131
f 131 165 141
f 131 141 130
f 130 141 150
f 130 150 127
f 127 150 140
f 127 140 63
f 63 140 74
f 63 74 62
f 62 74 75
f 62 75 61
f 61 75 65
f 61 65 66
f 66 65 725
f 66 725 729
f 729 725 727
f 729 727 837
f 837 727 831
f 837 831 829
f 829 831 830
f 829 830 844
f 844 830 843
f 844 843 851
f 851 843 842
f 851 842 847
f 847 842 840
f 847 840 852
f 852 840 811
f 5076 5081 5083
f 5083 5081 5082
f 5083 5082 5051
f 5051 5082 5052
f 5051 5052 5041
f 5041 5052 5050
f 5041 5050 5042
f 5042 5050 5048
f 5042 5048 5043
f 5043 5048 5049
f 5043 5049 5128
f 5128 5049 5178
f 5128 5178 5127
f 5127 5178 5180
f 5127 5180 5187
f 5187 5180 5181
f 5187 5181 5182
f 5182 5181 5183
f 5182 5183 5220
f 5220 5183 5230
f 5220 5230 5226
f 5226 5230 5231
f 5226 5231 5227
f 5227 5231 5232
f 5227 5232 5228
f 5228 5232 5279
f 5228 5279 5269
f 5269 5279 5278
f 5269 5278 5268
f 5268 5278 5276
f 5268 5276 5267
f 5267 5276 5275
f 5267 5275 5266
f 5266 5275 5317
f 5266 5317 5295
f 5295 5317 5318
f 5295 5318 5296
f 5296 5318 5312
f 5296 5312 4681
f 4681 5312 4664
f 4681 4664 4676
f 4676 4664 4654
f 4676 4654 4683
f 4683 4654 4662
f 4683 4662 4668
f 4668 4662 4661
f 4668 4661 4625
f 4625 4661 4656
f 4625 4656 4638
f 4638 4656 4626
f 4638 4626 4631
f 4631 4626 4624
f 4631 4624 4637
f 4637 4624 4628
f 4637 4628 4636
f 4636 4628 4614
f 4636 4614 4620
f 4620 4614 4613
f 4620 4613 4619
f 4619 4613 4617
f 4619 4617 4621
f 4621 4617 4449
f 4621 4449 4455
f 4455 4449 4448
f 4455 4448 4418
f 4418 4448 4429
f 4418 4429 4420
f 4420 4429 4423
f 4420 4423 4416
f 4416 4423 4415
f 4416 4415 4426
f 4426 4415 4427
f 4426 4427 4419
f 4419 4427 4463
f 4419 4463 4380
f 4380 4463 4383
f 4380 4383 4381
f 4381 4383 4384
f 4381 4384 4382
f 4382 4384 4500
f 4382 4500 4504
f 4504 4500 4496
f 4504 4496 4490
f 4490 4496 4495
f 4490 4495 398
f 398 4495 393
f 398 393 394
f 394 393 396
f 394 396 392
f 392 396 378
f 392 378 379
f 379 378 389
f 379 389 377
f 377 389 382
f 377 382 376
f 376 382 383
f 376 383 479
f 479 383 471
f 479 471 480
f 480 471 474
f 480 474 481
f 481 474 473
f 481 473 467
f 467 473 475
f 467 475 468
f 468 475 509
f 468 509 458
f 458 509 500
f 458 500 463
f 463 500 504
f 463 504 461
f 461 504 176
f 461 176 169
f 169 176 175
f 169 175 170
f 170 175 174
f 170 174 164
f 164 174 155
f 164 155 154
f 154 155 157
f 154 157 165
f 165 157 156
f 165 156 141
f 141 156 147
f 141 147 150
f 150 147 144
f 150 144 140
f 140 144 143
f 140 143 74
f 74 143 71
f 74 71 75
f 75 71 72
f 75 72 65
f 65 72 730
f 65 730 725
f 725 730 734
f 725 734 727
f 727 734 735
f 727 735 831
f 831 735 836
f 831 836 830
f 830 836 835
f 830 835 843
f 843 835 834
f 843 834 842
f 842 834 833
f 842 833 840
f 840 833 810
f 840 810 811
f 811 810 809
f 5081 5080 5082
f 5082 5080 5214
f 5082 5214 5052
f 5052 5214 5212
f 5052 5212 5050
f 5050 5212 5054
f 5050 5054 5048
f 5048 5054 5055
f 5048 5055 5049
f 5049 5055 5195
f 5049 5195 5178
f 5178 5195 5188
f 5178 5188 5180
f 5180 5188 5176
f 5180 5176 5181
f 5181 5176 5190
f 5181 5190 5183
f 5183 5190 5189
f 5183 5189 5230
f 5230 5189 5368
f 5230 5368 5231
f 5231 5368 5369
f 5231 5369 5232
f 5232 5369 5355
f 5232 5355 5279
f 5279 5355 5356
f 5279 5356 5278
f 5278 5356 5357
f 5278 5357 5276
f 5276 5357 5316
f 5276 5316 5275
f 5275 5316 5320
f 5275 5320 5317
f 5317 5320 5319
f 5317 5319 5318
f 5318 5319 5314
f 5318 5314 5312
f 5312 5314 5315
f 5312 5315 4664
f 4664 5315 4659
f 4664 4659 4654
f 4654 4659 4667
f 4654 4667 4662
f 4662 4667 4666
f 4662 4666 4661
f 4661 4666 4665
f 4661 4665 4656
f 4656 4665 4663
f 4656 4663 4626
f 4626 4663 4635
f 4626 4635 4624
f 4624 4635 4627
f 4624 4627 4628
f 4628 4627 4612
f 4628 4612 4614
f 4614 4612 4611
f 4614 4611 4613
f 4613 4611 4610
f 4613 4610 4617
f 4617 4610 4440
f 4617 4440 4449
f 4449 4440 4454
f 4449 4454 4448
f 4448 4454 4445
f 4448 4445 4429
f 4429 4445 4456
f 4429 4456 4423
f 4423 4456 4421
f 4423 4421 4415
f 4415 4421 4464
f 4415 4464 4427
f 4427 4464 4465
f 4427 4465 4463
f 4463 4465 4471
f 4463 4471 4383
f 4383 4471 4477
f 4383 4477 4384
f 4384 4477 4488
f 4384 4488 4500
f 4500 4488 4501
f 4500 4501 4496
f 4496 4501 4494
f 4496 4494 4495
f 4495 4494 4493
f 4495 4493 393
f 393 4493 401
f 393 401 396
f 396 401 400
f 396 400 378
f 378 400 386
f 378 386 389
f 389 386 385
f 389 385 382
f 382 385 384
f 382 384 383
f 383 384 534
f 383 534 471
f 471 534 472
f 471 472 474
f 474 472 523
f 474 523 473
f 473 523 518
f 473 518 475
f 475 518 508
f 475 508 509
f 509 508 503
f 509 503 500
f 500 503 502
f 500 502 504
f 504 502 501
f 504 501 176
f 176 501 179
f 176 179 175
f 175 179 172
f 175 172 174
f 174 172 168
f 174 168 155
f 155 168 159
f 155 159 157
f 157 159 161
f 157 161 156
f 156 161 160
f 156 160 147
f 147 160 142
f 147 142 144
f 144 142 148
f 144 148 143
f 143 148 139
f 143 139 71
f 71 139 64
f 71 64 72
f 72 64 722
f 72 722 730
f 730 722 723
f 730 723 734
f 734 723 724
f 734 724 735
f 735 724 728
f 735 728 836
f 836 728 825
f 836 825 835
f 835 825 832
f 835 832 834
f 834 832 828
f 834 828 833
f 833 828 821
f 833 821 810
f 810 821 820
f 810 820 809
f 809 820 819
f 5080 5219 5214
f 5214 5219 5215
f 5214 5215 5212
f 5212 5215 5206
f 5212 5206 5054
f 5054 5206 5204
f 5054 5204 5055
f 5055 5204 5205
f 5055 5205 5195
f 5195 5205 5199
f 5195 5199 5188
f 5188 5199 5186
f 5188 5186 5176
f 5176 5186 5185
f 5176 5185 5190
f 5190 5185 5184
f 5190 5184 5189
f 5189 5184 5363
f 5189 5363 5368
f 5368 5363 5362
f 5368 5362 5369
f 5369 5362 5361
f 5369 5361 5355
f 5355 5361 5360
f 5355 5360 5356
f 5356 5360 5359
f 5356 5359 5357
f 5357 5359 5358
f 5357 5358 5316
f 5316 5358 5313
f 5316 5313 5320
f 5320 5313 5323
f 5320 5323 5319
f 5319 5323 5324
f 5319 5324 5314
f 5314 5324 5311
f 5314 5311 5315
f 5315 5311 5343
f 5315 5343 4659
f 4659 5343 4660
f 4659 4660 4667
f 4667 4660 4657
f 4667 4657 4666
f 4666 4657 4655
f 4666 4655 4665
f 4665 4655 4658
f 4665 4658 4663
f 4663 4658 4594
f 4663 4594 4635
f 4635 4594 4608
f 4635 4608 4627
f 4627 4608 4607
f 4627 4607 4612
f 4612 4607 4609
f 4612 4609 4611
f 4611 4609 4618
f 4611 4618 4610
f 4610 4618 4441
f 4610 4441 4440
f 4440 4441 4442
f 4440 4442 4454
f 4454 4442 4446
f 4454 4446 4445
f 4445 4446 4453
f 4445 4453 4456
f 4456 4453 4447
f 4456 4447 4421
f 4421 4447 4467
f 4421 4467 4464
f 4464 4467 4472
f 4464 4472 4465
f 4465 4472 4473
f 4465 4473 4471
f 4471 4473 4482
f 4471 4482 4477
f 4477 4482 4483
f 4477 4483 4488
f 4488 4483 4489
f 4488 4489 4501
f 4501 4489 4497
f 4501 4497 4494
f 4494 4497 4498
f 4494 4498 4493
f 4493 4498 4499
f 4493 4499 401
f 401 4499 367
f 401 367 400
f 400 367 366
f 400 366 386
f 386 366 381
f 386 381 385
f 385 381 380
f 385 380 384
f 384 380 531
f 384 531 534
f 534 531 532
f 534 532 472
f 472 532 519
f 472 519 523
f 523 519 525
f 523 525 518
f 518 525 517
f 518 517 508
f 508 517 507
f 508 507 503
f 503 507 506
f 503 506 502
f 502 506 505
f 502 505 501
f 501 505 510
f 501 510 179
f 179 510 178
f 179 178 172
f 172 178 180
f 172 180 168
f 168 180 177
f 168 177 159
f 159 177 162
f 159 162 161
f 161 162 158
f 161 158 160
f 160 158 163
f 160 163 142
f 142 163 146
f 142 146 148
f 148 146 149
f 148 149 139
f 139 149 145
f 139 145 64
f 64 145 755
f 64 755 722
f 722 755 731
f 722 731 723
f 723 731 732
f 723 732 724
f 724 732 726
f 724 726 728
f 728 726 733
f 728 733 825
f 825 733 826
f 825 826 832
f 832 826 827
f 832 827 828
f 828 827 818
f 828 818 821
f 821 818 817
f 821 817 820
f 820 817 816
f 820 816 819
f 819 816 815
f 5219 5210 5215
f 5215 5210 5211
f 5215 5211 5206
f 5206 5211 5191
f 5206 5191 5204
f 5204 5191 5194
f 5204 5194 5205
f 5205 5194 5197
f 5205 5197 5199
f 5199 5197 5198
f 5199 5198 5186
f 5186 5198 5179
f 5186 5179 5185
f 5185 5179 5177
f 5185 5177 5184
f 5184 5177 5163
f 5184 5163 5363
f 5363 5163 5364
f 5363 5364 5362
f 5362 5364 5365
f 5362 5365 5361
f 5361 5365 5366
f 5361 5366 5360
f 5360 5366 5367
f 5360 5367 5359
f 5359 5367 5384
f 5359 5384 5358
f 5358 5384 5375
f 5358 5375 5313
f 5313 5375 5321
f 5313 5321 5323
f 5323 5321 5322
f 5323 5322 5324
f 5324 5322 5310
f 5324 5310 5311
f 5311 5310 5350
f 5311 5350 5343
f 5343 5350 5342
f 5343 5342 4660
f 4660 5342 4650
f 4660 4650 4657
f 4657 4650 4643
f 4657 4643 4655
f 4655 4643 4641
f 4655 4641 4658
f 4658 4641 4606
f 4658 4606 4594
f 4594 4606 4605
f 4594 4605 4608
f 4608 4605 4604
f 4608 4604 4607
f 4607 4604 4603
f 4607 4603 4609
f 4609 4603 4443
f 4609 4443 4618
f 4618 4443 4444
f 4618 4444 4441
f 4441 4444 4430
f 4441 4430 4442
f 4442 4430 4431
f 4442 4431 4446
f 4446 4431 4460
f 4446 4460 4453
f 4453 4460 4450
f 4453 4450 4447
f 4447 4450 4451
f 4447 4451 4467
f 4467 4451 4470
f 4467 4470 4472
f 4472 4470 4469
f 4472 4469 4473
f 4473 4469 4468
f 4473 4468 4482
f 4482 4468 4485
f 4482 4485 4483
f 4483 4485 4484
f 4483 4484 4489
f 4489 4484 4481
f 4489 4481 4497
f 4497 4481 4491
f 4497 4491 4498
f 4498 4491 4492
f 4498 4492 4499
f 4499 4492 365
f 4499 365 367
f 367 365 369
f 367 369 366
f 366 369 368
f 366 368 381
f 381 368 364
f 381 364 380
f 380 364 528
f 380 528 531
f 531 528 527
f 531 527 532
f 532 527 526
f 532 526 519
f 519 526 513
f 519 513 525
f 525 513 512
f 525 512 517
f 517 512 515
f 517 515 507
f 507 515 499
f 507 499 506
f 506 499 498
f 506 498 505
f 505 498 497
f 505 497 510
f 510 497 171
f 510 171 178
f 178 171 167
f 178 167 180
f 180 167 166
f 180 166 177
f 177 166 153
f 177 153 162
f 162 153 152
f 162 152 158
f 158 152 151
f 158 151 163
f 163 151 138
f 163 138 146
f 146 138 137
f 146 137 149
f 149 137 136
f 149 136 145
f 145 136 761
f 145 761 755
f 755 761 762
f 755 762 731
f 731 762 763
f 731 763 732
f 732 763 760
f 732 760 726
f 726 760 750
f 726 750 733
f 733 750 744
f 733 744 826
f 826 744 824
f 826 824 827
f 827 824 814
f 827 814 818
f 818 814 813
f 818 813 817
f 817 813 812
f 817 812 816
f 816 812 823
f 816 823 815
f 815 823 822
f 5210 5217 5211
f 5211 5217 5216
f 5211 5216 5191
f 5191 5216 5202
f 5191 5202 5194
f 5194 5202 5201
f 5194 5201 5197
f 5197 5201 5200
f 5197 5200 5198
f 5198 5200 5192
f 5198 5192 5179
f 5179 5192 5172
f 5179 5172 5177
f 5177 5172 5173
f 5177 5173 5163
f 5163 5173 5174
f 5163 5174 5364
f 5364 5174 5394
f 5364 5394 5365
f 5365 5394 5393
f 5365 5393 5366
f 5366 5393 5387
f 5366 5387 5367
f 5367 5387 5376
f 5367 5376 5384
f 5384 5376 5377
f 5384 5377 5375
f 5375 5377 5378
f 5375 5378 5321
f 5321 5378 5328
f 5321 5328 5322
f 5322 5328 5336
f 5322 5336 5310
f 5310 5336 5337
f 5310 5337 5350
f 5350 5337 5344
f 5350 5344 5342
f 5342 5344 5345
f 5342 5345 4650
f 4650 5345 4642
f 4650 4642 4643
f 4643 4642 4644
f 4643 4644 4641
f 4641 4644 4645
f 4641 4645 4606
f 4606 4645 4602
f 4606 4602 4605
f 4605 4602 4601
f 4605 4601 4604
f 4604 4601 4595
f 4604 4595 4603
f 4603 4595 4600
f 4603 4600 4443
f 4443 4600 4437
f 4443 4437 4444
f 4444 4437 4434
f 4444 4434 4430
f 4430 4434 4435
f 4430 4435 4431
f 4431 4435 4436
f 4431 4436 4460
f 4460 4436 4457
f 4460 4457 4450
f 4450 4457 4452
f 4450 4452 4451
f 4451 4452 4461
f 4451 4461 4470
f 4470 4461 4475
f 4470 4475 4469
f 4469 4475 4466
f 4469 4466 4468
f 4468 4466 4478
f 4468 4478 4485
f 4485 4478 4479
f 4485 4479 4484
f 4484 4479 4476
f 4484 4476 4481
f 4481 4476 4486
f 4481 4486 4491
f 4491 4486 4502
f 4491 4502 4492
f 4492 4502 4503
f 4492 4503 365
f 365 4503 373
f 365 373 369
f 369 373 374
f 369 374 368
f 368 374 375
f 368 375 364
f 364 375 530
f 364 530 528
f 528 530 529
f 528 529 527
f 527 529 540
f 527 540 526
f 526 540 524
f 526 524 513
f 513 524 520
f 513 520 512
f 512 520 521
f 512 521 515
f 515 521 522
f 515 522 499
f 499 522 1142
f 499 1142 498
f 498 1142 1143
f 498 1143 497
f 497 1143 1140
f 497 1140 171
f 171 1140 1136
f 171 1136 167
f 167 1136 173
f 167 173 166
f 166 173 1117
f 166 1117 153
f 153 1117 1111
f 153 1111 152
f 152 1111 1096
f 152 1096 151
f 151 1096 1095
f 151 1095 138
f 138 1095 1094
f 138 1094 137
f 137 1094 758
f 137 758 136
f 136 758 764
f 136 764 761
f 761 764 757
f 761 757 762
f 762 757 751
f 762 751 763
f 763 751 752
f 763 752 760
f 760 752 745
f 760 745 750
f 750 745 746
f 750 746 744
f 744 746 743
f 744 743 824
f 824 743 862
f 824 862 814
f 814 862 864
f 814 864 813
f 813 864 865
f 813 865 812
f 812 865 866
f 812 866 823
f 823 866 883
f 823 883 822
f 822 883 885
f 5217 5208 5216
f 5216 5208 5218
f 5216 5218 5202
f 5202 5218 5203
f 5202 5203 5201
f 5201 5203 5196
f 5201 5196 5200
f 5200 5196 5193
f 5200 5193 5192
f 5192 5193 5166
f 5192 5166 5172
f 5172 5166 5164
f 5172 5164 5173
f 5173 5164 5167
f 5173 5167 5174
f 5174 5167 5161
f 5174 5161 5394
f 5394 5161 5392
f 5394 5392 5393
f 5393 5392 5396
f 5393 5396 5387
f 5387 5396 5397
f 5387 5397 5376
f 5376 5397 5372
f 5376 5372 5377
f 5377 5372 5379
f 5377 5379 5378
f 5378 5379 5370
f 5378 5370 5328
f 5328 5370 5339
f 5328 5339 5336
f 5336 5339 5335
f 5336 5335 5337
f 5337 5335 5338
f 5337 5338 5344
f 5344 5338 5348
f 5344 5348 5345
f 5345 5348 5349
f 5345 5349 4642
f 4642 5349 4646
f 4642 4646 4644
f 4644 4646 4647
f 4644 4647 4645
f 4645 4647 4648
f 4645 4648 4602
f 4602 4648 4599
f 4602 4599 4601
f 4601 4599 4598
f 4601 4598 4595
f 4595 4598 4597
f 4595 4597 4600
f 4600 4597 4596
f 4600 4596 4437
f 4437 4596 4438
f 4437 4438 4434
f 4434 4438 4439
f 4434 4439 4435
f 4435 4439 4432
f 4435 4432 4436
f 4436 4432 4433
f 4436 4433 4457
f 4457 4433 4459
f 4457 4459 4452
f 4452 4459 4458
f 4452 4458 4461
f 4461 4458 4474
f 4461 4474 4475
f 4475 4474 4462
f 4475 4462 4466
f 4466 4462 4487
f 4466 4487 4478
f 4478 4487 4480
f 4478 4480 4479
f 4479 4480 3501
f 4479 3501 4476
f 4476 3501 3509
f 4476 3509 4486
f 4486 3509 3515
f 4486 3515 4502
f 4502 3515 3514
f 4502 3514 4503
f 4503 3514 3493
f 4503 3493 373
f 373 3493 370
f 373 370 374
f 374 370 362
f 374 362 375
f 375 362 363
f 375 363 530
f 530 363 536
f 530 536 529
f 529 536 535
f 529 535 540
f 540 535 533
f 540 533 524
f 524 533 514
f 524 514 520
f 520 514 516
f 520 516 521
f 521 516 511
f 521 511 522
f 522 511 1149
f 522 1149 1142
f 1142 1149 1148
f 1142 1148 1143
f 1143 1148 1146
f 1143 1146 1140
f 1140 1146 1145
f 1140 1145 1136
f 1136 1145 1138
f 1136 1138 173
f 173 1138 1113
f 173 1113 1117
f 1117 1113 1107
f 1117 1107 1111
f 1111 1107 1108
f 1111 1108 1096
f 1096 1108 1092
f 1096 1092 1095
f 1095 1092 1106
f 1095 1106 1094
f 1094 1106 1099
f 1094 1099 758
f 758 1099 753
f 758 753 764
f 764 753 759
f 764 759 757
f 757 759 756
f 757 756 751
f 751 756 754
f 751 754 752
f 752 754 739
f 752 739 745
f 745 739 738
f 745 738 746
f 746 738 737
f 746 737 743
f 743 737 856
f 743 856 862
f 862 856 855
f 862 855 864
f 864 855 854
f 864 854 865
f 865 854 859
f 865 859 866
f 866 859 857
f 866 857 883
f 883 857 895
f 883 895 885
f 885 895 887
f 5208 5207 5218
f 5218 5207 5209
f 5218 5209 5203
f 5203 5209 5141
f 5203 5141 5196
f 5196 5141 5139
f 5196 5139 5193
f 5193 5139 5159
f 5193 5159 5166
f 5166 5159 5155
f 5166 5155 5164
f 5164 5155 5171
f 5164 5171 5167
f 5167 5171 5169
f 5167 5169 5161
f 5161 5169 5165
f 5161 5165 5392
f 5392 5165 5389
f 5392 5389 5396
f 5396 5389 5390
f 5396 5390 5397
f 5397 5390 5391
f 5397 5391 5372
f 5372 5391 5383
f 5372 5383 5379
f 5379 5383 5373
f 5379 5373 5370
f 5370 5373 5374
f 5370 5374 5339
f 5339 5374 5334
f 5339 5334 5335
f 5335 5334 5332
f 5335 5332 5338
f 5338 5332 5333
f 5338 5333 5348
f 5348 5333 5341
f 5348 5341 5349
f 5349 5341 5346
f 5349 5346 4646
f 4646 5346 4649
f 4646 4649 4647
f 4647 4649 4651
f 4647 4651 4648
f 4648 4651 4652
f 4648 4652 4599
f 4599 4652 3418
f 4599 3418 4598
f 4598 3418 3416
f 4598 3416 4597
f 4597 3416 3400
f 4597 3400 4596
f 4596 3400 3401
f 4596 3401 4438
f 4438 3401 3402
f 4438 3402 4439
f 4439 3402 3394
f 4439 3394 4432
f 4432 3394 3396
f 4432 3396 4433
f 4433 3396 3383
f 4433 3383 4459
f 4459 3383 3432
f 4459 3432 4458
f 4458 3432 3431
f 4458 3431 4474
f 4474 3431 3430
f 4474 3430 4462
f 4462 3430 3429
f 4462 3429 4487
f 4487 3429 3428
f 4487 3428 4480
f 4480 3428 3513
f 4480 3513 3501
f 3501 3513 3512
f 3501 3512 3509
f 3509 3512 3511
f 3509 3511 3515
f 3515 3511 3510
f 3515 3510 3514
f 3514 3510 3487
f 3514 3487 3493
f 3493 3487 3498
f 3493 3498 370
f 370 3498 372
f 370 372 362
f 362 372 371
f 362 371 363
f 363 371 361
f 363 361 536
f 536 361 539
f 536 539 535
f 535 539 538
f 535 538 533
f 533 538 537
f 533 537 514
f 514 537 1309
f 514 1309 516
f 516 1309 1310
f 516 1310 511
f 511 1310 1141
f 511 1141 1149
f 1149 1141 1139
f 1149 1139 1148
f 1148 1139 1137
f 1148 1137 1146
f 1146 1137 1144
f 1146 1144 1145
f 1145 1144 1147
f 1145 1147 1138
f 1138 1147 1118
f 1138 1118 1113
f 1113 1118 1119
f 1113 1119 1107
f 1107 1119 1120
f 1107 1120 1108
f 1108 1120 1100
f 1108 1100 1092
f 1092 1100 1102
f 1092 1102 1106
f 1106 1102 1104
f 1106 1104 1099
f 1099 1104 1105
f 1099 1105 753
f 753 1105 780
f 753 780 759
f 759 780 779
f 759 779 756
f 756 779 793
f 756 793 754
f 754 793 749
f 754 749 739
f 739 749 747
f 739 747 738
f 738 747 736
f 738 736 737
f 737 736 748
f 737 748 856
f 856 748 858
f 856 858 855
f 855 858 861
f 855 861 854
f 854 861 863
f 854 863 859
f 859 863 860
f 859 860 857
f 857 860 891
f 857 891 895
f 895 891 884
f 895 884 887
f 887 884 888
f 5207 5213 5209
f 5209 5213 5138
f 5209 5138 5141
f 5141 5138 5137
f 5141 5137 5139
f 5139 5137 5157
f 5139 5157 5159
f 5159 5157 5147
f 5159 5147 5155
f 5155 5147 5148
f 5155 5148 5171
f 5171 5148 5149
f 5171 5149 5169
f 5169 5149 5162
f 5169 5162 5165
f 5165 5162 5170
f 5165 5170 5389
f 5389 5170 5398
f 5389 5398 5390
f 5390 5398 5399
f 5390 5399 5391
f 5391 5399 5386
f 5391 5386 5383
f 5383 5386 5381
f 5383 5381 5373
f 5373 5381 5382
f 5373 5382 5374
f 5374 5382 5327
f 5374 5327 5334
f 5334 5327 5325
f 5334 5325 5332
f 5332 5325 5326
f 5332 5326 5333
f 5333 5326 5354
f 5333 5354 5341
f 5341 5354 5351
f 5341 5351 5346
f 5346 5351 5340
f 5346 5340 4649
f 4649 5340 4653
f 4649 4653 4651
f 4651 4653 4639
f 4651 4639 4652
f 4652 4639 3426
f 4652 3426 3418
f 3418 3426 3422
f 3418 3422 3416
f 3416 3422 3406
f 3416 3406 3400
f 3400 3406 3405
f 3400 3405 3401
f 3401 3405 3404
f 3401 3404 3402
f 3402 3404 3390
f 3402 3390 3394
f 3394 3390 3389
f 3394 3389 3396
f 3396 3389 3387
f 3396 3387 3383
f 3383 3387 3386
f 3383 3386 3432
f 3432 3386 3436
f 3432 3436 3431
f 3431 3436 3435
f 3431 3435 3430
f 3430 3435 3442
f 3430 3442 3429
f 3429 3442 3434
f 3429 3434 3428
f 3428 3434 3505
f 3428 3505 3513
f 3513 3505 3504
f 3513 3504 3512
f 3512 3504 3503
f 3512 3503 3511
f 3511 3503 3502
f 3511 3502 3510
f 3510 3502 3492
f 3510 3492 3487
f 3487 3492 3494
f 3487 3494 3498
f 3498 3494 3490
f 3498 3490 372
f 372 3490 1328
f 372 1328 371
f 371 1328 1324
f 371 1324 361
f 361 1324 1336
f 361 1336 539
f 539 1336 1337
f 539 1337 538
f 538 1337 1334
f 538 1334 537
f 537 1334 1303
f 537 1303 1309
f 1309 1303 1315
f 1309 1315 1310
f 1310 1315 1316
f 1310 1316 1141
f 1141 1316 1150
f 1141 1150 1139
f 1139 1150 1151
f 1139 1151 1137
f 1137 1151 1160
f 1137 1160 1144
f 1144 1160 1159
f 1144 1159 1147
f 1147 1159 1153
f 1147 1153 1118
f 1118 1153 1109
f 1118 1109 1119
f 1119 1109 1110
f 1119 1110 1120
f 1120 1110 1116
f 1120 1116 1100
f 1100 1116 1101
f 1100 1101 1102
f 1102 1101 1093
f 1102 1093 1104
f 1104 1093 1103
f 1104 1103 1105
f 1105 1103 787
f 1105 787 780
f 780 787 788
f 780 788 779
f 779 788 783
f 779 783 793
f 793 783 785
f 793 785 749
f 749 785 742
f 749 742 747
f 747 742 741
f 747 741 736
f 736 741 740
f 736 740 748
f 748 740 768
f 748 768 858
f 858 768 853
f 858 853 861
f 861 853 867
f 861 867 863
f 863 867 874
f 863 874 860
f 860 874 870
f 860 870 891
f 891 870 892
f 891 892 884
f 884 892 894
f 884 894 888
f 888 894 893
f 5213 5140 5138
f 5138 5140 5134
f 5138 5134 5137
f 5137 5134 5142
f 5137 5142 5157
f 5157 5142 5160
f 5157 5160 5147
f 5147 5160 5154
f 5147 5154 5148
f 5148 5154 5153
f 5148 5153 5149
f 5149 5153 5150
f 5149 5150 5162
f 5162 5150 5168
f 5162 5168 5170
f 5170 5168 5175
f 5170 5175 5398
f 5398 5175 5395
f 5398 5395 5399
f 5399 5395 5388
f 5399 5388 5386
f 5386 5388 5385
f 5386 5385 5381
f 5381 5385 5371
f 5381 5371 5382
f 5382 5371 5380
f 5382 5380 5327
f 5327 5380 5329
f 5327 5329 5325
f 5325 5329 5330
f 5325 5330 5326
f 5326 5330 5331
f 5326 5331 5354
f 5354 5331 5352
f 5354 5352 5351
f 5351 5352 5347
f 5351 5347 5340
f 5340 5347 5353
f 5340 5353 4653
f 4653 5353 4640
f 4653 4640 4639
f 4639 4640 3417
f 4639 3417 3426
f 3426 3417 3420
f 3426 3420 3422
f 3422 3420 3415
f 3422 3415 3406
f 3406 3415 3410
f 3406 3410 3405
f 3405 3410 3409
f 3405 3409 3404
f 3404 3409 3407
f 3404 3407 3390
f 3390 3407 3395
f 3390 3395 3389
f 3389 3395 3393
f 3389 3393 3387
f 3387 3393 3392
f 3387 3392 3386
f 3386 3392 3388
f 3386 3388 3436
f 3436 3388 3439
f 3436 3439 3435
f 3435 3439 3438
f 3435 3438 3442
f 3442 3438 3437
f 3442 3437 3434
f 3434 3437 3433
f 3434 3433 3505
f 3505 3433 3507
f 3505 3507 3504
f 3504 3507 3506
f 3504 3506 3503
f 3503 3506 3508
f 3503 3508 3502
f 3502 3508 3495
f 3502 3495 3492
f 3492 3495 3499
f 3492 3499 3494
f 3494 3499 3488
f 3494 3488 3490
f 3490 3488 3489
f 3490 3489 1328
f 1328 3489 1327
f 1328 1327 1324
f 1324 1327 1321
f 1324 1321 1336
f 1336 1321 1338
f 1336 1338 1337
f 1337 1338 1335
f 1337 1335 1334
f 1334 1335 1333
f 1334 1333 1303
f 1303 1333 1306
f 1303 1306 1315
f 1315 1306 1307
f 1315 1307 1316
f 1316 1307 1308
f 1316 1308 1150
f 1150 1308 1165
f 1150 1165 1151
f 1151 1165 1158
f 1151 1158 1160
f 1160 1158 1161
f 1160 1161 1159
f 1159 1161 1162
f 1159 1162 1153
f 1153 1162 1167
f 1153 1167 1109
f 1109 1167 1114
f 1109 1114 1110
f 1110 1114 1115
f 1110 1115 1116
f 1116 1115 1112
f 1116 1112 1101
f 1101 1112 1097
f 1101 1097 1093
f 1093 1097 1098
f 1093 1098 1103
f 1103 1098 1085
f 1103 1085 787
f 787 1085 784
f 787 784 788
f 788 784 786
f 788 786 783
f 783 786 782
f 783 782 785
f 785 782 781
f 785 781 742
f 742 781 765
f 742 765 741
f 741 765 776
f 741 776 740
f 740 776 775
f 740 775 768
f 768 775 766
f 768 766 853
f 853 766 875
f 853 875 867
f 867 875 876
f 867 876 874
f 874 876 871
f 874 871 870
f 870 871 872
f 870 872 892
f 892 872 886
f 892 886 894
f 894 886 889
f 894 889 893
f 893 889 890
f 5140 5133 5134
f 5134 5133 5132
f 5134 5132 5142
f 5142 5132 5143
f 5142 5143 5160
f 5160 5143 5151
f 5160 5151 5154
f 5154 5151 5156
f 5154 5156 5153
f 5153 5156 5158
f 5153 5158 5150
f 5150 5158 3189
f 5150 3189 5168
f 5168 3189 3190
f 5168 3190 5175
f 5175 3190 3204
f 5175 3204 5395
f 5395 3204 3205
f 5395 3205 5388
f 5388 3205 3206
f 5388 3206 5385
f 5385 3206 3207
f 5385 3207 5371
f 5371 3207 3203
f 5371 3203 5380
f 5380 3203 3066
f 5380 3066 5329
f 5329 3066 3065
f 5329 3065 5330
f 5330 3065 3063
f 5330 3063 5331
f 5331 3063 3058
f 5331 3058 5352
f 5352 3058 2980
f 5352 2980 5347
f 5347 2980 2989
f 5347 2989 5353
f 5353 2989 2986
f 5353 2986 4640
f 4640 2986 2981
f 4640 2981 3417
f 3417 2981 3424
f 3417 3424 3420
f 3420 3424 3425
f 3420 3425 3415
f 3415 3425 3427
f 3415 3427 3410
f 3410 3427 3412
f 3410 3412 3409
f 3409 3412 3411
f 3409 3411 3407
f 3407 3411 3403
f 3407 3403 3395
f 3395 3403 3384
f 3395 3384 3393
f 3393 3384 3397
f 3393 3397 3392
f 3392 3397 3391
f 3392 3391 3388
f 3388 3391 3385
f 3388 3385 3439
f 3439 3385 3441
f 3439 3441 3438
f 3438 3441 3440
f 3438 3440 3437
f 3437 3440 3457
f 3437 3457 3433
f 3433 3457 3463
f 3433 3463 3507
f 3507 3463 3483
f 3507 3483 3506
f 3506 3483 3479
f 3506 3479 3508
f 3508 3479 3473
f 3508 3473 3495
f 3495 3473 3497
f 3495 3497 3499
f 3499 3497 3496
f 3499 3496 3488
f 3488 3496 3500
f 3488 3500 3489
f 3489 3500 1323
f 3489 1323 1327
f 1327 1323 1325
f 1327 1325 1321
f 1321 1325 1326
f 1321 1326 1338
f 1338 1326 1339
f 1338 1339 1335
f 1335 1339 1340
f 1335 1340 1333
f 1333 1340 1341
f 1333 1341 1306
f 1306 1341 1312
f 1306 1312 1307
f 1307 1312 1313
f 1307 1313 1308
f 1308 1313 1314
f 1308 1314 1165
f 1165 1314 1155
f 1165 1155 1158
f 1158 1155 1154
f 1158 1154 1161
f 1161 1154 1157
f 1161 1157 1162
f 1162 1157 1163
f 1162 1163 1167
f 1167 1163 1164
f 1167 1164 1114
f 1114 1164 1084
f 1114 1084 1115
f 1115 1084 1091
f 1115 1091 1112
f 1112 1091 1077
f 1112 1077 1097
f 1097 1077 1078
f 1097 1078 1098
f 1098 1078 1079
f 1098 1079 1085
f 1085 1079 1080
f 1085 1080 784
f 784 1080 790
f 784 790 786
f 786 790 792
f 786 792 782
f 782 792 805
f 782 805 781
f 781 805 799
f 781 799 765
f 765 799 772
f 765 772 776
f 776 772 769
f 776 769 775
f 775 769 778
f 775 778 766
f 766 778 777
f 766 777 875
f 875 777 879
f 875 879 876
f 876 879 878
f 876 878 871
f 871 878 868
f 871 868 872
f 872 868 869
f 872 869 886
f 886 869 882
f 886 882 889
f 889 882 896
f 889 896 890
f 890 896 1018
f 5133 5131 5132
f 5132 5131 5145
f 5132 5145 5143
f 5143 5145 5144
f 5143 5144 5151
f 5151 5144 5152
f 5151 5152 5156
f 5156 5152 5146
f 5156 5146 5158
f 5158 5146 3197
f 5158 3197 3189
f 3189 3197 3198
f 3189 3198 3190
f 3190 3198 3199
f 3190 3199 3204
f 3204 3199 3209
f 3204 3209 3205
f 3205 3209 3210
f 3205 3210 3206
f 3206 3210 3218
f 3206 3218 3207
f 3207 3218 3212
f 3207 3212 3203
f 3203 3212 3062
f 3203 3062 3066
f 3066 3062 3067
f 3066 3067 3065
f 3065 3067 3061
f 3065 3061 3063
f 3063 3061 3060
f 3063 3060 3058
f 3058 3060 3064
f 3058 3064 2980
f 2980 3064 2991
f 2980 2991 2989
f 2989 2991 2982
f 2989 2982 2986
f 2986 2982 2988
f 2986 2988 2981
f 2981 2988 2983
f 2981 2983 3424
f 3424 2983 3423
f 3424 3423 3425
f 3425 3423 3413
f 3425 3413 3427
f 3427 3413 3414
f 3427 3414 3412
f 3412 3414 3398
f 3412 3398 3411
f 3411 3398 3399
f 3411 3399 3403
f 3403 3399 3408
f 3403 3408 3384
f 3384 3408 3338
f 3384 3338 3397
f 3397 3338 3336
f 3397 3336 3391
f 3391 3336 3341
f 3391 3341 3385
f 3385 3341 3462
f 3385 3462 3441
f 3441 3462 3461
f 3441 3461 3440
f 3440 3461 3460
f 3440 3460 3457
f 3457 3460 3458
f 3457 3458 3463
f 3463 3458 3459
f 3463 3459 3483
f 3483 3459 3477
f 3483 3477 3479
f 3479 3477 3478
f 3479 3478 3473
f 3473 3478 3480
f 3473 3480 3497
f 3497 3480 3491
f 3497 3491 3496
f 3496 3491 3486
f 3496 3486 3500
f 3500 3486 1322
f 3500 1322 1323
f 1323 1322 1319
f 1323 1319 1325
f 1325 1319 1332
f 1325 1332 1326
f 1326 1332 1331
f 1326 1331 1339
f 1339 1331 1346
f 1339 1346 1340
f 1340 1346 1347
f 1340 1347 1341
f 1341 1347 1343
f 1341 1343 1312
f 1312 1343 1305
f 1312 1305 1313
f 1313 1305 1311
f 1313 1311 1314
f 1314 1311 1304
f 1314 1304 1155
f 1155 1304 1166
f 1155 1166 1154
f 1154 1166 1152
f 1154 1152 1157
f 1157 1152 1156
f 1157 1156 1163
f 1163 1156 1131
f 1163 1131 1164
f 1164 1131 1135
f 1164 1135 1084
f 1084 1135 1086
f 1084 1086 1091
f 1091 1086 1087
f 1091 1087 1077
f 1077 1087 1090
f 1077 1090 1078
f 1078 1090 1089
f 1078 1089 1079
f 1079 1089 1088
f 1079 1088 1080
f 1080 1088 791
f 1080 791 790
f 790 791 789
f 790 789 792
f 792 789 806
f 792 806 805
f 805 806 804
f 805 804 799
f 799 804 808
f 799 808 772
f 772 808 767
f 772 767 769
f 769 767 774
f 769 774 778
f 778 774 773
f 778 773 777
f 777 773 880
f 777 880 879
f 879 880 873
f 879 873 878
f 878 873 877
f 878 877 868
f 868 877 881
f 868 881 869
f 869 881 1019
f 869 1019 882
f 882 1019 1023
f 882 1023 896
f 896 1023 1022
f 896 1022 1018
f 1018 1022 1021
f 5131 5135 5145
f 5145 5135 5136
f 5145 5136 5144
f 5144 5136 3186
f 5144 3186 5152
f 5152 3186 3187
f 5152 3187 5146
f 5146 3187 3201
f 5146 3201 3197
f 3197 3201 3192
f 3197 3192 3198
f 3198 3192 3195
f 3198 3195 3199
f 3199 3195 3213
f 3199 3213 3209
f 3209 3213 3215
f 3209 3215 3210
f 3210 3215 3216
f 3210 3216 3218
f 3218 3216 3217
f 3218 3217 3212
f 3212 3217 3227
f 3212 3227 3062
f 3062 3227 3057
f 3062 3057 3067
f 3067 3057 3056
f 3067 3056 3061
f 3061 3056 3055
f 3061 3055 3060
f 3060 3055 3054
f 3060 3054 3064
f 3064 3054 3059
f 3064 3059 2991
f 2991 3059 2985
f 2991 2985 2982
f 2982 2985 2984
f 2982 2984 2988
f 2988 2984 2987
f 2988 2987 2983
f 2983 2987 2990
f 2983 2990 3423
f 3423 2990 3419
f 3423 3419 3413
f 3413 3419 3421
f 3413 3421 3414
f 3414 3421 3370
f 3414 3370 3398
f 3398 3370 3381
f 3398 3381 3399
f 3399 3381 3373
f 3399 3373 3408
f 3408 3373 3347
f 3408 3347 3338
f 3338 3347 3337
f 3338 3337 3336
f 3336 3337 3346
f 3336 3346 3341
f 3341 3346 3345
f 3341 3345 3462
f 3462 3345 3470
f 3462 3470 3461
f 3461 3470 3469
f 3461 3469 3460
f 3460 3469 3468
f 3460 3468 3458
f 3458 3468 3467
f 3458 3467 3459
f 3459 3467 3474
f 3459 3474 3477
f 3477 3474 3481
f 3477 3481 3478
f 3478 3481 3476
f 3478 3476 3480
f 3480 3476 3475
f 3480 3475 3491
f 3491 3475 3597
f 3491 3597 3486
f 3486 3597 3598
f 3486 3598 1322
f 1322 3598 3596
f 1322 3596 1319
f 1319 3596 1330
f 1319 1330 1332
f 1332 1330 1329
f 1332 1329 1331
f 1331 1329 1320
f 1331 1320 1346
f 1346 1320 1342
f 1346 1342 1347
f 1347 1342 1345
f 1347 1345 1343
f 1343 1345 1344
f 1343 1344 1305
f 1305 1344 1318
f 1305 1318 1311
f 1311 1318 1317
f 1311 1317 1304
f 1304 1317 1424
f 1304 1424 1166
f 1166 1424 1134
f 1166 1134 1152
f 1152 1134 1133
f 1152 1133 1156
f 1156 1133 1132
f 1156 1132 1131
f 1131 1132 1128
f 1131 1128 1135
f 1135 1128 1125
f 1135 1125 1086
f 1086 1125 1081
f 1086 1081 1087
f 1087 1081 1082
f 1087 1082 1090
f 1090 1082 1083
f 1090 1083 1089
f 1089 1083 1208
f 1089 1208 1088
f 1088 1208 1212
f 1088 1212 791
f 791 1212 1202
f 791 1202 789
f 789 1202 803
f 789 803 806
f 806 803 801
f 806 801 804
f 804 801 800
f 804 800 808
f 808 800 796
f 808 796 767
f 767 796 770
f 767 770 774
f 774 770 771
f 774 771 773
f 773 771 910
f 773 910 880
f 880 910 911
f 880 911 873
f 873 911 992
f 873 992 877
f 877 992 999
f 877 999 881
f 881 999 1020
f 881 1020 1019
f 1019 1020 1027
f 1019 1027 1023
f 1023 1027 1028
f 1023 1028 1022
f 1022 1028 1029
f 1022 1029 1021
f 1021 1029 1017
f 5135 3174 5136
f 5136 3174 3175
f 5136 3175 3186
f 3186 3175 3176
f 3186 3176 3187
f 3187 3176 3196
f 3187 3196 3201
f 3201 3196 3202
f 3201 3202 3192
f 3192 3202 3194
f 3192 3194 3195
f 3195 3194 3193
f 3195 3193 3213
f 3213 3193 3211
f 3213 3211 3215
f 3215 3211 3214
f 3215 3214 3216
f 3216 3214 3208
f 3216 3208 3217
f 3217 3208 3219
f 3217 3219 3227
f 3227 3219 3228
f 3227 3228 3057
f 3057 3228 3068
f 3057 3068 3056
f 3056 3068 3053
f 3056 3053 3055
f 3055 3053 3051
f 3055 3051 3054
f 3054 3051 3039
f 3054 3039 3059
f 3059 3039 3052
f 3059 3052 2985
f 2985 3052 2992
f 2985 2992 2984
f 2984 2992 2993
f 2984 2993 2987
f 2987 2993 2979
f 2987 2979 2990
f 2990 2979 3018
f 2990 3018 3419
f 3419 3018 3010
f 3419 3010 3421
f 3421 3010 3378
f 3421 3378 3370
f 3370 3378 3379
f 3370 3379 3381
f 3381 3379 3380
f 3381 3380 3373
f 3373 3380 3382
f 3373 3382 3347
f 3347 3382 3342
f 3347 3342 3337
f 3337 3342 3343
f 3337 3343 3346
f 3346 3343 3344
f 3346 3344 3345
f 3345 3344 3348
f 3345 3348 3470
f 3470 3348 3465
f 3470 3465 3469
f 3469 3465 3466
f 3469 3466 3468
f 3468 3466 3464
f 3468 3464 3467
f 3467 3464 3445
f 3467 3445 3474
f 3474 3445 3471
f 3474 3471 3481
f 3481 3471 3472
f 3481 3472 3476
f 3476 3472 3482
f 3476 3482 3475
f 3475 3482 3590
f 3475 3590 3597
f 3597 3590 3600
f 3597 3600 3598
f 3598 3600 3602
f 3598 3602 3596
f 3596 3602 3601
f 3596 3601 1330
f 1330 3601 1278
f 1330 1278 1329
f 1329 1278 1277
f 1329 1277 1320
f 1320 1277 1288
f 1320 1288 1342
f 1342 1288 1279
f 1342 1279 1345
f 1345 1279 1291
f 1345 1291 1344
f 1344 1291 1293
f 1344 1293 1318
f 1318 1293 1295
f 1318 1295 1317
f 1317 1295 1433
f 1317 1433 1424
f 1424 1433 1434
f 1424 1434 1134
f 1134 1434 1126
f 1134 1126 1133
f 1133 1126 1130
f 1133 1130 1132
f 1132 1130 1121
f 1132 1121 1128
f 1128 1121 1127
f 1128 1127 1125
f 1125 1127 1198
f 1125 1198 1081
f 1081 1198 1188
f 1081 1188 1082
f 1082 1188 1192
f 1082 1192 1083
f 1083 1192 1200
f 1083 1200 1208
f 1208 1200 1201
f 1208 1201 1212
f 1212 1201 1199
f 1212 1199 1202
f 1202 1199 795
f 1202 795 803
f 803 795 802
f 803 802 801
f 801 802 794
f 801 794 800
f 800 794 807
f 800 807 796
f 796 807 906
f 796 906 770
f 770 906 905
f 770 905 771
f 771 905 904
f 771 904 910
f 910 904 902
f 910 902 911
f 911 902 901
f 911 901 992
f 992 901 989
f 992 989 999
f 999 989 990
f 999 990 1020
f 1020 990 1016
f 1020 1016 1027
f 1027 1016 1031
f 1027 1031 1028
f 1028 1031 1026
f 1028 1026 1029
f 1029 1026 1025
f 1029 1025 1017
f 1017 1025 1015
f 3174 3177 3175
f 3175 3177 3178
f 3175 3178 3176
f 3176 3178 3179
f 3176 3179 3196
f 3196 3179 3191
f 3196 3191 3202
f 3202 3191 3188
f 3202 3188 3194
f 3194 3188 3200
f 3194 3200 3193
f 3193 3200 3243
f 3193 3243 3211
f 3211 3243 3238
f 3211 3238 3214
f 3214 3238 3242
f 3214 3242 3208
f 3208 3242 3223
f 3208 3223 3219
f 3219 3223 3231
f 3219 3231 3228
f 3228 3231 3222
f 3228 3222 3068
f 3068 3222 3040
f 3068 3040 3053
f 3053 3040 3041
f 3053 3041 3051
f 3051 3041 3042
f 3051 3042 3039
f 3039 3042 3038
f 3039 3038 3052
f 3052 3038 3044
f 3052 3044 2992
f 2992 3044 2998
f 2992 2998 2993
f 2993 2998 2999
f 2993 2999 2979
f 2979 2999 3016
f 2979 3016 3018
f 3018 3016 3015
f 3018 3015 3010
f 3010 3015 3371
f 3010 3371 3378
f 3378 3371 3375
f 3378 3375 3379
f 3379 3375 3376
f 3379 3376 3380
f 3380 3376 3377
f 3380 3377 3382
f 3382 3377 3366
f 3382 3366 3342
f 3342 3366 3364
f 3342 3364 3343
f 3343 3364 3339
f 3343 3339 3344
f 3344 3339 3340
f 3344 3340 3348
f 3348 3340 3349
f 3348 3349 3465
f 3465 3349 3453
f 3465 3453 3466
f 3466 3453 3454
f 3466 3454 3464
f 3464 3454 3450
f 3464 3450 3445
f 3445 3450 3449
f 3445 3449 3471
f 3471 3449 3485
f 3471 3485 3472
f 3472 3485 3484
f 3472 3484 3482
f 3482 3484 3586
f 3482 3586 3590
f 3590 3586 3587
f 3590 3587 3600
f 3600 3587 3592
f 3600 3592 3602
f 3602 3592 3593
f 3602 3593 3601
f 3601 3593 3594
f 3601 3594 1278
f 1278 3594 1283
f 1278 1283 1277
f 1277 1283 1284
f 1277 1284 1288
f 1288 1284 1285
f 1288 1285 1279
f 1279 1285 1281
f 1279 1281 1291
f 1291 1281 1297
f 1291 1297 1293
f 1293 1297 1296
f 1293 1296 1295
f 1295 1296 1300
f 1295 1300 1433
f 1433 1300 1436
f 1433 1436 1434
f 1434 1436 1437
f 1434 1437 1126
f 1126 1437 1124
f 1126 1124 1130
f 1130 1124 1123
f 1130 1123 1121
f 1121 1123 1122
f 1121 1122 1127
f 1127 1122 1195
f 1127 1195 1198
f 1198 1195 1183
f 1198 1183 1188
f 1188 1183 1184
f 1188 1184 1192
f 1192 1184 1191
f 1192 1191 1200
f 1200 1191 1210
f 1200 1210 1201
f 1201 1210 1209
f 1201 1209 1199
f 1199 1209 1207
f 1199 1207 795
f 795 1207 798
f 795 798 802
f 802 798 797
f 802 797 794
f 794 797 955
f 794 955 807
f 807 955 941
f 807 941 906
f 906 941 898
f 906 898 905
f 905 898 897
f 905 897 904
f 904 897 908
f 904 908 902
f 902 908 907
f 902 907 901
f 901 907 991
f 901 991 989
f 989 991 996
f 989 996 990
f 990 996 997
f 990 997 1016
f 1016 997 1024
f 1016 1024 1031
f 1031 1024 1030
f 1031 1030 1026
f 1026 1030 1013
f 1026 1013 1025
f 1025 1013 1012
f 1025 1012 1015
f 1015 1012 1011
f 3177 3180 3178
f 3178 3180 3181
f 3178 3181 3179
f 3179 3181 3182
f 3179 3182 3191
f 3191 3182 3173
f 3191 3173 3188
f 3188 3173 3165
f 3188 3165 3200
f 3200 3165 3164
f 3200 3164 3243
f 3243 3164 3244
f 3243 3244 3238
f 3238 3244 3247
f 3238 3247 3242
f 3242 3247 3245
f 3242 3245 3223
f 3223 3245 3229
f 3223 3229 3231
f 3231 3229 3230
f 3231 3230 3222
f 3222 3230 3232
f 3222 3232 3040
f 3040 3232 3045
f 3040 3045 3041
f 3041 3045 3046
f 3041 3046 3042
f 3042 3046 3047
f 3042 3047 3038
f 3038 3047 3043
f 3038 3043 3044
f 3044 3043 2994
f 3044 2994 2998
f 2998 2994 3000
f 2998 3000 2999
f 2999 3000 3019
f 2999 3019 3016
f 3016 3019 3020
f 3016 3020 3015
f 3015 3020 3021
f 3015 3021 3371
f 3371 3021 3368
f 3371 3368 3375
f 3375 3368 3369
f 3375 3369 3376
f 3376 3369 3367
f 3376 3367 3377
f 3377 3367 3354
f 3377 3354 3366
f 3366 3354 3357
f 3366 3357 3364
f 3364 3357 3359
f 3364 3359 3339
f 3339 3359 3350
f 3339 3350 3340
f 3340 3350 3351
f 3340 3351 3349
f 3349 3351 3446
f 3349 3446 3453
f 3453 3446 3444
f 3453 3444 3454
f 3454 3444 3447
f 3454 3447 3450
f 3450 3447 3443
f 3450 3443 3449
f 3449 3443 3456
f 3449 3456 3485
f 3485 3456 3581
f 3485 3581 3484
f 3484 3581 3580
f 3484 3580 3586
f 3586 3580 3582
f 3586 3582 3587
f 3587 3582 3578
f 3587 3578 3592
f 3592 3578 3591
f 3592 3591 3593
f 3593 3591 3595
f 3593 3595 3594
f 3594 3595 3599
f 3594 3599 1283
f 1283 3599 1287
f 1283 1287 1284
f 1284 1287 1275
f 1284 1275 1285
f 1285 1275 1276
f 1285 1276 1281
f 1281 1276 1290
f 1281 1290 1297
f 1297 1290 1292
f 1297 1292 1296
f 1296 1292 1301
f 1296 1301 1300
f 1300 1301 1426
f 1300 1426 1436
f 1436 1426 1428
f 1436 1428 1437
f 1437 1428 1427
f 1437 1427 1124
f 1124 1427 1129
f 1124 1129 1123
f 1123 1129 1178
f 1123 1178 1122
f 1122 1178 1179
f 1122 1179 1195
f 1195 1179 1182
f 1195 1182 1183
f 1183 1182 1197
f 1183 1197 1184
f 1184 1197 1189
f 1184 1189 1191
f 1191 1189 1186
f 1191 1186 1210
f 1210 1186 1211
f 1210 1211 1209
f 1209 1211 1206
f 1209 1206 1207
f 1207 1206 1205
f 1207 1205 798
f 798 1205 949
f 798 949 797
f 797 949 948
f 797 948 955
f 955 948 947
f 955 947 941
f 941 947 950
f 941 950 898
f 898 950 909
f 898 909 897
f 897 909 900
f 897 900 908
f 908 900 899
f 908 899 907
f 907 899 903
f 907 903 991
f 991 903 987
f 991 987 996
f 996 987 986
f 996 986 997
f 997 986 993
f 997 993 1024
f 1024 993 1002
f 1024 1002 1030
f 1030 1002 1003
f 1030 1003 1013
f 1013 1003 1010
f 1013 1010 1012
f 1012 1010 1009
f 1012 1009 1011
f 1011 1009 1008
f 3180 3183 3181
f 3181 3183 3184
f 3181 3184 3182
f 3182 3184 3159
f 3182 3159 3173
f 3173 3159 3163
f 3173 3163 3165
f 3165 3163 3160
f 3165 3160 3164
f 3164 3160 3162
f 3164 3162 3244
f 3244 3162 3239
f 3244 3239 3247
f 3247 3239 3240
f 3247 3240 3245
f 3245 3240 3241
f 3245 3241 3229
f 3229 3241 3224
f 3229 3224 3230
f 3230 3224 3225
f 3230 3225 3232
f 3232 3225 3226
f 3232 3226 3045
f 3045 3226 3048
f 3045 3048 3046
f 3046 3048 3049
f 3046 3049 3047
f 3047 3049 3050
f 3047 3050 3043
f 3043 3050 3003
f 3043 3003 2994
f 2994 3003 3004
f 2994 3004 3000
f 3000 3004 3002
f 3000 3002 3019
f 3019 3002 3011
f 3019 3011 3020
f 3020 3011 3023
f 3020 3023 3021
f 3021 3023 3012
f 3021 3012 3368
f 3368 3012 3372
f 3368 3372 3369
f 3369 3372 3374
f 3369 3374 3367
f 3367 3374 3356
f 3367 3356 3354
f 3354 3356 3361
f 3354 3361 3357
f 3357 3361 3355
f 3357 3355 3359
f 3359 3355 3306
f 3359 3306 3350
f 3350 3306 3300
f 3350 3300 3351
f 3351 3300 3295
f 3351 3295 3446
f 3446 3295 3451
f 3446 3451 3444
f 3444 3451 3455
f 3444 3455 3447
f 3447 3455 3452
f 3447 3452 3443
f 3443 3452 3448
f 3443 3448 3456
f 3456 3448 3579
f 3456 3579 3581
f 3581 3579 3577
f 3581 3577 3580
f 3580 3577 3585
f 3580 3585 3582
f 3582 3585 3583
f 3582 3583 3578
f 3578 3583 3584
f 3578 3584 3591
f 3591 3584 3603
f 3591 3603 3595
f 3595 3603 3604
f 3595 3604 3599
f 3599 3604 1286
f 3599 1286 1287
f 1287 1286 1282
f 1287 1282 1275
f 1275 1282 1280
f 1275 1280 1276
f 1276 1280 1289
f 1276 1289 1290
f 1290 1289 1302
f 1290 1302 1292
f 1292 1302 1421
f 1292 1421 1301
f 1301 1421 1422
f 1301 1422 1426
f 1426 1422 1429
f 1426 1429 1428
f 1428 1429 1423
f 1428 1423 1427
f 1427 1423 1432
f 1427 1432 1129
f 1129 1432 1174
f 1129 1174 1178
f 1178 1174 1173
f 1178 1173 1179
f 1179 1173 1172
f 1179 1172 1182
f 1182 1172 1170
f 1182 1170 1197
f 1197 1170 1194
f 1197 1194 1189
f 1189 1194 1187
f 1189 1187 1186
f 1186 1187 1185
f 1186 1185 1211
f 1211 1185 1204
f 1211 1204 1206
f 1206 1204 1203
f 1206 1203 1205
f 1205 1203 954
f 1205 954 949
f 949 954 953
f 949 953 948
f 948 953 952
f 948 952 947
f 947 952 951
f 947 951 950
f 950 951 975
f 950 975 909
f 909 975 934
f 909 934 900
f 900 934 928
f 900 928 899
f 899 928 927
f 899 927 903
f 903 927 926
f 903 926 987
f 987 926 988
f 987 988 986
f 986 988 995
f 986 995 993
f 993 995 1000
f 993 1000 1002
f 1002 1000 1006
f 1002 1006 1003
f 1003 1006 1005
f 1003 1005 1010
f 1010 1005 1004
f 1010 1004 1009
f 1009 1004 1051
f 1009 1051 1008
f 1008 1051 1052
f 3183 3185 3184
f 3184 3185 3158
f 3184 3158 3159
f 3159 3158 3172
f 3159 3172 3163
f 3163 3172 3170
f 3163 3170 3160
f 3160 3170 3169
f 3160 3169 3162
f 3162 3169 3168
f 3162 3168 3239
f 3239 3168 3235
f 3239 3235 3240
f 3240 3235 3246
f 3240 3246 3241
f 3241 3246 3237
f 3241 3237 3224
f 3224 3237 3220
f 3224 3220 3225
f 3225 3220 3221
f 3225 3221 3226
f 3226 3221 3035
f 3226 3035 3048
f 3048 3035 3028
f 3048 3028 3049
f 3049 3028 3029
f 3049 3029 3050
f 3050 3029 2997
f 3050 2997 3003
f 3003 2997 3006
f 3003 3006 3004
f 3004 3006 3005
f 3004 3005 3002
f 3002 3005 3007
f 3002 3007 3011
f 3011 3007 3022
f 3011 3022 3023
f 3023 3022 3013
f 3023 3013 3012
f 3012 3013 3014
f 3012 3014 3372
f 3372 3014 3360
f 3372 3360 3374
f 3374 3360 3365
f 3374 3365 3356
f 3356 3365 3352
f 3356 3352 3361
f 3361 3352 3353
f 3361 3353 3355
f 3355 3353 3303
f 3355 3303 3306
f 3306 3303 3305
f 3306 3305 3300
f 3300 3305 3299
f 3300 3299 3295
f 3295 3299 3298
f 3295 3298 3451
f 3451 3298 3530
f 3451 3530 3455
f 3455 3530 3527
f 3455 3527 3452
f 3452 3527 3521
f 3452 3521 3448
f 3448 3521 3528
f 3448 3528 3579
f 3579 3528 3576
f 3579 3576 3577
f 3577 3576 3589
f 3577 3589 3585
f 3585 3589 3588
f 3585 3588 3583
f 3583 3588 3566
f 3583 3566 3584
f 3584 3566 3565
f 3584 3565 3603
f 3603 3565 3564
f 3603 3564 3604
f 3604 3564 1268
f 3604 1268 1286
f 1286 1268 1260
f 1286 1260 1282
f 1282 1260 1262
f 1282 1262 1280
f 1280 1262 1294
f 1280 1294 1289
f 1289 1294 1299
f 1289 1299 1302
f 1302 1299 1413
f 1302 1413 1421
f 1421 1413 1418
f 1421 1418 1422
f 1422 1418 1417
f 1422 1417 1429
f 1429 1417 1431
f 1429 1431 1423
f 1423 1431 1430
f 1423 1430 1432
f 1432 1430 1425
f 1432 1425 1174
f 1174 1425 1171
f 1174 1171 1173
f 1173 1171 1177
f 1173 1177 1172
f 1172 1177 1176
f 1172 1176 1170
f 1170 1176 1175
f 1170 1175 1194
f 1194 1175 1193
f 1194 1193 1187
f 1187 1193 1190
f 1187 1190 1185
f 1185 1190 1234
f 1185 1234 1204
f 1204 1234 1233
f 1204 1233 1203
f 1203 1233 1232
f 1203 1232 954
f 954 1232 944
f 954 944 953
f 953 944 943
f 953 943 952
f 952 943 942
f 952 942 951
f 951 942 980
f 951 980 975
f 975 980 981
f 975 981 934
f 934 981 940
f 934 940 928
f 928 940 939
f 928 939 927
f 927 939 938
f 927 938 926
f 926 938 937
f 926 937 988
f 988 937 998
f 988 998 995
f 995 998 994
f 995 994 1000
f 1000 994 1014
f 1000 1014 1006
f 1006 1014 1007
f 1006 1007 1005
f 1005 1007 1001
f 1005 1001 1004
f 1004 1001 1058
f 1004 1058 1051
f 1051 1058 1059
f 1051 1059 1052
f 1052 1059 1060
f 3185 3161 3158
f 3158 3161 3171
f 3158 3171 3172
f 3172 3171 3167
f 3172 3167 3170
f 3170 3167 3166
f 3170 3166 3169
f 3169 3166 3099
f 3169 3099 3168
f 3168 3099 3111
f 3168 3111 3235
f 3235 3111 3234
f 3235 3234 3246
f 3246 3234 3233
f 3246 3233 3237
f 3237 3233 3236
f 3237 3236 3220
f 3220 3236 3031
f 3220 3031 3221
f 3221 3031 3032
f 3221 3032 3035
f 3035 3032 3033
f 3035 3033 3028
f 3028 3033 3036
f 3028 3036 3029
f 3029 3036 3025
f 3029 3025 2997
f 2997 3025 3008
f 2997 3008 3006
f 3006 3008 2995
f 3006 2995 3005
f 3005 2995 2996
f 3005 2996 3007
f 3007 2996 3001
f 3007 3001 3022
f 3022 3001 3009
f 3022 3009 3013
f 3013 3009 3017
f 3013 3017 3014
f 3014 3017 3363
f 3014 3363 3360
f 3360 3363 3362
f 3360 3362 3365
f 3365 3362 3358
f 3365 3358 3352
f 3352 3358 3268
f 3352 3268 3353
f 3353 3268 3269
f 3353 3269 3303
f 3303 3269 3296
f 3303 3296 3305
f 3305 3296 3292
f 3305 3292 3299
f 3299 3292 3301
f 3299 3301 3298
f 3298 3301 3297
f 3298 3297 3530
f 3530 3297 3523
f 3530 3523 3527
f 3527 3523 3525
f 3527 3525 3521
f 3521 3525 3520
f 3521 3520 3528
f 3528 3520 3526
f 3528 3526 3576
f 3576 3526 3529
f 3576 3529 3589
f 3589 3529 3567
f 3589 3567 3588
f 3588 3567 3575
f 3588 3575 3566
f 3566 3575 3569
f 3566 3569 3565
f 3565 3569 3570
f 3565 3570 3564
f 3564 3570 1274
f 3564 1274 1268
f 1268 1274 1273
f 1268 1273 1260
f 1260 1273 1272
f 1260 1272 1262
f 1262 1272 1271
f 1262 1271 1294
f 1294 1271 1298
f 1294 1298 1299
f 1299 1298 1411
f 1299 1411 1413
f 1413 1411 1410
f 1413 1410 1418
f 1418 1410 1409
f 1418 1409 1417
f 1417 1409 1408
f 1417 1408 1431
f 1431 1408 1412
f 1431 1412 1430
f 1430 1412 1435
f 1430 1435 1425
f 1425 1435 1438
f 1425 1438 1171
f 1171 1438 1180
f 1171 1180 1177
f 1177 1180 1181
f 1177 1181 1176
f 1176 1181 1168
f 1176 1168 1175
f 1175 1168 1169
f 1175 1169 1193
f 1193 1169 1196
f 1193 1196 1190
f 1190 1196 1231
f 1190 1231 1234
f 1234 1231 1230
f 1234 1230 1233
f 1233 1230 1229
f 1233 1229 1232
f 1232 1229 1228
f 1232 1228 944
f 944 1228 946
f 944 946 943
f 943 946 945
f 943 945 942
f 942 945 985
f 942 985 980
f 980 985 979
f 980 979 981
f 981 979 983
f 981 983 940
f 940 983 936
f 940 936 939
f 939 936 935
f 939 935 938
f 938 935 933
f 938 933 937
f 937 933 929
f 937 929 998
f 998 929 1033
f 998 1033 994
f 994 1033 1032
f 994 1032 1014
f 1014 1032 1045
f 1014 1045 1007
f 1007 1045 1061
f 1007 1061 1001
f 1001 1061 1047
f 1001 1047 1058
f 1058 1047 1048
f 1058 1048 1059
f 1059 1048 1049
f 1059 1049 1060
f 1060 1049 1050
f 3161 3079 3171
f 3171 3079 3081
f 3171 3081 3167
f 3167 3081 3071
f 3167 3071 3166
f 3166 3071 3106
f 3166 3106 3099
f 3099 3106 3109
f 3099 3109 3111
f 3111 3109 3108
f 3111 3108 3234
f 3234 3108 3107
f 3234 3107 3233
f 3233 3107 3086
f 3233 3086 3236
f 3236 3086 3092
f 3236 3092 3031
f 3031 3092 3030
f 3031 3030 3032
f 3032 3030 3034
f 3032 3034 3033
f 3033 3034 3037
f 3033 3037 3036
f 3036 3037 3024
f 3036 3024 3025
f 3025 3024 3026
f 3025 3026 3008
f 3008 3026 2946
f 3008 2946 2995
f 2995 2946 2941
f 2995 2941 2996
f 2996 2941 2940
f 2996 2940 3001
f 3001 2940 2939
f 3001 2939 3009
f 3009 2939 2916
f 3009 2916 3017
f 3017 2916 2917
f 3017 2917 3363
f 3363 2917 2918
f 3363 2918 3362
f 3362 2918 3270
f 3362 3270 3358
f 3358 3270 3276
f 3358 3276 3268
f 3268 3276 3275
f 3268 3275 3269
f 3269 3275 3273
f 3269 3273 3296
f 3296 3273 3293
f 3296 3293 3292
f 3292 3293 3304
f 3292 3304 3301
f 3301 3304 3294
f 3301 3294 3297
f 3297 3294 3318
f 3297 3318 3523
f 3523 3318 3524
f 3523 3524 3525
f 3525 3524 3516
f 3525 3516 3520
f 3520 3516 3519
f 3520 3519 3526
f 3526 3519 3522
f 3526 3522 3529
f 3529 3522 3549
f 3529 3549 3567
f 3567 3549 3562
f 3567 3562 3575
f 3575 3562 3563
f 3575 3563 3569
f 3569 3563 3568
f 3569 3568 3570
f 3570 3568 3561
f 3570 3561 1274
f 1274 3561 1264
f 1274 1264 1273
f 1273 1264 1265
f 1273 1265 1272
f 1272 1265 1259
f 1272 1259 1271
f 1271 1259 1263
f 1271 1263 1298
f 1298 1263 1404
f 1298 1404 1411
f 1411 1404 1403
f 1411 1403 1410
f 1410 1403 1414
f 1410 1414 1409
f 1409 1414 1420
f 1409 1420 1408
f 1408 1420 1419
f 1408 1419 1412
f 1412 1419 1375
f 1412 1375 1435
f 1435 1375 1370
f 1435 1370 1438
f 1438 1370 1371
f 1438 1371 1180
f 1180 1371 1224
f 1180 1224 1181
f 1181 1224 1219
f 1181 1219 1168
f 1168 1219 1214
f 1168 1214 1169
f 1169 1214 1253
f 1169 1253 1196
f 1196 1253 1252
f 1196 1252 1231
f 1231 1252 1235
f 1231 1235 1230
f 1230 1235 1243
f 1230 1243 1229
f 1229 1243 1242
f 1229 1242 1228
f 1228 1242 1241
f 1228 1241 946
f 946 1241 982
f 946 982 945
f 945 982 976
f 945 976 985
f 985 976 978
f 985 978 979
f 979 978 977
f 979 977 983
f 983 977 971
f 983 971 936
f 936 971 930
f 936 930 935
f 935 930 931
f 935 931 933
f 933 931 932
f 933 932 929
f 929 932 1041
f 929 1041 1033
f 1033 1041 1040
f 1033 1040 1032
f 1032 1040 1046
f 1032 1046 1045
f 1045 1046 1053
f 1045 1053 1061
f 1061 1053 1054
f 1061 1054 1047
f 1047 1054 1056
f 1047 1056 1048
f 1048 1056 1055
f 1048 1055 1049
f 1049 1055 1071
f 1049 1071 1050
f 1050 1071 1070
f 3079 3069 3081
f 3081 3069 3070
f 3081 3070 3071
f 3071 3070 3072
f 3071 3072 3106
f 3106 3072 3104
f 3106 3104 3109
f 3109 3104 3105
f 3109 3105 3108
f 3108 3105 3113
f 3108 3113 3107
f 3107 3113 3112
f 3107 3112 3086
f 3086 3112 3098
f 3086 3098 3092
f 3092 3098 3097
f 3092 3097 3030
f 3030 3097 3027
f 3030 3027 3034
f 3034 3027 2953
f 3034 2953 3037
f 3037 2953 2951
f 3037 2951 3024
f 3024 2951 2950
f 3024 2950 3026
f 3026 2950 2938
f 3026 2938 2946
f 2946 2938 2937
f 2946 2937 2941
f 2941 2937 2942
f 2941 2942 2940
f 2940 2942 2949
f 2940 2949 2939
f 2939 2949 2906
f 2939 2906 2916
f 2916 2906 2909
f 2916 2909 2917
f 2917 2909 2919
f 2917 2919 2918
f 2918 2919 3263
f 2918 3263 3270
f 3270 3263 3264
f 3270 3264 3276
f 3276 3264 3265
f 3276 3265 3275
f 3275 3265 3271
f 3275 3271 3273
f 3273 3271 3291
f 3273 3291 3293
f 3293 3291 3302
f 3293 3302 3304
f 3304 3302 3311
f 3304 3311 3294
f 3294 3311 3312
f 3294 3312 3318
f 3318 3312 3321
f 3318 3321 3524
f 3524 3321 3517
f 3524 3517 3516
f 3516 3517 3518
f 3516 3518 3519
f 3519 3518 3546
f 3519 3546 3522
f 3522 3546 3547
f 3522 3547 3549
f 3549 3547 3560
f 3549 3560 3562
f 3562 3560 3574
f 3562 3574 3563
f 3563 3574 3573
f 3563 3573 3568
f 3568 3573 3572
f 3568 3572 3561
f 3561 3572 3571
f 3561 3571 1264
f 1264 3571 1261
f 1264 1261 1265
f 1265 1261 1266
f 1265 1266 1259
f 1259 1266 1267
f 1259 1267 1263
f 1263 1267 1407
f 1263 1407 1404
f 1404 1407 1399
f 1404 1399 1403
f 1403 1399 1398
f 1403 1398 1414
f 1414 1398 1416
f 1414 1416 1420
f 1420 1416 1415
f 1420 1415 1419
f 1419 1415 1365
f 1419 1365 1375
f 1375 1365 1366
f 1375 1366 1370
f 1370 1366 1367
f 1370 1367 1371
f 1371 1367 1369
f 1371 1369 1224
f 1224 1369 1213
f 1224 1213 1219
f 1219 1213 1217
f 1219 1217 1214
f 1214 1217 1218
f 1214 1218 1253
f 1253 1218 1251
f 1253 1251 1252
f 1252 1251 1250
f 1252 1250 1235
f 1235 1250 1240
f 1235 1240 1243
f 1243 1240 1239
f 1243 1239 1242
f 1242 1239 1238
f 1242 1238 1241
f 1241 1238 957
f 1241 957 982
f 982 957 972
f 982 972 976
f 976 972 973
f 976 973 978
f 978 973 974
f 978 974 977
f 977 974 984
f 977 984 971
f 971 984 918
f 971 918 930
f 930 918 919
f 930 919 931
f 931 919 912
f 931 912 932
f 932 912 913
f 932 913 1041
f 1041 913 1039
f 1041 1039 1040
f 1040 1039 1035
f 1040 1035 1046
f 1046 1035 1036
f 1046 1036 1053
f 1053 1036 1057
f 1053 1057 1054
f 1054 1057 1072
f 1054 1072 1056
f 1056 1072 1062
f 1056 1062 1055
f 1055 1062 1066
f 1055 1066 1071
f 1071 1066 1065
f 1071 1065 1070
f 1070 1065 1064
f 3069 3077 3070
f 3070 3077 3075
f 3070 3075 3072
f 3072 3075 3074
f 3072 3074 3104
f 3104 3074 3110
f 3104 3110 3105
f 3105 3110 3103
f 3105 3103 3113
f 3113 3103 3102
f 3113 3102 3112
f 3112 3102 3084
f 3112 3084 3098
f 3098 3084 3095
f 3098 3095 3097
f 3097 3095 3093
f 3097 3093 3027
f 3027 3093 2960
f 3027 2960 2953
f 2953 2960 2961
f 2953 2961 2951
f 2951 2961 2962
f 2951 2962 2950
f 2950 2962 2963
f 2950 2963 2938
f 2938 2963 2948
f 2938 2948 2937
f 2937 2948 2943
f 2937 2943 2942
f 2942 2943 2935
f 2942 2935 2949
f 2949 2935 2936
f 2949 2936 2906
f 2906 2936 2907
f 2906 2907 2909
f 2909 2907 2912
f 2909 2912 2919
f 2919 2912 2913
f 2919 2913 3263
f 3263 2913 3262
f 3263 3262 3264
f 3264 3262 3266
f 3264 3266 3265
f 3265 3266 3267
f 3265 3267 3271
f 3271 3267 3284
f 3271 3284 3291
f 3291 3284 3285
f 3291 3285 3302
f 3302 3285 3317
f 3302 3317 3311
f 3311 3317 3319
f 3311 3319 3312
f 3312 3319 3314
f 3312 3314 3321
f 3321 3314 3315
f 3321 3315 3517
f 3517 3315 3559
f 3517 3559 3518
f 3518 3559 3550
f 3518 3550 3546
f 3546 3550 3553
f 3546 3553 3547
f 3547 3553 3552
f 3547 3552 3560
f 3560 3552 3538
f 3560 3538 3574
f 3574 3538 3531
f 3574 3531 3573
f 3573 3531 3532
f 3573 3532 3572
f 3572 3532 3533
f 3572 3533 3571
f 3571 3533 2709
f 3571 2709 1261
f 1261 2709 1270
f 1261 1270 1266
f 1266 1270 1269
f 1266 1269 1267
f 1267 1269 1397
f 1267 1397 1407
f 1407 1397 1395
f 1407 1395 1399
f 1399 1395 1393
f 1399 1393 1398
f 1398 1393 1394
f 1398 1394 1416
f 1416 1394 1348
f 1416 1348 1415
f 1415 1348 1368
f 1415 1368 1365
f 1365 1368 1374
f 1365 1374 1366
f 1366 1374 1372
f 1366 1372 1367
f 1367 1372 1363
f 1367 1363 1369
f 1369 1363 1364
f 1369 1364 1213
f 1213 1364 1227
f 1213 1227 1217
f 1217 1227 1222
f 1217 1222 1218
f 1218 1222 1221
f 1218 1221 1251
f 1251 1221 1255
f 1251 1255 1250
f 1250 1255 1254
f 1250 1254 1240
f 1240 1254 1237
f 1240 1237 1239
f 1239 1237 1236
f 1239 1236 1238
f 1238 1236 962
f 1238 962 957
f 957 962 963
f 957 963 972
f 972 963 964
f 972 964 973
f 973 964 958
f 973 958 974
f 974 958 960
f 974 960 984
f 984 960 914
f 984 914 918
f 918 914 915
f 918 915 919
f 919 915 920
f 919 920 912
f 912 920 917
f 912 917 913
f 913 917 916
f 913 916 1039
f 1039 916 1038
f 1039 1038 1035
f 1035 1038 1034
f 1035 1034 1036
f 1036 1034 1037
f 1036 1037 1057
f 1057 1037 1073
f 1057 1073 1072
f 1072 1073 1074
f 1072 1074 1062
f 1062 1074 1075
f 1062 1075 1066
f 1066 1075 1076
f 1066 1076 1065
f 1065 1076 1063
f 1065 1063 1064
f 1064 1063 1464
f 3077 3080 3075
f 3075 3080 3073
f 3075 3073 3074
f 3074 3073 3083
f 3074 3083 3110
f 3110 3083 3100
f 3110 3100 3103
f 3103 3100 3101
f 3103 3101 3102
f 3102 3101 3094
f 3102 3094 3084
f 3084 3094 3089
f 3084 3089 3095
f 3095 3089 3090
f 3095 3090 3093
f 3093 3090 3091
f 3093 3091 2960
f 2960 3091 2957
f 2960 2957 2961
f 2961 2957 2955
f 2961 2955 2962
f 2962 2955 2959
f 2962 2959 2963
f 2963 2959 2958
f 2963 2958 2948
f 2948 2958 2947
f 2948 2947 2943
f 2943 2947 2945
f 2943 2945 2935
f 2935 2945 2944
f 2935 2944 2936
f 2936 2944 2908
f 2936 2908 2907
f 2907 2908 2905
f 2907 2905 2912
f 2912 2905 2910
f 2912 2910 2913
f 2913 2910 2911
f 2913 2911 3262
f 3262 2911 3272
f 3262 3272 3266
f 3266 3272 3274
f 3266 3274 3267
f 3267 3274 3277
f 3267 3277 3284
f 3284 3277 3279
f 3284 3279 3285
f 3285 3279 3280
f 3285 3280 3317
f 3317 3280 3307
f 3317 3307 3319
f 3319 3307 3308
f 3319 3308 3314
f 3314 3308 3309
f 3314 3309 3315
f 3315 3309 3310
f 3315 3310 3559
f 3559 3310 3551
f 3559 3551 3550
f 3550 3551 3558
f 3550 3558 3553
f 3553 3558 3548
f 3553 3548 3552
f 3552 3548 3545
f 3552 3545 3538
f 3538 3545 3544
f 3538 3544 3531
f 3531 3544 3543
f 3531 3543 3532
f 3532 3543 3541
f 3532 3541 3533
f 3533 3541 2715
f 3533 2715 2709
f 2709 2715 2716
f 2709 2716 1270
f 1270 2716 2717
f 1270 2717 1269
f 1269 2717 2731
f 1269 2731 1397
f 1397 2731 1401
f 1397 1401 1395
f 1395 1401 1405
f 1395 1405 1393
f 1393 1405 1400
f 1393 1400 1394
f 1394 1400 1361
f 1394 1361 1348
f 1348 1361 1362
f 1348 1362 1368
f 1368 1362 1376
f 1368 1376 1374
f 1374 1376 1377
f 1374 1377 1372
f 1372 1377 1373
f 1372 1373 1363
f 1363 1373 1379
f 1363 1379 1364
f 1364 1379 1378
f 1364 1378 1227
f 1227 1378 1223
f 1227 1223 1222
f 1222 1223 1225
f 1222 1225 1221
f 1221 1225 1226
f 1221 1226 1255
f 1255 1226 1247
f 1255 1247 1254
f 1254 1247 1248
f 1254 1248 1237
f 1237 1248 1244
f 1237 1244 1236
f 1236 1244 1249
f 1236 1249 962
f 962 1249 956
f 962 956 963
f 963 956 959
f 963 959 964
f 964 959 965
f 964 965 958
f 958 965 970
f 958 970 960
f 960 970 969
f 960 969 914
f 914 969 921
f 914 921 915
f 915 921 922
f 915 922 920
f 920 922 923
f 920 923 917
f 917 923 924
f 917 924 916
f 916 924 925
f 916 925 1038
f 1038 925 1042
f 1038 1042 1034
f 1034 1042 1043
f 1034 1043 1037
f 1037 1043 1044
f 1037 1044 1073
f 1073 1044 1069
f 1073 1069 1074
f 1074 1069 1068
f 1074 1068 1075
f 1075 1068 1067
f 1075 1067 1076
f 1076 1067 1465
f 1076 1465 1063
f 1063 1465 1466
f 1063 1466 1464
f 1464 1466 1462
f 3080 3078 3073
f 3073 3078 3076
f 3073 3076 3083
f 3083 3076 3127
f 3083 3127 3100
f 3100 3127 3128
f 3100 3128 3101
f 3101 3128 3114
f 3101 3114 3094
f 3094 3114 3085
f 3094 3085 3089
f 3089 3085 3096
f 3089 3096 3090
f 3090 3096 3088
f 3090 3088 3091
f 3091 3088 3087
f 3091 3087 2957
f 2957 3087 2956
f 2957 2956 2955
f 2955 2956 2952
f 2955 2952 2959
f 2959 2952 2954
f 2959 2954 2958
f 2958 2954 2967
f 2958 2967 2947
f 2947 2967 2966
f 2947 2966 2945
f 2945 2966 2965
f 2945 2965 2944
f 2944 2965 2915
f 2944 2915 2908
f 2908 2915 2914
f 2908 2914 2905
f 2905 2914 2927
f 2905 2927 2910
f 2910 2927 2924
f 2910 2924 2911
f 2911 2924 2923
f 2911 2923 3272
f 3272 2923 3283
f 3272 3283 3274
f 3274 3283 3281
f 3274 3281 3277
f 3277 3281 3287
f 3277 3287 3279
f 3279 3287 3286
f 3279 3286 3280
f 3280 3286 3313
f 3280 3313 3307
f 3307 3313 3320
f 3307 3320 3308
f 3308 3320 3316
f 3308 3316 3309
f 3309 3316 3332
f 3309 3332 3310
f 3310 3332 3329
f 3310 3329 3551
f 3551 3329 3554
f 3551 3554 3558
f 3558 3554 3555
f 3558 3555 3548
f 3548 3555 3534
f 3548 3534 3545
f 3545 3534 3535
f 3545 3535 3544
f 3544 3535 3536
f 3544 3536 3543
f 3543 3536 3537
f 3543 3537 3541
f 3541 3537 2723
f 3541 2723 2715
f 2715 2723 2722
f 2715 2722 2716
f 2716 2722 2718
f 2716 2718 2717
f 2717 2718 2727
f 2717 2727 2731
f 2731 2727 2724
f 2731 2724 1401
f 1401 2724 1406
f 1401 1406 1405
f 1405 1406 1402
f 1405 1402 1400
f 1400 1402 1356
f 1400 1356 1361
f 1361 1356 1357
f 1361 1357 1362
f 1362 1357 1358
f 1362 1358 1376
f 1376 1358 1359
f 1376 1359 1377
f 1377 1359 1390
f 1377 1390 1373
f 1373 1390 1383
f 1373 1383 1379
f 1379 1383 1391
f 1379 1391 1378
f 1378 1391 1392
f 1378 1392 1223
f 1223 1392 1215
f 1223 1215 1225
f 1225 1215 1216
f 1225 1216 1226
f 1226 1216 1258
f 1226 1258 1247
f 1247 1258 1245
f 1247 1245 1248
f 1248 1245 1246
f 1248 1246 1244
f 1244 1246 1257
f 1244 1257 1249
f 1249 1257 1256
f 1249 1256 956
f 956 1256 968
f 956 968 959
f 959 968 961
f 959 961 965
f 965 961 967
f 965 967 970
f 970 967 966
f 970 966 969
f 969 966 1692
f 969 1692 921
f 921 1692 1705
f 921 1705 922
f 922 1705 1707
f 922 1707 923
f 923 1707 1708
f 923 1708 924
f 924 1708 1490
f 924 1490 925
f 925 1490 1491
f 925 1491 1042
f 1042 1491 1492
f 1042 1492 1043
f 1043 1492 1493
f 1043 1493 1044
f 1044 1493 1494
f 1044 1494 1069
f 1069 1494 1456
f 1069 1456 1068
f 1068 1456 1457
f 1068 1457 1067
f 1067 1457 1461
f 1067 1461 1465
f 1465 1461 1458
f 1465 1458 1466
f 1466 1458 1459
f 1466 1459 1462
f 1462 1459 1460
f 3078 3082 3076
f 3076 3082 3124
f 3076 3124 3127
f 3127 3124 3125
f 3127 3125 3128
f 3128 3125 3126
f 3128 3126 3114
f 3114 3126 3118
f 3114 3118 3085
f 3085 3118 3146
f 3085 3146 3096
f 3096 3146 3148
f 3096 3148 3088
f 3088 3148 3152
f 3088 3152 3087
f 3087 3152 3153
f 3087 3153 2956
f 2956 3153 2977
f 2956 2977 2952
f 2952 2977 2968
f 2952 2968 2954
f 2954 2968 2975
f 2954 2975 2967
f 2967 2975 2974
f 2967 2974 2966
f 2966 2974 2973
f 2966 2973 2965
f 2965 2973 2891
f 2965 2891 2915
f 2915 2891 2892
f 2915 2892 2914
f 2914 2892 2931
f 2914 2931 2927
f 2927 2931 2933
f 2927 2933 2924
f 2924 2933 2932
f 2924 2932 2923
f 2923 2932 3278
f 2923 3278 3283
f 3283 3278 3290
f 3283 3290 3281
f 3281 3290 3288
f 3281 3288 3287
f 3287 3288 3289
f 3287 3289 3286
f 3286 3289 3251
f 3286 3251 3313
f 3313 3251 3328
f 3313 3328 3320
f 3320 3328 3327
f 3320 3327 3316
f 3316 3327 3322
f 3316 3322 3332
f 3332 3322 3323
f 3332 3323 3329
f 3329 3323 3331
f 3329 3331 3554
f 3554 3331 3556
f 3554 3556 3555
f 3555 3556 3557
f 3555 3557 3534
f 3534 3557 3539
f 3534 3539 3535
f 3535 3539 3540
f 3535 3540 3536
f 3536 3540 3542
f 3536 3542 3537
f 3537 3542 2714
f 3537 2714 2723
f 2723 2714 2720
f 2723 2720 2722
f 2722 2720 2719
f 2722 2719 2718
f 2718 2719 2735
f 2718 2735 2727
f 2727 2735 2728
f 2727 2728 2724
f 2724 2728 2736
f 2724 2736 1406
f 1406 2736 1396
f 1406 1396 1402
f 1402 1396 1354
f 1402 1354 1356
f 1356 1354 1351
f 1356 1351 1357
f 1357 1351 1349
f 1357 1349 1358
f 1358 1349 1352
f 1358 1352 1359
f 1359 1352 1384
f 1359 1384 1390
f 1390 1384 1386
f 1390 1386 1383
f 1383 1386 1387
f 1383 1387 1391
f 1391 1387 1388
f 1391 1388 1392
f 1392 1388 1389
f 1392 1389 1215
f 1215 1389 1220
f 1215 1220 1216
f 1216 1220 2526
f 1216 2526 1258
f 1258 2526 2527
f 1258 2527 1245
f 1245 2527 2528
f 1245 2528 1246
f 1246 2528 2529
f 1246 2529 1257
f 1257 2529 2554
f 1257 2554 1256
f 1256 2554 2550
f 1256 2550 968
f 968 2550 2549
f 968 2549 961
f 961 2549 2548
f 961 2548 967
f 967 2548 1686
f 967 1686 966
f 966 1686 1693
f 966 1693 1692
f 1692 1693 1687
f 1692 1687 1705
f 1705 1687 1700
f 1705 1700 1707
f 1707 1700 1695
f 1707 1695 1708
f 1708 1695 1701
f 1708 1701 1490
f 1490 1701 1489
f 1490 1489 1491
f 1491 1489 1488
f 1491 1488 1492
f 1492 1488 1487
f 1492 1487 1493
f 1493 1487 1485
f 1493 1485 1494
f 1494 1485 1484
f 1494 1484 1456
f 1456 1484 1468
f 1456 1468 1457
f 1457 1468 1455
f 1457 1455 1461
f 1461 1455 1454
f 1461 1454 1458
f 1458 1454 1463
f 1458 1463 1459
f 1459 1463 1467
f 1459 1467 1460
f 1460 1467 1444
f 3082 3122 3124
f 3124 3122 3123
f 3124 3123 3125
f 3125 3123 3120
f 3125 3120 3126
f 3126 3120 3121
f 3126 3121 3118
f 3118 3121 3149
f 3118 3149 3146
f 3146 3149 3150
f 3146 3150 3148
f 3148 3150 3151
f 3148 3151 3152
f 3152 3151 3154
f 3152 3154 3153
f 3153 3154 3155
f 3153 3155 2977
f 2977 3155 2971
f 2977 2971 2968
f 2968 2971 2970
f 2968 2970 2975
f 2975 2970 2964
f 2975 2964 2974
f 2974 2964 2969
f 2974 2969 2973
f 2973 2969 2897
f 2973 2897 2891
f 2891 2897 2895
f 2891 2895 2892
f 2892 2895 2890
f 2892 2890 2931
f 2931 2890 2926
f 2931 2926 2933
f 2933 2926 2925
f 2933 2925 2932
f 2932 2925 2930
f 2932 2930 3278
f 3278 2930 3282
f 3278 3282 3290
f 3290 3282 3261
f 3290 3261 3288
f 3288 3261 3260
f 3288 3260 3289
f 3289 3260 3259
f 3289 3259 3251
f 3251 3259 3250
f 3251 3250 3328
f 3328 3250 3335
f 3328 3335 3327
f 3327 3335 3330
f 3327 3330 3322
f 3322 3330 3333
f 3322 3333 3323
f 3323 3333 3334
f 3323 3334 3331
f 3331 3334 3860
f 3331 3860 3556
f 3556 3860 3853
f 3556 3853 3557
f 3557 3853 3871
f 3557 3871 3539
f 3539 3871 3872
f 3539 3872 3540
f 3540 3872 3866
f 3540 3866 3542
f 3542 3866 2711
f 3542 2711 2714
f 2714 2711 2710
f 2714 2710 2720
f 2720 2710 2721
f 2720 2721 2719
f 2719 2721 2726
f 2719 2726 2735
f 2735 2726 2725
f 2735 2725 2728
f 2728 2725 2737
f 2728 2737 2736
f 2736 2737 2761
f 2736 2761 1396
f 1396 2761 2757
f 1396 2757 1354
f 1354 2757 1353
f 1354 1353 1351
f 1351 1353 1350
f 1351 1350 1349
f 1349 1350 1355
f 1349 1355 1352
f 1352 1355 1360
f 1352 1360 1384
f 1384 1360 1385
f 1384 1385 1386
f 1386 1385 1380
f 1386 1380 1387
f 1387 1380 1381
f 1387 1381 1388
f 1388 1381 1382
f 1388 1382 1389
f 1389 1382 2620
f 1389 2620 1220
f 1220 2620 2621
f 1220 2621 2526
f 2526 2621 2520
f 2526 2520 2527
f 2527 2520 2525
f 2527 2525 2528
f 2528 2525 2519
f 2528 2519 2529
f 2529 2519 2555
f 2529 2555 2554
f 2554 2555 2556
f 2554 2556 2550
f 2550 2556 2546
f 2550 2546 2549
f 2549 2546 2560
f 2549 2560 2548
f 2548 2560 2545
f 2548 2545 1686
f 1686 2545 1690
f 1686 1690 1693
f 1693 1690 1689
f 1693 1689 1687
f 1687 1689 1688
f 1687 1688 1700
f 1700 1688 1704
f 1700 1704 1695
f 1695 1704 1703
f 1695 1703 1701
f 1701 1703 1702
f 1701 1702 1489
f 1489 1702 1495
f 1489 1495 1488
f 1488 1495 1498
f 1488 1498 1487
f 1487 1498 1496
f 1487 1496 1485
f 1485 1496 1497
f 1485 1497 1484
f 1484 1497 1475
f 1484 1475 1468
f 1468 1475 1476
f 1468 1476 1455
f 1455 1476 1477
f 1455 1477 1454
f 1454 1477 1483
f 1454 1483 1463
f 1463 1483 1450
f 1463 1450 1467
f 1467 1450 1451
f 1467 1451 1444
f 1444 1451 1452
f 3122 3117 3123
f 3123 3117 3116
f 3123 3116 3120
f 3120 3116 3115
f 3120 3115 3121
f 3121 3115 3137
f 3121 3137 3149
f 3149 3137 3144
f 3149 3144 3150
f 3150 3144 3143
f 3150 3143 3151
f 3151 3143 3157
f 3151 3157 3154
f 3154 3157 3156
f 3154 3156 3155
f 3155 3156 3145
f 3155 3145 2971
f 2971 3145 2978
f 2971 2978 2970
f 2970 2978 2976
f 2970 2976 2964
f 2964 2976 2972
f 2964 2972 2969
f 2969 2972 2900
f 2969 2900 2897
f 2897 2900 2896
f 2897 2896 2895
f 2895 2896 2894
f 2895 2894 2890
f 2890 2894 2893
f 2890 2893 2926
f 2926 2893 2934
f 2926 2934 2925
f 2925 2934 2920
f 2925 2920 2930
f 2930 2920 2921
f 2930 2921 3282
f 3282 2921 3249
f 3282 3249 3261
f 3261 3249 3248
f 3261 3248 3260
f 3260 3248 3258
f 3260 3258 3259
f 3259 3258 3257
f 3259 3257 3250
f 3250 3257 3256
f 3250 3256 3335
f 3335 3256 3326
f 3335 3326 3330
f 3330 3326 3325
f 3330 3325 3333
f 3333 3325 3324
f 3333 3324 3334
f 3334 3324 3850
f 3334 3850 3860
f 3860 3850 3848
f 3860 3848 3853
f 3853 3848 3874
f 3853 3874 3871
f 3871 3874 3875
f 3871 3875 3872
f 3872 3875 3868
f 3872 3868 3866
f 3866 3868 3876
f 3866 3876 2711
f 2711 3876 2713
f 2711 2713 2710
f 2710 2713 2712
f 2710 2712 2721
f 2721 2712 2729
f 2721 2729 2726
f 2726 2729 2734
f 2726 2734 2725
f 2725 2734 2733
f 2725 2733 2737
f 2737 2733 2765
f 2737 2765 2761
f 2761 2765 2766
f 2761 2766 2757
f 2757 2766 2767
f 2757 2767 1353
f 1353 2767 2740
f 1353 2740 1350
f 1350 2740 2741
f 1350 2741 1355
f 1355 2741 2742
f 1355 2742 1360
f 1360 2742 2744
f 1360 2744 1385
f 1385 2744 2611
f 1385 2611 1380
f 1380 2611 2606
f 1380 2606 1381
f 1381 2606 2629
f 1381 2629 1382
f 1382 2629 2630
f 1382 2630 2620
f 2620 2630 2631
f 2620 2631 2621
f 2621 2631 2632
f 2621 2632 2520
f 2520 2632 2524
f 2520 2524 2525
f 2525 2524 2523
f 2525 2523 2519
f 2519 2523 2530
f 2519 2530 2555
f 2555 2530 2551
f 2555 2551 2556
f 2556 2551 2547
f 2556 2547 2546
f 2546 2547 2557
f 2546 2557 2560
f 2560 2557 2540
f 2560 2540 2545
f 2545 2540 2539
f 2545 2539 1690
f 1690 2539 1679
f 1690 1679 1689
f 1689 1679 1680
f 1689 1680 1688
f 1688 1680 1681
f 1688 1681 1704
f 1704 1681 1698
f 1704 1698 1703
f 1703 1698 1694
f 1703 1694 1702
f 1702 1694 1699
f 1702 1699 1495
f 1495 1699 1486
f 1495 1486 1498
f 1498 1486 1507
f 1498 1507 1496
f 1496 1507 1506
f 1496 1506 1497
f 1497 1506 1505
f 1497 1505 1475
f 1475 1505 1474
f 1475 1474 1476
f 1476 1474 1472
f 1476 1472 1477
f 1477 1472 1480
f 1477 1480 1483
f 1483 1480 1478
f 1483 1478 1450
f 1450 1478 1449
f 1450 1449 1451
f 1451 1449 1446
f 1451 1446 1452
f 1452 1446 1445
f 3117 3119 3116
f 3116 3119 3140
f 3116 3140 3115
f 3115 3140 3142
f 3115 3142 3137
f 3137 3142 3134
f 3137 3134 3144
f 3144 3134 3133
f 3144 3133 3143
f 3143 3133 3147
f 3143 3147 3157
f 3157 3147 4156
f 3157 4156 3156
f 3156 4156 4151
f 3156 4151 3145
f 3145 4151 4300
f 3145 4300 2978
f 2978 4300 4302
f 2978 4302 2976
f 2976 4302 4305
f 2976 4305 2972
f 2972 4305 4304
f 2972 4304 2900
f 2900 4304 2904
f 2900 2904 2896
f 2896 2904 2902
f 2896 2902 2894
f 2894 2902 2901
f 2894 2901 2893
f 2893 2901 4236
f 2893 4236 2934
f 2934 4236 2929
f 2934 2929 2920
f 2920 2929 2928
f 2920 2928 2921
f 2921 2928 2922
f 2921 2922 3249
f 3249 2922 3255
f 3249 3255 3248
f 3248 3255 3254
f 3248 3254 3258
f 3258 3254 3252
f 3258 3252 3257
f 3257 3252 3253
f 3257 3253 3256
f 3256 3253 3844
f 3256 3844 3326
f 3326 3844 3834
f 3326 3834 3325
f 3325 3834 3835
f 3325 3835 3324
f 3324 3835 3855
f 3324 3855 3850
f 3850 3855 3856
f 3850 3856 3848
f 3848 3856 3852
f 3848 3852 3874
f 3874 3852 3863
f 3874 3863 3875
f 3875 3863 3864
f 3875 3864 3868
f 3868 3864 3861
f 3868 3861 3876
f 3876 3861 3865
f 3876 3865 2713
f 2713 3865 2704
f 2713 2704 2712
f 2712 2704 2705
f 2712 2705 2729
f 2729 2705 2730
f 2729 2730 2734
f 2734 2730 2732
f 2734 2732 2733
f 2733 2732 2764
f 2733 2764 2765
f 2765 2764 2760
f 2765 2760 2766
f 2766 2760 2759
f 2766 2759 2767
f 2767 2759 2758
f 2767 2758 2740
f 2740 2758 2743
f 2740 2743 2741
f 2741 2743 2738
f 2741 2738 2742
f 2742 2738 2752
f 2742 2752 2744
f 2744 2752 2607
f 2744 2607 2611
f 2611 2607 2612
f 2611 2612 2606
f 2606 2612 2613
f 2606 2613 2629
f 2629 2613 2633
f 2629 2633 2630
f 2630 2633 2628
f 2630 2628 2631
f 2631 2628 2627
f 2631 2627 2632
f 2632 2627 2626
f 2632 2626 2524
f 2524 2626 2518
f 2524 2518 2523
f 2523 2518 2517
f 2523 2517 2530
f 2530 2517 2516
f 2530 2516 2551
f 2551 2516 2553
f 2551 2553 2547
f 2547 2553 2552
f 2547 2552 2557
f 2557 2552 2542
f 2557 2542 2540
f 2540 2542 2543
f 2540 2543 2539
f 2539 2543 2544
f 2539 2544 1679
f 1679 2544 1683
f 1679 1683 1680
f 1680 1683 1684
f 1680 1684 1681
f 1681 1684 1685
f 1681 1685 1698
f 1698 1685 1697
f 1698 1697 1694
f 1694 1697 1696
f 1694 1696 1699
f 1699 1696 1706
f 1699 1706 1486
f 1486 1706 1503
f 1486 1503 1507
f 1507 1503 1502
f 1507 1502 1506
f 1506 1502 1501
f 1506 1501 1505
f 1505 1501 1500
f 1505 1500 1474
f 1474 1500 1470
f 1474 1470 1472
f 1472 1470 1469
f 1472 1469 1480
f 1480 1469 1482
f 1480 1482 1478
f 1478 1482 1441
f 1478 1441 1449
f 1449 1441 1443
f 1449 1443 1446
f 1446 1443 1439
f 1446 1439 1445
f 1445 1439 1442
f 3119 3129 3140
f 3140 3129 3132
f 3140 3132 3142
f 3142 3132 3136
f 3142 3136 3134
f 3134 3136 3139
f 3134 3139 3133
f 3133 3139 3135
f 3133 3135 3147
f 3147 3135 4159
f 3147 4159 4156
f 4156 4159 4146
f 4156 4146 4151
f 4151 4146 4145
f 4151 4145 4300
f 4300 4145 4311
f 4300 4311 4302
f 4302 4311 4310
f 4302 4310 4305
f 4305 4310 4309
f 4305 4309 4304
f 4304 4309 4308
f 4304 4308 2904
f 2904 4308 2903
f 2904 2903 2902
f 2902 2903 2898
f 2902 2898 2901
f 2901 2898 4249
f 2901 4249 4236
f 4236 4249 4248
f 4236 4248 2929
f 2929 4248 4247
f 2929 4247 2928
f 2928 4247 4245
f 2928 4245 2922
f 2922 4245 3918
f 2922 3918 3255
f 3255 3918 3919
f 3255 3919 3254
f 3254 3919 3907
f 3254 3907 3252
f 3252 3907 3908
f 3252 3908 3253
f 3253 3908 3832
f 3253 3832 3844
f 3844 3832 3841
f 3844 3841 3834
f 3834 3841 3840
f 3834 3840 3835
f 3835 3840 3831
f 3835 3831 3855
f 3855 3831 3851
f 3855 3851 3856
f 3856 3851 3849
f 3856 3849 3852
f 3852 3849 3847
f 3852 3847 3863
f 3863 3847 3873
f 3863 3873 3864
f 3864 3873 3867
f 3864 3867 3861
f 3861 3867 3862
f 3861 3862 3865
f 3865 3862 2697
f 3865 2697 2704
f 2704 2697 2703
f 2704 2703 2705
f 2705 2703 2695
f 2705 2695 2730
f 2730 2695 2702
f 2730 2702 2732
f 2732 2702 2756
f 2732 2756 2764
f 2764 2756 2763
f 2764 2763 2760
f 2760 2763 2755
f 2760 2755 2759
f 2759 2755 2762
f 2759 2762 2758
f 2758 2762 2750
f 2758 2750 2743
f 2743 2750 2749
f 2743 2749 2738
f 2738 2749 2746
f 2738 2746 2752
f 2752 2746 2745
f 2752 2745 2607
f 2607 2745 2616
f 2607 2616 2612
f 2612 2616 2619
f 2612 2619 2613
f 2613 2619 2618
f 2613 2618 2633
f 2633 2618 2625
f 2633 2625 2628
f 2628 2625 2624
f 2628 2624 2627
f 2627 2624 2622
f 2627 2622 2626
f 2626 2622 2623
f 2626 2623 2518
f 2518 2623 2521
f 2518 2521 2517
f 2517 2521 2522
f 2517 2522 2516
f 2516 2522 2558
f 2516 2558 2553
f 2553 2558 2559
f 2553 2559 2552
f 2552 2559 2541
f 2552 2541 2542
f 2542 2541 2538
f 2542 2538 2543
f 2543 2538 2537
f 2543 2537 2544
f 2544 2537 2536
f 2544 2536 1683
f 1683 2536 1691
f 1683 1691 1684
f 1684 1691 1682
f 1684 1682 1685
f 1685 1682 1669
f 1685 1669 1697
f 1697 1669 1668
f 1697 1668 1696
f 1696 1668 1667
f 1696 1667 1706
f 1706 1667 1510
f 1706 1510 1503
f 1503 1510 1511
f 1503 1511 1502
f 1502 1511 1499
f 1502 1499 1501
f 1501 1499 1512
f 1501 1512 1500
f 1500 1512 1513
f 1500 1513 1470
f 1470 1513 1481
f 1470 1481 1469
f 1469 1481 1473
f 1469 1473 1482
f 1482 1473 1479
f 1482 1479 1441
f 1441 1479 1453
f 1441 1453 1443
f 1443 1453 1448
f 1443 1448 1439
f 1439 1448 1440
f 1439 1440 1442
f 1442 1440 1536
f 3129 3138 3132
f 3132 3138 3131
f 3132 3131 3136
f 3136 3131 3130
f 3136 3130 3139
f 3139 3130 3141
f 3139 3141 3135
f 3135 3141 4148
f 3135 4148 4159
f 4159 4148 4149
f 4159 4149 4146
f 4146 4149 4158
f 4146 4158 4145
f 4145 4158 4147
f 4145 4147 4311
f 4311 4147 4298
f 4311 4298 4310
f 4310 4298 4301
f 4310 4301 4309
f 4309 4301 4303
f 4309 4303 4308
f 4308 4303 4299
f 4308 4299 2903
f 2903 4299 2899
f 2903 2899 2898
f 2898 2899 4246
f 2898 4246 4249
f 4249 4246 4237
f 4249 4237 4248
f 4248 4237 4240
f 4248 4240 4247
f 4247 4240 4238
f 4247 4238 4245
f 4245 4238 3912
f 4245 3912 3918
f 3918 3912 3906
f 3918 3906 3919
f 3919 3906 3916
f 3919 3916 3907
f 3907 3916 3905
f 3907 3905 3908
f 3908 3905 3911
f 3908 3911 3832
f 3832 3911 3833
f 3832 3833 3841
f 3841 3833 3843
f 3841 3843 3840
f 3840 3843 3842
f 3840 3842 3831
f 3831 3842 3845
f 3831 3845 3851
f 3851 3845 3859
f 3851 3859 3849
f 3849 3859 3858
f 3849 3858 3847
f 3847 3858 3857
f 3847 3857 3873
f 3873 3857 3870
f 3873 3870 3867
f 3867 3870 3869
f 3867 3869 3862
f 3862 3869 2698
f 3862 2698 2697
f 2697 2698 2699
f 2697 2699 2703
f 2703 2699 2700
f 2703 2700 2695
f 2695 2700 2701
f 2695 2701 2702
f 2702 2701 2773
f 2702 2773 2756
f 2756 2773 2768
f 2756 2768 2763
f 2763 2768 2754
f 2763 2754 2755
f 2755 2754 2774
f 2755 2774 2762
f 2762 2774 2778
f 2762 2778 2750
f 2750 2778 2747
f 2750 2747 2749
f 2749 2747 2748
f 2749 2748 2746
f 2746 2748 2751
f 2746 2751 2745
f 2745 2751 2610
f 2745 2610 2616
f 2616 2610 2609
f 2616 2609 2619
f 2619 2609 2608
f 2619 2608 2618
f 2618 2608 2605
f 2618 2605 2625
f 2625 2605 2644
f 2625 2644 2624
f 2624 2644 2642
f 2624 2642 2622
f 2622 2642 2640
f 2622 2640 2623
f 2623 2640 2596
f 2623 2596 2521
f 2521 2596 2591
f 2521 2591 2522
f 2522 2591 2592
f 2522 2592 2558
f 2558 2592 2593
f 2558 2593 2559
f 2559 2593 2535
f 2559 2535 2541
f 2541 2535 2532
f 2541 2532 2538
f 2538 2532 2534
f 2538 2534 2537
f 2537 2534 2533
f 2537 2533 2536
f 2536 2533 1631
f 2536 1631 1691
f 1691 1631 1632
f 1691 1632 1682
f 1682 1632 1671
f 1682 1671 1669
f 1669 1671 1670
f 1669 1670 1668
f 1668 1670 1677
f 1668 1677 1667
f 1667 1677 1678
f 1667 1678 1510
f 1510 1678 1504
f 1510 1504 1511
f 1511 1504 1508
f 1511 1508 1499
f 1499 1508 1509
f 1499 1509 1512
f 1512 1509 1526
f 1512 1526 1513
f 1513 1526 1520
f 1513 1520 1481
f 1481 1520 1471
f 1481 1471 1473
f 1473 1471 1593
f 1473 1593 1479
f 1479 1593 1596
f 1479 1596 1453
f 1453 1596 1447
f 1453 1447 1448
f 1448 1447 1538
f 1448 1538 1440
f 1440 1538 1539
f 1440 1539 1536
f 1536 1539 1542
f 3138 4182 3131
f 3131 4182 4178
f 3131 4178 3130
f 3130 4178 4183
f 3130 4183 3141
f 3141 4183 4177
f 3141 4177 4148
f 4148 4177 4153
f 4148 4153 4149
f 4149 4153 4157
f 4149 4157 4158
f 4158 4157 4155
f 4158 4155 4147
f 4147 4155 4160
f 4147 4160 4298
f 4298 4160 4306
f 4298 4306 4301
f 4301 4306 4307
f 4301 4307 4303
f 4303 4307 4297
f 4303 4297 4299
f 4299 4297 4326
f 4299 4326 2899
f 2899 4326 4323
f 2899 4323 4246
f 4246 4323 4242
f 4246 4242 4237
f 4237 4242 4239
f 4237 4239 4240
f 4240 4239 4243
f 4240 4243 4238
f 4238 4243 4244
f 4238 4244 3912
f 3912 4244 3913
f 3912 3913 3906
f 3906 3913 3914
f 3906 3914 3916
f 3916 3914 3915
f 3916 3915 3905
f 3905 3915 3898
f 3905 3898 3911
f 3911 3898 3897
f 3911 3897 3833
f 3833 3897 3839
f 3833 3839 3843
f 3843 3839 3838
f 3843 3838 3842
f 3842 3838 3837
f 3842 3837 3845
f 3845 3837 3836
f 3845 3836 3859
f 3859 3836 3846
f 3859 3846 3858
f 3858 3846 3854
f 3858 3854 3857
f 3857 3854 3813
f 3857 3813 3870
f 3870 3813 3812
f 3870 3812 3869
f 3869 3812 3814
f 3869 3814 2698
f 2698 3814 2708
f 2698 2708 2699
f 2699 2708 2707
f 2699 2707 2700
f 2700 2707 2706
f 2700 2706 2701
f 2701 2706 2780
f 2701 2780 2773
f 2773 2780 2779
f 2773 2779 2768
f 2768 2779 2772
f 2768 2772 2754
f 2754 2772 2771
f 2754 2771 2774
f 2774 2771 2770
f 2774 2770 2778
f 2778 2770 2769
f 2778 2769 2747
f 2747 2769 2739
f 2747 2739 2748
f 2748 2739 2753
f 2748 2753 2751
f 2751 2753 2887
f 2751 2887 2610
f 2610 2887 2888
f 2610 2888 2609
f 2609 2888 2615
f 2609 2615 2608
f 2608 2615 2614
f 2608 2614 2605
f 2605 2614 2637
f 2605 2637 2644
f 2644 2637 2643
f 2644 2643 2642
f 2642 2643 2636
f 2642 2636 2640
f 2640 2636 2635
f 2640 2635 2596
f 2596 2635 2594
f 2596 2594 2591
f 2591 2594 2595
f 2591 2595 2592
f 2592 2595 2599
f 2592 2599 2593
f 2593 2599 2600
f 2593 2600 2535
f 2535 2600 2582
f 2535 2582 2532
f 2532 2582 2586
f 2532 2586 2534
f 2534 2586 2531
f 2534 2531 2533
f 2533 2531 1620
f 2533 1620 1631
f 1631 1620 1622
f 1631 1622 1632
f 1632 1622 1664
f 1632 1664 1671
f 1671 1664 1665
f 1671 1665 1670
f 1670 1665 1676
f 1670 1676 1677
f 1677 1676 1675
f 1677 1675 1678
f 1678 1675 1666
f 1678 1666 1504
f 1504 1666 1523
f 1504 1523 1508
f 1508 1523 1522
f 1508 1522 1509
f 1509 1522 1519
f 1509 1519 1526
f 1526 1519 1518
f 1526 1518 1520
f 1520 1518 1528
f 1520 1528 1471
f 1471 1528 1590
f 1471 1590 1593
f 1593 1590 1600
f 1593 1600 1596
f 1596 1600 1594
f 1596 1594 1447
f 1447 1594 1540
f 1447 1540 1538
f 1538 1540 1537
f 1538 1537 1539
f 1539 1537 1541
f 1539 1541 1542
f 1542 1541 1543
f 4182 4189 4178
f 4178 4189 4188
f 4178 4188 4183
f 4183 4188 4179
f 4183 4179 4177
f 4177 4179 4180
f 4177 4180 4153
f 4153 4180 4152
f 4153 4152 4157
f 4157 4152 4150
f 4157 4150 4155
f 4155 4150 4154
f 4155 4154 4160
f 4160 4154 4313
f 4160 4313 4306
f 4306 4313 4320
f 4306 4320 4307
f 4307 4320 4319
f 4307 4319 4297
f 4297 4319 4317
f 4297 4317 4326
f 4326 4317 4318
f 4326 4318 4323
f 4323 4318 4316
f 4323 4316 4242
f 4242 4316 4241
f 4242 4241 4239
f 4239 4241 4250
f 4239 4250 4243
f 4243 4250 4255
f 4243 4255 4244
f 4244 4255 4253
f 4244 4253 3913
f 3913 4253 3909
f 3913 3909 3914
f 3914 3909 3910
f 3914 3910 3915
f 3915 3910 3893
f 3915 3893 3898
f 3898 3893 3894
f 3898 3894 3897
f 3897 3894 3895
f 3897 3895 3839
f 3839 3895 3795
f 3839 3795 3838
f 3838 3795 3792
f 3838 3792 3837
f 3837 3792 3791
f 3837 3791 3836
f 3836 3791 3790
f 3836 3790 3846
f 3846 3790 3789
f 3846 3789 3854
f 3854 3789 3805
f 3854 3805 3813
f 3813 3805 3811
f 3813 3811 3812
f 3812 3811 3810
f 3812 3810 3814
f 3814 3810 3815
f 3814 3815 2708
f 2708 3815 2694
f 2708 2694 2707
f 2707 2694 2696
f 2707 2696 2706
f 2706 2696 2787
f 2706 2787 2780
f 2780 2787 2777
f 2780 2777 2779
f 2779 2777 2775
f 2779 2775 2772
f 2772 2775 2776
f 2772 2776 2771
f 2771 2776 2783
f 2771 2783 2770
f 2770 2783 2782
f 2770 2782 2769
f 2769 2782 2781
f 2769 2781 2739
f 2739 2781 2884
f 2739 2884 2753
f 2753 2884 2883
f 2753 2883 2887
f 2887 2883 2882
f 2887 2882 2888
f 2888 2882 2881
f 2888 2881 2615
f 2615 2881 2617
f 2615 2617 2614
f 2614 2617 2645
f 2614 2645 2637
f 2637 2645 2648
f 2637 2648 2643
f 2643 2648 2634
f 2643 2634 2636
f 2636 2634 2646
f 2636 2646 2635
f 2635 2646 2641
f 2635 2641 2594
f 2594 2641 2604
f 2594 2604 2595
f 2595 2604 2603
f 2595 2603 2599
f 2599 2603 2602
f 2599 2602 2600
f 2600 2602 2577
f 2600 2577 2582
f 2582 2577 2578
f 2582 2578 2586
f 2586 2578 2579
f 2586 2579 2531
f 2531 2579 1629
f 2531 1629 1620
f 1620 1629 1628
f 1620 1628 1622
f 1622 1628 1627
f 1622 1627 1664
f 1664 1627 1672
f 1664 1672 1665
f 1665 1672 1673
f 1665 1673 1676
f 1676 1673 1674
f 1676 1674 1675
f 1675 1674 1637
f 1675 1637 1666
f 1666 1637 1636
f 1666 1636 1523
f 1523 1636 1516
f 1523 1516 1522
f 1522 1516 1515
f 1522 1515 1519
f 1519 1515 1514
f 1519 1514 1518
f 1518 1514 1521
f 1518 1521 1528
f 1528 1521 1609
f 1528 1609 1590
f 1590 1609 1589
f 1590 1589 1600
f 1600 1589 1597
f 1600 1597 1594
f 1594 1597 1532
f 1594 1532 1540
f 1540 1532 1533
f 1540 1533 1537
f 1537 1533 1534
f 1537 1534 1541
f 1541 1534 1535
f 1541 1535 1543
f 1543 1535 1548
f 4189 4186 4188
f 4188 4186 4187
f 4188 4187 4179
f 4179 4187 4184
f 4179 4184 4180
f 4180 4184 4171
f 4180 4171 4152
f 4152 4171 4170
f 4152 4170 4150
f 4150 4170 4176
f 4150 4176 4154
f 4154 4176 4168
f 4154 4168 4313
f 4313 4168 4312
f 4313 4312 4320
f 4320 4312 4324
f 4320 4324 4319
f 4319 4324 4325
f 4319 4325 4317
f 4317 4325 4314
f 4317 4314 4318
f 4318 4314 4315
f 4318 4315 4316
f 4316 4315 4275
f 4316 4275 4241
f 4241 4275 4276
f 4241 4276 4250
f 4250 4276 4261
f 4250 4261 4255
f 4255 4261 4262
f 4255 4262 4253
f 4253 4262 4260
f 4253 4260 3909
f 3909 4260 3917
f 3909 3917 3910
f 3910 3917 3904
f 3910 3904 3893
f 3893 3904 3891
f 3893 3891 3894
f 3894 3891 3896
f 3894 3896 3895
f 3895 3896 3892
f 3895 3892 3795
f 3795 3892 3800
f 3795 3800 3792
f 3792 3800 3799
f 3792 3799 3791
f 3791 3799 3798
f 3791 3798 3790
f 3790 3798 3797
f 3790 3797 3789
f 3789 3797 3796
f 3789 3796 3805
f 3805 3796 3809
f 3805 3809 3811
f 3811 3809 3808
f 3811 3808 3810
f 3810 3808 3807
f 3810 3807 3815
f 3815 3807 3806
f 3815 3806 2694
f 2694 3806 2785
f 2694 2785 2696
f 2696 2785 2786
f 2696 2786 2787
f 2787 2786 2788
f 2787 2788 2777
f 2777 2788 2790
f 2777 2790 2775
f 2775 2790 2792
f 2775 2792 2776
f 2776 2792 2847
f 2776 2847 2783
f 2783 2847 2848
f 2783 2848 2782
f 2782 2848 2849
f 2782 2849 2781
f 2781 2849 2878
f 2781 2878 2884
f 2884 2878 2877
f 2884 2877 2883
f 2883 2877 2876
f 2883 2876 2882
f 2882 2876 2875
f 2882 2875 2881
f 2881 2875 2874
f 2881 2874 2617
f 2617 2874 2681
f 2617 2681 2645
f 2645 2681 2680
f 2645 2680 2648
f 2648 2680 2679
f 2648 2679 2634
f 2634 2679 2639
f 2634 2639 2646
f 2646 2639 2647
f 2646 2647 2641
f 2641 2647 2638
f 2641 2638 2604
f 2604 2638 2598
f 2604 2598 2603
f 2603 2598 2597
f 2603 2597 2602
f 2602 2597 2581
f 2602 2581 2577
f 2577 2581 2590
f 2577 2590 2578
f 2578 2590 2589
f 2578 2589 2579
f 2579 2589 2576
f 2579 2576 1629
f 1629 2576 1621
f 1629 1621 1628
f 1628 1621 1625
f 1628 1625 1627
f 1627 1625 1624
f 1627 1624 1672
f 1672 1624 1653
f 1672 1653 1673
f 1673 1653 1662
f 1673 1662 1674
f 1674 1662 1639
f 1674 1639 1637
f 1637 1639 1641
f 1637 1641 1636
f 1636 1641 1642
f 1636 1642 1516
f 1516 1642 1527
f 1516 1527 1515
f 1515 1527 1525
f 1515 1525 1514
f 1514 1525 1524
f 1514 1524 1521
f 1521 1524 1607
f 1521 1607 1609
f 1609 1607 1608
f 1609 1608 1589
f 1589 1608 1599
f 1589 1599 1597
f 1597 1599 1603
f 1597 1603 1532
f 1532 1603 1531
f 1532 1531 1533
f 1533 1531 1530
f 1533 1530 1534
f 1534 1530 1544
f 1534 1544 1535
f 1535 1544 1551
f 1535 1551 1548
f 1548 1551 1550
f 4186 4181 4187
f 4187 4181 4190
f 4187 4190 4184
f 4184 4190 4167
f 4184 4167 4171
f 4171 4167 4166
f 4171 4166 4170
f 4170 4166 4165
f 4170 4165 4176
f 4176 4165 4164
f 4176 4164 4168
f 4168 4164 4163
f 4168 4163 4312
f 4312 4163 4322
f 4312 4322 4324
f 4324 4322 4321
f 4324 4321 4325
f 4325 4321 4290
f 4325 4290 4314
f 4314 4290 4291
f 4314 4291 4315
f 4315 4291 4280
f 4315 4280 4275
f 4275 4280 4273
f 4275 4273 4276
f 4276 4273 4266
f 4276 4266 4261
f 4261 4266 4258
f 4261 4258 4262
f 4262 4258 4257
f 4262 4257 4260
f 4260 4257 4252
f 4260 4252 3917
f 3917 4252 3903
f 3917 3903 3904
f 3904 3903 3902
f 3904 3902 3891
f 3891 3902 3901
f 3891 3901 3896
f 3896 3901 3900
f 3896 3900 3892
f 3892 3900 3884
f 3892 3884 3800
f 3800 3884 3793
f 3800 3793 3799
f 3799 3793 3788
f 3799 3788 3798
f 3798 3788 3787
f 3798 3787 3797
f 3797 3787 3786
f 3797 3786 3796
f 3796 3786 3828
f 3796 3828 3809
f 3809 3828 3801
f 3809 3801 3808
f 3808 3801 3802
f 3808 3802 3807
f 3807 3802 3804
f 3807 3804 3806
f 3806 3804 2796
f 3806 2796 2785
f 2785 2796 2798
f 2785 2798 2786
f 2786 2798 2797
f 2786 2797 2788
f 2788 2797 2784
f 2788 2784 2790
f 2790 2784 2791
f 2790 2791 2792
f 2792 2791 2844
f 2792 2844 2847
f 2847 2844 2843
f 2847 2843 2848
f 2848 2843 2846
f 2848 2846 2849
f 2849 2846 2845
f 2849 2845 2878
f 2878 2845 2886
f 2878 2886 2877
f 2877 2886 2885
f 2877 2885 2876
f 2876 2885 2879
f 2876 2879 2875
f 2875 2879 2889
f 2875 2889 2874
f 2874 2889 2689
f 2874 2689 2681
f 2681 2689 2688
f 2681 2688 2680
f 2680 2688 2687
f 2680 2687 2679
f 2679 2687 2686
f 2679 2686 2639
f 2639 2686 2685
f 2639 2685 2647
f 2647 2685 2663
f 2647 2663 2638
f 2638 2663 2660
f 2638 2660 2598
f 2598 2660 2601
f 2598 2601 2597
f 2597 2601 2588
f 2597 2588 2581
f 2581 2588 2587
f 2581 2587 2590
f 2590 2587 2580
f 2590 2580 2589
f 2589 2580 2583
f 2589 2583 2576
f 2576 2583 1626
f 2576 1626 1621
f 1621 1626 1619
f 1621 1619 1625
f 1625 1619 1630
f 1625 1630 1624
f 1624 1630 1656
f 1624 1656 1653
f 1653 1656 1655
f 1653 1655 1662
f 1662 1655 1658
f 1662 1658 1639
f 1639 1658 1644
f 1639 1644 1641
f 1641 1644 1643
f 1641 1643 1642
f 1642 1643 1640
f 1642 1640 1527
f 1527 1640 1645
f 1527 1645 1525
f 1525 1645 1517
f 1525 1517 1524
f 1524 1517 1613
f 1524 1613 1607
f 1607 1613 1615
f 1607 1615 1608
f 1608 1615 1614
f 1608 1614 1599
f 1599 1614 1602
f 1599 1602 1603
f 1603 1602 1601
f 1603 1601 1531
f 1531 1601 1529
f 1531 1529 1530
f 1530 1529 1547
f 1530 1547 1544
f 1544 1547 1557
f 1544 1557 1551
f 1551 1557 1558
f 1551 1558 1550
f 1550 1558 1545
f 4181 4185 4190
f 4190 4185 4175
f 4190 4175 4167
f 4167 4175 4162
f 4167 4162 4166
f 4166 4162 4161
f 4166 4161 4165
f 4165 4161 4169
f 4165 4169 4164
f 4164 4169 4172
f 4164 4172 4163
f 4163 4172 4231
f 4163 4231 4322
f 4322 4231 4235
f 4322 4235 4321
f 4321 4235 4294
f 4321 4294 4290
f 4290 4294 4284
f 4290 4284 4291
f 4291 4284 4283
f 4291 4283 4280
f 4280 4283 4279
f 4280 4279 4273
f 4273 4279 4278
f 4273 4278 4266
f 4266 4278 4277
f 4266 4277 4258
f 4258 4277 4259
f 4258 4259 4257
f 4257 4259 4264
f 4257 4264 4252
f 4252 4264 4263
f 4252 4263 3903
f 3903 4263 3899
f 3903 3899 3902
f 3902 3899 3877
f 3902 3877 3901
f 3901 3877 3881
f 3901 3881 3900
f 3900 3881 3878
f 3900 3878 3884
f 3884 3878 3882
f 3884 3882 3793
f 3793 3882 3939
f 3793 3939 3788
f 3788 3939 3940
f 3788 3940 3787
f 3787 3940 3794
f 3787 3794 3786
f 3786 3794 3827
f 3786 3827 3828
f 3828 3827 3826
f 3828 3826 3801
f 3801 3826 3825
f 3801 3825 3802
f 3802 3825 3803
f 3802 3803 3804
f 3804 3803 2789
f 3804 2789 2796
f 2796 2789 2793
f 2796 2793 2798
f 2798 2793 2794
f 2798 2794 2797
f 2797 2794 2795
f 2797 2795 2784
f 2784 2795 2828
f 2784 2828 2791
f 2791 2828 2815
f 2791 2815 2844
f 2844 2815 2857
f 2844 2857 2843
f 2843 2857 2856
f 2843 2856 2846
f 2846 2856 2855
f 2846 2855 2845
f 2845 2855 2854
f 2845 2854 2886
f 2886 2854 2880
f 2886 2880 2885
f 2885 2880 2859
f 2885 2859 2879
f 2879 2859 2871
f 2879 2871 2889
f 2889 2871 2870
f 2889 2870 2689
f 2689 2870 2690
f 2689 2690 2688
f 2688 2690 2691
f 2688 2691 2687
f 2687 2691 2693
f 2687 2693 2686
f 2686 2693 2692
f 2686 2692 2685
f 2685 2692 2659
f 2685 2659 2663
f 2663 2659 2662
f 2663 2662 2660
f 2660 2662 2655
f 2660 2655 2601
f 2601 2655 2584
f 2601 2584 2588
f 2588 2584 2585
f 2588 2585 2587
f 2587 2585 2567
f 2587 2567 2580
f 2580 2567 2565
f 2580 2565 2583
f 2583 2565 2574
f 2583 2574 1626
f 1626 2574 1623
f 1626 1623 1619
f 1619 1623 1633
f 1619 1633 1630
f 1630 1633 1659
f 1630 1659 1656
f 1656 1659 1652
f 1656 1652 1655
f 1655 1652 1660
f 1655 1660 1658
f 1658 1660 1661
f 1658 1661 1644
f 1644 1661 1649
f 1644 1649 1643
f 1643 1649 1634
f 1643 1634 1640
f 1640 1634 1638
f 1640 1638 1645
f 1645 1638 1648
f 1645 1648 1517
f 1517 1648 1616
f 1517 1616 1613
f 1613 1616 1612
f 1613 1612 1615
f 1615 1612 1611
f 1615 1611 1614
f 1614 1611 1617
f 1614 1617 1602
f 1602 1617 1591
f 1602 1591 1601
f 1601 1591 1595
f 1601 1595 1529
f 1529 1595 1552
f 1529 1552 1547
f 1547 1552 1553
f 1547 1553 1557
f 1557 1553 1556
f 1557 1556 1558
f 1558 1556 1546
f 1558 1546 1545
f 1545 1546 1555
f 4185 4173 4175
f 4175 4173 4174
f 4175 4174 4162
f 4162 4174 4206
f 4162 4206 4161
f 4161 4206 4216
f 4161 4216 4169
f 4169 4216 4215
f 4169 4215 4172
f 4172 4215 4233
f 4172 4233 4231
f 4231 4233 4232
f 4231 4232 4235
f 4235 4232 4281
f 4235 4281 4294
f 4294 4281 4285
f 4294 4285 4284
f 4284 4285 4295
f 4284 4295 4283
f 4283 4295 4265
f 4283 4265 4279
f 4279 4265 4274
f 4279 4274 4278
f 4278 4274 4272
f 4278 4272 4277
f 4277 4272 4271
f 4277 4271 4259
f 4259 4271 4256
f 4259 4256 4264
f 4264 4256 4254
f 4264 4254 4263
f 4263 4254 4251
f 4263 4251 3899
f 3899 4251 3885
f 3899 3885 3877
f 3877 3885 3886
f 3877 3886 3881
f 3881 3886 3887
f 3881 3887 3878
f 3878 3887 3888
f 3878 3888 3882
f 3882 3888 3948
f 3882 3948 3939
f 3939 3948 3949
f 3939 3949 3940
f 3940 3949 3950
f 3940 3950 3794
f 3794 3950 3824
f 3794 3824 3827
f 3827 3824 3823
f 3827 3823 3826
f 3826 3823 3822
f 3826 3822 3825
f 3825 3822 3821
f 3825 3821 3803
f 3803 3821 2799
f 3803 2799 2789
f 2789 2799 2800
f 2789 2800 2793
f 2793 2800 2801
f 2793 2801 2794
f 2794 2801 2808
f 2794 2808 2795
f 2795 2808 2819
f 2795 2819 2828
f 2828 2819 2820
f 2828 2820 2815
f 2815 2820 2821
f 2815 2821 2857
f 2857 2821 2853
f 2857 2853 2856
f 2856 2853 2852
f 2856 2852 2855
f 2855 2852 2851
f 2855 2851 2854
f 2854 2851 2850
f 2854 2850 2880
f 2880 2850 2863
f 2880 2863 2859
f 2859 2863 2872
f 2859 2872 2871
f 2871 2872 2861
f 2871 2861 2870
f 2870 2861 2862
f 2870 2862 2690
f 2690 2862 2682
f 2690 2682 2691
f 2691 2682 2683
f 2691 2683 2693
f 2693 2683 2684
f 2693 2684 2692
f 2692 2684 2675
f 2692 2675 2659
f 2659 2675 2656
f 2659 2656 2662
f 2662 2656 2657
f 2662 2657 2655
f 2655 2657 2658
f 2655 2658 2584
f 2584 2658 2573
f 2584 2573 2585
f 2585 2573 2572
f 2585 2572 2567
f 2567 2572 2570
f 2567 2570 2565
f 2565 2570 2569
f 2565 2569 2574
f 2574 2569 1722
f 2574 1722 1623
f 1623 1722 1720
f 1623 1720 1633
f 1633 1720 1715
f 1633 1715 1659
f 1659 1715 1654
f 1659 1654 1652
f 1652 1654 1650
f 1652 1650 1660
f 1660 1650 1657
f 1660 1657 1661
f 1661 1657 1663
f 1661 1663 1649
f 1649 1663 1647
f 1649 1647 1634
f 1634 1647 1646
f 1634 1646 1638
f 1638 1646 1635
f 1638 1635 1648
f 1648 1635 1762
f 1648 1762 1616
f 1616 1762 1606
f 1616 1606 1612
f 1612 1606 1605
f 1612 1605 1611
f 1611 1605 1604
f 1611 1604 1617
f 1617 1604 1618
f 1617 1618 1591
f 1591 1618 1598
f 1591 1598 1595
f 1595 1598 1592
f 1595 1592 1552
f 1552 1592 1549
f 1552 1549 1553
f 1553 1549 1554
f 1553 1554 1556
f 1556 1554 1571
f 1556 1571 1546
f 1546 1571 1560
f 1546 1560 1555
f 1555 1560 1573
f 4173 4209 4174
f 4174 4209 4210
f 4174 4210 4206
f 4206 4210 4211
f 4206 4211 4216
f 4216 4211 4212
f 4216 4212 4215
f 4215 4212 4213
f 4215 4213 4233
f 4233 4213 4227
f 4233 4227 4232
f 4232 4227 4228
f 4232 4228 4281
f 4281 4228 4286
f 4281 4286 4285
f 4285 4286 4289
f 4285 4289 4295
f 4295 4289 4292
f 4295 4292 4265
f 4265 4292 4270
f 4265 4270 4274
f 4274 4270 4267
f 4274 4267 4272
f 4272 4267 4268
f 4272 4268 4271
f 4271 4268 4269
f 4271 4269 4256
f 4256 4269 3968
f 4256 3968 4254
f 4254 3968 3967
f 4254 3967 4251
f 4251 3967 3979
f 4251 3979 3885
f 3885 3979 3879
f 3885 3879 3886
f 3886 3879 3890
f 3886 3890 3887
f 3887 3890 3889
f 3887 3889 3888
f 3888 3889 3947
f 3888 3947 3948
f 3948 3947 3946
f 3948 3946 3949
f 3949 3946 3945
f 3949 3945 3950
f 3950 3945 3944
f 3950 3944 3824
f 3824 3944 3829
f 3824 3829 3823
f 3823 3829 3830
f 3823 3830 3822
f 3822 3830 3817
f 3822 3817 3821
f 3821 3817 3818
f 3821 3818 2799
f 2799 3818 2803
f 2799 2803 2800
f 2800 2803 2804
f 2800 2804 2801
f 2801 2804 2805
f 2801 2805 2808
f 2808 2805 2817
f 2808 2817 2819
f 2819 2817 2816
f 2819 2816 2820
f 2820 2816 2818
f 2820 2818 2821
f 2821 2818 2827
f 2821 2827 2853
f 2853 2827 2840
f 2853 2840 2852
f 2852 2840 2832
f 2852 2832 2851
f 2851 2832 2831
f 2851 2831 2850
f 2850 2831 2830
f 2850 2830 2863
f 2863 2830 2865
f 2863 2865 2872
f 2872 2865 2868
f 2872 2868 2861
f 2861 2868 2860
f 2861 2860 2862
f 2862 2860 2864
f 2862 2864 2682
f 2682 2864 2678
f 2682 2678 2683
f 2683 2678 2664
f 2683 2664 2684
f 2684 2664 2665
f 2684 2665 2675
f 2675 2665 2677
f 2675 2677 2656
f 2656 2677 2653
f 2656 2653 2657
f 2657 2653 2661
f 2657 2661 2658
f 2658 2661 2564
f 2658 2564 2573
f 2573 2564 2571
f 2573 2571 2572
f 2572 2571 2562
f 2572 2562 2570
f 2570 2562 2563
f 2570 2563 2569
f 2569 2563 1717
f 2569 1717 1722
f 1722 1717 1718
f 1722 1718 1720
f 1720 1718 1719
f 1720 1719 1715
f 1715 1719 1721
f 1715 1721 1654
f 1654 1721 1723
f 1654 1723 1650
f 1650 1723 1709
f 1650 1709 1657
f 1657 1709 1651
f 1657 1651 1663
f 1663 1651 1773
f 1663 1773 1647
f 1647 1773 1772
f 1647 1772 1646
f 1646 1772 1771
f 1646 1771 1635
f 1635 1771 1764
f 1635 1764 1762
f 1762 1764 1763
f 1762 1763 1606
f 1606 1763 1610
f 1606 1610 1605
f 1605 1610 1579
f 1605 1579 1604
f 1604 1579 1578
f 1604 1578 1618
f 1618 1578 1577
f 1618 1577 1598
f 1598 1577 1576
f 1598 1576 1592
f 1592 1576 1563
f 1592 1563 1549
f 1549 1563 1567
f 1549 1567 1554
f 1554 1567 1566
f 1554 1566 1571
f 1571 1566 1559
f 1571 1559 1560
f 1560 1559 1572
f 1560 1572 1573
f 1573 1572 1570
f 4209 4218 4210
f 4210 4218 4220
f 4210 4220 4211
f 4211 4220 4219
f 4211 4219 4212
f 4212 4219 4217
f 4212 4217 4213
f 4213 4217 4221
f 4213 4221 4227
f 4227 4221 4230
f 4227 4230 4228
f 4228 4230 4234
f 4228 4234 4286
f 4286 4234 4296
f 4286 4296 4289
f 4289 4296 4287
f 4289 4287 4292
f 4292 4287 4288
f 4292 4288 4270
f 4270 4288 4002
f 4270 4002 4267
f 4267 4002 4001
f 4267 4001 4268
f 4268 4001 4000
f 4268 4000 4269
f 4269 4000 3972
f 4269 3972 3968
f 3968 3972 3971
f 3968 3971 3967
f 3967 3971 3970
f 3967 3970 3979
f 3979 3970 3969
f 3979 3969 3879
f 3879 3969 3883
f 3879 3883 3890
f 3890 3883 3880
f 3890 3880 3889
f 3889 3880 3956
f 3889 3956 3947
f 3947 3956 3941
f 3947 3941 3946
f 3946 3941 3937
f 3946 3937 3945
f 3945 3937 3936
f 3945 3936 3944
f 3944 3936 3938
f 3944 3938 3829
f 3829 3938 3820
f 3829 3820 3830
f 3830 3820 3816
f 3830 3816 3817
f 3817 3816 3819
f 3817 3819 3818
f 3818 3819 2809
f 3818 2809 2803
f 2803 2809 2810
f 2803 2810 2804
f 2804 2810 2811
f 2804 2811 2805
f 2805 2811 2812
f 2805 2812 2817
f 2817 2812 2814
f 2817 2814 2816
f 2816 2814 2823
f 2816 2823 2818
f 2818 2823 2824
f 2818 2824 2827
f 2827 2824 2839
f 2827 2839 2840
f 2840 2839 2835
f 2840 2835 2832
f 2832 2835 2834
f 2832 2834 2831
f 2831 2834 2842
f 2831 2842 2830
f 2830 2842 2841
f 2830 2841 2865
f 2865 2841 2867
f 2865 2867 2868
f 2868 2867 2873
f 2868 2873 2860
f 2860 2873 2869
f 2860 2869 2864
f 2864 2869 2666
f 2864 2666 2678
f 2678 2666 2667
f 2678 2667 2664
f 2664 2667 2668
f 2664 2668 2665
f 2665 2668 2669
f 2665 2669 2677
f 2677 2669 2670
f 2677 2670 2653
f 2653 2670 2649
f 2653 2649 2661
f 2661 2649 2654
f 2661 2654 2564
f 2564 2654 2575
f 2564 2575 2571
f 2571 2575 2566
f 2571 2566 2562
f 2562 2566 2561
f 2562 2561 2563
f 2563 2561 2568
f 2563 2568 1717
f 1717 2568 1713
f 1717 1713 1718
f 1718 1713 1710
f 1718 1710 1719
f 1719 1710 1716
f 1719 1716 1721
f 1721 1716 1712
f 1721 1712 1723
f 1723 1712 1711
f 1723 1711 1709
f 1709 1711 1714
f 1709 1714 1651
f 1651 1714 1770
f 1651 1770 1773
f 1773 1770 1775
f 1773 1775 1772
f 1772 1775 1780
f 1772 1780 1771
f 1771 1780 1779
f 1771 1779 1764
f 1764 1779 1755
f 1764 1755 1763
f 1763 1755 1754
f 1763 1754 1610
f 1610 1754 1583
f 1610 1583 1579
f 1579 1583 1584
f 1579 1584 1578
f 1578 1584 1585
f 1578 1585 1577
f 1577 1585 1574
f 1577 1574 1576
f 1576 1574 1575
f 1576 1575 1563
f 1563 1575 1561
f 1563 1561 1567
f 1567 1561 1562
f 1567 1562 1566
f 1566 1562 1569
f 1566 1569 1559
f 1559 1569 1568
f 1559 1568 1572
f 1572 1568 1564
f 1572 1564 1570
f 1570 1564 1565
f 4218 4214 4220
f 4220 4214 4208
f 4220 4208 4219
f 4219 4208 4207
f 4219 4207 4217
f 4217 4207 4225
f 4217 4225 4221
f 4221 4225 4224
f 4221 4224 4230
f 4230 4224 4223
f 4230 4223 4234
f 4234 4223 4222
f 4234 4222 4296
f 4296 4222 4293
f 4296 4293 4287
f 4287 4293 4282
f 4287 4282 4288
f 4288 4282 3999
f 4288 3999 4002
f 4002 3999 3998
f 4002 3998 4001
f 4001 3998 3997
f 4001 3997 4000
f 4000 3997 4010
f 4000 4010 3972
f 3972 4010 3976
f 3972 3976 3971
f 3971 3976 3977
f 3971 3977 3970
f 3970 3977 3978
f 3970 3978 3969
f 3969 3978 3981
f 3969 3981 3883
f 3883 3981 3961
f 3883 3961 3880
f 3880 3961 3952
f 3880 3952 3956
f 3956 3952 3953
f 3956 3953 3941
f 3941 3953 3960
f 3941 3960 3937
f 3937 3960 3943
f 3937 3943 3936
f 3936 3943 3942
f 3936 3942 3938
f 3938 3942 3923
f 3938 3923 3820
f 3820 3923 3922
f 3820 3922 3816
f 3816 3922 3935
f 3816 3935 3819
f 3819 3935 3925
f 3819 3925 2809
f 2809 3925 2806
f 2809 2806 2810
f 2810 2806 2807
f 2810 2807 2811
f 2811 2807 2813
f 2811 2813 2812
f 2812 2813 2802
f 2812 2802 2814
f 2814 2802 2822
f 2814 2822 2823
f 2823 2822 2825
f 2823 2825 2824
f 2824 2825 2826
f 2824 2826 2839
f 2839 2826 2833
f 2839 2833 2835
f 2835 2833 2836
f 2835 2836 2834
f 2834 2836 2837
f 2834 2837 2842
f 2842 2837 2838
f 2842 2838 2841
f 2841 2838 2829
f 2841 2829 2867
f 2867 2829 2858
f 2867 2858 2873
f 2873 2858 2866
f 2873 2866 2869
f 2869 2866 2671
f 2869 2671 2666
f 2666 2671 2672
f 2666 2672 2667
f 2667 2672 2673
f 2667 2673 2668
f 2668 2673 2674
f 2668 2674 2669
f 2669 2674 2676
f 2669 2676 2670
f 2670 2676 2650
f 2670 2650 2649
f 2649 2650 2651
f 2649 2651 2654
f 2654 2651 2652
f 2654 2652 2575
f 2575 2652 2305
f 2575 2305 2566
f 2566 2305 2304
f 2566 2304 2561
f 2561 2304 2301
f 2561 2301 2568
f 2568 2301 1751
f 2568 1751 1713
f 1713 1751 1746
f 1713 1746 1710
f 1710 1746 1753
f 1710 1753 1716
f 1716 1753 1724
f 1716 1724 1712
f 1712 1724 1726
f 1712 1726 1711
f 1711 1726 1728
f 1711 1728 1714
f 1714 1728 1778
f 1714 1778 1770
f 1770 1778 1777
f 1770 1777 1775
f 1775 1777 1776
f 1775 1776 1780
f 1780 1776 1781
f 1780 1781 1779
f 1779 1781 1765
f 1779 1765 1755
f 1755 1765 1760
f 1755 1760 1754
f 1754 1760 1759
f 1754 1759 1583
f 1583 1759 1586
f 1583 1586 1584
f 1584 1586 1582
f 1584 1582 1585
f 1585 1582 1587
f 1585 1587 1574
f 1574 1587 1588
f 1574 1588 1575
f 1575 1588 2114
f 1575 2114 1561
f 1561 2114 2113
f 1561 2113 1562
f 1562 2113 2126
f 1562 2126 1569
f 1569 2126 2117
f 1569 2117 1568
f 1568 2117 2152
f 1568 2152 1564
f 1564 2152 2150
f 1564 2150 1565
f 1565 2150 2151
f 4214 4197 4208
f 4208 4197 4205
f 4208 4205 4207
f 4207 4205 4204
f 4207 4204 4225
f 4225 4204 4203
f 4225 4203 4224
f 4224 4203 4226
f 4224 4226 4223
f 4223 4226 4229
f 4223 4229 4222
f 4222 4229 4041
f 4222 4041 4293
f 4293 4041 4048
f 4293 4048 4282
f 4282 4048 4053
f 4282 4053 3999
f 3999 4053 4009
f 3999 4009 3998
f 3998 4009 4008
f 3998 4008 3997
f 3997 4008 4007
f 3997 4007 4010
f 4010 4007 4006
f 4010 4006 3976
f 3976 4006 3975
f 3976 3975 3977
f 3977 3975 3974
f 3977 3974 3978
f 3978 3974 3973
f 3978 3973 3981
f 3981 3973 3951
f 3981 3951 3961
f 3961 3951 3965
f 3961 3965 3952
f 3952 3965 3964
f 3952 3964 3953
f 3953 3964 3963
f 3953 3963 3960
f 3960 3963 3962
f 3960 3962 3943
f 3943 3962 3928
f 3943 3928 3942
f 3942 3928 3927
f 3942 3927 3923
f 3923 3927 3924
f 3923 3924 3922
f 3922 3924 3932
f 3922 3932 3935
f 3935 3932 3921
f 3935 3921 3925
f 3925 3921 3920
f 3925 3920 2806
f 2806 3920 2442
f 2806 2442 2807
f 2807 2442 2443
f 2807 2443 2813
f 2813 2443 2462
f 2813 2462 2802
f 2802 2462 2466
f 2802 2466 2822
f 2822 2466 2457
f 2822 2457 2825
f 2825 2457 2458
f 2825 2458 2826
f 2826 2458 2490
f 2826 2490 2833
f 2833 2490 2489
f 2833 2489 2836
f 2836 2489 2488
f 2836 2488 2837
f 2837 2488 2500
f 2837 2500 2838
f 2838 2500 2486
f 2838 2486 2829
f 2829 2486 2497
f 2829 2497 2858
f 2858 2497 2240
f 2858 2240 2866
f 2866 2240 2241
f 2866 2241 2671
f 2671 2241 2243
f 2671 2243 2672
f 2672 2243 2244
f 2672 2244 2673
f 2673 2244 2245
f 2673 2245 2674
f 2674 2245 2246
f 2674 2246 2676
f 2676 2246 2333
f 2676 2333 2650
f 2650 2333 2322
f 2650 2322 2651
f 2651 2322 2335
f 2651 2335 2652
f 2652 2335 2293
f 2652 2293 2305
f 2305 2293 2306
f 2305 2306 2304
f 2304 2306 2302
f 2304 2302 2301
f 2301 2302 2303
f 2301 2303 1751
f 1751 2303 1752
f 1751 1752 1746
f 1746 1752 1748
f 1746 1748 1753
f 1753 1748 1749
f 1753 1749 1724
f 1724 1749 1738
f 1724 1738 1726
f 1726 1738 1729
f 1726 1729 1728
f 1728 1729 1733
f 1728 1733 1778
f 1778 1733 1782
f 1778 1782 1777
f 1777 1782 1783
f 1777 1783 1776
f 1776 1783 1774
f 1776 1774 1781
f 1781 1774 1784
f 1781 1784 1765
f 1765 1784 1758
f 1765 1758 1760
f 1760 1758 1757
f 1760 1757 1759
f 1759 1757 1756
f 1759 1756 1586
f 1586 1756 1580
f 1586 1580 1582
f 1582 1580 1581
f 1582 1581 1587
f 1587 1581 2067
f 1587 2067 1588
f 1588 2067 2077
f 1588 2077 2114
f 2114 2077 2127
f 2114 2127 2113
f 2113 2127 2118
f 2113 2118 2126
f 2126 2118 2115
f 2126 2115 2117
f 2117 2115 2116
f 2117 2116 2152
f 2152 2116 2146
f 2152 2146 2150
f 2150 2146 2156
f 2150 2156 2151
f 2151 2156 2144
f 4197 4202 4205
f 4205 4202 4201
f 4205 4201 4204
f 4204 4201 4200
f 4204 4200 4203
f 4203 4200 4199
f 4203 4199 4226
f 4226 4199 4198
f 4226 4198 4229
f 4229 4198 4043
f 4229 4043 4041
f 4041 4043 4042
f 4041 4042 4048
f 4048 4042 4045
f 4048 4045 4053
f 4053 4045 4046
f 4053 4046 4009
f 4009 4046 4005
f 4009 4005 4008
f 4008 4005 4003
f 4008 4003 4007
f 4007 4003 4004
f 4007 4004 4006
f 4006 4004 3982
f 4006 3982 3975
f 3975 3982 3966
f 3975 3966 3974
f 3974 3966 3980
f 3974 3980 3973
f 3973 3980 3955
f 3973 3955 3951
f 3951 3955 3954
f 3951 3954 3965
f 3965 3954 3959
f 3965 3959 3964
f 3964 3959 3958
f 3964 3958 3963
f 3963 3958 3957
f 3963 3957 3962
f 3962 3957 3931
f 3962 3931 3928
f 3928 3931 3930
f 3928 3930 3927
f 3927 3930 3929
f 3927 3929 3924
f 3924 3929 3926
f 3924 3926 3932
f 3932 3926 3934
f 3932 3934 3921
f 3921 3934 3933
f 3921 3933 3920
f 3920 3933 2450
f 3920 2450 2442
f 2442 2450 2446
f 2442 2446 2443
f 2443 2446 2447
f 2443 2447 2462
f 2462 2447 2456
f 2462 2456 2466
f 2466 2456 2459
f 2466 2459 2457
f 2457 2459 2465
f 2457 2465 2458
f 2458 2465 2461
f 2458 2461 2490
f 2490 2461 2496
f 2490 2496 2489
f 2489 2496 2499
f 2489 2499 2488
f 2488 2499 2487
f 2488 2487 2500
f 2500 2487 2498
f 2500 2498 2486
f 2486 2498 2492
f 2486 2492 2497
f 2497 2492 2491
f 2497 2491 2240
f 2240 2491 2239
f 2240 2239 2241
f 2241 2239 2242
f 2241 2242 2243
f 2243 2242 2232
f 2243 2232 2244
f 2244 2232 2235
f 2244 2235 2245
f 2245 2235 2236
f 2245 2236 2246
f 2246 2236 2331
f 2246 2331 2333
f 2333 2331 2327
f 2333 2327 2322
f 2322 2327 2330
f 2322 2330 2335
f 2335 2330 2315
f 2335 2315 2293
f 2293 2315 2316
f 2293 2316 2306
f 2306 2316 2296
f 2306 2296 2302
f 2302 2296 2295
f 2302 2295 2303
f 2303 2295 1739
f 2303 1739 1752
f 1752 1739 1740
f 1752 1740 1748
f 1748 1740 1750
f 1748 1750 1749
f 1749 1750 1730
f 1749 1730 1738
f 1738 1730 1727
f 1738 1727 1729
f 1729 1727 1725
f 1729 1725 1733
f 1733 1725 1737
f 1733 1737 1782
f 1782 1737 1787
f 1782 1787 1783
f 1783 1787 1788
f 1783 1788 1774
f 1774 1788 1793
f 1774 1793 1784
f 1784 1793 1794
f 1784 1794 1758
f 1758 1794 1769
f 1758 1769 1757
f 1757 1769 1768
f 1757 1768 1756
f 1756 1768 1767
f 1756 1767 1580
f 1580 1767 2078
f 1580 2078 1581
f 1581 2078 2079
f 1581 2079 2067
f 2067 2079 2080
f 2067 2080 2077
f 2077 2080 2081
f 2077 2081 2127
f 2127 2081 2122
f 2127 2122 2118
f 2118 2122 2121
f 2118 2121 2115
f 2115 2121 2120
f 2115 2120 2116
f 2116 2120 2119
f 2116 2119 2146
f 2146 2119 2157
f 2146 2157 2156
f 2156 2157 2148
f 2156 2148 2144
f 2144 2148 2149
f 4202 4192 4201
f 4201 4192 4191
f 4201 4191 4200
f 4200 4191 4193
f 4200 4193 4199
f 4199 4193 4196
f 4199 4196 4198
f 4198 4196 4055
f 4198 4055 4043
f 4043 4055 4047
f 4043 4047 4042
f 4042 4047 4051
f 4042 4051 4045
f 4045 4051 4054
f 4045 4054 4046
f 4046 4054 4040
f 4046 4040 4005
f 4005 4040 3991
f 4005 3991 4003
f 4003 3991 3992
f 4003 3992 4004
f 4004 3992 3993
f 4004 3993 3982
f 3982 3993 3994
f 3982 3994 3966
f 3966 3994 3985
f 3966 3985 3980
f 3980 3985 3984
f 3980 3984 3955
f 3955 3984 3763
f 3955 3763 3954
f 3954 3763 3765
f 3954 3765 3959
f 3959 3765 3761
f 3959 3761 3958
f 3958 3761 3759
f 3958 3759 3957
f 3957 3759 3760
f 3957 3760 3931
f 3931 3760 3621
f 3931 3621 3930
f 3930 3621 3630
f 3930 3630 3929
f 3929 3630 3629
f 3929 3629 3926
f 3926 3629 3627
f 3926 3627 3934
f 3934 3627 3623
f 3934 3623 3933
f 3933 3623 2449
f 3933 2449 2450
f 2450 2449 2445
f 2450 2445 2446
f 2446 2445 2444
f 2446 2444 2447
f 2447 2444 2451
f 2447 2451 2456
f 2456 2451 2470
f 2456 2470 2459
f 2459 2470 2469
f 2459 2469 2465
f 2465 2469 2468
f 2465 2468 2461
f 2461 2468 2467
f 2461 2467 2496
f 2496 2467 2495
f 2496 2495 2499
f 2499 2495 2494
f 2499 2494 2487
f 2487 2494 2493
f 2487 2493 2498
f 2498 2493 2507
f 2498 2507 2492
f 2492 2507 2513
f 2492 2513 2491
f 2491 2513 2506
f 2491 2506 2239
f 2239 2506 2233
f 2239 2233 2242
f 2242 2233 2234
f 2242 2234 2232
f 2232 2234 2237
f 2232 2237 2235
f 2235 2237 2238
f 2235 2238 2236
f 2236 2238 2337
f 2236 2337 2331
f 2331 2337 2336
f 2331 2336 2327
f 2327 2336 2334
f 2327 2334 2330
f 2330 2334 2313
f 2330 2313 2315
f 2315 2313 2312
f 2315 2312 2316
f 2316 2312 2311
f 2316 2311 2296
f 2296 2311 2300
f 2296 2300 2295
f 2295 2300 2294
f 2295 2294 1739
f 1739 2294 1741
f 1739 1741 1740
f 1740 1741 1743
f 1740 1743 1750
f 1750 1743 1742
f 1750 1742 1730
f 1730 1742 1731
f 1730 1731 1727
f 1727 1731 1732
f 1727 1732 1725
f 1725 1732 1734
f 1725 1734 1737
f 1737 1734 1792
f 1737 1792 1787
f 1787 1792 1798
f 1787 1798 1788
f 1788 1798 1797
f 1788 1797 1793
f 1793 1797 1795
f 1793 1795 1794
f 1794 1795 1789
f 1794 1789 1769
f 1769 1789 1766
f 1769 1766 1768
f 1768 1766 1761
f 1768 1761 1767
f 1767 1761 2068
f 1767 2068 2078
f 2078 2068 2069
f 2078 2069 2079
f 2079 2069 2070
f 2079 2070 2080
f 2080 2070 2071
f 2080 2071 2081
f 2081 2071 2072
f 2081 2072 2122
f 2122 2072 2125
f 2122 2125 2121
f 2121 2125 2124
f 2121 2124 2120
f 2120 2124 2123
f 2120 2123 2119
f 2119 2123 2135
f 2119 2135 2157
f 2157 2135 2141
f 2157 2141 2148
f 2148 2141 2145
f 2148 2145 2149
f 2149 2145 2154
f 4192 4194 4191
f 4191 4194 4195
f 4191 4195 4193
f 4193 4195 4023
f 4193 4023 4196
f 4196 4023 4026
f 4196 4026 4055
f 4055 4026 4049
f 4055 4049 4047
f 4047 4049 4050
f 4047 4050 4051
f 4051 4050 4052
f 4051 4052 4054
f 4054 4052 4034
f 4054 4034 4040
f 4040 4034 4035
f 4040 4035 3991
f 3991 4035 3995
f 3991 3995 3992
f 3992 3995 3990
f 3992 3990 3993
f 3993 3990 3989
f 3993 3989 3994
f 3994 3989 3988
f 3994 3988 3985
f 3985 3988 3987
f 3985 3987 3984
f 3984 3987 3986
f 3984 3986 3763
f 3763 3986 3757
f 3763 3757 3765
f 3765 3757 3770
f 3765 3770 3761
f 3761 3770 3769
f 3761 3769 3759
f 3759 3769 3768
f 3759 3768 3760
f 3760 3768 3767
f 3760 3767 3621
f 3621 3767 3632
f 3621 3632 3630
f 3630 3632 3631
f 3630 3631 3629
f 3629 3631 3634
f 3629 3634 3627
f 3627 3634 3633
f 3627 3633 3623
f 3623 3633 3614
f 3623 3614 2449
f 2449 3614 3615
f 2449 3615 2445
f 2445 3615 2454
f 2445 2454 2444
f 2444 2454 2453
f 2444 2453 2451
f 2451 2453 2452
f 2451 2452 2470
f 2470 2452 2460
f 2470 2460 2469
f 2469 2460 2464
f 2469 2464 2468
f 2468 2464 2463
f 2468 2463 2467
f 2467 2463 2474
f 2467 2474 2495
f 2495 2474 2473
f 2495 2473 2494
f 2494 2473 2472
f 2494 2472 2493
f 2493 2472 2509
f 2493 2509 2507
f 2507 2509 2508
f 2507 2508 2513
f 2513 2508 2505
f 2513 2505 2506
f 2506 2505 2504
f 2506 2504 2233
f 2233 2504 2222
f 2233 2222 2234
f 2234 2222 2223
f 2234 2223 2237
f 2237 2223 2224
f 2237 2224 2238
f 2238 2224 2225
f 2238 2225 2337
f 2337 2225 2323
f 2337 2323 2336
f 2336 2323 2324
f 2336 2324 2334
f 2334 2324 2326
f 2334 2326 2313
f 2313 2326 2310
f 2313 2310 2312
f 2312 2310 2309
f 2312 2309 2311
f 2311 2309 2308
f 2311 2308 2300
f 2300 2308 2298
f 2300 2298 2294
f 2294 2298 2299
f 2294 2299 1741
f 1741 2299 1747
f 1741 1747 1743
f 1743 1747 1745
f 1743 1745 1742
f 1742 1745 1744
f 1742 1744 1731
f 1731 1744 1736
f 1731 1736 1732
f 1732 1736 1735
f 1732 1735 1734
f 1734 1735 1786
f 1734 1786 1792
f 1792 1786 1796
f 1792 1796 1798
f 1798 1796 1790
f 1798 1790 1797
f 1797 1790 1785
f 1797 1785 1795
f 1795 1785 1791
f 1795 1791 1789
f 1789 1791 1806
f 1789 1806 1766
f 1766 1806 1805
f 1766 1805 1761
f 1761 1805 1804
f 1761 1804 2068
f 2068 1804 2073
f 2068 2073 2069
f 2069 2073 2074
f 2069 2074 2070
f 2070 2074 2075
f 2070 2075 2071
f 2071 2075 2076
f 2071 2076 2072
f 2072 2076 2107
f 2072 2107 2125
f 2125 2107 2106
f 2125 2106 2124
f 2124 2106 2137
f 2124 2137 2123
f 2123 2137 2138
f 2123 2138 2135
f 2135 2138 2139
f 2135 2139 2141
f 2141 2139 2140
f 2141 2140 2145
f 2145 2140 2143
f 2145 2143 2154
f 2154 2143 2147
f 4194 4021 4195
f 4195 4021 4020
f 4195 4020 4023
f 4023 4020 4019
f 4023 4019 4026
f 4026 4019 4017
f 4026 4017 4049
f 4049 4017 4016
f 4049 4016 4050
f 4050 4016 4044
f 4050 4044 4052
f 4052 4044 4036
f 4052 4036 4034
f 4034 4036 4031
f 4034 4031 4035
f 4035 4031 4030
f 4035 4030 3995
f 3995 4030 3996
f 3995 3996 3990
f 3990 3996 3983
f 3990 3983 3989
f 3989 3983 4058
f 3989 4058 3988
f 3988 4058 4056
f 3988 4056 3987
f 3987 4056 3753
f 3987 3753 3986
f 3986 3753 3747
f 3986 3747 3757
f 3757 3747 3764
f 3757 3764 3770
f 3770 3764 3766
f 3770 3766 3769
f 3769 3766 3762
f 3769 3762 3768
f 3768 3762 3775
f 3768 3775 3767
f 3767 3775 3771
f 3767 3771 3632
f 3632 3771 3622
f 3632 3622 3631
f 3631 3622 3624
f 3631 3624 3634
f 3634 3624 3625
f 3634 3625 3633
f 3633 3625 3605
f 3633 3605 3614
f 3614 3605 3616
f 3614 3616 3615
f 3615 3616 3613
f 3615 3613 2454
f 2454 3613 2455
f 2454 2455 2453
f 2453 2455 2441
f 2453 2441 2452
f 2452 2441 2429
f 2452 2429 2460
f 2460 2429 2430
f 2460 2430 2464
f 2464 2430 2431
f 2464 2431 2463
f 2463 2431 2480
f 2463 2480 2474
f 2474 2480 2471
f 2474 2471 2473
f 2473 2471 2479
f 2473 2479 2472
f 2472 2479 2515
f 2472 2515 2509
f 2509 2515 2501
f 2509 2501 2508
f 2508 2501 2511
f 2508 2511 2505
f 2505 2511 2512
f 2505 2512 2504
f 2504 2512 2226
f 2504 2226 2222
f 2222 2226 2227
f 2222 2227 2223
f 2223 2227 2219
f 2223 2219 2224
f 2224 2219 2220
f 2224 2220 2225
f 2225 2220 2221
f 2225 2221 2323
f 2323 2221 2329
f 2323 2329 2324
f 2324 2329 2328
f 2324 2328 2326
f 2326 2328 2307
f 2326 2307 2310
f 2310 2307 2314
f 2310 2314 2309
f 2309 2314 2321
f 2309 2321 2308
f 2308 2321 2320
f 2308 2320 2298
f 2298 2320 2297
f 2298 2297 2299
f 2299 2297 2292
f 2299 2292 1747
f 1747 2292 1951
f 1747 1951 1745
f 1745 1951 1948
f 1745 1948 1744
f 1744 1948 1950
f 1744 1950 1736
f 1736 1950 1949
f 1736 1949 1735
f 1735 1949 1958
f 1735 1958 1786
f 1786 1958 1936
f 1786 1936 1796
f 1796 1936 1817
f 1796 1817 1790
f 1790 1817 1826
f 1790 1826 1785
f 1785 1826 1825
f 1785 1825 1791
f 1791 1825 1813
f 1791 1813 1806
f 1806 1813 1811
f 1806 1811 1805
f 1805 1811 1810
f 1805 1810 1804
f 1804 1810 1809
f 1804 1809 2073
f 2073 1809 2084
f 2073 2084 2074
f 2074 2084 2085
f 2074 2085 2075
f 2075 2085 2093
f 2075 2093 2076
f 2076 2093 2108
f 2076 2108 2107
f 2107 2108 2104
f 2107 2104 2106
f 2106 2104 2109
f 2106 2109 2137
f 2137 2109 2132
f 2137 2132 2138
f 2138 2132 2134
f 2138 2134 2139
f 2139 2134 2142
f 2139 2142 2140
f 2140 2142 2131
f 2140 2131 2143
f 2143 2131 2153
f 2143 2153 2147
f 2147 2153 2155
f 4021 4025 4020
f 4020 4025 4018
f 4020 4018 4019
f 4019 4018 4011
f 4019 4011 4017
f 4017 4011 4013
f 4017 4013 4016
f 4016 4013 4014
f 4016 4014 4044
f 4044 4014 4037
f 4044 4037 4036
f 4036 4037 4038
f 4036 4038 4031
f 4031 4038 4027
f 4031 4027 4030
f 4030 4027 4039
f 4030 4039 3996
f 3996 4039 4057
f 3996 4057 3983
f 3983 4057 4064
f 3983 4064 4058
f 4058 4064 4063
f 4058 4063 4056
f 4056 4063 4061
f 4056 4061 3753
f 3753 4061 3742
f 3753 3742 3747
f 3747 3742 3755
f 3747 3755 3764
f 3764 3755 3758
f 3764 3758 3766
f 3766 3758 3779
f 3766 3779 3762
f 3762 3779 3784
f 3762 3784 3775
f 3775 3784 3774
f 3775 3774 3771
f 3771 3774 3773
f 3771 3773 3622
f 3622 3773 3628
f 3622 3628 3624
f 3624 3628 3626
f 3624 3626 3625
f 3625 3626 3609
f 3625 3609 3605
f 3605 3609 3608
f 3605 3608 3616
f 3616 3608 3607
f 3616 3607 3613
f 3613 3607 3606
f 3613 3606 2455
f 2455 3606 2448
f 2455 2448 2441
f 2441 2448 2436
f 2441 2436 2429
f 2429 2436 2432
f 2429 2432 2430
f 2430 2432 2437
f 2430 2437 2431
f 2431 2437 2435
f 2431 2435 2480
f 2480 2435 2478
f 2480 2478 2471
f 2471 2478 2484
f 2471 2484 2479
f 2479 2484 2485
f 2479 2485 2515
f 2515 2485 2510
f 2515 2510 2501
f 2501 2510 2503
f 2501 2503 2511
f 2511 2503 2502
f 2511 2502 2512
f 2512 2502 2514
f 2512 2514 2226
f 2226 2514 2228
f 2226 2228 2227
f 2227 2228 2229
f 2227 2229 2219
f 2219 2229 2230
f 2219 2230 2220
f 2220 2230 2231
f 2220 2231 2221
f 2221 2231 2218
f 2221 2218 2329
f 2329 2218 2325
f 2329 2325 2328
f 2328 2325 2332
f 2328 2332 2307
f 2307 2332 2319
f 2307 2319 2314
f 2314 2319 2318
f 2314 2318 2321
f 2321 2318 2317
f 2321 2317 2320
f 2320 2317 2285
f 2320 2285 2297
f 2297 2285 2281
f 2297 2281 2292
f 2292 2281 1952
f 2292 1952 1951
f 1951 1952 1955
f 1951 1955 1948
f 1948 1955 1961
f 1948 1961 1950
f 1950 1961 1960
f 1950 1960 1949
f 1949 1960 1959
f 1949 1959 1958
f 1958 1959 1935
f 1958 1935 1936
f 1936 1935 1934
f 1936 1934 1817
f 1817 1934 1821
f 1817 1821 1826
f 1826 1821 1828
f 1826 1828 1825
f 1825 1828 1824
f 1825 1824 1813
f 1813 1824 1802
f 1813 1802 1811
f 1811 1802 1808
f 1811 1808 1810
f 1810 1808 1807
f 1810 1807 1809
f 1809 1807 1812
f 1809 1812 2084
f 2084 1812 2092
f 2084 2092 2085
f 2085 2092 2082
f 2085 2082 2093
f 2093 2082 2083
f 2093 2083 2108
f 2108 2083 2097
f 2108 2097 2104
f 2104 2097 2098
f 2104 2098 2109
f 2109 2098 2099
f 2109 2099 2132
f 2132 2099 2128
f 2132 2128 2134
f 2134 2128 2129
f 2134 2129 2142
f 2142 2129 2130
f 2142 2130 2131
f 2131 2130 2025
f 2131 2025 2153
f 2153 2025 2028
f 2153 2028 2155
f 2155 2028 2024
f 4025 4015 4018
f 4018 4015 4024
f 4018 4024 4011
f 4011 4024 4012
f 4011 4012 4013
f 4013 4012 4022
f 4013 4022 4014
f 4014 4022 4029
f 4014 4029 4037
f 4037 4029 4032
f 4037 4032 4038
f 4038 4032 4033
f 4038 4033 4027
f 4027 4033 4028
f 4027 4028 4039
f 4039 4028 4068
f 4039 4068 4057
f 4057 4068 4060
f 4057 4060 4064
f 4064 4060 4059
f 4064 4059 4063
f 4063 4059 4062
f 4063 4062 4061
f 4061 4062 3751
f 4061 3751 3742
f 3742 3751 3752
f 3742 3752 3755
f 3755 3752 3756
f 3755 3756 3758
f 3758 3756 3780
f 3758 3780 3779
f 3779 3780 3781
f 3779 3781 3784
f 3784 3781 3785
f 3784 3785 3774
f 3774 3785 3777
f 3774 3777 3773
f 3773 3777 3646
f 3773 3646 3628
f 3628 3646 3645
f 3628 3645 3626
f 3626 3645 3644
f 3626 3644 3609
f 3609 3644 3612
f 3609 3612 3608
f 3608 3612 3620
f 3608 3620 3607
f 3607 3620 3611
f 3607 3611 3606
f 3606 3611 3610
f 3606 3610 2448
f 2448 3610 2438
f 2448 2438 2436
f 2436 2438 2440
f 2436 2440 2432
f 2432 2440 2439
f 2432 2439 2437
f 2437 2439 2426
f 2437 2426 2435
f 2435 2426 2477
f 2435 2477 2478
f 2478 2477 2481
f 2478 2481 2484
f 2484 2481 2482
f 2484 2482 2485
f 2485 2482 2425
f 2485 2425 2510
f 2510 2425 2424
f 2510 2424 2503
f 2503 2424 2401
f 2503 2401 2502
f 2502 2401 2408
f 2502 2408 2514
f 2514 2408 2399
f 2514 2399 2228
f 2228 2399 2204
f 2228 2204 2229
f 2229 2204 2203
f 2229 2203 2230
f 2230 2203 2217
f 2230 2217 2231
f 2231 2217 2216
f 2231 2216 2218
f 2218 2216 2206
f 2218 2206 2325
f 2325 2206 2267
f 2325 2267 2332
f 2332 2267 2266
f 2332 2266 2319
f 2319 2266 2265
f 2319 2265 2318
f 2318 2265 2264
f 2318 2264 2317
f 2317 2264 2279
f 2317 2279 2285
f 2285 2279 2282
f 2285 2282 2281
f 2281 2282 2283
f 2281 2283 1952
f 1952 2283 1954
f 1952 1954 1955
f 1955 1954 1957
f 1955 1957 1961
f 1961 1957 1953
f 1961 1953 1960
f 1960 1953 1956
f 1960 1956 1959
f 1959 1956 1933
f 1959 1933 1935
f 1935 1933 1947
f 1935 1947 1934
f 1934 1947 1940
f 1934 1940 1821
f 1821 1940 1819
f 1821 1819 1828
f 1828 1819 1818
f 1828 1818 1824
f 1824 1818 1815
f 1824 1815 1802
f 1802 1815 1799
f 1802 1799 1808
f 1808 1799 1800
f 1808 1800 1807
f 1807 1800 1814
f 1807 1814 1812
f 1812 1814 1887
f 1812 1887 2092
f 2092 1887 2094
f 2092 2094 2082
f 2082 2094 2095
f 2082 2095 2083
f 2083 2095 2096
f 2083 2096 2097
f 2097 2096 2110
f 2097 2110 2098
f 2098 2110 2111
f 2098 2111 2099
f 2099 2111 2112
f 2099 2112 2128
f 2128 2112 2136
f 2128 2136 2129
f 2129 2136 2133
f 2129 2133 2130
f 2130 2133 2034
f 2130 2034 2025
f 2025 2034 2031
f 2025 2031 2028
f 2028 2031 2032
f 2028 2032 2024
f 2024 2032 2023
f 4015 4110 4024
f 4024 4110 4109
f 4024 4109 4012
f 4012 4109 4108
f 4012 4108 4022
f 4022 4108 4107
f 4022 4107 4029
f 4029 4107 4106
f 4029 4106 4032
f 4032 4106 4126
f 4032 4126 4033
f 4033 4126 4127
f 4033 4127 4028
f 4028 4127 4067
f 4028 4067 4068
f 4068 4067 4069
f 4068 4069 4060
f 4060 4069 4066
f 4060 4066 4059
f 4059 4066 4065
f 4059 4065 4062
f 4062 4065 3746
f 4062 3746 3751
f 3751 3746 3754
f 3751 3754 3752
f 3752 3754 3748
f 3752 3748 3756
f 3756 3748 3749
f 3756 3749 3780
f 3780 3749 3772
f 3780 3772 3781
f 3781 3772 3782
f 3781 3782 3785
f 3785 3782 3783
f 3785 3783 3777
f 3777 3783 3648
f 3777 3648 3646
f 3646 3648 3649
f 3646 3649 3645
f 3645 3649 3650
f 3645 3650 3644
f 3644 3650 3638
f 3644 3638 3612
f 3612 3638 3617
f 3612 3617 3620
f 3620 3617 3619
f 3620 3619 3611
f 3611 3619 3618
f 3611 3618 3610
f 3610 3618 2434
f 3610 2434 2438
f 2438 2434 2433
f 2438 2433 2440
f 2440 2433 2428
f 2440 2428 2439
f 2439 2428 2427
f 2439 2427 2426
f 2426 2427 2476
f 2426 2476 2477
f 2477 2476 2475
f 2477 2475 2481
f 2481 2475 2483
f 2481 2483 2482
f 2482 2483 2412
f 2482 2412 2425
f 2425 2412 2414
f 2425 2414 2424
f 2424 2414 2415
f 2424 2415 2401
f 2401 2415 2409
f 2401 2409 2408
f 2408 2409 2407
f 2408 2407 2399
f 2399 2407 2215
f 2399 2215 2204
f 2204 2215 2212
f 2204 2212 2203
f 2203 2212 2211
f 2203 2211 2217
f 2217 2211 2210
f 2217 2210 2216
f 2216 2210 2209
f 2216 2209 2206
f 2206 2209 2175
f 2206 2175 2267
f 2267 2175 2263
f 2267 2263 2266
f 2266 2263 2262
f 2266 2262 2265
f 2265 2262 2269
f 2265 2269 2264
f 2264 2269 2291
f 2264 2291 2279
f 2279 2291 2290
f 2279 2290 2282
f 2282 2290 2289
f 2282 2289 2283
f 2283 2289 1968
f 2283 1968 1954
f 1954 1968 1966
f 1954 1966 1957
f 1957 1966 1971
f 1957 1971 1953
f 1953 1971 1972
f 1953 1972 1956
f 1956 1972 1973
f 1956 1973 1933
f 1933 1973 1946
f 1933 1946 1947
f 1947 1946 1945
f 1947 1945 1940
f 1940 1945 1944
f 1940 1944 1819
f 1819 1944 1820
f 1819 1820 1818
f 1818 1820 1822
f 1818 1822 1815
f 1815 1822 1827
f 1815 1827 1799
f 1799 1827 1801
f 1799 1801 1800
f 1800 1801 1803
f 1800 1803 1814
f 1814 1803 1880
f 1814 1880 1887
f 1887 1880 1881
f 1887 1881 2094
f 2094 1881 2087
f 2094 2087 2095
f 2095 2087 2086
f 2095 2086 2096
f 2096 2086 2090
f 2096 2090 2110
f 2110 2090 2102
f 2110 2102 2111
f 2111 2102 2101
f 2111 2101 2112
f 2112 2101 2100
f 2112 2100 2136
f 2136 2100 1999
f 2136 1999 2133
f 2133 1999 1998
f 2133 1998 2034
f 2034 1998 2030
f 2034 2030 2031
f 2031 2030 2029
f 2031 2029 2032
f 2032 2029 2036
f 2032 2036 2023
f 2023 2036 2037
f 4110 4111 4109
f 4109 4111 4112
f 4109 4112 4108
f 4108 4112 4113
f 4108 4113 4107
f 4107 4113 4114
f 4107 4114 4106
f 4106 4114 4128
f 4106 4128 4126
f 4126 4128 4121
f 4126 4121 4127
f 4127 4121 4123
f 4127 4123 4067
f 4067 4123 4072
f 4067 4072 4069
f 4069 4072 4070
f 4069 4070 4066
f 4066 4070 4071
f 4066 4071 4065
f 4065 4071 4084
f 4065 4084 3746
f 3746 4084 3744
f 3746 3744 3754
f 3754 3744 3745
f 3754 3745 3748
f 3748 3745 3750
f 3748 3750 3749
f 3749 3750 3743
f 3749 3743 3772
f 3772 3743 3778
f 3772 3778 3782
f 3782 3778 3776
f 3782 3776 3783
f 3783 3776 3714
f 3783 3714 3648
f 3648 3714 3642
f 3648 3642 3649
f 3649 3642 3643
f 3649 3643 3650
f 3650 3643 3635
f 3650 3635 3638
f 3638 3635 3647
f 3638 3647 3617
f 3617 3647 3678
f 3617 3678 3619
f 3619 3678 3673
f 3619 3673 3618
f 3618 3673 3674
f 3618 3674 2434
f 2434 3674 2342
f 2434 2342 2433
f 2433 2342 2341
f 2433 2341 2428
f 2428 2341 2340
f 2428 2340 2427
f 2427 2340 2339
f 2427 2339 2476
f 2476 2339 2351
f 2476 2351 2475
f 2475 2351 2377
f 2475 2377 2483
f 2483 2377 2376
f 2483 2376 2412
f 2412 2376 2421
f 2412 2421 2414
f 2414 2421 2420
f 2414 2420 2415
f 2415 2420 2419
f 2415 2419 2409
f 2409 2419 2405
f 2409 2405 2407
f 2407 2405 2410
f 2407 2410 2215
f 2215 2410 2214
f 2215 2214 2212
f 2212 2214 2213
f 2212 2213 2211
f 2211 2213 2205
f 2211 2205 2210
f 2210 2205 2182
f 2210 2182 2209
f 2209 2182 2187
f 2209 2187 2175
f 2175 2187 2186
f 2175 2186 2263
f 2263 2186 2276
f 2263 2276 2262
f 2262 2276 2275
f 2262 2275 2269
f 2269 2275 2274
f 2269 2274 2291
f 2291 2274 2287
f 2291 2287 2290
f 2290 2287 2286
f 2290 2286 2289
f 2289 2286 1967
f 2289 1967 1968
f 1968 1967 1965
f 1968 1965 1966
f 1966 1965 1964
f 1966 1964 1971
f 1971 1964 1963
f 1971 1963 1972
f 1972 1963 1962
f 1972 1962 1973
f 1973 1962 1977
f 1973 1977 1946
f 1946 1977 1943
f 1946 1943 1945
f 1945 1943 1942
f 1945 1942 1944
f 1944 1942 1941
f 1944 1941 1820
f 1820 1941 1823
f 1820 1823 1822
f 1822 1823 1816
f 1822 1816 1827
f 1827 1816 1838
f 1827 1838 1801
f 1801 1838 1839
f 1801 1839 1803
f 1803 1839 1882
f 1803 1882 1880
f 1880 1882 1876
f 1880 1876 1881
f 1881 1876 1875
f 1881 1875 2087
f 2087 1875 2089
f 2087 2089 2086
f 2086 2089 2088
f 2086 2088 2090
f 2090 2088 2091
f 2090 2091 2102
f 2102 2091 2103
f 2102 2103 2101
f 2101 2103 2105
f 2101 2105 2100
f 2100 2105 2003
f 2100 2003 1999
f 1999 2003 2004
f 1999 2004 1998
f 1998 2004 2005
f 1998 2005 2030
f 2030 2005 2027
f 2030 2027 2029
f 2029 2027 2033
f 2029 2033 2036
f 2036 2033 2026
f 2036 2026 2037
f 2037 2026 2035
f 4111 4103 4112
f 4112 4103 4102
f 4112 4102 4113
f 4113 4102 4101
f 4113 4101 4114
f 4114 4101 4125
f 4114 4125 4128
f 4128 4125 4115
f 4128 4115 4121
f 4121 4115 4120
f 4121 4120 4123
f 4123 4120 4119
f 4123 4119 4072
f 4072 4119 4077
f 4072 4077 4070
f 4070 4077 4079
f 4070 4079 4071
f 4071 4079 4074
f 4071 4074 4084
f 4084 4074 4073
f 4084 4073 3744
f 3744 4073 3708
f 3744 3708 3745
f 3745 3708 3707
f 3745 3707 3750
f 3750 3707 3725
f 3750 3725 3743
f 3743 3725 3724
f 3743 3724 3778
f 3778 3724 3723
f 3778 3723 3776
f 3776 3723 3722
f 3776 3722 3714
f 3714 3722 3721
f 3714 3721 3642
f 3642 3721 3639
f 3642 3639 3643
f 3643 3639 3640
f 3643 3640 3635
f 3635 3640 3637
f 3635 3637 3647
f 3647 3637 3677
f 3647 3677 3678
f 3678 3677 3675
f 3678 3675 3673
f 3673 3675 3672
f 3673 3672 3674
f 3674 3672 3679
f 3674 3679 2342
f 2342 3679 2347
f 2342 2347 2341
f 2341 2347 2348
f 2341 2348 2340
f 2340 2348 2349
f 2340 2349 2339
f 2339 2349 2350
f 2339 2350 2351
f 2351 2350 2379
f 2351 2379 2377
f 2377 2379 2375
f 2377 2375 2376
f 2376 2375 2378
f 2376 2378 2421
f 2421 2378 2417
f 2421 2417 2420
f 2420 2417 2423
f 2420 2423 2419
f 2419 2423 2418
f 2419 2418 2405
f 2405 2418 2404
f 2405 2404 2410
f 2410 2404 2397
f 2410 2397 2214
f 2214 2397 2208
f 2214 2208 2213
f 2213 2208 2207
f 2213 2207 2205
f 2205 2207 2179
f 2205 2179 2182
f 2182 2179 2184
f 2182 2184 2187
f 2187 2184 2181
f 2187 2181 2186
f 2186 2181 2180
f 2186 2180 2276
f 2276 2180 2273
f 2276 2273 2275
f 2275 2273 2271
f 2275 2271 2274
f 2274 2271 2284
f 2274 2284 2287
f 2287 2284 2288
f 2287 2288 2286
f 2286 2288 2277
f 2286 2277 1967
f 1967 2277 1976
f 1967 1976 1965
f 1965 1976 1974
f 1965 1974 1964
f 1964 1974 1969
f 1964 1969 1963
f 1963 1969 1970
f 1963 1970 1962
f 1962 1970 1975
f 1962 1975 1977
f 1977 1975 1939
f 1977 1939 1943
f 1943 1939 1938
f 1943 1938 1942
f 1942 1938 1937
f 1942 1937 1941
f 1941 1937 1832
f 1941 1832 1823
f 1823 1832 1831
f 1823 1831 1816
f 1816 1831 1830
f 1816 1830 1838
f 1838 1830 1829
f 1838 1829 1839
f 1839 1829 1877
f 1839 1877 1882
f 1882 1877 1874
f 1882 1874 1876
f 1876 1874 1879
f 1876 1879 1875
f 1875 1879 1883
f 1875 1883 2089
f 2089 1883 1871
f 2089 1871 2088
f 2088 1871 1869
f 2088 1869 2091
f 2091 1869 1989
f 2091 1989 2103
f 2103 1989 1984
f 2103 1984 2105
f 2105 1984 1994
f 2105 1994 2003
f 2003 1994 1993
f 2003 1993 2004
f 2004 1993 2007
f 2004 2007 2005
f 2005 2007 2001
f 2005 2001 2027
f 2027 2001 2054
f 2027 2054 2033
f 2033 2054 2053
f 2033 2053 2026
f 2026 2053 2065
f 2026 2065 2035
f 2035 2065 2064
f 4103 4105 4102
f 4102 4105 4104
f 4102 4104 4101
f 4101 4104 4134
f 4101 4134 4125
f 4125 4134 4122
f 4125 4122 4115
f 4115 4122 4117
f 4115 4117 4120
f 4120 4117 4116
f 4120 4116 4119
f 4119 4116 4076
f 4119 4076 4077
f 4077 4076 4075
f 4077 4075 4079
f 4079 4075 4081
f 4079 4081 4074
f 4074 4081 4083
f 4074 4083 4073
f 4073 4083 3700
f 4073 3700 3708
f 3708 3700 3699
f 3708 3699 3707
f 3707 3699 3710
f 3707 3710 3725
f 3725 3710 3720
f 3725 3720 3724
f 3724 3720 3719
f 3724 3719 3723
f 3723 3719 3717
f 3723 3717 3722
f 3722 3717 3716
f 3722 3716 3721
f 3721 3716 3715
f 3721 3715 3639
f 3639 3715 3641
f 3639 3641 3640
f 3640 3641 3636
f 3640 3636 3637
f 3637 3636 3669
f 3637 3669 3677
f 3677 3669 3668
f 3677 3668 3675
f 3675 3668 3667
f 3675 3667 3672
f 3672 3667 3666
f 3672 3666 3679
f 3679 3666 3671
f 3679 3671 2347
f 2347 3671 2346
f 2347 2346 2348
f 2348 2346 2352
f 2348 2352 2349
f 2349 2352 2338
f 2349 2338 2350
f 2350 2338 2368
f 2350 2368 2379
f 2379 2368 2369
f 2379 2369 2375
f 2375 2369 2381
f 2375 2381 2378
f 2378 2381 2373
f 2378 2373 2417
f 2417 2373 2411
f 2417 2411 2423
f 2423 2411 2413
f 2423 2413 2418
f 2418 2413 2400
f 2418 2400 2404
f 2404 2400 2403
f 2404 2403 2397
f 2397 2403 2406
f 2397 2406 2208
f 2208 2406 2163
f 2208 2163 2207
f 2207 2163 2165
f 2207 2165 2179
f 2179 2165 2174
f 2179 2174 2184
f 2184 2174 2183
f 2184 2183 2181
f 2181 2183 2185
f 2181 2185 2180
f 2180 2185 2173
f 2180 2173 2273
f 2273 2173 2270
f 2273 2270 2271
f 2271 2270 2272
f 2271 2272 2284
f 2284 2272 2280
f 2284 2280 2288
f 2288 2280 2278
f 2288 2278 2277
f 2277 2278 1888
f 2277 1888 1976
f 1976 1888 1890
f 1976 1890 1974
f 1974 1890 1898
f 1974 1898 1969
f 1969 1898 1914
f 1969 1914 1970
f 1970 1914 1913
f 1970 1913 1975
f 1975 1913 1912
f 1975 1912 1939
f 1939 1912 1911
f 1939 1911 1938
f 1938 1911 1920
f 1938 1920 1937
f 1937 1920 1926
f 1937 1926 1832
f 1832 1926 1843
f 1832 1843 1831
f 1831 1843 1842
f 1831 1842 1830
f 1830 1842 1833
f 1830 1833 1829
f 1829 1833 1840
f 1829 1840 1877
f 1877 1840 1886
f 1877 1886 1874
f 1874 1886 1885
f 1874 1885 1879
f 1879 1885 1884
f 1879 1884 1883
f 1883 1884 1863
f 1883 1863 1871
f 1871 1863 1861
f 1871 1861 1869
f 1869 1861 1981
f 1869 1981 1989
f 1989 1981 1980
f 1989 1980 1984
f 1984 1980 1979
f 1984 1979 1994
f 1994 1979 1995
f 1994 1995 1993
f 1993 1995 1997
f 1993 1997 2007
f 2007 1997 2000
f 2007 2000 2001
f 2001 2000 2062
f 2001 2062 2054
f 2054 2062 2060
f 2054 2060 2053
f 2053 2060 2056
f 2053 2056 2065
f 2065 2056 2055
f 2065 2055 2064
f 2064 2055 2052
f 4105 4100 4104
f 4104 4100 4142
f 4104 4142 4134
f 4134 4142 4135
f 4134 4135 4122
f 4122 4135 4139
f 4122 4139 4117
f 4117 4139 4118
f 4117 4118 4116
f 4116 4118 4129
f 4116 4129 4076
f 4076 4129 4080
f 4076 4080 4075
f 4075 4080 4082
f 4075 4082 4081
f 4081 4082 4078
f 4081 4078 4083
f 4083 4078 3711
f 4083 3711 3700
f 3700 3711 3705
f 3700 3705 3699
f 3699 3705 3704
f 3699 3704 3710
f 3710 3704 3702
f 3710 3702 3720
f 3720 3702 3718
f 3720 3718 3719
f 3719 3718 3712
f 3719 3712 3717
f 3717 3712 3726
f 3717 3726 3716
f 3716 3726 3713
f 3716 3713 3715
f 3715 3713 3655
f 3715 3655 3641
f 3641 3655 3656
f 3641 3656 3636
f 3636 3656 3657
f 3636 3657 3669
f 3669 3657 3670
f 3669 3670 3668
f 3668 3670 3680
f 3668 3680 3667
f 3667 3680 3681
f 3667 3681 3666
f 3666 3681 3692
f 3666 3692 3671
f 3671 3692 3691
f 3671 3691 2346
f 2346 3691 2343
f 2346 2343 2352
f 2352 2343 2344
f 2352 2344 2338
f 2338 2344 2345
f 2338 2345 2368
f 2368 2345 2380
f 2368 2380 2369
f 2369 2380 2370
f 2369 2370 2381
f 2381 2370 2371
f 2381 2371 2373
f 2373 2371 2372
f 2373 2372 2411
f 2411 2372 2422
f 2411 2422 2413
f 2413 2422 2416
f 2413 2416 2400
f 2400 2416 2402
f 2400 2402 2403
f 2403 2402 2398
f 2403 2398 2406
f 2406 2398 2158
f 2406 2158 2163
f 2163 2158 2164
f 2163 2164 2165
f 2165 2164 2168
f 2165 2168 2174
f 2174 2168 2176
f 2174 2176 2183
f 2183 2176 2177
f 2183 2177 2185
f 2185 2177 2178
f 2185 2178 2173
f 2173 2178 2192
f 2173 2192 2270
f 2270 2192 2268
f 2270 2268 2272
f 2272 2268 2247
f 2272 2247 2280
f 2280 2247 2257
f 2280 2257 2278
f 2278 2257 2256
f 2278 2256 1888
f 1888 2256 1894
f 1888 1894 1890
f 1890 1894 1895
f 1890 1895 1898
f 1898 1895 1896
f 1898 1896 1914
f 1914 1896 1907
f 1914 1907 1913
f 1913 1907 1906
f 1913 1906 1912
f 1912 1906 1908
f 1912 1908 1911
f 1911 1908 1922
f 1911 1922 1920
f 1920 1922 1928
f 1920 1928 1926
f 1926 1928 1921
f 1926 1921 1843
f 1843 1921 1836
f 1843 1836 1842
f 1842 1836 1834
f 1842 1834 1833
f 1833 1834 1835
f 1833 1835 1840
f 1840 1835 1846
f 1840 1846 1886
f 1886 1846 1845
f 1886 1845 1885
f 1885 1845 1878
f 1885 1878 1884
f 1884 1878 1870
f 1884 1870 1863
f 1863 1870 1872
f 1863 1872 1861
f 1861 1872 1859
f 1861 1859 1981
f 1981 1859 1986
f 1981 1986 1980
f 1980 1986 1991
f 1980 1991 1979
f 1979 1991 1990
f 1979 1990 1995
f 1995 1990 1996
f 1995 1996 1997
f 1997 1996 2002
f 1997 2002 2000
f 2000 2002 2006
f 2000 2006 2062
f 2062 2006 2061
f 2062 2061 2060
f 2060 2061 2059
f 2060 2059 2056
f 2056 2059 2058
f 2056 2058 2055
f 2055 2058 2039
f 2055 2039 2052
f 2052 2039 2040
f 4100 4133 4142
f 4142 4133 4132
f 4142 4132 4135
f 4135 4132 4140
f 4135 4140 4139
f 4139 4140 4131
f 4139 4131 4118
f 4118 4131 4124
f 4118 4124 4129
f 4129 4124 4096
f 4129 4096 4080
f 4080 4096 4088
f 4080 4088 4082
f 4082 4088 4087
f 4082 4087 4078
f 4078 4087 4086
f 4078 4086 3711
f 3711 4086 3697
f 3711 3697 3705
f 3705 3697 3698
f 3705 3698 3704
f 3704 3698 3709
f 3704 3709 3702
f 3702 3709 3730
f 3702 3730 3718
f 3718 3730 3728
f 3718 3728 3712
f 3712 3728 3739
f 3712 3739 3726
f 3726 3739 3738
f 3726 3738 3713
f 3713 3738 3660
f 3713 3660 3655
f 3655 3660 3659
f 3655 3659 3656
f 3656 3659 3658
f 3656 3658 3657
f 3657 3658 3651
f 3657 3651 3670
f 3670 3651 3676
f 3670 3676 3680
f 3680 3676 3696
f 3680 3696 3681
f 3681 3696 3695
f 3681 3695 3692
f 3692 3695 3694
f 3692 3694 3691
f 3691 3694 3693
f 3691 3693 2343
f 2343 3693 2362
f 2343 2362 2344
f 2344 2362 2353
f 2344 2353 2345
f 2345 2353 2358
f 2345 2358 2380
f 2380 2358 2366
f 2380 2366 2370
f 2370 2366 2374
f 2370 2374 2371
f 2371 2374 2382
f 2371 2382 2372
f 2372 2382 2394
f 2372 2394 2422
f 2422 2394 2393
f 2422 2393 2416
f 2416 2393 2392
f 2416 2392 2402
f 2402 2392 2384
f 2402 2384 2398
f 2398 2384 2171
f 2398 2171 2158
f 2158 2171 2159
f 2158 2159 2164
f 2164 2159 2172
f 2164 2172 2168
f 2168 2172 2169
f 2168 2169 2176
f 2176 2169 2200
f 2176 2200 2177
f 2177 2200 2191
f 2177 2191 2178
f 2178 2191 2190
f 2178 2190 2192
f 2192 2190 2189
f 2192 2189 2268
f 2268 2189 2252
f 2268 2252 2247
f 2247 2252 2261
f 2247 2261 2257
f 2257 2261 2260
f 2257 2260 2256
f 2256 2260 2259
f 2256 2259 1894
f 1894 2259 1889
f 1894 1889 1895
f 1895 1889 1892
f 1895 1892 1896
f 1896 1892 1891
f 1896 1891 1907
f 1907 1891 1904
f 1907 1904 1906
f 1906 1904 1905
f 1906 1905 1908
f 1908 1905 1903
f 1908 1903 1922
f 1922 1903 1918
f 1922 1918 1928
f 1928 1918 1919
f 1928 1919 1921
f 1921 1919 1929
f 1921 1929 1836
f 1836 1929 1837
f 1836 1837 1834
f 1834 1837 1841
f 1834 1841 1835
f 1835 1841 1848
f 1835 1848 1846
f 1846 1848 1851
f 1846 1851 1845
f 1845 1851 1850
f 1845 1850 1878
f 1878 1850 1862
f 1878 1862 1870
f 1870 1862 1864
f 1870 1864 1872
f 1872 1864 1868
f 1872 1868 1859
f 1859 1868 1983
f 1859 1983 1986
f 1986 1983 1982
f 1986 1982 1991
f 1991 1982 1988
f 1991 1988 1990
f 1990 1988 2021
f 1990 2021 1996
f 1996 2021 2020
f 1996 2020 2002
f 2002 2020 2019
f 2002 2019 2006
f 2006 2019 2018
f 2006 2018 2061
f 2061 2018 2066
f 2061 2066 2059
f 2059 2066 2057
f 2059 2057 2058
f 2058 2057 2049
f 2058 2049 2039
f 2039 2049 2050
f 2039 2050 2040
f 2040 2050 2051
f 4133 4130 4132
f 4132 4130 4144
f 4132 4144 4140
f 4140 4144 4143
f 4140 4143 4131
f 4131 4143 4141
f 4131 4141 4124
f 4124 4141 4094
f 4124 4094 4096
f 4096 4094 4090
f 4096 4090 4088
f 4088 4090 4091
f 4088 4091 4087
f 4087 4091 4097
f 4087 4097 4086
f 4086 4097 4098
f 4086 4098 3697
f 3697 4098 3701
f 3697 3701 3698
f 3698 3701 3706
f 3698 3706 3709
f 3709 3706 3729
f 3709 3729 3730
f 3730 3729 3727
f 3730 3727 3728
f 3728 3727 3740
f 3728 3740 3739
f 3739 3740 3737
f 3739 3737 3738
f 3738 3737 3741
f 3738 3741 3660
f 3660 3741 3662
f 3660 3662 3659
f 3659 3662 3661
f 3659 3661 3658
f 3658 3661 3663
f 3658 3663 3651
f 3651 3663 3664
f 3651 3664 3676
f 3676 3664 3689
f 3676 3689 3696
f 3696 3689 3685
f 3696 3685 3695
f 3695 3685 3684
f 3695 3684 3694
f 3694 3684 3683
f 3694 3683 3693
f 3693 3683 3682
f 3693 3682 2362
f 2362 3682 2354
f 2362 2354 2353
f 2353 2354 2355
f 2353 2355 2358
f 2358 2355 2356
f 2358 2356 2366
f 2366 2356 2357
f 2366 2357 2374
f 2374 2357 2359
f 2374 2359 2382
f 2382 2359 2391
f 2382 2391 2394
f 2394 2391 2390
f 2394 2390 2393
f 2393 2390 2395
f 2393 2395 2392
f 2392 2395 2389
f 2392 2389 2384
f 2384 2389 2388
f 2384 2388 2171
f 2171 2388 2162
f 2171 2162 2159
f 2159 2162 2161
f 2159 2161 2172
f 2172 2161 2160
f 2172 2160 2169
f 2169 2160 2201
f 2169 2201 2200
f 2200 2201 2188
f 2200 2188 2191
f 2191 2188 2193
f 2191 2193 2190
f 2190 2193 2194
f 2190 2194 2189
f 2189 2194 2199
f 2189 2199 2252
f 2252 2199 2248
f 2252 2248 2261
f 2261 2248 2249
f 2261 2249 2260
f 2260 2249 2250
f 2260 2250 2259
f 2259 2250 2251
f 2259 2251 1889
f 1889 2251 1900
f 1889 1900 1892
f 1892 1900 1901
f 1892 1901 1891
f 1891 1901 1902
f 1891 1902 1904
f 1904 1902 1909
f 1904 1909 1905
f 1905 1909 1917
f 1905 1917 1903
f 1903 1917 1910
f 1903 1910 1918
f 1918 1910 1931
f 1918 1931 1919
f 1919 1931 1930
f 1919 1930 1929
f 1929 1930 1927
f 1929 1927 1837
f 1837 1927 1849
f 1837 1849 1841
f 1841 1849 1844
f 1841 1844 1848
f 1848 1844 1847
f 1848 1847 1851
f 1851 1847 1852
f 1851 1852 1850
f 1850 1852 1853
f 1850 1853 1862
f 1862 1853 1865
f 1862 1865 1864
f 1864 1865 1866
f 1864 1866 1868
f 1868 1866 1867
f 1868 1867 1983
f 1983 1867 1978
f 1983 1978 1982
f 1982 1978 1985
f 1982 1985 1988
f 1988 1985 2017
f 1988 2017 2021
f 2021 2017 2016
f 2021 2016 2020
f 2020 2016 2015
f 2020 2015 2019
f 2019 2015 2014
f 2019 2014 2018
f 2018 2014 2013
f 2018 2013 2066
f 2066 2013 2063
f 2066 2063 2057
f 2057 2063 2046
f 2057 2046 2049
f 2049 2046 2047
f 2049 2047 2050
f 2050 2047 2048
f 2050 2048 2051
f 2051 2048 2038
f 4130 4138 4144
f 4144 4138 4137
f 4144 4137 4143
f 4143 4137 4136
f 4143 4136 4141
f 4141 4136 4093
f 4141 4093 4094
f 4094 4093 4095
f 4094 4095 4090
f 4090 4095 4099
f 4090 4099 4091
f 4091 4099 4085
f 4091 4085 4097
f 4097 4085 4092
f 4097 4092 4098
f 4098 4092 4089
f 4098 4089 3701
f 3701 4089 3703
f 3701 3703 3706
f 3706 3703 3735
f 3706 3735 3729
f 3729 3735 3734
f 3729 3734 3727
f 3727 3734 3733
f 3727 3733 3740
f 3740 3733 3732
f 3740 3732 3737
f 3737 3732 3736
f 3737 3736 3741
f 3741 3736 3731
f 3741 3731 3662
f 3662 3731 3665
f 3662 3665 3661
f 3661 3665 3652
f 3661 3652 3663
f 3663 3652 3653
f 3663 3653 3664
f 3664 3653 3654
f 3664 3654 3689
f 3689 3654 3686
f 3689 3686 3685
f 3685 3686 3687
f 3685 3687 3684
f 3684 3687 3688
f 3684 3688 3683
f 3683 3688 3690
f 3683 3690 3682
f 3682 3690 2367
f 3682 2367 2354
f 2354 2367 2361
f 2354 2361 2355
f 2355 2361 2363
f 2355 2363 2356
f 2356 2363 2364
f 2356 2364 2357
f 2357 2364 2365
f 2357 2365 2359
f 2359 2365 2360
f 2359 2360 2391
f 2391 2360 2387
f 2391 2387 2390
f 2390 2387 2386
f 2390 2386 2395
f 2395 2386 2385
f 2395 2385 2389
f 2389 2385 2383
f 2389 2383 2388
f 2388 2383 2396
f 2388 2396 2162
f 2162 2396 2170
f 2162 2170 2161
f 2161 2170 2166
f 2161 2166 2160
f 2160 2166 2167
f 2160 2167 2201
f 2201 2167 2195
f 2201 2195 2188
f 2188 2195 2196
f 2188 2196 2193
f 2193 2196 2202
f 2193 2202 2194
f 2194 2202 2197
f 2194 2197 2199
f 2199 2197 2198
f 2199 2198 2248
f 2248 2198 2258
f 2248 2258 2249
f 2249 2258 2255
f 2249 2255 2250
f 2250 2255 2254
f 2250 2254 2251
f 2251 2254 2253
f 2251 2253 1900
f 1900 2253 1899
f 1900 1899 1901
f 1901 1899 1897
f 1901 1897 1902
f 1902 1897 1893
f 1902 1893 1909
f 1909 1893 1915
f 1909 1915 1917
f 1917 1915 1916
f 1917 1916 1910
f 1910 1916 1932
f 1910 1932 1931
f 1931 1932 1923
f 1931 1923 1930
f 1930 1923 1924
f 1930 1924 1927
f 1927 1924 1925
f 1927 1925 1849
f 1849 1925 1854
f 1849 1854 1844
f 1844 1854 1855
f 1844 1855 1847
f 1847 1855 1856
f 1847 1856 1852
f 1852 1856 1857
f 1852 1857 1853
f 1853 1857 1858
f 1853 1858 1865
f 1865 1858 1873
f 1865 1873 1866
f 1866 1873 1860
f 1866 1860 1867
f 1867 1860 1992
f 1867 1992 1978
f 1978 1992 1987
f 1978 1987 1985
f 1985 1987 2022
f 1985 2022 2017
f 2017 2022 2012
f 2017 2012 2016
f 2016 2012 2011
f 2016 2011 2015
f 2015 2011 2010
f 2015 2010 2014
f 2014 2010 2009
f 2014 2009 2013
f 2013 2009 2008
f 2013 2008 2063
f 2063 2008 2042
f 2063 2042 2046
f 2046 2042 2041
f 2046 2041 2047
f 2047 2041 2045
f 2047 2045 2048
f 2048 2045 2043
f 2048 2043 2038
f 2038 2043 2044
